instance,epsilon_range,n_machines,n_jobs,epsilon,branching_rule,node_selection,profiling_mode,rounding_rule,lower_bound,best_solution,nodes_to_best_solution,nodes_explored,runtime,opt_gap,terminate,best_bound,depth,number_of_nodes_for_optimality,optimal_solution
Uniform1-5000_Seed1_J20_M10,"[0.030127, 0.990048]",10,20,0.2,max_proc,lowest_lower_bound,NO_PROFILING,all_to_shortest,greedy,5727,26,26,0.009884119033813477,0.15961236249345212,True,4812.9,10,-1,4812.9
Uniform1-5000_Seed1_J20_M10,"[0.030127, 0.990048]",10,20,0.1,max_proc,lowest_lower_bound,PRUNE,all_to_shortest,greedy,6192,7,12,0.005015850067138672,0.2227228682170543,True,5660.0,10,-1,4812.9
Uniform1-5000_Seed2_J20_M10,"[0.021704, 0.866251]",10,20,0.2,max_proc,lowest_lower_bound,NO_PROFILING,all_to_shortest,greedy,6503,8,8,0.002998828887939453,0.11436260187605718,True,5759.3,6,-1,5759.3
Uniform1-5000_Seed2_J20_M10,"[0.021704, 0.866251]",10,20,0.1,max_proc,lowest_lower_bound,PRUNE,all_to_shortest,greedy,6876,7,7,0.0030002593994140625,0.16240546829552063,True,5759.3,5,-1,5759.3
Uniform1-5000_Seed3_J20_M10,"[0.158241, 0.949043]",10,20,0.2,max_proc,lowest_lower_bound,NO_PROFILING,all_to_shortest,greedy,5918,8,8,0.0029981136322021484,0.15640419060493416,True,4992.4,6,-1,4992.4
Uniform1-5000_Seed3_J20_M10,"[0.158241, 0.949043]",10,20,0.1,max_proc,lowest_lower_bound,PRUNE,all_to_shortest,greedy,6085,7,12,0.0045125484466552734,0.17955628594905512,True,5240.0,10,-1,4992.4
Uniform1-5000_Seed4_J20_M10,"[0.012695, 1.000000]",10,20,0.2,max_proc,lowest_lower_bound,NO_PROFILING,all_to_shortest,greedy,5118,4,4,0.0019965171813964844,0.23657678780773744,True,4490.0,2,-1,3907.2
Uniform1-5000_Seed4_J20_M10,"[0.012695, 1.000000]",10,20,0.1,max_proc,lowest_lower_bound,PRUNE,all_to_shortest,greedy,5118,4,4,0.0025110244750976562,0.23657678780773744,True,4490.0,2,-1,3907.2
Uniform1-5000_Seed5_J20_M10,"[0.040653, 0.848775]",10,20,0.2,max_proc,lowest_lower_bound,NO_PROFILING,all_to_shortest,greedy,5859,48,48,0.03761577606201172,0.1351254480286738,True,5067.3,10,-1,5067.3
Uniform1-5000_Seed5_J20_M10,"[0.040653, 0.848775]",10,20,0.1,max_proc,lowest_lower_bound,PRUNE,all_to_shortest,greedy,6253,10,12,0.007521629333496094,0.18962098192867421,True,5392.0,10,-1,5067.3
Uniform1-5000_Seed6_J20_M10,"[0.045337, 0.937562]",10,20,0.2,max_proc,lowest_lower_bound,NO_PROFILING,all_to_shortest,greedy,6007,13,13,0.006178617477416992,0.1628100549359081,True,5029.0,11,-1,5029.0
Uniform1-5000_Seed6_J20_M10,"[0.045337, 0.937562]",10,20,0.1,max_proc,lowest_lower_bound,PRUNE,all_to_shortest,greedy,6074,9,9,0.0040013790130615234,0.17204478103391505,True,5029.0,7,-1,5029.0
Uniform1-5000_Seed7_J20_M10,"[0.076509, 0.871067]",10,20,0.2,max_proc,lowest_lower_bound,NO_PROFILING,all_to_shortest,greedy,6019,23,23,0.014091968536376953,0.1487622528659245,True,5123.6,10,-1,5123.6
Uniform1-5000_Seed7_J20_M10,"[0.076509, 0.871067]",10,20,0.1,max_proc,lowest_lower_bound,PRUNE,all_to_shortest,greedy,6208,3,12,0.00968027114868164,0.17467783505154633,True,5363.0,10,-1,5123.6
Uniform1-5000_Seed8_J20_M10,"[0.050602, 0.919615]",10,20,0.2,max_proc,lowest_lower_bound,NO_PROFILING,all_to_shortest,greedy,5913,9,9,0.005013465881347656,0.09428378149839337,True,5355.5,7,-1,5355.5
Uniform1-5000_Seed8_J20_M10,"[0.050602, 0.919615]",10,20,0.1,max_proc,lowest_lower_bound,PRUNE,all_to_shortest,greedy,6463,10,10,0.005003452301025391,0.17136004951261025,True,5355.5,8,-1,5355.5
Uniform1-5000_Seed9_J20_M10,"[0.046849, 0.916201]",10,20,0.2,max_proc,lowest_lower_bound,NO_PROFILING,all_to_shortest,greedy,5840,11,11,0.0040090084075927734,0.1264554794520548,True,5101.5,9,-1,5101.5
Uniform1-5000_Seed9_J20_M10,"[0.046849, 0.916201]",10,20,0.1,max_proc,lowest_lower_bound,PRUNE,all_to_shortest,greedy,6123,11,11,0.004517793655395508,0.16682998530132287,True,5101.5,9,-1,5101.5
Uniform1-5000_Seed10_J20_M10,"[0.048832, 0.982746]",10,20,0.2,max_proc,lowest_lower_bound,NO_PROFILING,all_to_shortest,greedy,5886,8,8,0.00451207160949707,0.16500169894665304,True,4914.8,6,-1,4914.8
Uniform1-5000_Seed10_J20_M10,"[0.048832, 0.982746]",10,20,0.1,max_proc,lowest_lower_bound,PRUNE,all_to_shortest,greedy,5574,10,10,0.0035049915313720703,0.11826336562612125,True,4914.8,8,-1,4914.8
Uniform1-5000_Seed11_J20_M10,"[0.028217, 1.000000]",10,20,0.2,max_proc,lowest_lower_bound,NO_PROFILING,all_to_shortest,greedy,5981,4,4,0.0010304450988769531,0.16452098311319177,True,4997.0,2,-1,4997.0
Uniform1-5000_Seed11_J20_M10,"[0.028217, 1.000000]",10,20,0.1,max_proc,lowest_lower_bound,PRUNE,all_to_shortest,greedy,5981,4,4,0.0031151771545410156,0.16452098311319177,True,4997.0,2,-1,4997.0
Uniform1-5000_Seed12_J20_M10,"[0.010681, 0.976225]",10,20,0.2,max_proc,lowest_lower_bound,NO_PROFILING,all_to_shortest,greedy,5201,6,6,0.0020003318786621094,0.09992309171313206,True,4681.3,4,-1,4681.3
Uniform1-5000_Seed12_J20_M10,"[0.010681, 0.976225]",10,20,0.1,max_proc,lowest_lower_bound,PRUNE,all_to_shortest,greedy,5470,4,4,0.0009996891021728516,0.1441864716636197,True,4681.3,2,-1,4681.3
Uniform1-5000_Seed13_J20_M10,"[0.015182, 1.000000]",10,20,0.2,max_proc,lowest_lower_bound,NO_PROFILING,all_to_shortest,greedy,4949,2,2,0.0,0.0018185492018589614,True,4940.0,0,-1,4940.0
Uniform1-5000_Seed13_J20_M10,"[0.015182, 1.000000]",10,20,0.1,max_proc,lowest_lower_bound,PRUNE,all_to_shortest,greedy,4949,2,2,0.0,0.0018185492018589614,True,4940.0,0,-1,4940.0
Uniform1-5000_Seed14_J20_M10,"[0.047904, 1.000000]",10,20,0.2,max_proc,lowest_lower_bound,NO_PROFILING,all_to_shortest,greedy,5705,8,8,0.004338979721069336,0.15109553023663452,True,4843.0,6,-1,4843.0
Uniform1-5000_Seed14_J20_M10,"[0.047904, 1.000000]",10,20,0.1,max_proc,lowest_lower_bound,PRUNE,all_to_shortest,greedy,5382,7,7,0.0030095577239990234,0.1001486436269045,True,4843.0,5,-1,4843.0
Uniform1-5000_Seed15_J20_M10,"[0.004024, 1.000000]",10,20,0.2,max_proc,lowest_lower_bound,NO_PROFILING,all_to_shortest,greedy,5122,4,4,0.0010039806365966797,0.02967590784849668,True,4970.0,2,-1,4970.0
Uniform1-5000_Seed15_J20_M10,"[0.004024, 1.000000]",10,20,0.1,max_proc,lowest_lower_bound,PRUNE,all_to_shortest,greedy,5122,4,4,0.002000570297241211,0.02967590784849668,True,4970.0,2,-1,4970.0
Uniform1-5000_Seed16_J20_M10,"[0.067705, 0.833378]",10,20,0.2,max_proc,lowest_lower_bound,NO_PROFILING,all_to_shortest,greedy,7107,364,2001,0.9298794269561768,0.20612072604474457,False,5642.1,10,-1,5642.1
Uniform1-5000_Seed16_J20_M10,"[0.067705, 0.833378]",10,20,0.1,max_proc,lowest_lower_bound,PRUNE,all_to_shortest,greedy,7440,4,12,0.004517793655395508,0.24165322580645157,True,6965.0,10,-1,5642.1
Uniform1-5000_Seed17_J20_M10,"[0.045283, 0.943849]",10,20,0.2,max_proc,lowest_lower_bound,NO_PROFILING,all_to_shortest,greedy,6065,7,7,0.00299835205078125,0.16253915910964553,True,5079.2,5,-1,5079.2
Uniform1-5000_Seed17_J20_M10,"[0.045283, 0.943849]",10,20,0.1,max_proc,lowest_lower_bound,PRUNE,all_to_shortest,greedy,6249,10,12,0.005022764205932617,0.1871979516722676,True,5473.0,10,-1,5079.2
Uniform1-5000_Seed18_J20_M10,"[0.117562, 0.934701]",10,20,0.2,max_proc,lowest_lower_bound,NO_PROFILING,all_to_shortest,greedy,5892,9,9,0.004199981689453125,0.15112016293279015,True,5001.6,7,-1,5001.6
Uniform1-5000_Seed18_J20_M10,"[0.117562, 0.934701]",10,20,0.1,max_proc,lowest_lower_bound,PRUNE,all_to_shortest,greedy,6028,11,11,0.005002498626708984,0.17027206370272058,True,5001.6,9,-1,5001.6
Uniform1-5000_Seed19_J20_M10,"[0.049351, 0.817715]",10,20,0.2,max_proc,lowest_lower_bound,NO_PROFILING,all_to_shortest,greedy,6415,20,20,0.0100250244140625,0.1566328916601715,True,5410.2,10,-1,5410.2
Uniform1-5000_Seed19_J20_M10,"[0.049351, 0.817715]",10,20,0.1,max_proc,lowest_lower_bound,PRUNE,all_to_shortest,greedy,6433,12,12,0.004535675048828125,0.15899269392196488,True,5497.0,10,-1,5410.2
Uniform1-5000_Seed20_J20_M10,"[0.083669, 0.858185]",10,20,0.2,max_proc,lowest_lower_bound,NO_PROFILING,all_to_shortest,greedy,6756,28,28,0.013531684875488281,0.15969508584961511,True,5677.1,10,-1,5677.1
Uniform1-5000_Seed20_J20_M10,"[0.083669, 0.858185]",10,20,0.1,max_proc,lowest_lower_bound,PRUNE,all_to_shortest,greedy,7107,8,12,0.005012035369873047,0.20119600393977763,True,6077.0,10,-1,5677.1
Uniform1-5000_Seed21_J20_M10,"[0.010410, 1.000000]",10,20,0.2,max_proc,lowest_lower_bound,NO_PROFILING,all_to_shortest,greedy,4726,2,2,0.000997781753540039,0.004020313161235718,True,4707.0,0,-1,4707.0
Uniform1-5000_Seed21_J20_M10,"[0.010410, 1.000000]",10,20,0.1,max_proc,lowest_lower_bound,PRUNE,all_to_shortest,greedy,4726,2,2,0.0011425018310546875,0.004020313161235718,True,4707.0,0,-1,4707.0
Uniform1-5000_Seed22_J20_M10,"[0.054374, 0.964754]",10,20,0.2,max_proc,lowest_lower_bound,NO_PROFILING,all_to_shortest,greedy,6127,7,7,0.003000497817993164,0.1595397421250204,True,5149.5,5,-1,5149.5
Uniform1-5000_Seed22_J20_M10,"[0.054374, 0.964754]",10,20,0.1,max_proc,lowest_lower_bound,PRUNE,all_to_shortest,greedy,6327,4,12,0.00599980354309082,0.18610715979137032,True,5872.0,10,-1,5149.5
Uniform1-5000_Seed23_J20_M10,"[0.008266, 1.000000]",10,20,0.2,max_proc,lowest_lower_bound,NO_PROFILING,all_to_shortest,greedy,5788,11,11,0.004090547561645508,0.1639599170697996,True,4839.0,9,-1,4839.0
Uniform1-5000_Seed23_J20_M10,"[0.008266, 1.000000]",10,20,0.1,max_proc,lowest_lower_bound,PRUNE,all_to_shortest,greedy,5788,10,10,0.005834817886352539,0.1639599170697996,True,4839.0,8,-1,4839.0
Uniform1-5000_Seed24_J20_M10,"[0.062394, 0.971406]",10,20,0.2,max_proc,lowest_lower_bound,NO_PROFILING,all_to_shortest,greedy,5213,9,9,0.003506898880004883,0.1084020717437177,True,4647.9,7,-1,4647.9
Uniform1-5000_Seed24_J20_M10,"[0.062394, 0.971406]",10,20,0.1,max_proc,lowest_lower_bound,PRUNE,all_to_shortest,greedy,5512,8,8,0.0035140514373779297,0.15676705370101604,True,4647.9,6,-1,4647.9
Uniform1-5000_Seed25_J20_M10,"[0.049670, 0.960225]",10,20,0.2,max_proc,lowest_lower_bound,NO_PROFILING,all_to_shortest,greedy,5978,11,11,0.0045185089111328125,0.13783874205419872,True,5154.0,9,-1,5154.0
Uniform1-5000_Seed25_J20_M10,"[0.049670, 0.960225]",10,20,0.1,max_proc,lowest_lower_bound,PRUNE,all_to_shortest,greedy,6189,10,10,0.007021188735961914,0.16723218613669413,True,5154.0,8,-1,5154.0
Uniform1-5000_Seed26_J20_M10,"[0.222182, 0.992453]",10,20,0.2,max_proc,lowest_lower_bound,NO_PROFILING,all_to_shortest,greedy,5835,3,3,0.0010077953338623047,0.1507455012853471,True,4955.4,1,-1,4955.4
Uniform1-5000_Seed26_J20_M10,"[0.222182, 0.992453]",10,20,0.1,max_proc,lowest_lower_bound,PRUNE,all_to_shortest,greedy,5986,4,4,0.002008676528930664,0.17216839291680594,True,4955.4,2,-1,4955.4
Uniform1-5000_Seed27_J20_M10,"[0.046608, 1.000000]",10,20,0.2,max_proc,lowest_lower_bound,NO_PROFILING,all_to_shortest,greedy,5327,6,6,0.0025615692138671875,0.08973155622301483,True,4849.0,4,-1,4849.0
Uniform1-5000_Seed27_J20_M10,"[0.046608, 1.000000]",10,20,0.1,max_proc,lowest_lower_bound,PRUNE,all_to_shortest,greedy,5742,10,10,0.0040323734283447266,0.15552072448624174,True,4849.0,8,-1,4849.0
Uniform1-5000_Seed28_J20_M10,"[0.009781, 1.000000]",10,20,0.2,max_proc,lowest_lower_bound,NO_PROFILING,all_to_shortest,greedy,5135,3,3,0.002000093460083008,0.08412852969814995,True,4703.0,1,-1,4703.0
Uniform1-5000_Seed28_J20_M10,"[0.009781, 1.000000]",10,20,0.1,max_proc,lowest_lower_bound,PRUNE,all_to_shortest,greedy,5135,3,3,0.0021004676818847656,0.08412852969814995,True,4703.0,1,-1,4703.0
Uniform1-5000_Seed29_J20_M10,"[0.049825, 0.979411]",10,20,0.2,max_proc,lowest_lower_bound,NO_PROFILING,all_to_shortest,greedy,5798,8,8,0.005000114440917969,0.16229734391169368,True,4857.0,6,-1,4857.0
Uniform1-5000_Seed29_J20_M10,"[0.049825, 0.979411]",10,20,0.1,max_proc,lowest_lower_bound,PRUNE,all_to_shortest,greedy,5719,11,11,0.0050084590911865234,0.15072565133764645,True,4857.0,9,-1,4857.0
Uniform1-5000_Seed30_J20_M10,"[0.009322, 0.990698]",10,20,0.2,max_proc,lowest_lower_bound,NO_PROFILING,all_to_shortest,greedy,5830,11,11,0.004861116409301758,0.13518010291595203,True,5041.9,9,-1,5041.9
Uniform1-5000_Seed30_J20_M10,"[0.009322, 0.990698]",10,20,0.1,max_proc,lowest_lower_bound,PRUNE,all_to_shortest,greedy,6094,6,6,0.003307819366455078,0.17264522481128985,True,5041.9,4,-1,5041.9
Uniform1-5000_Seed31_J20_M10,"[0.006004, 1.000000]",10,20,0.2,max_proc,lowest_lower_bound,NO_PROFILING,all_to_shortest,greedy,5599,6,6,0.0019974708557128906,0.1373459546347562,True,4830.0,4,-1,4830.0
Uniform1-5000_Seed31_J20_M10,"[0.006004, 1.000000]",10,20,0.1,max_proc,lowest_lower_bound,PRUNE,all_to_shortest,greedy,5650,5,5,0.0030074119567871094,0.14513274336283186,True,4830.0,3,-1,4830.0
Uniform1-5000_Seed32_J20_M10,"[0.002045, 1.000000]",10,20,0.2,max_proc,lowest_lower_bound,NO_PROFILING,all_to_shortest,greedy,5424,3,3,0.0010006427764892578,0.09863569321533923,True,4889.0,1,-1,4889.0
Uniform1-5000_Seed32_J20_M10,"[0.002045, 1.000000]",10,20,0.1,max_proc,lowest_lower_bound,PRUNE,all_to_shortest,greedy,5424,3,3,0.0009531974792480469,0.09863569321533923,True,4889.0,1,-1,4889.0
Uniform1-5000_Seed33_J20_M10,"[0.011813, 1.000000]",10,20,0.2,max_proc,lowest_lower_bound,NO_PROFILING,all_to_shortest,greedy,5022,4,4,0.002000570297241211,0.022301871764237355,True,4910.0,2,-1,4910.0
Uniform1-5000_Seed33_J20_M10,"[0.011813, 1.000000]",10,20,0.1,max_proc,lowest_lower_bound,PRUNE,all_to_shortest,greedy,5154,4,4,0.001997232437133789,0.0473418703919286,True,4910.0,2,-1,4910.0
Uniform1-5000_Seed34_J20_M10,"[0.062959, 0.954457]",10,20,0.2,max_proc,lowest_lower_bound,NO_PROFILING,all_to_shortest,greedy,5818,6,6,0.0030012130737304688,0.11273633551048463,True,5162.1,4,-1,5162.1
Uniform1-5000_Seed34_J20_M10,"[0.062959, 0.954457]",10,20,0.1,max_proc,lowest_lower_bound,PRUNE,all_to_shortest,greedy,6156,7,7,0.0040171146392822266,0.16145224171539954,True,5162.1,5,-1,5162.1
Uniform1-5000_Seed35_J20_M10,"[0.087125, 0.854047]",10,20,0.2,max_proc,lowest_lower_bound,NO_PROFILING,all_to_shortest,greedy,6544,-1,2,0.0019979476928710938,0.16512836185819077,True,5463.4,0,-1,5463.4
Uniform1-5000_Seed35_J20_M10,"[0.087125, 0.854047]",10,20,0.1,max_proc,lowest_lower_bound,PRUNE,all_to_shortest,greedy,6544,-1,2,0.0,0.16512836185819077,True,5463.4,0,-1,5463.4
Uniform1-5000_Seed36_J20_M10,"[0.051455, 1.000000]",10,20,0.2,max_proc,lowest_lower_bound,NO_PROFILING,all_to_shortest,greedy,5512,-1,2,0.0,0.13969521044992744,True,4742.0,0,-1,4742.0
Uniform1-5000_Seed36_J20_M10,"[0.051455, 1.000000]",10,20,0.1,max_proc,lowest_lower_bound,PRUNE,all_to_shortest,greedy,5512,-1,2,0.0011973381042480469,0.13969521044992744,True,4742.0,0,-1,4742.0
Uniform1-5000_Seed37_J20_M10,"[0.069955, 0.892471]",10,20,0.2,max_proc,lowest_lower_bound,NO_PROFILING,all_to_shortest,greedy,6512,12,12,0.0039997100830078125,0.14828009828009833,True,5546.4,10,-1,5546.4
Uniform1-5000_Seed37_J20_M10,"[0.069955, 0.892471]",10,20,0.1,max_proc,lowest_lower_bound,PRUNE,all_to_shortest,greedy,6512,10,10,0.005005598068237305,0.14828009828009833,True,5546.4,8,-1,5546.4
Uniform1-5000_Seed38_J20_M10,"[0.124760, 0.794454]",10,20,0.2,max_proc,lowest_lower_bound,NO_PROFILING,all_to_shortest,greedy,7251,9,9,0.003993034362792969,0.14661426010205494,True,6187.9,7,-1,6187.9
Uniform1-5000_Seed38_J20_M10,"[0.124760, 0.794454]",10,20,0.1,max_proc,lowest_lower_bound,PRUNE,all_to_shortest,greedy,7421,9,9,0.00455021858215332,0.16616358981269375,True,6187.9,7,-1,6187.9
Uniform1-5000_Seed39_J20_M10,"[0.014456, 0.959255]",10,20,0.2,max_proc,lowest_lower_bound,NO_PROFILING,all_to_shortest,greedy,6043,11,2001,0.7263131141662598,0.198692702300182,False,4842.3,10,-1,4842.3
Uniform1-5000_Seed39_J20_M10,"[0.014456, 0.959255]",10,20,0.1,max_proc,lowest_lower_bound,PRUNE,all_to_shortest,greedy,6293,11,12,0.005013465881347656,0.2305259812490068,True,6065.0,10,-1,4842.3
Uniform1-5000_Seed40_J20_M10,"[0.077773, 0.839917]",10,20,0.2,max_proc,lowest_lower_bound,NO_PROFILING,all_to_shortest,greedy,6824,9,9,0.003515481948852539,0.1634085580304807,True,5708.9,7,-1,5708.9
Uniform1-5000_Seed40_J20_M10,"[0.077773, 0.839917]",10,20,0.1,max_proc,lowest_lower_bound,PRUNE,all_to_shortest,greedy,6968,10,12,0.005974292755126953,0.18069747416762347,True,6563.0,10,-1,5708.9
Uniform1-5000_Seed41_J20_M10,"[0.054855, 0.779046]",10,20,0.2,max_proc,lowest_lower_bound,NO_PROFILING,all_to_shortest,greedy,7224,1325,2001,1.7460274696350098,0.18743078626799556,False,5870.0,10,-1,5870.0
Uniform1-5000_Seed41_J20_M10,"[0.054855, 0.779046]",10,20,0.1,max_proc,lowest_lower_bound,PRUNE,all_to_shortest,greedy,7397,12,12,0.005004405975341797,0.20643504123293227,True,6322.0,10,-1,5870.0
Uniform1-5000_Seed42_J20_M10,"[0.025666, 0.949060]",10,20,0.2,max_proc,lowest_lower_bound,NO_PROFILING,all_to_shortest,greedy,5879,11,11,0.0055425167083740234,0.1318251403299881,True,5104.0,9,-1,5104.0
Uniform1-5000_Seed42_J20_M10,"[0.025666, 0.949060]",10,20,0.1,max_proc,lowest_lower_bound,PRUNE,all_to_shortest,greedy,6207,11,12,0.0070343017578125,0.17770259384565812,True,5998.0,10,-1,5104.0
Uniform1-5000_Seed43_J20_M10,"[0.061684, 0.981335]",10,20,0.2,max_proc,lowest_lower_bound,NO_PROFILING,all_to_shortest,greedy,5668,8,8,0.002500772476196289,0.11905434015525762,True,4993.2,6,-1,4993.2
Uniform1-5000_Seed43_J20_M10,"[0.061684, 0.981335]",10,20,0.1,max_proc,lowest_lower_bound,PRUNE,all_to_shortest,greedy,6023,11,11,0.003970623016357422,0.1709779179810726,True,4993.2,9,-1,4993.2
Uniform1-5000_Seed44_J20_M10,"[0.023368, 0.887970]",10,20,0.2,max_proc,lowest_lower_bound,NO_PROFILING,all_to_shortest,greedy,6153,3,3,0.001001596450805664,0.15844303591743858,True,5178.1,1,-1,5178.1
Uniform1-5000_Seed44_J20_M10,"[0.023368, 0.887970]",10,20,0.1,max_proc,lowest_lower_bound,PRUNE,all_to_shortest,greedy,6292,12,12,0.0060117244720458984,0.1770343293070565,True,5602.0,10,-1,5178.1
Uniform1-5000_Seed45_J20_M10,"[0.031731, 0.947295]",10,20,0.2,max_proc,lowest_lower_bound,NO_PROFILING,all_to_shortest,greedy,6321,254,2001,0.738079309463501,0.1823445657332701,False,5168.4,10,-1,5168.4
Uniform1-5000_Seed45_J20_M10,"[0.031731, 0.947295]",10,20,0.1,max_proc,lowest_lower_bound,PRUNE,all_to_shortest,greedy,6902,10,12,0.007506847381591797,0.25117357287742687,True,6321.0,10,-1,5168.4
Uniform1-5000_Seed46_J20_M10,"[0.105908, 0.956082]",10,20,0.2,max_proc,lowest_lower_bound,NO_PROFILING,all_to_shortest,greedy,6103,12,12,0.0046901702880859375,0.15680812715058168,True,5146.0,10,-1,5146.0
Uniform1-5000_Seed46_J20_M10,"[0.105908, 0.956082]",10,20,0.1,max_proc,lowest_lower_bound,PRUNE,all_to_shortest,greedy,6248,11,12,0.006019115447998047,0.1763764404609475,True,5523.0,10,-1,5146.0
Uniform1-5000_Seed47_J20_M10,"[0.105664, 0.923389]",10,20,0.2,max_proc,lowest_lower_bound,NO_PROFILING,all_to_shortest,greedy,6311,4,4,0.0014493465423583984,0.15572809380446842,True,5328.2,2,-1,5328.2
Uniform1-5000_Seed47_J20_M10,"[0.105664, 0.923389]",10,20,0.1,max_proc,lowest_lower_bound,PRUNE,all_to_shortest,greedy,6230,7,7,0.003999948501586914,0.14475120385232748,True,5328.2,5,-1,5328.2
Uniform1-5000_Seed48_J20_M10,"[0.060895, 0.979075]",10,20,0.2,max_proc,lowest_lower_bound,NO_PROFILING,all_to_shortest,greedy,5371,9,9,0.005008220672607422,0.13779556879538268,True,4630.9,7,-1,4630.9
Uniform1-5000_Seed48_J20_M10,"[0.060895, 0.979075]",10,20,0.1,max_proc,lowest_lower_bound,PRUNE,all_to_shortest,greedy,5528,13,13,0.006051778793334961,0.16228292329956592,True,4681.0,10,-1,4630.9
Uniform1-5000_Seed49_J20_M10,"[0.037322, 0.827555]",10,20,0.2,max_proc,lowest_lower_bound,NO_PROFILING,all_to_shortest,greedy,6980,10,10,0.0050394535064697266,0.1363037249283667,True,6028.6,8,-1,6028.6
Uniform1-5000_Seed49_J20_M10,"[0.037322, 0.827555]",10,20,0.1,max_proc,lowest_lower_bound,PRUNE,all_to_shortest,greedy,6980,11,11,0.005505800247192383,0.1363037249283667,True,6028.6,9,-1,6028.6
Uniform1-5000_Seed50_J20_M10,"[0.015385, 1.000000]",10,20,0.2,max_proc,lowest_lower_bound,NO_PROFILING,all_to_shortest,greedy,5356,12,12,0.005515098571777344,0.1383495145631068,True,4615.0,10,-1,4615.0
Uniform1-5000_Seed50_J20_M10,"[0.015385, 1.000000]",10,20,0.1,max_proc,lowest_lower_bound,PRUNE,all_to_shortest,greedy,5534,9,9,0.0050048828125,0.1660643295988435,True,4615.0,7,-1,4615.0
Uniform1-5000_Seed51_J20_M10,"[0.090301, 0.969274]",10,20,0.2,max_proc,lowest_lower_bound,NO_PROFILING,all_to_shortest,greedy,6045,5,5,0.003000497817993164,0.15364764267990078,True,5116.2,3,-1,5116.2
Uniform1-5000_Seed51_J20_M10,"[0.090301, 0.969274]",10,20,0.1,max_proc,lowest_lower_bound,PRUNE,all_to_shortest,greedy,5541,9,9,0.004512310028076172,0.07666486193827832,True,5116.2,7,-1,5116.2
Uniform1-5000_Seed52_J20_M10,"[0.003269, 0.945907]",10,20,0.2,max_proc,lowest_lower_bound,NO_PROFILING,all_to_shortest,greedy,6221,8,8,0.004019975662231445,0.16407330011252208,True,5200.3,6,-1,5200.3
Uniform1-5000_Seed52_J20_M10,"[0.003269, 0.945907]",10,20,0.1,max_proc,lowest_lower_bound,PRUNE,all_to_shortest,greedy,6221,5,5,0.002998828887939453,0.16407330011252208,True,5200.3,3,-1,5200.3
Uniform1-5000_Seed53_J20_M10,"[0.007313, 1.000000]",10,20,0.2,max_proc,lowest_lower_bound,NO_PROFILING,all_to_shortest,greedy,5207,5,5,0.0019996166229248047,0.05454196274246207,True,4923.0,3,-1,4923.0
Uniform1-5000_Seed53_J20_M10,"[0.007313, 1.000000]",10,20,0.1,max_proc,lowest_lower_bound,PRUNE,all_to_shortest,greedy,5796,10,10,0.003515958786010742,0.15062111801242237,True,4923.0,8,-1,4923.0
Uniform1-5000_Seed54_J20_M10,"[0.146680, 0.783978]",10,20,0.2,max_proc,lowest_lower_bound,NO_PROFILING,all_to_shortest,greedy,7098,10,10,0.006526947021484375,0.13651732882502113,True,6129.0,8,-1,6129.0
Uniform1-5000_Seed54_J20_M10,"[0.146680, 0.783978]",10,20,0.1,max_proc,lowest_lower_bound,PRUNE,all_to_shortest,greedy,7173,9,9,0.0041577816009521484,0.14554579673776663,True,6129.0,7,-1,6129.0
Uniform1-5000_Seed55_J20_M10,"[0.098771, 0.779758]",10,20,0.2,max_proc,lowest_lower_bound,NO_PROFILING,all_to_shortest,greedy,7205,4,4,0.0010006427764892578,0.14705065926439972,True,6145.5,2,-1,6145.5
Uniform1-5000_Seed55_J20_M10,"[0.098771, 0.779758]",10,20,0.1,max_proc,lowest_lower_bound,PRUNE,all_to_shortest,greedy,7624,12,12,0.006060361862182617,0.19392707240293808,True,7145.0,10,-1,6145.5
Uniform1-5000_Seed56_J20_M10,"[0.016030, 0.906441]",10,20,0.2,max_proc,lowest_lower_bound,NO_PROFILING,all_to_shortest,greedy,6192,5,5,0.002329111099243164,0.1134366925064599,True,5489.6,3,-1,5489.6
Uniform1-5000_Seed56_J20_M10,"[0.016030, 0.906441]",10,20,0.1,max_proc,lowest_lower_bound,PRUNE,all_to_shortest,greedy,6524,12,12,0.005517482757568359,0.15855303494788467,True,6192.0,10,-1,5489.6
Uniform1-5000_Seed57_J20_M10,"[0.061541, 0.877111]",10,20,0.2,max_proc,lowest_lower_bound,NO_PROFILING,all_to_shortest,greedy,5961,3,3,0.0009970664978027344,0.13588324106693508,True,5151.0,1,-1,5151.0
Uniform1-5000_Seed57_J20_M10,"[0.061541, 0.877111]",10,20,0.1,max_proc,lowest_lower_bound,PRUNE,all_to_shortest,greedy,6088,9,9,0.004998207092285156,0.15390932982917213,True,5151.0,7,-1,5151.0
Uniform1-5000_Seed58_J20_M10,"[0.115689, 0.809638]",10,20,0.2,max_proc,lowest_lower_bound,NO_PROFILING,all_to_shortest,greedy,6466,8,8,0.003596067428588867,0.1591401175378905,True,5437.0,6,-1,5437.0
Uniform1-5000_Seed58_J20_M10,"[0.115689, 0.809638]",10,20,0.1,max_proc,lowest_lower_bound,PRUNE,all_to_shortest,greedy,6567,9,9,0.004008769989013672,0.17207248363027258,True,5437.0,7,-1,5437.0
Uniform1-5000_Seed59_J20_M10,"[0.001064, 1.000000]",10,20,0.2,max_proc,lowest_lower_bound,NO_PROFILING,all_to_shortest,greedy,5302,6,6,0.0030727386474609375,0.11373066767257639,True,4699.0,4,-1,4699.0
Uniform1-5000_Seed59_J20_M10,"[0.001064, 1.000000]",10,20,0.1,max_proc,lowest_lower_bound,PRUNE,all_to_shortest,greedy,5515,7,7,0.0029981136322021484,0.14796010879419763,True,4699.0,5,-1,4699.0
Uniform1-5000_Seed60_J20_M10,"[0.009117, 0.916348]",10,20,0.2,max_proc,lowest_lower_bound,NO_PROFILING,all_to_shortest,greedy,5909,7,7,0.0029997825622558594,0.16468099509223225,True,4935.9,5,-1,4935.9
Uniform1-5000_Seed60_J20_M10,"[0.009117, 0.916348]",10,20,0.1,max_proc,lowest_lower_bound,PRUNE,all_to_shortest,greedy,5686,10,10,0.00500798225402832,0.13192050650721077,True,4935.9,8,-1,4935.9
Uniform1-5000_Seed61_J20_M10,"[0.058089, 0.869996]",10,20,0.2,max_proc,lowest_lower_bound,NO_PROFILING,all_to_shortest,greedy,6202,11,11,0.005006313323974609,0.1534021283456949,True,5250.6,9,-1,5250.6
Uniform1-5000_Seed61_J20_M10,"[0.058089, 0.869996]",10,20,0.1,max_proc,lowest_lower_bound,PRUNE,all_to_shortest,greedy,6162,11,11,0.004509687423706055,0.1479065238558909,True,5250.6,9,-1,5250.6
Uniform1-5000_Seed62_J20_M10,"[0.018908, 0.926508]",10,20,0.2,max_proc,lowest_lower_bound,NO_PROFILING,all_to_shortest,greedy,6172,45,45,0.017226457595825195,0.16025599481529493,True,5182.9,10,-1,5182.9
Uniform1-5000_Seed62_J20_M10,"[0.018908, 0.926508]",10,20,0.1,max_proc,lowest_lower_bound,PRUNE,all_to_shortest,greedy,6367,12,12,0.005293130874633789,0.18597455630595264,True,6146.0,10,-1,5182.9
Uniform1-5000_Seed63_J20_M10,"[0.029885, 0.797703]",10,20,0.2,max_proc,lowest_lower_bound,NO_PROFILING,all_to_shortest,greedy,5521,9,9,0.0035114288330078125,0.15147618185111397,True,4684.7,7,-1,4684.7
Uniform1-5000_Seed63_J20_M10,"[0.029885, 0.797703]",10,20,0.1,max_proc,lowest_lower_bound,PRUNE,all_to_shortest,greedy,5521,10,10,0.0035088062286376953,0.15147618185111397,True,4684.7,8,-1,4684.7
Uniform1-5000_Seed64_J20_M10,"[0.011869, 1.000000]",10,20,0.2,max_proc,lowest_lower_bound,NO_PROFILING,all_to_shortest,greedy,4754,2,2,0.0009982585906982422,0.02524190155658393,True,4634.0,0,-1,4634.0
Uniform1-5000_Seed64_J20_M10,"[0.011869, 1.000000]",10,20,0.1,max_proc,lowest_lower_bound,PRUNE,all_to_shortest,greedy,4754,2,2,0.0010085105895996094,0.02524190155658393,True,4634.0,0,-1,4634.0
Uniform1-5000_Seed65_J20_M10,"[0.025683, 0.900020]",10,20,0.2,max_proc,lowest_lower_bound,NO_PROFILING,all_to_shortest,greedy,6174,12,12,0.0045070648193359375,0.12340459993521212,True,5412.1,10,-1,5412.1
Uniform1-5000_Seed65_J20_M10,"[0.025683, 0.900020]",10,20,0.1,max_proc,lowest_lower_bound,PRUNE,all_to_shortest,greedy,6769,11,12,0.005080223083496094,0.2004579701580735,True,6078.0,10,-1,5412.1
Uniform1-5000_Seed66_J20_M10,"[0.010809, 1.000000]",10,20,0.2,max_proc,lowest_lower_bound,NO_PROFILING,all_to_shortest,greedy,5201,7,7,0.003070831298828125,0.07498557969621227,True,4811.0,5,-1,4811.0
Uniform1-5000_Seed66_J20_M10,"[0.010809, 1.000000]",10,20,0.1,max_proc,lowest_lower_bound,PRUNE,all_to_shortest,greedy,5703,7,7,0.0030059814453125,0.15640890759249518,True,4811.0,5,-1,4811.0
Uniform1-5000_Seed67_J20_M10,"[0.073404, 1.000000]",10,20,0.2,max_proc,lowest_lower_bound,NO_PROFILING,all_to_shortest,greedy,5861,6,6,0.003246784210205078,0.16089404538474664,True,4918.0,4,-1,4918.0
Uniform1-5000_Seed67_J20_M10,"[0.073404, 1.000000]",10,20,0.1,max_proc,lowest_lower_bound,PRUNE,all_to_shortest,greedy,5920,4,4,0.002006053924560547,0.16925675675675675,True,4918.0,2,-1,4918.0
Uniform1-5000_Seed68_J20_M10,"[0.029437, 1.000000]",10,20,0.2,max_proc,lowest_lower_bound,NO_PROFILING,all_to_shortest,greedy,5260,7,7,0.003998756408691406,0.09581749049429658,True,4756.0,5,-1,4756.0
Uniform1-5000_Seed68_J20_M10,"[0.029437, 1.000000]",10,20,0.1,max_proc,lowest_lower_bound,PRUNE,all_to_shortest,greedy,5313,8,8,0.003006458282470703,0.10483719179371354,True,4756.0,6,-1,4756.0
Uniform1-5000_Seed69_J20_M10,"[0.052059, 0.961589]",10,20,0.2,max_proc,lowest_lower_bound,NO_PROFILING,all_to_shortest,greedy,5850,9,9,0.003999471664428711,0.1495555555555555,True,4975.1,7,-1,4975.1
Uniform1-5000_Seed69_J20_M10,"[0.052059, 0.961589]",10,20,0.1,max_proc,lowest_lower_bound,PRUNE,all_to_shortest,greedy,5909,9,9,0.0042269229888916016,0.1580470468776442,True,4975.1,7,-1,4975.1
Uniform1-5000_Seed70_J20_M10,"[0.049741, 0.872593]",10,20,0.2,max_proc,lowest_lower_bound,NO_PROFILING,all_to_shortest,greedy,6729,41,41,0.01803731918334961,0.16344181899242088,True,5629.2,10,-1,5629.2
Uniform1-5000_Seed70_J20_M10,"[0.049741, 0.872593]",10,20,0.1,max_proc,lowest_lower_bound,PRUNE,all_to_shortest,greedy,6794,11,11,0.005001068115234375,0.1714453929938181,True,5629.2,9,-1,5629.2
Uniform1-5000_Seed71_J20_M10,"[0.033752, 1.000000]",10,20,0.2,max_proc,lowest_lower_bound,NO_PROFILING,all_to_shortest,greedy,5509,9,9,0.004518270492553711,0.1610092575785079,True,4622.0,7,-1,4622.0
Uniform1-5000_Seed71_J20_M10,"[0.033752, 1.000000]",10,20,0.1,max_proc,lowest_lower_bound,PRUNE,all_to_shortest,greedy,5585,8,8,0.0040891170501708984,0.17242614145031335,True,4622.0,6,-1,4622.0
Uniform1-5000_Seed72_J20_M10,"[0.064515, 0.858174]",10,20,0.2,max_proc,lowest_lower_bound,NO_PROFILING,all_to_shortest,greedy,6438,11,11,0.0050296783447265625,0.13084808946877907,True,5595.6,9,-1,5595.6
Uniform1-5000_Seed72_J20_M10,"[0.064515, 0.858174]",10,20,0.1,max_proc,lowest_lower_bound,PRUNE,all_to_shortest,greedy,6663,9,9,0.004214286804199219,0.1601981089599279,True,5595.6,7,-1,5595.6
Uniform1-5000_Seed73_J20_M10,"[0.030924, 0.945809]",10,20,0.2,max_proc,lowest_lower_bound,NO_PROFILING,all_to_shortest,greedy,5531,11,11,0.00805044174194336,0.1405532453444223,True,4753.6,9,-1,4753.6
Uniform1-5000_Seed73_J20_M10,"[0.030924, 0.945809]",10,20,0.1,max_proc,lowest_lower_bound,PRUNE,all_to_shortest,greedy,5675,10,10,0.006499052047729492,0.16236123348017614,True,4753.6,8,-1,4753.6
Uniform1-5000_Seed74_J20_M10,"[0.043294, 0.854836]",10,20,0.2,max_proc,lowest_lower_bound,NO_PROFILING,all_to_shortest,greedy,6678,11,11,0.006996631622314453,0.13183587900569027,True,5797.6,9,-1,5797.6
Uniform1-5000_Seed74_J20_M10,"[0.043294, 0.854836]",10,20,0.1,max_proc,lowest_lower_bound,PRUNE,all_to_shortest,greedy,6958,9,9,0.0060117244720458984,0.16677206093705083,True,5797.6,7,-1,5797.6
Uniform1-5000_Seed75_J20_M10,"[0.046030, 1.000000]",10,20,0.2,max_proc,lowest_lower_bound,NO_PROFILING,all_to_shortest,greedy,4957,3,3,0.001506805419921875,0.12346177123260037,True,4345.0,1,-1,4345.0
Uniform1-5000_Seed75_J20_M10,"[0.046030, 1.000000]",10,20,0.1,max_proc,lowest_lower_bound,PRUNE,all_to_shortest,greedy,4957,3,3,0.002001047134399414,0.12346177123260037,True,4345.0,1,-1,4345.0
Uniform1-5000_Seed76_J20_M10,"[0.020525, 0.880029]",10,20,0.2,max_proc,lowest_lower_bound,NO_PROFILING,all_to_shortest,greedy,6499,84,84,0.040964365005493164,0.15286967225727036,True,5505.5,11,-1,5505.5
Uniform1-5000_Seed76_J20_M10,"[0.020525, 0.880029]",10,20,0.1,max_proc,lowest_lower_bound,PRUNE,all_to_shortest,greedy,6499,13,13,0.005997896194458008,0.15286967225727036,True,5505.5,10,-1,5505.5
Uniform1-5000_Seed77_J20_M10,"[0.032005, 0.933476]",10,20,0.2,max_proc,lowest_lower_bound,NO_PROFILING,all_to_shortest,greedy,5927,4,4,0.002002239227294922,0.11435802260840226,True,5249.2,2,-1,5249.2
Uniform1-5000_Seed77_J20_M10,"[0.032005, 0.933476]",10,20,0.1,max_proc,lowest_lower_bound,PRUNE,all_to_shortest,greedy,6053,6,6,0.004126548767089844,0.13279365603832813,True,5249.2,4,-1,5249.2
Uniform1-5000_Seed78_J20_M10,"[0.028684, 0.899990]",10,20,0.2,max_proc,lowest_lower_bound,NO_PROFILING,all_to_shortest,greedy,5886,10,10,0.004523754119873047,0.11748216106014271,True,5194.5,8,-1,5194.5
Uniform1-5000_Seed78_J20_M10,"[0.028684, 0.899990]",10,20,0.1,max_proc,lowest_lower_bound,PRUNE,all_to_shortest,greedy,6222,10,10,0.0050258636474609375,0.16513982642237224,True,5194.5,8,-1,5194.5
Uniform1-5000_Seed79_J20_M10,"[0.035993, 0.910349]",10,20,0.2,max_proc,lowest_lower_bound,NO_PROFILING,all_to_shortest,greedy,6469,8,8,0.004514932632446289,0.16251352604730254,True,5417.7,6,-1,5417.7
Uniform1-5000_Seed79_J20_M10,"[0.035993, 0.910349]",10,20,0.1,max_proc,lowest_lower_bound,PRUNE,all_to_shortest,greedy,6550,9,9,0.007524013519287109,0.1728702290076336,True,5417.7,7,-1,5417.7
Uniform1-5000_Seed80_J20_M10,"[0.028279, 1.000000]",10,20,0.2,max_proc,lowest_lower_bound,NO_PROFILING,all_to_shortest,greedy,5507,6,6,0.003141641616821289,0.11385509351734156,True,4880.0,4,-1,4880.0
Uniform1-5000_Seed80_J20_M10,"[0.028279, 1.000000]",10,20,0.1,max_proc,lowest_lower_bound,PRUNE,all_to_shortest,greedy,5597,6,6,0.002999544143676758,0.12810434161157763,True,4880.0,4,-1,4880.0
Uniform1-5000_Seed81_J20_M10,"[0.018898, 0.938604]",10,20,0.2,max_proc,lowest_lower_bound,NO_PROFILING,all_to_shortest,greedy,5329,5,5,0.002002239227294922,0.16590354663163828,True,4444.9,3,-1,4444.9
Uniform1-5000_Seed81_J20_M10,"[0.018898, 0.938604]",10,20,0.1,max_proc,lowest_lower_bound,PRUNE,all_to_shortest,greedy,5329,12,12,0.006194353103637695,0.16590354663163828,True,5329.0,10,-1,4444.9
Uniform1-5000_Seed82_J20_M10,"[0.025937, 0.893461]",10,20,0.2,max_proc,lowest_lower_bound,NO_PROFILING,all_to_shortest,greedy,6058,4,4,0.002006053924560547,0.15992076592934965,True,5089.2,2,-1,5089.2
Uniform1-5000_Seed82_J20_M10,"[0.025937, 0.893461]",10,20,0.1,max_proc,lowest_lower_bound,PRUNE,all_to_shortest,greedy,6063,11,11,0.005524873733520508,0.16061355764473037,True,5089.2,9,-1,5089.2
Uniform1-5000_Seed83_J20_M10,"[0.048174, 0.872977]",10,20,0.2,max_proc,lowest_lower_bound,NO_PROFILING,all_to_shortest,greedy,6512,10,10,0.0035812854766845703,0.1329545454545455,True,5646.2,8,-1,5646.2
Uniform1-5000_Seed83_J20_M10,"[0.048174, 0.872977]",10,20,0.1,max_proc,lowest_lower_bound,PRUNE,all_to_shortest,greedy,6526,12,12,0.005019426345825195,0.13481458780263564,True,6247.0,10,-1,5646.2
Uniform1-5000_Seed84_J20_M10,"[0.053931, 0.881761]",10,20,0.2,max_proc,lowest_lower_bound,NO_PROFILING,all_to_shortest,greedy,6782,9,2001,0.7781507968902588,0.1715865526393394,False,5618.3,10,-1,5618.3
Uniform1-5000_Seed84_J20_M10,"[0.053931, 0.881761]",10,20,0.1,max_proc,lowest_lower_bound,PRUNE,all_to_shortest,greedy,6999,12,12,0.005520343780517578,0.1972710387198171,True,6782.0,10,-1,5618.3
Uniform1-5000_Seed85_J20_M10,"[0.066961, 1.000000]",10,20,0.2,max_proc,lowest_lower_bound,NO_PROFILING,all_to_shortest,greedy,5183,2,2,0.0005233287811279297,0.08084121165348254,True,4764.0,0,-1,4764.0
Uniform1-5000_Seed85_J20_M10,"[0.066961, 1.000000]",10,20,0.1,max_proc,lowest_lower_bound,PRUNE,all_to_shortest,greedy,5183,2,2,0.0005204677581787109,0.08084121165348254,True,4764.0,0,-1,4764.0
Uniform1-5000_Seed86_J20_M10,"[0.071309, 0.930435]",10,20,0.2,max_proc,lowest_lower_bound,NO_PROFILING,all_to_shortest,greedy,6322,8,8,0.0030028820037841797,0.1659601391964568,True,5272.8,6,-1,5272.8
Uniform1-5000_Seed86_J20_M10,"[0.071309, 0.930435]",10,20,0.1,max_proc,lowest_lower_bound,PRUNE,all_to_shortest,greedy,6495,12,12,0.0050241947174072266,0.18817551963048496,True,6042.0,10,-1,5272.8
Uniform1-5000_Seed87_J20_M10,"[0.013279, 1.000000]",10,20,0.2,max_proc,lowest_lower_bound,NO_PROFILING,all_to_shortest,greedy,5596,6,6,0.0029990673065185547,0.1656540385989993,True,4669.0,4,-1,4669.0
Uniform1-5000_Seed87_J20_M10,"[0.013279, 1.000000]",10,20,0.1,max_proc,lowest_lower_bound,PRUNE,all_to_shortest,greedy,5467,7,7,0.0035169124603271484,0.14596670934699105,True,4669.0,5,-1,4669.0
Uniform1-5000_Seed88_J20_M10,"[0.001571, 0.969320]",10,20,0.2,max_proc,lowest_lower_bound,NO_PROFILING,all_to_shortest,greedy,5927,9,9,0.003999233245849609,0.1410156909060233,True,5091.2,7,-1,5091.2
Uniform1-5000_Seed88_J20_M10,"[0.001571, 0.969320]",10,20,0.1,max_proc,lowest_lower_bound,PRUNE,all_to_shortest,greedy,6110,2,2,0.0,0.16674304418985272,True,5091.2,0,-1,5091.2
Uniform1-5000_Seed89_J20_M10,"[0.050606, 1.000000]",10,20,0.2,max_proc,lowest_lower_bound,NO_PROFILING,all_to_shortest,greedy,5359,2,2,0.0009992122650146484,0.10766934129501772,True,4782.0,0,-1,4782.0
Uniform1-5000_Seed89_J20_M10,"[0.050606, 1.000000]",10,20,0.1,max_proc,lowest_lower_bound,PRUNE,all_to_shortest,greedy,5359,2,2,0.0015306472778320312,0.10766934129501772,True,4782.0,0,-1,4782.0
Uniform1-5000_Seed90_J20_M10,"[0.022032, 1.000000]",10,20,0.2,max_proc,lowest_lower_bound,NO_PROFILING,all_to_shortest,greedy,5697,4,4,0.0021369457244873047,0.1395471300684571,True,4902.0,2,-1,4902.0
Uniform1-5000_Seed90_J20_M10,"[0.022032, 1.000000]",10,20,0.1,max_proc,lowest_lower_bound,PRUNE,all_to_shortest,greedy,5856,6,6,0.003000974655151367,0.16290983606557377,True,4902.0,4,-1,4902.0
Uniform1-5000_Seed91_J20_M10,"[0.031164, 0.988130]",10,20,0.2,max_proc,lowest_lower_bound,NO_PROFILING,all_to_shortest,greedy,5805,8,8,0.0039958953857421875,0.13216192937123167,True,5037.8,6,-1,5037.8
Uniform1-5000_Seed91_J20_M10,"[0.031164, 0.988130]",10,20,0.1,max_proc,lowest_lower_bound,PRUNE,all_to_shortest,greedy,5941,8,8,0.004146099090576172,0.15202827806766533,True,5037.8,6,-1,5037.8
Uniform1-5000_Seed92_J20_M10,"[0.008839, 0.932168]",10,20,0.2,max_proc,lowest_lower_bound,NO_PROFILING,all_to_shortest,greedy,6156,19,19,0.009032487869262695,0.15464587394411955,True,5204.0,10,-1,5204.0
Uniform1-5000_Seed92_J20_M10,"[0.008839, 0.932168]",10,20,0.1,max_proc,lowest_lower_bound,PRUNE,all_to_shortest,greedy,6297,4,12,0.005006074905395508,0.17357471811973957,True,5419.0,10,-1,5204.0
Uniform1-5000_Seed93_J20_M10,"[0.040605, 0.801870]",10,20,0.2,max_proc,lowest_lower_bound,NO_PROFILING,all_to_shortest,greedy,7003,6,6,0.0029914379119873047,0.16303012994430954,True,5861.3,4,-1,5861.3
Uniform1-5000_Seed93_J20_M10,"[0.040605, 0.801870]",10,20,0.1,max_proc,lowest_lower_bound,PRUNE,all_to_shortest,greedy,7010,11,11,0.004511833190917969,0.1638659058487874,True,5861.3,9,-1,5861.3
Uniform1-5000_Seed94_J20_M10,"[0.045161, 0.872650]",10,20,0.2,max_proc,lowest_lower_bound,NO_PROFILING,all_to_shortest,greedy,6004,4,4,0.0019981861114501953,0.1665056628914057,True,5004.3,2,-1,5004.3
Uniform1-5000_Seed94_J20_M10,"[0.045161, 0.872650]",10,20,0.1,max_proc,lowest_lower_bound,PRUNE,all_to_shortest,greedy,5862,7,7,0.004018306732177734,0.14631525076765606,True,5004.3,5,-1,5004.3
Uniform1-5000_Seed95_J20_M10,"[0.063753, 0.803684]",10,20,0.2,max_proc,lowest_lower_bound,NO_PROFILING,all_to_shortest,greedy,6581,10,10,0.005016803741455078,0.15863850478650662,True,5537.0,8,-1,5537.0
Uniform1-5000_Seed95_J20_M10,"[0.063753, 0.803684]",10,20,0.1,max_proc,lowest_lower_bound,PRUNE,all_to_shortest,greedy,6891,12,12,0.005510568618774414,0.19648817297924828,True,6283.0,10,-1,5537.0
Uniform1-5000_Seed96_J20_M10,"[0.083278, 0.842368]",10,20,0.2,max_proc,lowest_lower_bound,NO_PROFILING,all_to_shortest,greedy,5501,2,2,0.001001119613647461,0.14650063624795484,True,4695.1,0,-1,4695.1
Uniform1-5000_Seed96_J20_M10,"[0.083278, 0.842368]",10,20,0.1,max_proc,lowest_lower_bound,PRUNE,all_to_shortest,greedy,5563,10,10,0.0045146942138671875,0.15601294265683976,True,4695.1,8,-1,4695.1
Uniform1-5000_Seed97_J20_M10,"[0.021115, 0.985817]",10,20,0.2,max_proc,lowest_lower_bound,NO_PROFILING,all_to_shortest,greedy,5825,5,5,0.0020008087158203125,0.13816309012875538,True,5020.2,3,-1,5020.2
Uniform1-5000_Seed97_J20_M10,"[0.021115, 0.985817]",10,20,0.1,max_proc,lowest_lower_bound,PRUNE,all_to_shortest,greedy,5825,5,5,0.002999544143676758,0.13816309012875538,True,5020.2,3,-1,5020.2
Uniform1-5000_Seed98_J20_M10,"[0.000551, 0.884611]",10,20,0.2,max_proc,lowest_lower_bound,NO_PROFILING,all_to_shortest,greedy,6816,37,2001,0.9973437786102295,0.2012617370892019,False,5444.2,10,-1,5444.2
Uniform1-5000_Seed98_J20_M10,"[0.000551, 0.884611]",10,20,0.1,max_proc,lowest_lower_bound,PRUNE,all_to_shortest,greedy,7107,8,12,0.005511045455932617,0.23396651188968626,True,6655.0,10,-1,5444.2
Uniform1-5000_Seed99_J20_M10,"[0.011419, 1.000000]",10,20,0.2,max_proc,lowest_lower_bound,NO_PROFILING,all_to_shortest,greedy,5810,3,3,0.0009982585906982422,0.1559380378657487,True,4904.0,1,-1,4904.0
Uniform1-5000_Seed99_J20_M10,"[0.011419, 1.000000]",10,20,0.1,max_proc,lowest_lower_bound,PRUNE,all_to_shortest,greedy,5810,3,3,0.0015041828155517578,0.1559380378657487,True,4904.0,1,-1,4904.0
Uniform1-5000_Seed100_J20_M10,"[0.015744, 0.982819]",10,20,0.2,max_proc,lowest_lower_bound,NO_PROFILING,all_to_shortest,greedy,6051,8,8,0.0035097599029541016,0.16025450338786976,True,5081.3,6,-1,5081.3
Uniform1-5000_Seed100_J20_M10,"[0.015744, 0.982819]",10,20,0.1,max_proc,lowest_lower_bound,PRUNE,all_to_shortest,greedy,6043,10,10,0.00500798225402832,0.15914280986265097,True,5081.3,8,-1,5081.3
Uniform1-5000_Seed1_J50_M25,"[0.029116, 1.000000]",25,50,0.2,max_proc,lowest_lower_bound,NO_PROFILING,all_to_shortest,greedy,6133,1988,2001,12.338831424713135,0.20712212620251097,False,4980.0,25,-1,4862.72
Uniform1-5000_Seed1_J50_M25,"[0.029116, 1.000000]",25,50,0.1,max_proc,lowest_lower_bound,PRUNE,all_to_shortest,greedy,6209,20,27,0.10678887367248535,0.21682718634240614,True,5299.0,25,-1,4862.72
Uniform1-5000_Seed2_J50_M25,"[0.005658, 0.882078]",25,50,0.2,max_proc,lowest_lower_bound,NO_PROFILING,all_to_shortest,greedy,6728,1114,1114,7.27513861656189,0.1593400713436385,True,5655.96,25,-1,5655.96
Uniform1-5000_Seed2_J50_M25,"[0.005658, 0.882078]",25,50,0.1,max_proc,lowest_lower_bound,PRUNE,all_to_shortest,greedy,6733,22,22,0.1031026840209961,0.15996435467102332,True,5655.96,20,-1,5655.96
Uniform1-5000_Seed3_J50_M25,"[0.051701, 0.937018]",25,50,0.2,max_proc,lowest_lower_bound,NO_PROFILING,all_to_shortest,greedy,6410,1515,2001,16.15444254875183,0.1702028081123245,False,5319.0,25,-1,5319.0
Uniform1-5000_Seed3_J50_M25,"[0.051701, 0.937018]",25,50,0.1,max_proc,lowest_lower_bound,PRUNE,all_to_shortest,greedy,6616,22,27,0.10303354263305664,0.19603990326481258,True,5632.0,25,-1,5319.0
Uniform1-5000_Seed4_J50_M25,"[0.011811, 1.000000]",25,50,0.2,max_proc,lowest_lower_bound,NO_PROFILING,all_to_shortest,greedy,5759,22,22,0.08406591415405273,0.16217398853967704,True,4826.0,20,-1,4825.04
Uniform1-5000_Seed4_J50_M25,"[0.011811, 1.000000]",25,50,0.1,max_proc,lowest_lower_bound,PRUNE,all_to_shortest,greedy,5759,26,26,0.10006952285766602,0.16217398853967704,True,4826.0,24,-1,4825.04
Uniform1-5000_Seed5_J50_M25,"[0.008319, 0.989756]",25,50,0.2,max_proc,lowest_lower_bound,NO_PROFILING,all_to_shortest,greedy,5933,24,24,0.09148168563842773,0.14904432833305237,True,5048.72,22,-1,5048.72
Uniform1-5000_Seed5_J50_M25,"[0.008319, 0.989756]",25,50,0.1,max_proc,lowest_lower_bound,PRUNE,all_to_shortest,greedy,6126,24,27,0.11096644401550293,0.17585373816519748,True,5307.0,25,-1,5048.72
Uniform1-5000_Seed6_J50_M25,"[0.044728, 0.980877]",25,50,0.2,max_proc,lowest_lower_bound,NO_PROFILING,all_to_shortest,greedy,6104,23,23,0.09701752662658691,0.16489515072083888,True,5097.48,21,-1,5097.48
Uniform1-5000_Seed6_J50_M25,"[0.044728, 0.980877]",25,50,0.1,max_proc,lowest_lower_bound,PRUNE,all_to_shortest,greedy,6041,26,26,0.09330892562866211,0.15618606191027984,True,5097.48,24,-1,5097.48
Uniform1-5000_Seed7_J50_M25,"[0.019115, 0.998931]",25,50,0.2,max_proc,lowest_lower_bound,NO_PROFILING,all_to_shortest,greedy,6009,799,2001,14.413961410522461,0.1903478116159095,False,4865.2,25,-1,4865.2
Uniform1-5000_Seed7_J50_M25,"[0.019115, 0.998931]",25,50,0.1,max_proc,lowest_lower_bound,PRUNE,all_to_shortest,greedy,6196,23,27,0.1090543270111084,0.2147837314396385,True,5135.0,25,-1,4865.2
Uniform1-5000_Seed8_J50_M25,"[0.050595, 0.919481]",25,50,0.2,max_proc,lowest_lower_bound,NO_PROFILING,all_to_shortest,greedy,6443,1639,2001,14.657827854156494,0.16866677013813444,False,5356.28,26,-1,5356.28
Uniform1-5000_Seed8_J50_M25,"[0.050595, 0.919481]",25,50,0.1,max_proc,lowest_lower_bound,PRUNE,all_to_shortest,greedy,6289,29,29,0.10313749313354492,0.14830974717761175,True,5610.0,27,-1,5356.28
Uniform1-5000_Seed9_J50_M25,"[0.046328, 0.918230]",25,50,0.2,max_proc,lowest_lower_bound,NO_PROFILING,all_to_shortest,greedy,6215,707,2001,13.69555139541626,0.1699372485921158,False,5158.84,25,-1,5158.84
Uniform1-5000_Seed9_J50_M25,"[0.046328, 0.918230]",25,50,0.1,max_proc,lowest_lower_bound,PRUNE,all_to_shortest,greedy,6350,29,29,0.11973977088928223,0.18758425196850392,True,5310.0,26,-1,5158.84
Uniform1-5000_Seed10_J50_M25,"[0.018634, 1.000000]",25,50,0.2,max_proc,lowest_lower_bound,NO_PROFILING,all_to_shortest,greedy,5629,25,25,0.1143643856048584,0.18124711316397224,True,4830.0,23,-1,4608.76
Uniform1-5000_Seed10_J50_M25,"[0.018634, 1.000000]",25,50,0.1,max_proc,lowest_lower_bound,PRUNE,all_to_shortest,greedy,5706,23,23,0.09297394752502441,0.19229582895198033,True,4830.0,21,-1,4608.76
Uniform1-5000_Seed11_J50_M25,"[0.025872, 0.964798]",25,50,0.2,max_proc,lowest_lower_bound,NO_PROFILING,all_to_shortest,greedy,6439,1698,2001,12.518083572387695,0.19563286224569038,False,5179.32,25,-1,5179.32
Uniform1-5000_Seed11_J50_M25,"[0.025872, 0.964798]",25,50,0.1,max_proc,lowest_lower_bound,PRUNE,all_to_shortest,greedy,6682,27,27,0.09548377990722656,0.2248847650404071,True,5840.0,25,-1,5179.32
Uniform1-5000_Seed12_J50_M25,"[0.009864, 0.956644]",25,50,0.2,max_proc,lowest_lower_bound,NO_PROFILING,all_to_shortest,greedy,5801,27,27,0.08741331100463867,0.12622651267022925,True,5068.76,25,-1,5068.76
Uniform1-5000_Seed12_J50_M25,"[0.009864, 0.956644]",25,50,0.1,max_proc,lowest_lower_bound,PRUNE,all_to_shortest,greedy,5845,28,28,0.13338756561279297,0.1328041060735671,True,5068.76,25,-1,5068.76
Uniform1-5000_Seed13_J50_M25,"[0.002429, 1.000000]",25,50,0.2,max_proc,lowest_lower_bound,NO_PROFILING,all_to_shortest,greedy,5761,14,14,0.050267934799194336,0.2620447838916855,True,4940.0,12,-1,4251.36
Uniform1-5000_Seed13_J50_M25,"[0.002429, 1.000000]",25,50,0.1,max_proc,lowest_lower_bound,PRUNE,all_to_shortest,greedy,5591,14,14,0.05375480651855469,0.23960651046324455,True,4940.0,12,-1,4251.36
Uniform1-5000_Seed14_J50_M25,"[0.005782, 1.000000]",25,50,0.2,max_proc,lowest_lower_bound,NO_PROFILING,all_to_shortest,greedy,5673,14,14,0.07307553291320801,0.1463070685704213,True,4843.0,12,-1,4843.0
Uniform1-5000_Seed14_J50_M25,"[0.005782, 1.000000]",25,50,0.1,max_proc,lowest_lower_bound,PRUNE,all_to_shortest,greedy,5673,13,13,0.05133461952209473,0.1463070685704213,True,4843.0,11,-1,4843.0
Uniform1-5000_Seed15_J50_M25,"[0.003977, 0.988323]",25,50,0.2,max_proc,lowest_lower_bound,NO_PROFILING,all_to_shortest,greedy,6168,671,2001,13.638975381851196,0.18470817120622565,False,5028.72,25,-1,5028.72
Uniform1-5000_Seed15_J50_M25,"[0.003977, 0.988323]",25,50,0.1,max_proc,lowest_lower_bound,PRUNE,all_to_shortest,greedy,6029,26,26,0.09293651580810547,0.16591142809752857,True,5028.72,24,-1,5028.72
Uniform1-5000_Seed16_J50_M25,"[0.026656, 1.000000]",25,50,0.2,max_proc,lowest_lower_bound,NO_PROFILING,all_to_shortest,greedy,5737,26,26,0.1039438247680664,0.16297716576607985,True,4802.0,24,-1,4802.0
Uniform1-5000_Seed16_J50_M25,"[0.026656, 1.000000]",25,50,0.1,max_proc,lowest_lower_bound,PRUNE,all_to_shortest,greedy,5712,28,28,0.10083580017089844,0.15931372549019607,True,4802.0,26,-1,4802.0
Uniform1-5000_Seed17_J50_M25,"[0.032289, 0.928275]",25,50,0.2,max_proc,lowest_lower_bound,NO_PROFILING,all_to_shortest,greedy,6112,474,474,2.3444032669067383,0.15380235602094242,True,5171.96,25,-1,5171.96
Uniform1-5000_Seed17_J50_M25,"[0.032289, 0.928275]",25,50,0.1,max_proc,lowest_lower_bound,PRUNE,all_to_shortest,greedy,6357,28,28,0.13047552108764648,0.1864149756174296,True,5444.0,26,-1,5171.96
Uniform1-5000_Seed18_J50_M25,"[0.030071, 0.956919]",25,50,0.2,max_proc,lowest_lower_bound,NO_PROFILING,all_to_shortest,greedy,6517,631,2001,14.245256900787354,0.19887678379622525,False,5220.92,25,-1,5220.92
Uniform1-5000_Seed18_J50_M25,"[0.030071, 0.956919]",25,50,0.1,max_proc,lowest_lower_bound,PRUNE,all_to_shortest,greedy,6740,24,27,0.09249067306518555,0.2253827893175074,True,5713.0,25,-1,5220.92
Uniform1-5000_Seed19_J50_M25,"[0.010676, 0.930993]",25,50,0.2,max_proc,lowest_lower_bound,NO_PROFILING,all_to_shortest,greedy,6205,1108,2001,12.040601253509521,0.18484448025785657,False,5058.04,25,-1,5058.04
Uniform1-5000_Seed19_J50_M25,"[0.010676, 0.930993]",25,50,0.1,max_proc,lowest_lower_bound,PRUNE,all_to_shortest,greedy,6314,27,27,0.11486101150512695,0.19891669306303453,True,5694.0,25,-1,5058.04
Uniform1-5000_Seed20_J50_M25,"[0.008086, 0.895391]",25,50,0.2,max_proc,lowest_lower_bound,NO_PROFILING,all_to_shortest,greedy,6426,121,121,0.47522878646850586,0.1532524120759415,True,5441.2,25,-1,5441.2
Uniform1-5000_Seed20_J50_M25,"[0.008086, 0.895391]",25,50,0.1,max_proc,lowest_lower_bound,PRUNE,all_to_shortest,greedy,6627,27,27,0.11072611808776855,0.17893466123434437,True,6077.0,25,-1,5441.2
Uniform1-5000_Seed21_J50_M25,"[0.009889, 1.000000]",25,50,0.2,max_proc,lowest_lower_bound,NO_PROFILING,all_to_shortest,greedy,5811,11,11,0.04996180534362793,0.14730683187059027,True,4955.0,9,-1,4955.0
Uniform1-5000_Seed21_J50_M25,"[0.009889, 1.000000]",25,50,0.1,max_proc,lowest_lower_bound,PRUNE,all_to_shortest,greedy,5811,9,9,0.041355133056640625,0.14730683187059027,True,4955.0,7,-1,4955.0
Uniform1-5000_Seed22_J50_M25,"[0.056361, 1.000000]",25,50,0.2,max_proc,lowest_lower_bound,NO_PROFILING,all_to_shortest,greedy,5729,7,7,0.03538036346435547,0.1328329551405132,True,4968.0,5,-1,4968.0
Uniform1-5000_Seed22_J50_M25,"[0.056361, 1.000000]",25,50,0.1,max_proc,lowest_lower_bound,PRUNE,all_to_shortest,greedy,5966,7,7,0.030874967575073242,0.16728126047603084,True,4968.0,5,-1,4968.0
Uniform1-5000_Seed23_J50_M25,"[0.008266, 1.000000]",25,50,0.2,max_proc,lowest_lower_bound,NO_PROFILING,all_to_shortest,greedy,5693,26,26,0.09627890586853027,0.15000878271561566,True,4839.0,24,-1,4839.0
Uniform1-5000_Seed23_J50_M25,"[0.008266, 1.000000]",25,50,0.1,max_proc,lowest_lower_bound,PRUNE,all_to_shortest,greedy,5738,29,29,0.1090693473815918,0.1566747995817358,True,4839.0,27,-1,4839.0
Uniform1-5000_Seed24_J50_M25,"[0.019773, 0.898219]",25,50,0.2,max_proc,lowest_lower_bound,NO_PROFILING,all_to_shortest,greedy,6754,1024,2001,14.154749155044556,0.19130589280426413,False,5461.92,25,-1,5461.92
Uniform1-5000_Seed24_J50_M25,"[0.019773, 0.898219]",25,50,0.1,max_proc,lowest_lower_bound,PRUNE,all_to_shortest,greedy,6793,25,27,0.1154482364654541,0.19594877079346384,True,6488.0,25,-1,5461.92
Uniform1-5000_Seed25_J50_M25,"[0.003031, 1.000000]",25,50,0.2,max_proc,lowest_lower_bound,NO_PROFILING,all_to_shortest,greedy,5699,25,25,0.08565473556518555,0.13160203544481489,True,4949.0,23,-1,4949.0
Uniform1-5000_Seed25_J50_M25,"[0.003031, 1.000000]",25,50,0.1,max_proc,lowest_lower_bound,PRUNE,all_to_shortest,greedy,5985,24,24,0.08250164985656738,0.17309941520467836,True,4949.0,22,-1,4949.0
Uniform1-5000_Seed26_J50_M25,"[0.004463, 0.888560]",25,50,0.2,max_proc,lowest_lower_bound,NO_PROFILING,all_to_shortest,greedy,6605,31,31,0.15461015701293945,0.1519757759273278,True,5601.2,29,-1,5601.2
Uniform1-5000_Seed26_J50_M25,"[0.004463, 0.888560]",25,50,0.1,max_proc,lowest_lower_bound,PRUNE,all_to_shortest,greedy,6769,24,24,0.1090397834777832,0.17252179051558578,True,5601.2,22,-1,5601.2
Uniform1-5000_Seed27_J50_M25,"[0.041635, 0.893305]",25,50,0.2,max_proc,lowest_lower_bound,NO_PROFILING,all_to_shortest,greedy,6510,261,261,0.881406307220459,0.16618125960061447,True,5428.16,25,-1,5428.16
Uniform1-5000_Seed27_J50_M25,"[0.041635, 0.893305]",25,50,0.1,max_proc,lowest_lower_bound,PRUNE,all_to_shortest,greedy,6770,25,27,0.12398505210876465,0.1982038404726736,True,5937.0,25,-1,5428.16
Uniform1-5000_Seed28_J50_M25,"[0.009291, 1.000000]",25,50,0.2,max_proc,lowest_lower_bound,NO_PROFILING,all_to_shortest,greedy,5887,14,14,0.07776308059692383,0.15899439442840158,True,4951.0,12,-1,4951.0
Uniform1-5000_Seed28_J50_M25,"[0.009291, 1.000000]",25,50,0.1,max_proc,lowest_lower_bound,PRUNE,all_to_shortest,greedy,5761,16,16,0.059655189514160156,0.1406005901753168,True,4951.0,14,-1,4951.0
Uniform1-5000_Seed29_J50_M25,"[0.004210, 1.000000]",25,50,0.2,max_proc,lowest_lower_bound,NO_PROFILING,all_to_shortest,greedy,5923,28,28,0.10013294219970703,0.15785919297653217,True,4988.0,26,-1,4988.0
Uniform1-5000_Seed29_J50_M25,"[0.004210, 1.000000]",25,50,0.1,max_proc,lowest_lower_bound,PRUNE,all_to_shortest,greedy,5953,23,23,0.09271669387817383,0.16210314127330758,True,4988.0,21,-1,4988.0
Uniform1-5000_Seed30_J50_M25,"[0.009409, 1.000000]",25,50,0.2,max_proc,lowest_lower_bound,NO_PROFILING,all_to_shortest,greedy,6027,194,2001,8.643196821212769,0.1712294673967148,False,4995.0,25,-1,4995.0
Uniform1-5000_Seed30_J50_M25,"[0.009409, 1.000000]",25,50,0.1,max_proc,lowest_lower_bound,PRUNE,all_to_shortest,greedy,6202,26,27,0.09457659721374512,0.19461464043856821,True,5181.0,25,-1,4995.0
Uniform1-5000_Seed31_J50_M25,"[0.005914, 0.985047]",25,50,0.2,max_proc,lowest_lower_bound,NO_PROFILING,all_to_shortest,greedy,6192,919,2001,12.668417692184448,0.20812015503875975,False,4903.32,25,-1,4903.32
Uniform1-5000_Seed31_J50_M25,"[0.005914, 0.985047]",25,50,0.1,max_proc,lowest_lower_bound,PRUNE,all_to_shortest,greedy,6404,26,27,0.10167503356933594,0.23433479075577768,True,5650.0,25,-1,4903.32
Uniform1-5000_Seed32_J50_M25,"[0.002037, 1.000000]",25,50,0.2,max_proc,lowest_lower_bound,NO_PROFILING,all_to_shortest,greedy,5814,8,8,0.03463029861450195,0.15583075335397317,True,4908.0,6,-1,4908.0
Uniform1-5000_Seed32_J50_M25,"[0.002037, 1.000000]",25,50,0.1,max_proc,lowest_lower_bound,PRUNE,all_to_shortest,greedy,5789,11,11,0.04657173156738281,0.15218517878735532,True,4908.0,9,-1,4908.0
Uniform1-5000_Seed33_J50_M25,"[0.011405, 1.000000]",25,50,0.2,max_proc,lowest_lower_bound,NO_PROFILING,all_to_shortest,greedy,5861,17,17,0.06898164749145508,0.16225900017061934,True,4910.0,15,-1,4910.0
Uniform1-5000_Seed33_J50_M25,"[0.011405, 1.000000]",25,50,0.1,max_proc,lowest_lower_bound,PRUNE,all_to_shortest,greedy,5787,18,18,0.05607128143310547,0.15154656989804735,True,4910.0,16,-1,4910.0
Uniform1-5000_Seed34_J50_M25,"[0.059335, 0.911205]",25,50,0.2,max_proc,lowest_lower_bound,NO_PROFILING,all_to_shortest,greedy,6673,410,2001,13.381105422973633,0.1791757830061442,False,5477.36,26,-1,5477.36
Uniform1-5000_Seed34_J50_M25,"[0.059335, 0.911205]",25,50,0.1,max_proc,lowest_lower_bound,PRUNE,all_to_shortest,greedy,6745,29,32,0.15441250801086426,0.1879377316530764,True,5602.0,28,-1,5477.36
Uniform1-5000_Seed35_J50_M25,"[0.086617, 0.901657]",25,50,0.2,max_proc,lowest_lower_bound,NO_PROFILING,all_to_shortest,greedy,6580,22,22,0.10104489326477051,0.1648267477203648,True,5495.44,20,-1,5495.44
Uniform1-5000_Seed35_J50_M25,"[0.086617, 0.901657]",25,50,0.1,max_proc,lowest_lower_bound,PRUNE,all_to_shortest,greedy,6843,23,27,0.11320829391479492,0.19692532514978817,True,5753.0,25,-1,5495.44
Uniform1-5000_Seed36_J50_M25,"[0.004546, 0.979914]",25,50,0.2,max_proc,lowest_lower_bound,NO_PROFILING,all_to_shortest,greedy,5771,46,46,0.18988847732543945,0.16146248483798306,True,4839.2,25,-1,4839.2
Uniform1-5000_Seed36_J50_M25,"[0.004546, 0.979914]",25,50,0.1,max_proc,lowest_lower_bound,PRUNE,all_to_shortest,greedy,5828,27,27,0.13817071914672852,0.16966369251887442,True,5009.0,25,-1,4839.2
Uniform1-5000_Seed37_J50_M25,"[0.002959, 0.916001]",25,50,0.2,max_proc,lowest_lower_bound,NO_PROFILING,all_to_shortest,greedy,6378,29,29,0.10726499557495117,0.15221072436500474,True,5407.2,27,-1,5407.2
Uniform1-5000_Seed37_J50_M25,"[0.002959, 0.916001]",25,50,0.1,max_proc,lowest_lower_bound,PRUNE,all_to_shortest,greedy,6410,29,29,0.11502408981323242,0.15644305772230893,True,5427.0,27,-1,5407.2
Uniform1-5000_Seed38_J50_M25,"[0.000198, 0.990262]",25,50,0.2,max_proc,lowest_lower_bound,NO_PROFILING,all_to_shortest,greedy,6021,34,34,0.14012932777404785,0.16291645905995683,True,5040.08,32,-1,5040.08
Uniform1-5000_Seed38_J50_M25,"[0.000198, 0.990262]",25,50,0.1,max_proc,lowest_lower_bound,PRUNE,all_to_shortest,greedy,6021,35,35,0.1331028938293457,0.16291645905995683,True,5040.08,33,-1,5040.08
Uniform1-5000_Seed39_J50_M25,"[0.013800, 0.982746]",25,50,0.2,max_proc,lowest_lower_bound,NO_PROFILING,all_to_shortest,greedy,6412,1978,2001,12.798900365829468,0.20890205864004985,False,5072.52,25,-1,5072.52
Uniform1-5000_Seed39_J50_M25,"[0.013800, 0.982746]",25,50,0.1,max_proc,lowest_lower_bound,PRUNE,all_to_shortest,greedy,6521,22,27,0.09088611602783203,0.22212544088330005,True,5863.0,25,-1,5072.52
Uniform1-5000_Seed40_J50_M25,"[0.082190, 0.887614]",25,50,0.2,max_proc,lowest_lower_bound,NO_PROFILING,all_to_shortest,greedy,6565,622,2001,11.427531719207764,0.17713328255902516,False,5402.12,25,-1,5402.12
Uniform1-5000_Seed40_J50_M25,"[0.082190, 0.887614]",25,50,0.1,max_proc,lowest_lower_bound,PRUNE,all_to_shortest,greedy,6760,26,27,0.0939791202545166,0.20086982248520713,True,6209.0,25,-1,5402.12
Uniform1-5000_Seed41_J50_M25,"[0.022505, 0.900731]",25,50,0.2,max_proc,lowest_lower_bound,NO_PROFILING,all_to_shortest,greedy,6804,135,2001,13.925471067428589,0.19671369782480888,False,5465.56,25,-1,5465.56
Uniform1-5000_Seed41_J50_M25,"[0.022505, 0.900731]",25,50,0.1,max_proc,lowest_lower_bound,PRUNE,all_to_shortest,greedy,7146,20,27,0.12062358856201172,0.235158130422614,True,6296.0,25,-1,5465.56
Uniform1-5000_Seed42_J50_M25,"[0.027044, 1.000000]",25,50,0.2,max_proc,lowest_lower_bound,NO_PROFILING,all_to_shortest,greedy,5790,8,8,0.043590545654296875,0.16338514680483593,True,4844.0,6,-1,4844.0
Uniform1-5000_Seed42_J50_M25,"[0.027044, 1.000000]",25,50,0.1,max_proc,lowest_lower_bound,PRUNE,all_to_shortest,greedy,5731,18,18,0.07161831855773926,0.1547722910486826,True,4844.0,16,-1,4844.0
Uniform1-5000_Seed43_J50_M25,"[0.006631, 1.000000]",25,50,0.2,max_proc,lowest_lower_bound,NO_PROFILING,all_to_shortest,greedy,5984,1947,2001,9.748041868209839,0.16828208556149732,False,4977.0,29,-1,4977.0
Uniform1-5000_Seed43_J50_M25,"[0.006631, 1.000000]",25,50,0.1,max_proc,lowest_lower_bound,PRUNE,all_to_shortest,greedy,5884,38,38,0.14013671875,0.15414683888511216,True,5188.0,30,-1,4977.0
Uniform1-5000_Seed44_J50_M25,"[0.024943, 1.000000]",25,50,0.2,max_proc,lowest_lower_bound,NO_PROFILING,all_to_shortest,greedy,5812,24,24,0.10489702224731445,0.16534755677907778,True,4851.0,22,-1,4851.0
Uniform1-5000_Seed44_J50_M25,"[0.024943, 1.000000]",25,50,0.1,max_proc,lowest_lower_bound,PRUNE,all_to_shortest,greedy,5792,25,25,0.08921027183532715,0.16246546961325967,True,4851.0,23,-1,4851.0
Uniform1-5000_Seed45_J50_M25,"[0.030446, 0.908915]",25,50,0.2,max_proc,lowest_lower_bound,NO_PROFILING,all_to_shortest,greedy,6481,43,2001,11.416124105453491,0.16885665792315996,False,5386.64,25,-1,5386.64
Uniform1-5000_Seed45_J50_M25,"[0.030446, 0.908915]",25,50,0.1,max_proc,lowest_lower_bound,PRUNE,all_to_shortest,greedy,6658,27,27,0.10003995895385742,0.190952237909282,True,5656.0,25,-1,5386.64
Uniform1-5000_Seed46_J50_M25,"[0.003455, 1.000000]",25,50,0.2,max_proc,lowest_lower_bound,NO_PROFILING,all_to_shortest,greedy,5724,18,18,0.07320237159729004,0.14046121593291405,True,4920.0,16,-1,4920.0
Uniform1-5000_Seed46_J50_M25,"[0.003455, 1.000000]",25,50,0.1,max_proc,lowest_lower_bound,PRUNE,all_to_shortest,greedy,5917,18,18,0.067413330078125,0.16849754943383471,True,4920.0,16,-1,4920.0
Uniform1-5000_Seed47_J50_M25,"[0.029914, 0.908500]",25,50,0.2,max_proc,lowest_lower_bound,NO_PROFILING,all_to_shortest,greedy,6415,24,24,0.10784769058227539,0.15580358534684327,True,5415.52,22,-1,5415.52
Uniform1-5000_Seed47_J50_M25,"[0.029914, 0.908500]",25,50,0.1,max_proc,lowest_lower_bound,PRUNE,all_to_shortest,greedy,6683,26,27,0.11431002616882324,0.1896573395181804,True,5830.0,25,-1,5415.52
Uniform1-5000_Seed48_J50_M25,"[0.009305, 0.897773]",25,50,0.2,max_proc,lowest_lower_bound,NO_PROFILING,all_to_shortest,greedy,6198,517,2001,11.858470678329468,0.1677444336882866,False,5158.32,25,-1,5158.32
Uniform1-5000_Seed48_J50_M25,"[0.009305, 0.897773]",25,50,0.1,max_proc,lowest_lower_bound,PRUNE,all_to_shortest,greedy,6478,27,27,0.09125542640686035,0.2037171966656376,True,5393.0,25,-1,5158.32
Uniform1-5000_Seed49_J50_M25,"[0.036019, 0.800260]",25,50,0.2,max_proc,lowest_lower_bound,NO_PROFILING,all_to_shortest,greedy,7627,357,2001,12.664201736450195,0.18097285957781561,False,6246.72,25,-1,6246.72
Uniform1-5000_Seed49_J50_M25,"[0.036019, 0.800260]",25,50,0.1,max_proc,lowest_lower_bound,PRUNE,all_to_shortest,greedy,7750,25,27,0.1088552474975586,0.1939716129032258,True,6878.0,25,-1,6246.72
Uniform1-5000_Seed50_J50_M25,"[0.010306, 0.977509]",25,50,0.2,max_proc,lowest_lower_bound,NO_PROFILING,all_to_shortest,greedy,6033,93,93,0.3812074661254883,0.16368639151334335,True,5045.48,28,-1,5045.48
Uniform1-5000_Seed50_J50_M25,"[0.010306, 0.977509]",25,50,0.1,max_proc,lowest_lower_bound,PRUNE,all_to_shortest,greedy,6026,24,24,0.08980631828308105,0.16271490209093933,True,5045.48,22,-1,5045.48
Uniform1-5000_Seed51_J50_M25,"[0.010688, 1.000000]",25,50,0.2,max_proc,lowest_lower_bound,NO_PROFILING,all_to_shortest,greedy,5481,28,28,0.11293554306030273,0.09523809523809523,True,4959.0,26,-1,4959.0
Uniform1-5000_Seed51_J50_M25,"[0.010688, 1.000000]",25,50,0.1,max_proc,lowest_lower_bound,PRUNE,all_to_shortest,greedy,5904,8,8,0.033359527587890625,0.1600609756097561,True,4959.0,6,-1,4959.0
Uniform1-5000_Seed52_J50_M25,"[0.003390, 0.980850]",25,50,0.2,max_proc,lowest_lower_bound,NO_PROFILING,all_to_shortest,greedy,6206,590,2001,16.534400463104248,0.19190460844344184,False,5015.04,25,-1,5015.04
Uniform1-5000_Seed52_J50_M25,"[0.003390, 0.980850]",25,50,0.1,max_proc,lowest_lower_bound,PRUNE,all_to_shortest,greedy,6323,21,27,0.11995720863342285,0.20685750434920133,True,5397.0,25,-1,5015.04
Uniform1-5000_Seed53_J50_M25,"[0.007216, 0.986803]",25,50,0.2,max_proc,lowest_lower_bound,NO_PROFILING,all_to_shortest,greedy,6093,559,2001,12.056134939193726,0.18121779090759885,False,4988.84,25,-1,4988.84
Uniform1-5000_Seed53_J50_M25,"[0.007216, 0.986803]",25,50,0.1,max_proc,lowest_lower_bound,PRUNE,all_to_shortest,greedy,6249,26,27,0.08994269371032715,0.20165786525844132,True,5768.0,25,-1,4988.84
Uniform1-5000_Seed54_J50_M25,"[0.001790, 0.955458]",25,50,0.2,max_proc,lowest_lower_bound,NO_PROFILING,all_to_shortest,greedy,5860,25,25,0.12712430953979492,0.1418088737201365,True,5029.0,23,-1,5029.0
Uniform1-5000_Seed54_J50_M25,"[0.001790, 0.955458]",25,50,0.1,max_proc,lowest_lower_bound,PRUNE,all_to_shortest,greedy,5878,26,26,0.12999320030212402,0.1444368832936373,True,5029.0,24,-1,5029.0
Uniform1-5000_Seed55_J50_M25,"[0.044144, 0.849549]",25,50,0.2,max_proc,lowest_lower_bound,NO_PROFILING,all_to_shortest,greedy,6908,200,2001,10.840421199798584,0.1834626519976838,False,5640.64,25,-1,5640.64
Uniform1-5000_Seed55_J50_M25,"[0.044144, 0.849549]",25,50,0.1,max_proc,lowest_lower_bound,PRUNE,all_to_shortest,greedy,7109,23,27,0.0952455997467041,0.2065494443662962,True,6776.0,25,-1,5640.64
Uniform1-5000_Seed56_J50_M25,"[0.017685, 1.000000]",25,50,0.2,max_proc,lowest_lower_bound,NO_PROFILING,all_to_shortest,greedy,5883,25,25,0.07854413986206055,0.1541730409654938,True,4976.0,23,-1,4976.0
Uniform1-5000_Seed56_J50_M25,"[0.017685, 1.000000]",25,50,0.1,max_proc,lowest_lower_bound,PRUNE,all_to_shortest,greedy,5752,22,22,0.07673907279968262,0.1349095966620306,True,4976.0,20,-1,4976.0
Uniform1-5000_Seed57_J50_M25,"[0.021027, 1.000000]",25,50,0.2,max_proc,lowest_lower_bound,NO_PROFILING,all_to_shortest,greedy,5374,27,27,0.12801623344421387,0.1592854484555266,True,4518.0,25,-1,4518.0
Uniform1-5000_Seed57_J50_M25,"[0.021027, 1.000000]",25,50,0.1,max_proc,lowest_lower_bound,PRUNE,all_to_shortest,greedy,5590,25,27,0.1223914623260498,0.19177101967799642,True,4909.0,25,-1,4518.0
Uniform1-5000_Seed58_J50_M25,"[0.005490, 0.922743]",25,50,0.2,max_proc,lowest_lower_bound,NO_PROFILING,all_to_shortest,greedy,6396,523,2001,12.679985046386719,0.1741588492808005,False,5282.08,25,-1,5282.08
Uniform1-5000_Seed58_J50_M25,"[0.005490, 0.922743]",25,50,0.1,max_proc,lowest_lower_bound,PRUNE,all_to_shortest,greedy,6485,26,27,0.10332822799682617,0.18549267540478026,True,5645.0,25,-1,5282.08
Uniform1-5000_Seed59_J50_M25,"[0.000957, 0.945470]",25,50,0.2,max_proc,lowest_lower_bound,NO_PROFILING,all_to_shortest,greedy,6266,27,27,0.09097838401794434,0.166485796361315,True,5222.8,25,-1,5222.8
Uniform1-5000_Seed59_J50_M25,"[0.000957, 0.945470]",25,50,0.1,max_proc,lowest_lower_bound,PRUNE,all_to_shortest,greedy,6263,30,30,0.09569096565246582,0.16608653999680661,True,5222.8,26,-1,5222.8
Uniform1-5000_Seed60_J50_M25,"[0.007997, 0.877854]",25,50,0.2,max_proc,lowest_lower_bound,NO_PROFILING,all_to_shortest,greedy,7055,437,2001,15.655846357345581,0.20235861091424526,False,5627.36,25,-1,5627.36
Uniform1-5000_Seed60_J50_M25,"[0.007997, 0.877854]",25,50,0.1,max_proc,lowest_lower_bound,PRUNE,all_to_shortest,greedy,7107,25,27,0.13410377502441406,0.20819473758266502,True,5990.0,25,-1,5627.36
Uniform1-5000_Seed61_J50_M25,"[0.007835, 0.939870]",25,50,0.2,max_proc,lowest_lower_bound,NO_PROFILING,all_to_shortest,greedy,6503,1388,2001,13.616442918777466,0.19534983853606022,False,5232.64,25,-1,5232.64
Uniform1-5000_Seed61_J50_M25,"[0.007835, 0.939870]",25,50,0.1,max_proc,lowest_lower_bound,PRUNE,all_to_shortest,greedy,6534,25,27,0.1008753776550293,0.19916743189470457,True,5690.0,25,-1,5232.64
Uniform1-5000_Seed62_J50_M25,"[0.001729, 0.922468]",25,50,0.2,max_proc,lowest_lower_bound,NO_PROFILING,all_to_shortest,greedy,6497,1343,2001,14.307900667190552,0.19876866245959668,False,5205.6,25,-1,5205.6
Uniform1-5000_Seed62_J50_M25,"[0.001729, 0.922468]",25,50,0.1,max_proc,lowest_lower_bound,PRUNE,all_to_shortest,greedy,6651,23,27,0.09587478637695312,0.21732070365358588,True,5732.0,25,-1,5205.6
Uniform1-5000_Seed63_J50_M25,"[0.027185, 0.947401]",25,50,0.2,max_proc,lowest_lower_bound,NO_PROFILING,all_to_shortest,greedy,6149,24,24,0.08738279342651367,0.16248495690356154,True,5149.88,22,-1,5149.88
Uniform1-5000_Seed63_J50_M25,"[0.027185, 0.947401]",25,50,0.1,max_proc,lowest_lower_bound,PRUNE,all_to_shortest,greedy,6109,22,22,0.09892773628234863,0.15700114585038466,True,5149.88,20,-1,5149.88
Uniform1-5000_Seed64_J50_M25,"[0.011509, 1.000000]",25,50,0.2,max_proc,lowest_lower_bound,NO_PROFILING,all_to_shortest,greedy,5674,7,7,0.036000967025756836,0.15773704617553755,True,4779.0,5,-1,4779.0
Uniform1-5000_Seed64_J50_M25,"[0.011509, 1.000000]",25,50,0.1,max_proc,lowest_lower_bound,PRUNE,all_to_shortest,greedy,5674,7,7,0.036571502685546875,0.15773704617553755,True,4779.0,5,-1,4779.0
Uniform1-5000_Seed65_J50_M25,"[0.013023, 1.000000]",25,50,0.2,max_proc,lowest_lower_bound,NO_PROFILING,all_to_shortest,greedy,5814,22,22,0.0787360668182373,0.1415548675610595,True,4991.0,20,-1,4991.0
Uniform1-5000_Seed65_J50_M25,"[0.013023, 1.000000]",25,50,0.1,max_proc,lowest_lower_bound,PRUNE,all_to_shortest,greedy,5942,24,24,0.0828547477722168,0.1600471221810838,True,4991.0,22,-1,4991.0
Uniform1-5000_Seed66_J50_M25,"[0.009871, 0.917053]",25,50,0.2,max_proc,lowest_lower_bound,NO_PROFILING,all_to_shortest,greedy,6302,603,603,2.450529098510742,0.16408124404950808,True,5267.96,25,-1,5267.96
Uniform1-5000_Seed66_J50_M25,"[0.009871, 0.917053]",25,50,0.1,max_proc,lowest_lower_bound,PRUNE,all_to_shortest,greedy,6379,26,27,0.12323880195617676,0.17417150023514658,True,5610.0,25,-1,5267.96
Uniform1-5000_Seed67_J50_M25,"[0.004677, 1.000000]",25,50,0.2,max_proc,lowest_lower_bound,NO_PROFILING,all_to_shortest,greedy,5859,12,12,0.044577836990356445,0.16060761222051545,True,4918.0,10,-1,4918.0
Uniform1-5000_Seed67_J50_M25,"[0.004677, 1.000000]",25,50,0.1,max_proc,lowest_lower_bound,PRUNE,all_to_shortest,greedy,5837,21,21,0.0819697380065918,0.15744389241048484,True,4918.0,19,-1,4918.0
Uniform1-5000_Seed68_J50_M25,"[0.028118, 1.000000]",25,50,0.2,max_proc,lowest_lower_bound,NO_PROFILING,all_to_shortest,greedy,5661,20,20,0.06159186363220215,0.12047341459106164,True,4979.0,18,-1,4979.0
Uniform1-5000_Seed68_J50_M25,"[0.028118, 1.000000]",25,50,0.1,max_proc,lowest_lower_bound,PRUNE,all_to_shortest,greedy,5984,19,19,0.08496832847595215,0.16794786096256684,True,4979.0,17,-1,4979.0
Uniform1-5000_Seed69_J50_M25,"[0.024578, 0.946237]",25,50,0.2,max_proc,lowest_lower_bound,NO_PROFILING,all_to_shortest,greedy,6161,27,27,0.08456707000732422,0.1546826813828924,True,5208.0,25,-1,5208.0
Uniform1-5000_Seed69_J50_M25,"[0.024578, 0.946237]",25,50,0.1,max_proc,lowest_lower_bound,PRUNE,all_to_shortest,greedy,6184,28,28,0.12734770774841309,0.15782664941785252,True,5208.0,26,-1,5208.0
Uniform1-5000_Seed70_J50_M25,"[0.005888, 0.841022]",25,50,0.2,max_proc,lowest_lower_bound,NO_PROFILING,all_to_shortest,greedy,6889,52,52,0.23398661613464355,0.13718101320946435,True,5943.96,25,-1,5943.96
Uniform1-5000_Seed70_J50_M25,"[0.005888, 0.841022]",25,50,0.1,max_proc,lowest_lower_bound,PRUNE,all_to_shortest,greedy,7294,26,27,0.11529231071472168,0.18508911434055386,True,6520.0,25,-1,5943.96
Uniform1-5000_Seed71_J50_M25,"[0.024954, 0.948623]",25,50,0.2,max_proc,lowest_lower_bound,NO_PROFILING,all_to_shortest,greedy,6371,1709,2001,11.51186728477478,0.18857322241406366,False,5169.6,25,-1,5169.6
Uniform1-5000_Seed71_J50_M25,"[0.024954, 0.948623]",25,50,0.1,max_proc,lowest_lower_bound,PRUNE,all_to_shortest,greedy,6589,25,27,0.10550498962402344,0.21541963879192588,True,5567.0,25,-1,5169.6
Uniform1-5000_Seed72_J50_M25,"[0.044358, 0.911900]",25,50,0.2,max_proc,lowest_lower_bound,NO_PROFILING,all_to_shortest,greedy,6684,549,2001,15.536689758300781,0.18377618192698977,False,5455.64,25,-1,5455.64
Uniform1-5000_Seed72_J50_M25,"[0.044358, 0.911900]",25,50,0.1,max_proc,lowest_lower_bound,PRUNE,all_to_shortest,greedy,7155,17,27,0.1313176155090332,0.23750663871418584,True,6267.0,25,-1,5455.64
Uniform1-5000_Seed73_J50_M25,"[0.032696, 1.000000]",25,50,0.2,max_proc,lowest_lower_bound,NO_PROFILING,all_to_shortest,greedy,5478,651,2001,11.00710391998291,0.17926250456370937,False,4496.0,25,-1,4496.0
Uniform1-5000_Seed73_J50_M25,"[0.032696, 1.000000]",25,50,0.1,max_proc,lowest_lower_bound,PRUNE,all_to_shortest,greedy,5517,27,27,0.09139084815979004,0.1850643465651622,True,4856.0,25,-1,4496.0
Uniform1-5000_Seed74_J50_M25,"[0.019702, 0.910501]",25,50,0.2,max_proc,lowest_lower_bound,NO_PROFILING,all_to_shortest,greedy,6320,26,26,0.10344815254211426,0.13265822784810122,True,5481.6,24,-1,5481.6
Uniform1-5000_Seed74_J50_M25,"[0.019702, 0.910501]",25,50,0.1,max_proc,lowest_lower_bound,PRUNE,all_to_shortest,greedy,6437,23,23,0.08492231369018555,0.14842317849930087,True,5481.6,21,-1,5481.6
Uniform1-5000_Seed75_J50_M25,"[0.026328, 0.970552]",25,50,0.2,max_proc,lowest_lower_bound,NO_PROFILING,all_to_shortest,greedy,6052,237,2001,13.565956115722656,0.1715730337078651,False,5013.64,30,-1,5013.64
Uniform1-5000_Seed75_J50_M25,"[0.026328, 0.970552]",25,50,0.1,max_proc,lowest_lower_bound,PRUNE,all_to_shortest,greedy,6260,32,41,0.15866494178771973,0.19909904153354627,True,5196.0,29,-1,5013.64
Uniform1-5000_Seed76_J50_M25,"[0.005616, 0.948987]",25,50,0.2,max_proc,lowest_lower_bound,NO_PROFILING,all_to_shortest,greedy,6234,933,2001,15.9846351146698,0.17173564324671164,False,5163.4,25,-1,5163.4
Uniform1-5000_Seed76_J50_M25,"[0.005616, 0.948987]",25,50,0.1,max_proc,lowest_lower_bound,PRUNE,all_to_shortest,greedy,6366,22,27,0.1151123046875,0.1889098334904179,True,5273.0,25,-1,5163.4
Uniform1-5000_Seed77_J50_M25,"[0.033782, 1.000000]",25,50,0.2,max_proc,lowest_lower_bound,NO_PROFILING,all_to_shortest,greedy,5753,11,11,0.04306674003601074,0.13558143577264037,True,4973.0,9,-1,4973.0
Uniform1-5000_Seed77_J50_M25,"[0.033782, 1.000000]",25,50,0.1,max_proc,lowest_lower_bound,PRUNE,all_to_shortest,greedy,5916,12,12,0.0637814998626709,0.15939824205544287,True,4973.0,10,-1,4973.0
Uniform1-5000_Seed78_J50_M25,"[0.020444, 0.954446]",25,50,0.2,max_proc,lowest_lower_bound,NO_PROFILING,all_to_shortest,greedy,5998,255,2001,13.483246564865112,0.16817605868622879,False,4989.28,28,-1,4989.28
Uniform1-5000_Seed78_J50_M25,"[0.020444, 0.954446]",25,50,0.1,max_proc,lowest_lower_bound,PRUNE,all_to_shortest,greedy,6181,33,46,0.15250396728515625,0.19280375343795506,True,5184.0,28,-1,4989.28
Uniform1-5000_Seed79_J50_M25,"[0.031537, 0.997040]",25,50,0.2,max_proc,lowest_lower_bound,NO_PROFILING,all_to_shortest,greedy,6095,1763,2001,13.344184875488281,0.18841017227235435,False,4946.64,25,-1,4946.64
Uniform1-5000_Seed79_J50_M25,"[0.031537, 0.997040]",25,50,0.1,max_proc,lowest_lower_bound,PRUNE,all_to_shortest,greedy,6133,25,27,0.11283302307128906,0.19343877384640465,True,5268.0,25,-1,4946.64
Uniform1-5000_Seed80_J50_M25,"[0.004303, 1.000000]",25,50,0.2,max_proc,lowest_lower_bound,NO_PROFILING,all_to_shortest,greedy,5747,9,9,0.04177117347717285,0.1508613189490169,True,4880.0,7,-1,4880.0
Uniform1-5000_Seed80_J50_M25,"[0.004303, 1.000000]",25,50,0.1,max_proc,lowest_lower_bound,PRUNE,all_to_shortest,greedy,5885,7,7,0.025598764419555664,0.1707731520815633,True,4880.0,5,-1,4880.0
Uniform1-5000_Seed81_J50_M25,"[0.017784, 0.987221]",25,50,0.2,max_proc,lowest_lower_bound,NO_PROFILING,all_to_shortest,greedy,5721,1543,2001,12.296537160873413,0.1743821010312883,False,4723.36,26,-1,4723.36
Uniform1-5000_Seed81_J50_M25,"[0.017784, 0.987221]",25,50,0.1,max_proc,lowest_lower_bound,PRUNE,all_to_shortest,greedy,5815,30,30,0.10970807075500488,0.18772828890799662,True,4839.0,28,-1,4723.36
Uniform1-5000_Seed82_J50_M25,"[0.020997, 0.936005]",25,50,0.2,max_proc,lowest_lower_bound,NO_PROFILING,all_to_shortest,greedy,5719,25,25,0.0841071605682373,0.15057177828291657,True,4857.88,23,-1,4857.88
Uniform1-5000_Seed82_J50_M25,"[0.020997, 0.936005]",25,50,0.1,max_proc,lowest_lower_bound,PRUNE,all_to_shortest,greedy,6045,26,27,0.11287546157836914,0.19638047973531841,True,5495.0,25,-1,4857.88
Uniform1-5000_Seed83_J50_M25,"[0.028709, 0.989560]",25,50,0.2,max_proc,lowest_lower_bound,NO_PROFILING,all_to_shortest,greedy,5966,26,26,0.08248281478881836,0.1651022460610124,True,4981.0,24,-1,4981.0
Uniform1-5000_Seed83_J50_M25,"[0.028709, 0.989560]",25,50,0.1,max_proc,lowest_lower_bound,PRUNE,all_to_shortest,greedy,6073,28,28,0.09818792343139648,0.1798122838794665,True,5128.0,26,-1,4981.0
Uniform1-5000_Seed84_J50_M25,"[0.027571, 0.968683]",25,50,0.2,max_proc,lowest_lower_bound,NO_PROFILING,all_to_shortest,greedy,6326,1294,2001,10.20445990562439,0.1915649699652229,False,5114.16,25,-1,5114.16
Uniform1-5000_Seed84_J50_M25,"[0.027571, 0.968683]",25,50,0.1,max_proc,lowest_lower_bound,PRUNE,all_to_shortest,greedy,6444,27,27,0.0972435474395752,0.2063687150837989,True,6335.0,25,-1,5114.16
Uniform1-5000_Seed85_J50_M25,"[0.023929, 1.000000]",25,50,0.2,max_proc,lowest_lower_bound,NO_PROFILING,all_to_shortest,greedy,5478,17,17,0.067047119140625,0.1303395399780942,True,4764.0,15,-1,4764.0
Uniform1-5000_Seed85_J50_M25,"[0.023929, 1.000000]",25,50,0.1,max_proc,lowest_lower_bound,PRUNE,all_to_shortest,greedy,5595,21,21,0.08536505699157715,0.1485254691689008,True,4764.0,19,-1,4764.0
Uniform1-5000_Seed86_J50_M25,"[0.034651, 1.000000]",25,50,0.2,max_proc,lowest_lower_bound,NO_PROFILING,all_to_shortest,greedy,5862,14,14,0.07285833358764648,0.16308427157966565,True,4906.0,12,-1,4906.0
Uniform1-5000_Seed86_J50_M25,"[0.034651, 1.000000]",25,50,0.1,max_proc,lowest_lower_bound,PRUNE,all_to_shortest,greedy,5901,24,24,0.09313416481018066,0.1686154889001864,True,4906.0,22,-1,4906.0
Uniform1-5000_Seed87_J50_M25,"[0.013279, 1.000000]",25,50,0.2,max_proc,lowest_lower_bound,NO_PROFILING,all_to_shortest,greedy,5360,24,24,0.08179664611816406,0.12891791044776119,True,4669.0,22,-1,4669.0
Uniform1-5000_Seed87_J50_M25,"[0.013279, 1.000000]",25,50,0.1,max_proc,lowest_lower_bound,PRUNE,all_to_shortest,greedy,5597,18,18,0.07883334159851074,0.16580310880829016,True,4669.0,16,-1,4669.0
Uniform1-5000_Seed88_J50_M25,"[0.001505, 0.929431]",25,50,0.2,max_proc,lowest_lower_bound,NO_PROFILING,all_to_shortest,greedy,6544,1014,2001,12.433194637298584,0.18779339853300733,False,5315.08,25,-1,5315.08
Uniform1-5000_Seed88_J50_M25,"[0.001505, 0.929431]",25,50,0.1,max_proc,lowest_lower_bound,PRUNE,all_to_shortest,greedy,6953,20,27,0.1092827320098877,0.23557025744283044,True,6153.0,25,-1,5315.08
Uniform1-5000_Seed89_J50_M25,"[0.006539, 1.000000]",25,50,0.2,max_proc,lowest_lower_bound,NO_PROFILING,all_to_shortest,greedy,5750,4,4,0.016532182693481445,0.1488695652173913,True,4894.0,2,-1,4894.0
Uniform1-5000_Seed89_J50_M25,"[0.006539, 1.000000]",25,50,0.1,max_proc,lowest_lower_bound,PRUNE,all_to_shortest,greedy,5750,4,4,0.01760101318359375,0.1488695652173913,True,4894.0,2,-1,4894.0
Uniform1-5000_Seed90_J50_M25,"[0.021565, 0.981391]",25,50,0.2,max_proc,lowest_lower_bound,NO_PROFILING,all_to_shortest,greedy,5872,86,86,0.2868812084197998,0.14710490463215262,True,5008.2,25,-1,5008.2
Uniform1-5000_Seed90_J50_M25,"[0.021565, 0.981391]",25,50,0.1,max_proc,lowest_lower_bound,PRUNE,all_to_shortest,greedy,6202,24,27,0.1012880802154541,0.1924862947436311,True,5229.0,25,-1,5008.2
Uniform1-5000_Seed91_J50_M25,"[0.016519, 0.978973]",25,50,0.2,max_proc,lowest_lower_bound,NO_PROFILING,all_to_shortest,greedy,5972,29,29,0.09642338752746582,0.14853985264567982,True,5084.92,27,-1,5084.92
Uniform1-5000_Seed91_J50_M25,"[0.016519, 0.978973]",25,50,0.1,max_proc,lowest_lower_bound,PRUNE,all_to_shortest,greedy,5878,26,26,0.08566641807556152,0.13492344334807757,True,5084.92,24,-1,5084.92
Uniform1-5000_Seed92_J50_M25,"[0.008489, 0.902947]",25,50,0.2,max_proc,lowest_lower_bound,NO_PROFILING,all_to_shortest,greedy,6551,458,2001,13.243257999420166,0.17281025797588154,False,5418.92,25,-1,5418.92
Uniform1-5000_Seed92_J50_M25,"[0.008489, 0.902947]",25,50,0.1,max_proc,lowest_lower_bound,PRUNE,all_to_shortest,greedy,6812,27,27,0.1323070526123047,0.20450381679389312,True,5697.0,25,-1,5418.92
Uniform1-5000_Seed93_J50_M25,"[0.043561, 0.891795]",25,50,0.2,max_proc,lowest_lower_bound,NO_PROFILING,all_to_shortest,greedy,6277,26,26,0.1256084442138672,0.1478795602995061,True,5348.76,24,-1,5348.76
Uniform1-5000_Seed93_J50_M25,"[0.043561, 0.891795]",25,50,0.1,max_proc,lowest_lower_bound,PRUNE,all_to_shortest,greedy,6402,25,25,0.10581445693969727,0.1645173383317713,True,5348.76,23,-1,5348.76
Uniform1-5000_Seed94_J50_M25,"[0.019186, 0.970838]",25,50,0.2,max_proc,lowest_lower_bound,NO_PROFILING,all_to_shortest,greedy,6109,1371,1371,7.873297214508057,0.163863152725487,True,5107.96,32,-1,5107.96
Uniform1-5000_Seed94_J50_M25,"[0.019186, 0.970838]",25,50,0.1,max_proc,lowest_lower_bound,PRUNE,all_to_shortest,greedy,6203,50,96,0.3623018264770508,0.1765339351926487,True,5154.0,32,-1,5107.96
Uniform1-5000_Seed95_J50_M25,"[0.028009, 0.944656]",25,50,0.2,max_proc,lowest_lower_bound,NO_PROFILING,all_to_shortest,greedy,6204,278,2001,11.646138668060303,0.17705351386202445,False,5105.56,25,-1,5105.56
Uniform1-5000_Seed95_J50_M25,"[0.028009, 0.944656]",25,50,0.1,max_proc,lowest_lower_bound,PRUNE,all_to_shortest,greedy,6379,27,27,0.08883309364318848,0.19963003605580806,True,5400.0,25,-1,5105.56
Uniform1-5000_Seed96_J50_M25,"[0.022992, 0.919291]",25,50,0.2,max_proc,lowest_lower_bound,NO_PROFILING,all_to_shortest,greedy,6358,84,2001,14.3870849609375,0.17910663730732937,False,5219.24,25,-1,5219.24
Uniform1-5000_Seed96_J50_M25,"[0.022992, 0.919291]",25,50,0.1,max_proc,lowest_lower_bound,PRUNE,all_to_shortest,greedy,6647,27,27,0.09597921371459961,0.21479765307657595,True,5505.0,25,-1,5219.24
Uniform1-5000_Seed97_J50_M25,"[0.001616, 1.000000]",25,50,0.2,max_proc,lowest_lower_bound,NO_PROFILING,all_to_shortest,greedy,5784,12,12,0.06525230407714844,0.1443637621023513,True,4949.0,10,-1,4949.0
Uniform1-5000_Seed97_J50_M25,"[0.001616, 1.000000]",25,50,0.1,max_proc,lowest_lower_bound,PRUNE,all_to_shortest,greedy,5865,13,13,0.051175832748413086,0.15618073316283035,True,4949.0,11,-1,4949.0
Uniform1-5000_Seed98_J50_M25,"[0.000623, 1.000000]",25,50,0.2,max_proc,lowest_lower_bound,NO_PROFILING,all_to_shortest,greedy,5879,1685,2001,10.3110511302948,0.18081306344616432,False,4816.0,25,-1,4816.0
Uniform1-5000_Seed98_J50_M25,"[0.000623, 1.000000]",25,50,0.1,max_proc,lowest_lower_bound,PRUNE,all_to_shortest,greedy,6176,24,27,0.09157967567443848,0.22020725388601037,True,5169.0,25,-1,4816.0
Uniform1-5000_Seed99_J50_M25,"[0.002447, 1.000000]",25,50,0.2,max_proc,lowest_lower_bound,NO_PROFILING,all_to_shortest,greedy,5861,26,26,0.09513044357299805,0.16328271626002389,True,4904.0,24,-1,4904.0
Uniform1-5000_Seed99_J50_M25,"[0.002447, 1.000000]",25,50,0.1,max_proc,lowest_lower_bound,PRUNE,all_to_shortest,greedy,5863,26,26,0.12903261184692383,0.16356813917789528,True,4904.0,24,-1,4904.0
Uniform1-5000_Seed100_J50_M25,"[0.000542, 0.902846]",25,50,0.2,max_proc,lowest_lower_bound,NO_PROFILING,all_to_shortest,greedy,6621,180,180,0.7435534000396729,0.16456728590847308,True,5531.4,25,-1,5531.4
Uniform1-5000_Seed100_J50_M25,"[0.000542, 0.902846]",25,50,0.1,max_proc,lowest_lower_bound,PRUNE,all_to_shortest,greedy,6802,27,27,0.09575152397155762,0.1867980005880624,True,5877.0,25,-1,5531.4
Uniform1-5000_Seed1_J100_M50,"[0.003213, 1.000000]",50,100,0.2,max_proc,lowest_lower_bound,NO_PROFILING,all_to_shortest,greedy,5840,47,47,0.9521796703338623,0.18183904109589033,True,4980.0,45,-1,4778.06
Uniform1-5000_Seed1_J100_M50,"[0.003213, 1.000000]",50,100,0.1,max_proc,lowest_lower_bound,PRUNE,all_to_shortest,greedy,5808,48,48,0.9002041816711426,0.1773312672176308,True,4980.0,46,-1,4778.06
Uniform1-5000_Seed2_J100_M50,"[0.003757, 0.937091]",50,100,0.2,max_proc,lowest_lower_bound,NO_PROFILING,all_to_shortest,greedy,6781,212,2001,60.096232891082764,0.21487686181979057,False,5323.92,50,-1,5323.92
Uniform1-5000_Seed2_J100_M50,"[0.003757, 0.937091]",50,100,0.1,max_proc,lowest_lower_bound,PRUNE,all_to_shortest,greedy,6886,52,52,1.145190954208374,0.22684867847807144,True,5725.0,50,-1,5323.92
Uniform1-5000_Seed3_J100_M50,"[0.035621, 0.970141]",50,100,0.2,max_proc,lowest_lower_bound,NO_PROFILING,all_to_shortest,greedy,6118,64,64,1.298781394958496,0.16028113762667545,True,5137.4,62,-1,5137.4
Uniform1-5000_Seed3_J100_M50,"[0.035621, 0.970141]",50,100,0.1,max_proc,lowest_lower_bound,PRUNE,all_to_shortest,greedy,6290,45,122,2.6710095405578613,0.18324324324324331,True,5236.0,57,-1,5137.4
Uniform1-5000_Seed4_J100_M50,"[0.002064, 1.000000]",50,100,0.2,max_proc,lowest_lower_bound,NO_PROFILING,all_to_shortest,greedy,5778,57,57,1.1450872421264648,0.16433367947386646,True,4846.0,55,-1,4828.48
Uniform1-5000_Seed4_J100_M50,"[0.002064, 1.000000]",50,100,0.1,max_proc,lowest_lower_bound,PRUNE,all_to_shortest,greedy,5830,67,67,1.3666443824768066,0.17178730703259013,True,4846.0,57,-1,4828.48
Uniform1-5000_Seed5_J100_M50,"[0.008083, 0.961635]",50,100,0.2,max_proc,lowest_lower_bound,NO_PROFILING,all_to_shortest,greedy,6742,32,2001,57.82906770706177,0.22925541382379122,False,5196.36,50,-1,5196.36
Uniform1-5000_Seed5_J100_M50,"[0.008083, 0.961635]",50,100,0.1,max_proc,lowest_lower_bound,PRUNE,all_to_shortest,greedy,6562,55,55,1.1269617080688477,0.20811338006705277,True,5567.0,52,-1,5196.36
Uniform1-5000_Seed6_J100_M50,"[0.015600, 1.000000]",50,100,0.2,max_proc,lowest_lower_bound,NO_PROFILING,all_to_shortest,greedy,5949,50,50,1.0042140483856201,0.1671978483778786,True,5000.0,48,-1,4954.34
Uniform1-5000_Seed6_J100_M50,"[0.015600, 1.000000]",50,100,0.1,max_proc,lowest_lower_bound,PRUNE,all_to_shortest,greedy,5993,59,59,1.2577741146087646,0.17331219756382443,True,5000.0,52,-1,4954.34
Uniform1-5000_Seed7_J100_M50,"[0.006587, 0.953979]",50,100,0.2,max_proc,lowest_lower_bound,NO_PROFILING,all_to_shortest,greedy,6611,51,2001,56.73016548156738,0.21924973528966873,False,5161.54,50,-1,5161.54
Uniform1-5000_Seed7_J100_M50,"[0.006587, 0.953979]",50,100,0.1,max_proc,lowest_lower_bound,PRUNE,all_to_shortest,greedy,6611,52,52,1.0686085224151611,0.21924973528966873,True,5553.0,50,-1,5161.54
Uniform1-5000_Seed8_J100_M50,"[0.005232, 0.892719]",50,100,0.2,max_proc,lowest_lower_bound,NO_PROFILING,all_to_shortest,greedy,7115,499,2001,56.3718900680542,0.2209950808151792,False,5542.62,50,-1,5542.62
Uniform1-5000_Seed8_J100_M50,"[0.005232, 0.892719]",50,100,0.1,max_proc,lowest_lower_bound,PRUNE,all_to_shortest,greedy,7015,54,54,1.0992131233215332,0.20989023521026373,True,5836.0,52,-1,5542.62
Uniform1-5000_Seed9_J100_M50,"[0.027296, 0.932961]",50,100,0.2,max_proc,lowest_lower_bound,NO_PROFILING,all_to_shortest,greedy,6561,1080,2001,56.92435574531555,0.19034903215973176,False,5312.12,50,-1,5312.12
Uniform1-5000_Seed9_J100_M50,"[0.027296, 0.932961]",50,100,0.1,max_proc,lowest_lower_bound,PRUNE,all_to_shortest,greedy,6726,52,52,1.023921251296997,0.21021112102289624,True,5723.0,50,-1,5312.12
Uniform1-5000_Seed10_J100_M50,"[0.009218, 1.000000]",50,100,0.2,max_proc,lowest_lower_bound,NO_PROFILING,all_to_shortest,greedy,5843,59,59,1.0367457866668701,0.18631182611672084,True,4882.0,57,-1,4754.38
Uniform1-5000_Seed10_J100_M50,"[0.009218, 1.000000]",50,100,0.1,max_proc,lowest_lower_bound,PRUNE,all_to_shortest,greedy,5855,52,52,1.0040509700775146,0.1879795046968403,True,4890.0,50,-1,4754.38
Uniform1-5000_Seed11_J100_M50,"[0.004002, 1.000000]",50,100,0.2,max_proc,lowest_lower_bound,NO_PROFILING,all_to_shortest,greedy,5865,54,54,1.0024244785308838,0.14799658994032397,True,4997.0,52,-1,4997.0
Uniform1-5000_Seed11_J100_M50,"[0.004002, 1.000000]",50,100,0.1,max_proc,lowest_lower_bound,PRUNE,all_to_shortest,greedy,6099,53,53,0.9562644958496094,0.1806853582554517,True,5056.0,50,-1,4997.0
Uniform1-5000_Seed12_J100_M50,"[0.010028, 1.000000]",50,100,0.2,max_proc,lowest_lower_bound,NO_PROFILING,all_to_shortest,greedy,5819,58,58,1.0679562091827393,0.14315174428595978,True,4986.0,56,-1,4986.0
Uniform1-5000_Seed12_J100_M50,"[0.010028, 1.000000]",50,100,0.1,max_proc,lowest_lower_bound,PRUNE,all_to_shortest,greedy,5957,71,71,1.4879469871520996,0.16300151082759778,True,4986.0,56,-1,4986.0
Uniform1-5000_Seed13_J100_M50,"[0.002429, 1.000000]",50,100,0.2,max_proc,lowest_lower_bound,NO_PROFILING,all_to_shortest,greedy,5681,46,46,0.7566428184509277,0.20584052103502906,True,4940.0,44,-1,4511.62
Uniform1-5000_Seed13_J100_M50,"[0.002429, 1.000000]",50,100,0.1,max_proc,lowest_lower_bound,PRUNE,all_to_shortest,greedy,5891,49,49,0.9200246334075928,0.23415039891359704,True,4940.0,47,-1,4511.62
Uniform1-5000_Seed14_J100_M50,"[0.005537, 0.981191]",50,100,0.2,max_proc,lowest_lower_bound,NO_PROFILING,all_to_shortest,greedy,6053,60,60,1.070572853088379,0.16452668098463574,True,5057.12,58,-1,5057.12
Uniform1-5000_Seed14_J100_M50,"[0.005537, 0.981191]",50,100,0.1,max_proc,lowest_lower_bound,PRUNE,all_to_shortest,greedy,6061,48,48,0.9445507526397705,0.16562943408678438,True,5057.12,46,-1,5057.12
Uniform1-5000_Seed15_J100_M50,"[0.003952, 0.983770]",50,100,0.2,max_proc,lowest_lower_bound,NO_PROFILING,all_to_shortest,greedy,6373,29,2001,54.63938641548157,0.2058465400910089,False,5061.14,50,-1,5061.14
Uniform1-5000_Seed15_J100_M50,"[0.003952, 0.983770]",50,100,0.1,max_proc,lowest_lower_bound,PRUNE,all_to_shortest,greedy,6298,43,52,0.8989753723144531,0.19638932994601455,True,5346.0,50,-1,5061.14
Uniform1-5000_Seed16_J100_M50,"[0.004724, 0.978802]",50,100,0.2,max_proc,lowest_lower_bound,NO_PROFILING,all_to_shortest,greedy,6317,442,2001,49.85511016845703,0.1957099889187906,False,5080.7,51,-1,5080.7
Uniform1-5000_Seed16_J100_M50,"[0.004724, 0.978802]",50,100,0.1,max_proc,lowest_lower_bound,PRUNE,all_to_shortest,greedy,6301,52,54,1.136885166168213,0.1936676717981273,True,5354.0,52,-1,5080.7
Uniform1-5000_Seed17_J100_M50,"[0.031212, 0.911867]",50,100,0.2,max_proc,lowest_lower_bound,NO_PROFILING,all_to_shortest,greedy,6638,1730,2001,56.14873194694519,0.1939499849352214,False,5350.56,50,-1,5350.56
Uniform1-5000_Seed17_J100_M50,"[0.031212, 0.911867]",50,100,0.1,max_proc,lowest_lower_bound,PRUNE,all_to_shortest,greedy,6662,44,52,0.8644309043884277,0.19685379765836078,True,5618.0,50,-1,5350.56
Uniform1-5000_Seed18_J100_M50,"[0.019397, 0.959503]",50,100,0.2,max_proc,lowest_lower_bound,NO_PROFILING,all_to_shortest,greedy,6572,200,2001,46.18491172790527,0.20772063298843585,False,5206.86,50,-1,5206.86
Uniform1-5000_Seed18_J100_M50,"[0.019397, 0.959503]",50,100,0.1,max_proc,lowest_lower_bound,PRUNE,all_to_shortest,greedy,6685,51,52,0.8488993644714355,0.2211129394166044,True,5738.0,50,-1,5206.86
Uniform1-5000_Seed19_J100_M50,"[0.001112, 0.926760]",50,100,0.2,max_proc,lowest_lower_bound,NO_PROFILING,all_to_shortest,greedy,6843,275,2001,50.5180926322937,0.21174046470846114,False,5394.06,50,-1,5394.06
Uniform1-5000_Seed19_J100_M50,"[0.001112, 0.926760]",50,100,0.1,max_proc,lowest_lower_bound,PRUNE,all_to_shortest,greedy,6886,50,52,0.8408880233764648,0.21666279407493458,True,5697.0,50,-1,5394.06
Uniform1-5000_Seed20_J100_M50,"[0.008175, 0.919079]",50,100,0.2,max_proc,lowest_lower_bound,NO_PROFILING,all_to_shortest,greedy,6706,415,2001,43.61324858665466,0.19735162541008047,False,5382.56,50,-1,5382.56
Uniform1-5000_Seed20_J100_M50,"[0.008175, 0.919079]",50,100,0.1,max_proc,lowest_lower_bound,PRUNE,all_to_shortest,greedy,6888,50,52,0.8811750411987305,0.2185598141695702,True,5744.0,50,-1,5382.56
Uniform1-5000_Seed21_J100_M50,"[0.001816, 1.000000]",50,100,0.2,max_proc,lowest_lower_bound,NO_PROFILING,all_to_shortest,greedy,5855,17,17,0.27613043785095215,0.1537147736976943,True,4955.0,15,-1,4955.0
Uniform1-5000_Seed21_J100_M50,"[0.001816, 1.000000]",50,100,0.1,max_proc,lowest_lower_bound,PRUNE,all_to_shortest,greedy,5994,19,19,0.31394076347351074,0.17334000667334,True,4955.0,17,-1,4955.0
Uniform1-5000_Seed22_J100_M50,"[0.018921, 1.000000]",50,100,0.2,max_proc,lowest_lower_bound,NO_PROFILING,all_to_shortest,greedy,5625,51,51,0.7770369052886963,0.1168,True,4968.0,49,-1,4968.0
Uniform1-5000_Seed22_J100_M50,"[0.018921, 1.000000]",50,100,0.1,max_proc,lowest_lower_bound,PRUNE,all_to_shortest,greedy,5717,52,52,0.8378655910491943,0.131012768934756,True,4968.0,50,-1,4968.0
Uniform1-5000_Seed23_J100_M50,"[0.008112, 1.000000]",50,100,0.2,max_proc,lowest_lower_bound,NO_PROFILING,all_to_shortest,greedy,5832,56,56,0.8788483142852783,0.15449245541838136,True,4931.0,54,-1,4931.0
Uniform1-5000_Seed23_J100_M50,"[0.008112, 1.000000]",50,100,0.1,max_proc,lowest_lower_bound,PRUNE,all_to_shortest,greedy,5942,57,57,0.8759064674377441,0.17014473241332884,True,4931.0,52,-1,4931.0
Uniform1-5000_Seed24_J100_M50,"[0.007457, 1.000000]",50,100,0.2,max_proc,lowest_lower_bound,NO_PROFILING,all_to_shortest,greedy,6483,364,2001,38.06769156455994,0.23461360481258678,False,4962.0,50,-1,4962.0
Uniform1-5000_Seed24_J100_M50,"[0.007457, 1.000000]",50,100,0.1,max_proc,lowest_lower_bound,PRUNE,all_to_shortest,greedy,6334,49,52,0.8312046527862549,0.21660877802336595,True,5293.0,50,-1,4962.0
Uniform1-5000_Seed25_J100_M50,"[0.003027, 0.998588]",50,100,0.2,max_proc,lowest_lower_bound,NO_PROFILING,all_to_shortest,greedy,6187,1942,2001,45.596030950546265,0.19896557297559397,False,4956.0,50,-1,4956.0
Uniform1-5000_Seed25_J100_M50,"[0.003027, 0.998588]",50,100,0.1,max_proc,lowest_lower_bound,PRUNE,all_to_shortest,greedy,6200,54,54,0.8658742904663086,0.2006451612903226,True,5135.0,52,-1,4956.0
Uniform1-5000_Seed26_J100_M50,"[0.004505, 0.896808]",50,100,0.2,max_proc,lowest_lower_bound,NO_PROFILING,all_to_shortest,greedy,6756,381,2001,50.52792048454285,0.17855535820011836,False,5549.68,50,-1,5549.68
Uniform1-5000_Seed26_J100_M50,"[0.004505, 0.896808]",50,100,0.1,max_proc,lowest_lower_bound,PRUNE,all_to_shortest,greedy,6887,51,52,0.9096875190734863,0.19418033977058222,True,5857.0,50,-1,5549.68
Uniform1-5000_Seed27_J100_M50,"[0.025779, 1.000000]",50,100,0.2,max_proc,lowest_lower_bound,NO_PROFILING,all_to_shortest,greedy,5904,1298,2001,41.95326852798462,0.17869241192411925,False,4849.0,50,-1,4849.0
Uniform1-5000_Seed27_J100_M50,"[0.025779, 1.000000]",50,100,0.1,max_proc,lowest_lower_bound,PRUNE,all_to_shortest,greedy,6071,51,52,0.8766119480133057,0.2012847965738758,True,5564.0,50,-1,4849.0
Uniform1-5000_Seed28_J100_M50,"[0.009252, 1.000000]",50,100,0.2,max_proc,lowest_lower_bound,NO_PROFILING,all_to_shortest,greedy,5761,25,25,0.39002251625061035,0.13695538968929005,True,4972.0,23,-1,4972.0
Uniform1-5000_Seed28_J100_M50,"[0.009252, 1.000000]",50,100,0.1,max_proc,lowest_lower_bound,PRUNE,all_to_shortest,greedy,5964,30,30,0.46497321128845215,0.16633132126089872,True,4972.0,28,-1,4972.0
Uniform1-5000_Seed29_J100_M50,"[0.004201, 1.000000]",50,100,0.2,max_proc,lowest_lower_bound,NO_PROFILING,all_to_shortest,greedy,5991,52,52,0.8331313133239746,0.16558170589217158,True,4999.0,50,-1,4999.0
Uniform1-5000_Seed29_J100_M50,"[0.004201, 1.000000]",50,100,0.1,max_proc,lowest_lower_bound,PRUNE,all_to_shortest,greedy,6040,53,53,0.8290622234344482,0.17235099337748344,True,4999.0,50,-1,4999.0
Uniform1-5000_Seed30_J100_M50,"[0.009409, 1.000000]",50,100,0.2,max_proc,lowest_lower_bound,NO_PROFILING,all_to_shortest,greedy,6312,1571,2001,38.0224986076355,0.20865019011406843,False,4995.0,50,-1,4995.0
Uniform1-5000_Seed30_J100_M50,"[0.009409, 1.000000]",50,100,0.1,max_proc,lowest_lower_bound,PRUNE,all_to_shortest,greedy,6193,55,55,0.832266092300415,0.19344421120620056,True,5181.0,52,-1,4995.0
Uniform1-5000_Seed31_J100_M50,"[0.005697, 0.979764]",50,100,0.2,max_proc,lowest_lower_bound,NO_PROFILING,all_to_shortest,greedy,6625,1278,2001,49.45826697349548,0.23169811320754716,False,5090.0,50,-1,5090.0
Uniform1-5000_Seed31_J100_M50,"[0.005697, 0.979764]",50,100,0.1,max_proc,lowest_lower_bound,PRUNE,all_to_shortest,greedy,6623,48,52,1.1432864665985107,0.23146610297448286,True,5586.0,50,-1,5090.0
Uniform1-5000_Seed32_J100_M50,"[0.001998, 0.997431]",50,100,0.2,max_proc,lowest_lower_bound,NO_PROFILING,all_to_shortest,greedy,5853,66,66,1.3644342422485352,0.14473603280369046,True,5005.86,64,-1,5005.86
Uniform1-5000_Seed32_J100_M50,"[0.001998, 0.997431]",50,100,0.1,max_proc,lowest_lower_bound,PRUNE,all_to_shortest,greedy,6018,83,83,1.6770892143249512,0.16818544366899307,True,5005.86,60,-1,5005.86
Uniform1-5000_Seed33_J100_M50,"[0.011405, 1.000000]",50,100,0.2,max_proc,lowest_lower_bound,NO_PROFILING,all_to_shortest,greedy,5864,35,35,0.6826999187469482,0.16268758526603003,True,4910.0,33,-1,4910.0
Uniform1-5000_Seed33_J100_M50,"[0.011405, 1.000000]",50,100,0.1,max_proc,lowest_lower_bound,PRUNE,all_to_shortest,greedy,5839,37,37,0.7533347606658936,0.15910258605925673,True,4910.0,35,-1,4910.0
Uniform1-5000_Seed34_J100_M50,"[0.029177, 0.970823]",50,100,0.2,max_proc,lowest_lower_bound,NO_PROFILING,all_to_shortest,greedy,6326,1008,2001,58.82710027694702,0.18732216250395195,False,5141.0,62,-1,5141.0
Uniform1-5000_Seed34_J100_M50,"[0.029177, 0.970823]",50,100,0.1,max_proc,lowest_lower_bound,PRUNE,all_to_shortest,greedy,6404,67,108,2.294064521789551,0.1972204871955028,True,5305.0,62,-1,5141.0
Uniform1-5000_Seed35_J100_M50,"[0.008699, 0.884843]",50,100,0.2,max_proc,lowest_lower_bound,NO_PROFILING,all_to_shortest,greedy,7284,562,2001,68.55475354194641,0.226710598572213,False,5632.64,50,-1,5632.64
Uniform1-5000_Seed35_J100_M50,"[0.008699, 0.884843]",50,100,0.1,max_proc,lowest_lower_bound,PRUNE,all_to_shortest,greedy,7040,50,52,1.1323018074035645,0.19990909090909087,True,5921.0,50,-1,5632.64
Uniform1-5000_Seed36_J100_M50,"[0.002283, 0.945231]",50,100,0.2,max_proc,lowest_lower_bound,NO_PROFILING,all_to_shortest,greedy,6603,836,2001,43.87924909591675,0.20401938512797219,False,5255.86,51,-1,5255.86
Uniform1-5000_Seed36_J100_M50,"[0.002283, 0.945231]",50,100,0.1,max_proc,lowest_lower_bound,PRUNE,all_to_shortest,greedy,6660,55,55,0.8649921417236328,0.21083183183183188,True,5575.0,53,-1,5255.86
Uniform1-5000_Seed37_J100_M50,"[0.002924, 0.905203]",50,100,0.2,max_proc,lowest_lower_bound,NO_PROFILING,all_to_shortest,greedy,6932,454,2001,37.683396339416504,0.21066070398153494,False,5471.7,50,-1,5471.7
Uniform1-5000_Seed37_J100_M50,"[0.002924, 0.905203]",50,100,0.1,max_proc,lowest_lower_bound,PRUNE,all_to_shortest,greedy,6936,52,52,0.8073058128356934,0.21111591695501733,True,5804.0,50,-1,5471.7
Uniform1-5000_Seed38_J100_M50,"[0.000200, 1.000000]",50,100,0.2,max_proc,lowest_lower_bound,NO_PROFILING,all_to_shortest,greedy,5762,65,65,0.9079668521881104,0.13380770565775774,True,4991.0,63,-1,4991.0
Uniform1-5000_Seed38_J100_M50,"[0.000200, 1.000000]",50,100,0.1,max_proc,lowest_lower_bound,PRUNE,all_to_shortest,greedy,5878,79,79,1.1388585567474365,0.15090166723375298,True,4991.0,64,-1,4991.0
Uniform1-5000_Seed39_J100_M50,"[0.003410, 1.000000]",50,100,0.2,max_proc,lowest_lower_bound,NO_PROFILING,all_to_shortest,greedy,6315,689,2001,33.99714732170105,0.21060965954077593,False,4985.0,50,-1,4985.0
Uniform1-5000_Seed39_J100_M50,"[0.003410, 1.000000]",50,100,0.1,max_proc,lowest_lower_bound,PRUNE,all_to_shortest,greedy,6370,49,52,0.7946138381958008,0.217425431711146,True,5390.0,50,-1,4985.0
Uniform1-5000_Seed40_J100_M50,"[0.020870, 0.888064]",50,100,0.2,max_proc,lowest_lower_bound,NO_PROFILING,all_to_shortest,greedy,7098,164,2001,45.66267681121826,0.21693998309382928,False,5558.16,50,-1,5558.16
Uniform1-5000_Seed40_J100_M50,"[0.020870, 0.888064]",50,100,0.1,max_proc,lowest_lower_bound,PRUNE,all_to_shortest,greedy,7098,50,52,0.8312292098999023,0.21693998309382928,True,6325.0,50,-1,5558.16
Uniform1-5000_Seed41_J100_M50,"[0.019664, 0.998050]",50,100,0.2,max_proc,lowest_lower_bound,NO_PROFILING,all_to_shortest,greedy,6248,546,2001,41.96279740333557,0.20234955185659406,False,4983.72,51,-1,4983.72
Uniform1-5000_Seed41_J100_M50,"[0.019664, 0.998050]",50,100,0.1,max_proc,lowest_lower_bound,PRUNE,all_to_shortest,greedy,6124,71,71,1.0953354835510254,0.18619856303069884,True,5188.0,53,-1,4983.72
Uniform1-5000_Seed42_J100_M50,"[0.007125, 1.000000]",50,100,0.2,max_proc,lowest_lower_bound,NO_PROFILING,all_to_shortest,greedy,6170,254,2001,38.56018686294556,0.2038897893030794,False,4912.0,50,-1,4912.0
Uniform1-5000_Seed42_J100_M50,"[0.007125, 1.000000]",50,100,0.1,max_proc,lowest_lower_bound,PRUNE,all_to_shortest,greedy,6168,51,52,0.7994067668914795,0.20363164721141375,True,5151.0,50,-1,4912.0
Uniform1-5000_Seed43_J100_M50,"[0.006631, 1.000000]",50,100,0.2,max_proc,lowest_lower_bound,NO_PROFILING,all_to_shortest,greedy,6158,1407,2001,33.7581672668457,0.19178304644365055,False,4977.0,53,-1,4977.0
Uniform1-5000_Seed43_J100_M50,"[0.006631, 1.000000]",50,100,0.1,max_proc,lowest_lower_bound,PRUNE,all_to_shortest,greedy,6271,45,111,1.5263748168945312,0.20634667517142402,True,5188.0,56,-1,4977.0
Uniform1-5000_Seed44_J100_M50,"[0.020556, 1.000000]",50,100,0.2,max_proc,lowest_lower_bound,NO_PROFILING,all_to_shortest,greedy,6210,1799,2001,41.69254469871521,0.20096618357487922,False,4962.0,50,-1,4962.0
Uniform1-5000_Seed44_J100_M50,"[0.020556, 1.000000]",50,100,0.1,max_proc,lowest_lower_bound,PRUNE,all_to_shortest,greedy,6215,58,58,0.9639825820922852,0.201609010458568,True,5176.0,52,-1,4962.0
Uniform1-5000_Seed45_J100_M50,"[0.013956, 0.981248]",50,100,0.2,max_proc,lowest_lower_bound,NO_PROFILING,all_to_shortest,greedy,6278,342,2001,40.864702224731445,0.18964638419878949,False,5087.4,50,-1,5087.4
Uniform1-5000_Seed45_J100_M50,"[0.013956, 0.981248]",50,100,0.1,max_proc,lowest_lower_bound,PRUNE,all_to_shortest,greedy,6372,50,52,0.8463964462280273,0.2016007532956686,True,5412.0,50,-1,5087.4
Uniform1-5000_Seed46_J100_M50,"[0.003412, 1.000000]",50,100,0.2,max_proc,lowest_lower_bound,NO_PROFILING,all_to_shortest,greedy,5956,47,47,0.7684242725372314,0.16336467427803894,True,4983.0,45,-1,4983.0
Uniform1-5000_Seed46_J100_M50,"[0.003412, 1.000000]",50,100,0.1,max_proc,lowest_lower_bound,PRUNE,all_to_shortest,greedy,5887,55,55,0.9885382652282715,0.15355868863597757,True,5082.0,51,-1,4983.0
Uniform1-5000_Seed47_J100_M50,"[0.025390, 0.911820]",50,100,0.2,max_proc,lowest_lower_bound,NO_PROFILING,all_to_shortest,greedy,6861,1005,2001,49.06208634376526,0.21355487538259726,False,5395.8,50,-1,5395.8
Uniform1-5000_Seed47_J100_M50,"[0.025390, 0.911820]",50,100,0.1,max_proc,lowest_lower_bound,PRUNE,all_to_shortest,greedy,6904,47,52,0.9919347763061523,0.21845307068366163,True,5830.0,50,-1,5395.8
Uniform1-5000_Seed48_J100_M50,"[0.009350, 0.967734]",50,100,0.2,max_proc,lowest_lower_bound,NO_PROFILING,all_to_shortest,greedy,6293,293,2001,45.52161502838135,0.18423009693310022,False,5133.64,50,-1,5133.64
Uniform1-5000_Seed48_J100_M50,"[0.009350, 0.967734]",50,100,0.1,max_proc,lowest_lower_bound,PRUNE,all_to_shortest,greedy,6375,49,52,0.8478665351867676,0.1947231372549019,True,5372.0,50,-1,5133.64
Uniform1-5000_Seed49_J100_M50,"[0.032679, 0.868944]",50,100,0.2,max_proc,lowest_lower_bound,NO_PROFILING,all_to_shortest,greedy,7519,1738,2001,48.91909694671631,0.2348769783215853,False,5752.96,50,-1,5752.96
Uniform1-5000_Seed49_J100_M50,"[0.032679, 0.868944]",50,100,0.1,max_proc,lowest_lower_bound,PRUNE,all_to_shortest,greedy,7495,37,52,0.9773876667022705,0.23242695130086724,True,6627.0,50,-1,5752.96
Uniform1-5000_Seed50_J100_M50,"[0.010543, 1.000000]",50,100,0.2,max_proc,lowest_lower_bound,NO_PROFILING,all_to_shortest,greedy,5805,41,41,0.6276938915252686,0.15038759689922482,True,4932.0,39,-1,4932.0
Uniform1-5000_Seed50_J100_M50,"[0.010543, 1.000000]",50,100,0.1,max_proc,lowest_lower_bound,PRUNE,all_to_shortest,greedy,5833,51,51,0.9256951808929443,0.1544659694839705,True,4932.0,49,-1,4932.0
Uniform1-5000_Seed51_J100_M50,"[0.000605, 1.000000]",50,100,0.2,max_proc,lowest_lower_bound,NO_PROFILING,all_to_shortest,greedy,5947,51,51,0.8047199249267578,0.16613418530351437,True,4959.0,49,-1,4959.0
Uniform1-5000_Seed51_J100_M50,"[0.000605, 1.000000]",50,100,0.1,max_proc,lowest_lower_bound,PRUNE,all_to_shortest,greedy,5863,53,53,0.8191547393798828,0.15418727613849564,True,4974.0,51,-1,4959.0
Uniform1-5000_Seed52_J100_M50,"[0.003165, 0.927777]",50,100,0.2,max_proc,lowest_lower_bound,NO_PROFILING,all_to_shortest,greedy,6987,1366,2001,53.01682114601135,0.23130098754830405,False,5370.9,50,-1,5370.9
Uniform1-5000_Seed52_J100_M50,"[0.003165, 0.927777]",50,100,0.1,max_proc,lowest_lower_bound,PRUNE,all_to_shortest,greedy,6535,58,58,1.0093319416046143,0.1781331293037491,True,5746.0,53,-1,5370.9
Uniform1-5000_Seed53_J100_M50,"[0.007100, 0.983524]",50,100,0.2,max_proc,lowest_lower_bound,NO_PROFILING,all_to_shortest,greedy,6674,1619,2001,43.63295316696167,0.24025471980821098,False,5070.54,50,-1,5070.54
Uniform1-5000_Seed53_J100_M50,"[0.007100, 0.983524]",50,100,0.1,max_proc,lowest_lower_bound,PRUNE,all_to_shortest,greedy,6460,53,53,0.9437546730041504,0.21508668730650154,True,5393.0,50,-1,5070.54
Uniform1-5000_Seed54_J100_M50,"[0.001806, 1.000000]",50,100,0.2,max_proc,lowest_lower_bound,NO_PROFILING,all_to_shortest,greedy,6215,129,2001,45.92990827560425,0.19806918744971844,False,4984.0,55,-1,4984.0
Uniform1-5000_Seed54_J100_M50,"[0.001806, 1.000000]",50,100,0.1,max_proc,lowest_lower_bound,PRUNE,all_to_shortest,greedy,6192,69,88,1.530160665512085,0.19509043927648578,True,5130.0,55,-1,4984.0
Uniform1-5000_Seed55_J100_M50,"[0.000764, 0.946804]",50,100,0.2,max_proc,lowest_lower_bound,NO_PROFILING,all_to_shortest,greedy,6759,234,2001,38.650771617889404,0.2250895102825862,False,5237.62,50,-1,5237.62
Uniform1-5000_Seed55_J100_M50,"[0.000764, 0.946804]",50,100,0.1,max_proc,lowest_lower_bound,PRUNE,all_to_shortest,greedy,6812,52,52,0.9460361003875732,0.2311186142102173,True,5893.0,50,-1,5237.62
Uniform1-5000_Seed56_J100_M50,"[0.016896, 0.957285]",50,100,0.2,max_proc,lowest_lower_bound,NO_PROFILING,all_to_shortest,greedy,6421,1132,2001,46.02759122848511,0.18883662980844113,False,5208.48,50,-1,5208.48
Uniform1-5000_Seed56_J100_M50,"[0.016896, 0.957285]",50,100,0.1,max_proc,lowest_lower_bound,PRUNE,all_to_shortest,greedy,6467,52,52,0.9019651412963867,0.19460646358435138,True,5529.0,50,-1,5208.48
Uniform1-5000_Seed57_J100_M50,"[0.017328, 1.000000]",50,100,0.2,max_proc,lowest_lower_bound,NO_PROFILING,all_to_shortest,greedy,5400,45,45,0.6332359313964844,0.15574074074074074,True,4559.0,43,-1,4559.0
Uniform1-5000_Seed57_J100_M50,"[0.017328, 1.000000]",50,100,0.1,max_proc,lowest_lower_bound,PRUNE,all_to_shortest,greedy,5438,47,47,0.7839796543121338,0.16164030893710923,True,4559.0,45,-1,4559.0
Uniform1-5000_Seed58_J100_M50,"[0.005453, 0.916444]",50,100,0.2,max_proc,lowest_lower_bound,NO_PROFILING,all_to_shortest,greedy,6805,856,2001,48.68379354476929,0.21845995591476855,False,5318.38,50,-1,5318.38
Uniform1-5000_Seed58_J100_M50,"[0.005453, 0.916444]",50,100,0.1,max_proc,lowest_lower_bound,PRUNE,all_to_shortest,greedy,6844,52,52,0.8729400634765625,0.2229135008766803,True,5744.0,50,-1,5318.38
Uniform1-5000_Seed59_J100_M50,"[0.000953, 0.941263]",50,100,0.2,max_proc,lowest_lower_bound,NO_PROFILING,all_to_shortest,greedy,6501,299,2001,40.79197883605957,0.19302568835563755,False,5246.14,55,-1,5246.14
Uniform1-5000_Seed59_J100_M50,"[0.000953, 0.941263]",50,100,0.1,max_proc,lowest_lower_bound,PRUNE,all_to_shortest,greedy,6513,48,52,0.8221540451049805,0.19451251343466908,True,5410.0,50,-1,5246.14
Uniform1-5000_Seed60_J100_M50,"[0.006912, 0.929420]",50,100,0.2,max_proc,lowest_lower_bound,NO_PROFILING,all_to_shortest,greedy,6688,1064,2001,44.90945053100586,0.1996411483253588,False,5352.8,50,-1,5352.8
Uniform1-5000_Seed60_J100_M50,"[0.006912, 0.929420]",50,100,0.1,max_proc,lowest_lower_bound,PRUNE,all_to_shortest,greedy,6799,50,52,1.0847067832946777,0.21270775113987347,True,5786.0,50,-1,5352.8
Uniform1-5000_Seed61_J100_M50,"[0.008023, 0.970355]",50,100,0.2,max_proc,lowest_lower_bound,NO_PROFILING,all_to_shortest,greedy,6508,306,2001,49.40872287750244,0.21473570989551322,False,5110.5,50,-1,5110.5
Uniform1-5000_Seed61_J100_M50,"[0.008023, 0.970355]",50,100,0.1,max_proc,lowest_lower_bound,PRUNE,all_to_shortest,greedy,6526,57,57,1.1075379848480225,0.2169016242721422,True,5396.0,52,-1,5110.5
Uniform1-5000_Seed62_J100_M50,"[0.001781, 0.966531]",50,100,0.2,max_proc,lowest_lower_bound,NO_PROFILING,all_to_shortest,greedy,6434,42,2001,49.9441282749176,0.21446067764998447,False,5054.16,50,-1,5054.16
Uniform1-5000_Seed62_J100_M50,"[0.001781, 0.966531]",50,100,0.1,max_proc,lowest_lower_bound,PRUNE,all_to_shortest,greedy,6484,51,52,1.0079617500305176,0.2205181986428131,True,5584.0,50,-1,5054.16
Uniform1-5000_Seed63_J100_M50,"[0.003643, 0.951112]",50,100,0.2,max_proc,lowest_lower_bound,NO_PROFILING,all_to_shortest,greedy,6348,1063,2001,49.251890659332275,0.17832388153749212,False,5216.0,50,-1,5216.0
Uniform1-5000_Seed63_J100_M50,"[0.003643, 0.951112]",50,100,0.1,max_proc,lowest_lower_bound,PRUNE,all_to_shortest,greedy,6438,51,52,0.9060583114624023,0.18981050015532774,True,5541.0,50,-1,5216.0
Uniform1-5000_Seed64_J100_M50,"[0.004784, 1.000000]",50,100,0.2,max_proc,lowest_lower_bound,NO_PROFILING,all_to_shortest,greedy,5749,422,422,6.418864727020264,0.16368064011132372,True,4808.0,50,-1,4808.0
Uniform1-5000_Seed64_J100_M50,"[0.004784, 1.000000]",50,100,0.1,max_proc,lowest_lower_bound,PRUNE,all_to_shortest,greedy,5823,49,52,0.7975687980651855,0.1743087755452516,True,4889.0,50,-1,4808.0
Uniform1-5000_Seed65_J100_M50,"[0.013023, 1.000000]",50,100,0.2,max_proc,lowest_lower_bound,NO_PROFILING,all_to_shortest,greedy,5987,52,52,0.8005785942077637,0.16636044763654584,True,4991.0,50,-1,4991.0
Uniform1-5000_Seed65_J100_M50,"[0.013023, 1.000000]",50,100,0.1,max_proc,lowest_lower_bound,PRUNE,all_to_shortest,greedy,6035,49,49,0.8478868007659912,0.17299088649544325,True,4991.0,47,-1,4991.0
Uniform1-5000_Seed66_J100_M50,"[0.008422, 0.968522]",50,100,0.2,max_proc,lowest_lower_bound,NO_PROFILING,all_to_shortest,greedy,6285,868,2001,45.06650137901306,0.18763404932378674,False,5105.72,50,-1,5105.72
Uniform1-5000_Seed66_J100_M50,"[0.008422, 0.968522]",50,100,0.1,max_proc,lowest_lower_bound,PRUNE,all_to_shortest,greedy,6450,48,52,0.998438835144043,0.20841550387596897,True,5432.0,50,-1,5105.72
Uniform1-5000_Seed67_J100_M50,"[0.001830, 1.000000]",50,100,0.2,max_proc,lowest_lower_bound,NO_PROFILING,all_to_shortest,greedy,5667,54,54,0.8589119911193848,0.13216869595906122,True,4918.0,52,-1,4918.0
Uniform1-5000_Seed67_J100_M50,"[0.001830, 1.000000]",50,100,0.1,max_proc,lowest_lower_bound,PRUNE,all_to_shortest,greedy,5832,48,48,0.8588809967041016,0.15672153635116598,True,4918.0,46,-1,4918.0
Uniform1-5000_Seed68_J100_M50,"[0.018826, 1.000000]",50,100,0.2,max_proc,lowest_lower_bound,NO_PROFILING,all_to_shortest,greedy,5922,53,53,0.8306267261505127,0.1568726781492739,True,4993.0,51,-1,4993.0
Uniform1-5000_Seed68_J100_M50,"[0.018826, 1.000000]",50,100,0.1,max_proc,lowest_lower_bound,PRUNE,all_to_shortest,greedy,6028,49,49,0.8759386539459229,0.1716987392169874,True,4993.0,47,-1,4993.0
Uniform1-5000_Seed69_J100_M50,"[0.003789, 0.941673]",50,100,0.2,max_proc,lowest_lower_bound,NO_PROFILING,all_to_shortest,greedy,6300,51,51,0.7917599678039551,0.16224761904761903,True,5277.84,49,-1,5277.84
Uniform1-5000_Seed69_J100_M50,"[0.003789, 0.941673]",50,100,0.1,max_proc,lowest_lower_bound,PRUNE,all_to_shortest,greedy,6533,52,52,0.8338155746459961,0.19212612888412672,True,5508.0,50,-1,5277.84
Uniform1-5000_Seed70_J100_M50,"[0.006452, 0.921512]",50,100,0.2,max_proc,lowest_lower_bound,NO_PROFILING,all_to_shortest,greedy,6668,1501,2001,41.55447745323181,0.18644571085782846,False,5424.78,50,-1,5424.78
Uniform1-5000_Seed70_J100_M50,"[0.006452, 0.921512]",50,100,0.1,max_proc,lowest_lower_bound,PRUNE,all_to_shortest,greedy,6739,56,56,0.9165418148040771,0.19501706484641643,True,5585.0,53,-1,5424.78
Uniform1-5000_Seed71_J100_M50,"[0.016621, 0.968349]",50,100,0.2,max_proc,lowest_lower_bound,NO_PROFILING,all_to_shortest,greedy,6493,488,2001,43.4119873046875,0.21240412752194676,False,5113.86,50,-1,5113.86
Uniform1-5000_Seed71_J100_M50,"[0.016621, 0.968349]",50,100,0.1,max_proc,lowest_lower_bound,PRUNE,all_to_shortest,greedy,6528,52,52,0.8624827861785889,0.21662683823529416,True,5418.0,50,-1,5113.86
Uniform1-5000_Seed72_J100_M50,"[0.012602, 0.949910]",50,100,0.2,max_proc,lowest_lower_bound,NO_PROFILING,all_to_shortest,greedy,6491,555,2001,43.02134609222412,0.19313819134185795,False,5237.34,50,-1,5237.34
Uniform1-5000_Seed72_J100_M50,"[0.012602, 0.949910]",50,100,0.1,max_proc,lowest_lower_bound,PRUNE,all_to_shortest,greedy,6653,46,52,0.8953380584716797,0.21278520967984366,True,6089.0,50,-1,5237.34
Uniform1-5000_Seed73_J100_M50,"[0.007238, 1.000000]",50,100,0.2,max_proc,lowest_lower_bound,NO_PROFILING,all_to_shortest,greedy,5881,42,42,0.7091226577758789,0.15422547185852747,True,4974.0,40,-1,4974.0
Uniform1-5000_Seed73_J100_M50,"[0.007238, 1.000000]",50,100,0.1,max_proc,lowest_lower_bound,PRUNE,all_to_shortest,greedy,5815,53,53,0.8791906833648682,0.14462596732588134,True,4974.0,51,-1,4974.0
Uniform1-5000_Seed74_J100_M50,"[0.020545, 0.949466]",50,100,0.2,max_proc,lowest_lower_bound,NO_PROFILING,all_to_shortest,greedy,6712,1186,2001,50.03986191749573,0.21682955899880807,False,5256.64,51,-1,5256.64
Uniform1-5000_Seed74_J100_M50,"[0.020545, 0.949466]",50,100,0.1,max_proc,lowest_lower_bound,PRUNE,all_to_shortest,greedy,6371,120,120,2.0063419342041016,0.17491131690472447,True,5499.0,56,-1,5256.64
Uniform1-5000_Seed75_J100_M50,"[0.003611, 0.988095]",50,100,0.2,max_proc,lowest_lower_bound,NO_PROFILING,all_to_shortest,greedy,6164,175,2001,42.756394386291504,0.19137897469175857,False,4984.34,50,-1,4984.34
Uniform1-5000_Seed75_J100_M50,"[0.003611, 0.988095]",50,100,0.1,max_proc,lowest_lower_bound,PRUNE,all_to_shortest,greedy,6042,64,64,1.2840254306793213,0.17505130751406817,True,5150.0,58,-1,4984.34
Uniform1-5000_Seed76_J100_M50,"[0.005590, 0.959159]",50,100,0.2,max_proc,lowest_lower_bound,NO_PROFILING,all_to_shortest,greedy,6288,750,2001,39.7138512134552,0.17495547073791348,False,5187.88,50,-1,5187.88
Uniform1-5000_Seed76_J100_M50,"[0.005590, 0.959159]",50,100,0.1,max_proc,lowest_lower_bound,PRUNE,all_to_shortest,greedy,6397,52,52,0.8227167129516602,0.1890136001250586,True,5591.0,50,-1,5187.88
Uniform1-5000_Seed77_J100_M50,"[0.025618, 0.987588]",50,100,0.2,max_proc,lowest_lower_bound,NO_PROFILING,all_to_shortest,greedy,5910,64,64,0.9484937191009521,0.14796954314720812,True,5035.5,62,-1,5035.5
Uniform1-5000_Seed77_J100_M50,"[0.025618, 0.987588]",50,100,0.1,max_proc,lowest_lower_bound,PRUNE,all_to_shortest,greedy,6078,59,59,0.8841123580932617,0.17152023692003948,True,5035.5,57,-1,5035.5
Uniform1-5000_Seed78_J100_M50,"[0.004547, 0.920631]",50,100,0.2,max_proc,lowest_lower_bound,NO_PROFILING,all_to_shortest,greedy,6647,398,2001,41.5189483165741,0.20597261922671886,False,5277.9,50,-1,5277.9
Uniform1-5000_Seed78_J100_M50,"[0.004547, 0.920631]",50,100,0.1,max_proc,lowest_lower_bound,PRUNE,all_to_shortest,greedy,6539,54,54,0.8430972099304199,0.1928582352041597,True,5621.0,52,-1,5277.9
Uniform1-5000_Seed79_J100_M50,"[0.001168, 0.972143]",50,100,0.2,max_proc,lowest_lower_bound,NO_PROFILING,all_to_shortest,greedy,6575,917,2001,49.683743953704834,0.2183787072243346,False,5139.16,50,-1,5139.16
Uniform1-5000_Seed79_J100_M50,"[0.001168, 0.972143]",50,100,0.1,max_proc,lowest_lower_bound,PRUNE,all_to_shortest,greedy,6591,50,52,0.9608516693115234,0.220276134122288,True,5471.0,50,-1,5139.16
Uniform1-5000_Seed80_J100_M50,"[0.004269, 0.992047]",50,100,0.2,max_proc,lowest_lower_bound,NO_PROFILING,all_to_shortest,greedy,6201,1774,2001,44.06890821456909,0.2067214965328173,False,4919.12,50,-1,4919.12
Uniform1-5000_Seed80_J100_M50,"[0.004269, 0.992047]",50,100,0.1,max_proc,lowest_lower_bound,PRUNE,all_to_shortest,greedy,6143,50,52,0.8008372783660889,0.19923164577567964,True,5165.0,50,-1,4919.12
Uniform1-5000_Seed81_J100_M50,"[0.006404, 1.000000]",50,100,0.2,max_proc,lowest_lower_bound,NO_PROFILING,all_to_shortest,greedy,5632,46,46,0.6432693004608154,0.11274857954545454,True,4997.0,44,-1,4997.0
Uniform1-5000_Seed81_J100_M50,"[0.006404, 1.000000]",50,100,0.1,max_proc,lowest_lower_bound,PRUNE,all_to_shortest,greedy,5889,42,42,0.6071889400482178,0.15146884021056206,True,4997.0,40,-1,4997.0
Uniform1-5000_Seed82_J100_M50,"[0.020652, 1.000000]",50,100,0.2,max_proc,lowest_lower_bound,NO_PROFILING,all_to_shortest,greedy,5701,49,49,0.7068817615509033,0.13366076126995263,True,4939.0,47,-1,4939.0
Uniform1-5000_Seed82_J100_M50,"[0.020652, 1.000000]",50,100,0.1,max_proc,lowest_lower_bound,PRUNE,all_to_shortest,greedy,5963,48,48,0.7170960903167725,0.17172564145564315,True,4939.0,46,-1,4939.0
Uniform1-5000_Seed83_J100_M50,"[0.014304, 0.993029]",50,100,0.2,max_proc,lowest_lower_bound,NO_PROFILING,all_to_shortest,greedy,6123,633,2001,43.21186113357544,0.18935162502041478,False,4963.6,50,-1,4963.6
Uniform1-5000_Seed83_J100_M50,"[0.014304, 0.993029]",50,100,0.1,max_proc,lowest_lower_bound,PRUNE,all_to_shortest,greedy,6259,53,59,0.9606189727783203,0.20696596900463327,True,5177.0,56,-1,4963.6
Uniform1-5000_Seed84_J100_M50,"[0.001963, 0.972398]",50,100,0.2,max_proc,lowest_lower_bound,NO_PROFILING,all_to_shortest,greedy,6451,778,2001,50.85190749168396,0.21025887459308637,False,5094.62,50,-1,5094.62
Uniform1-5000_Seed84_J100_M50,"[0.001963, 0.972398]",50,100,0.1,max_proc,lowest_lower_bound,PRUNE,all_to_shortest,greedy,6476,52,52,1.0880215167999268,0.21330759728227303,True,5383.0,50,-1,5094.62
Uniform1-5000_Seed85_J100_M50,"[0.003038, 1.000000]",50,100,0.2,max_proc,lowest_lower_bound,NO_PROFILING,all_to_shortest,greedy,5880,40,40,0.8619649410247803,0.16037414965986393,True,4937.0,38,-1,4937.0
Uniform1-5000_Seed85_J100_M50,"[0.003038, 1.000000]",50,100,0.1,max_proc,lowest_lower_bound,PRUNE,all_to_shortest,greedy,5907,48,48,0.8423328399658203,0.16421195192144913,True,4937.0,46,-1,4937.0
Uniform1-5000_Seed86_J100_M50,"[0.012026, 1.000000]",50,100,0.2,max_proc,lowest_lower_bound,NO_PROFILING,all_to_shortest,greedy,5639,38,38,0.5983340740203857,0.1299875864514985,True,4906.0,36,-1,4906.0
Uniform1-5000_Seed86_J100_M50,"[0.012026, 1.000000]",50,100,0.1,max_proc,lowest_lower_bound,PRUNE,all_to_shortest,greedy,5649,42,42,0.7936058044433594,0.13152770401841035,True,4906.0,40,-1,4906.0
Uniform1-5000_Seed87_J100_M50,"[0.012563, 1.000000]",50,100,0.2,max_proc,lowest_lower_bound,NO_PROFILING,all_to_shortest,greedy,5759,29,29,0.45815348625183105,0.14308039590206634,True,4935.0,27,-1,4935.0
Uniform1-5000_Seed87_J100_M50,"[0.012563, 1.000000]",50,100,0.1,max_proc,lowest_lower_bound,PRUNE,all_to_shortest,greedy,5938,40,40,0.8154706954956055,0.1689120916133378,True,4935.0,38,-1,4935.0
Uniform1-5000_Seed88_J100_M50,"[0.001507, 0.931858]",50,100,0.2,max_proc,lowest_lower_bound,NO_PROFILING,all_to_shortest,greedy,6640,1012,2001,51.76975631713867,0.2003283132530121,False,5309.82,50,-1,5309.82
Uniform1-5000_Seed88_J100_M50,"[0.001507, 0.931858]",50,100,0.1,max_proc,lowest_lower_bound,PRUNE,all_to_shortest,greedy,6748,55,55,1.1536295413970947,0.21312685240071136,True,5701.0,52,-1,5309.82
Uniform1-5000_Seed89_J100_M50,"[0.006529, 1.000000]",50,100,0.2,max_proc,lowest_lower_bound,NO_PROFILING,all_to_shortest,greedy,5747,19,19,0.3446483612060547,0.1472072385592483,True,4901.0,17,-1,4901.0
Uniform1-5000_Seed89_J100_M50,"[0.006529, 1.000000]",50,100,0.1,max_proc,lowest_lower_bound,PRUNE,all_to_shortest,greedy,5766,23,23,0.588047981262207,0.1500173430454388,True,4901.0,21,-1,4901.0
Uniform1-5000_Seed90_J100_M50,"[0.006568, 0.957753]",50,100,0.2,max_proc,lowest_lower_bound,NO_PROFILING,all_to_shortest,greedy,6499,1990,2001,54.0532283782959,0.20346207108785969,False,5176.7,56,-1,5176.7
Uniform1-5000_Seed90_J100_M50,"[0.006568, 0.957753]",50,100,0.1,max_proc,lowest_lower_bound,PRUNE,all_to_shortest,greedy,6078,62,62,1.1970555782318115,0.1482889108259296,True,5371.0,59,-1,5176.7
Uniform1-5000_Seed91_J100_M50,"[0.009220, 0.936714]",50,100,0.2,max_proc,lowest_lower_bound,NO_PROFILING,all_to_shortest,greedy,6371,1203,1203,27.03267526626587,0.16585779312509816,True,5314.32,63,-1,5314.32
Uniform1-5000_Seed91_J100_M50,"[0.009220, 0.936714]",50,100,0.1,max_proc,lowest_lower_bound,PRUNE,all_to_shortest,greedy,6493,55,55,1.1724390983581543,0.18153087940859391,True,5440.0,53,-1,5314.32
Uniform1-5000_Seed92_J100_M50,"[0.003913, 0.924321]",50,100,0.2,max_proc,lowest_lower_bound,NO_PROFILING,all_to_shortest,greedy,6765,151,2001,54.036864280700684,0.20678492239467844,False,5366.1,50,-1,5366.1
Uniform1-5000_Seed92_J100_M50,"[0.003913, 0.924321]",50,100,0.1,max_proc,lowest_lower_bound,PRUNE,all_to_shortest,greedy,6689,57,57,1.2486920356750488,0.19777246225145756,True,5702.0,55,-1,5366.1
Uniform1-5000_Seed93_J100_M50,"[0.009845, 0.935698]",50,100,0.2,max_proc,lowest_lower_bound,NO_PROFILING,all_to_shortest,greedy,6607,1091,2001,54.77849555015564,0.20060239140305738,False,5281.62,52,-1,5281.62
Uniform1-5000_Seed93_J100_M50,"[0.009845, 0.935698]",50,100,0.1,max_proc,lowest_lower_bound,PRUNE,all_to_shortest,greedy,6591,55,64,1.465904712677002,0.19866181156121987,True,5476.0,56,-1,5281.62
Uniform1-5000_Seed94_J100_M50,"[0.018543, 0.938334]",50,100,0.2,max_proc,lowest_lower_bound,NO_PROFILING,all_to_shortest,greedy,6292,54,54,1.1083803176879883,0.1600603941513033,True,5284.9,52,-1,5284.9
Uniform1-5000_Seed94_J100_M50,"[0.018543, 0.938334]",50,100,0.1,max_proc,lowest_lower_bound,PRUNE,all_to_shortest,greedy,6386,54,54,1.210693120956421,0.17242405261509558,True,5284.9,52,-1,5284.9
Uniform1-5000_Seed95_J100_M50,"[0.000829, 1.000000]",50,100,0.2,max_proc,lowest_lower_bound,NO_PROFILING,all_to_shortest,greedy,5759,55,55,1.0941953659057617,0.16252821670428894,True,4823.0,53,-1,4823.0
Uniform1-5000_Seed95_J100_M50,"[0.000829, 1.000000]",50,100,0.1,max_proc,lowest_lower_bound,PRUNE,all_to_shortest,greedy,5813,62,62,1.190505027770996,0.1703079305006021,True,4823.0,53,-1,4823.0
Uniform1-5000_Seed96_J100_M50,"[0.001787, 0.992816]",50,100,0.2,max_proc,lowest_lower_bound,NO_PROFILING,all_to_shortest,greedy,6165,994,2001,59.941367626190186,0.18310137875101373,False,5036.18,52,-1,5036.18
Uniform1-5000_Seed96_J100_M50,"[0.001787, 0.992816]",50,100,0.1,max_proc,lowest_lower_bound,PRUNE,all_to_shortest,greedy,6074,58,58,1.1455786228179932,0.170862693447481,True,5161.0,56,-1,5036.18
Uniform1-5000_Seed97_J100_M50,"[0.001580, 0.977669]",50,100,0.2,max_proc,lowest_lower_bound,NO_PROFILING,all_to_shortest,greedy,6295,1245,2001,57.86289095878601,0.19586338363780778,False,5062.04,50,-1,5062.04
Uniform1-5000_Seed97_J100_M50,"[0.001580, 0.977669]",50,100,0.1,max_proc,lowest_lower_bound,PRUNE,all_to_shortest,greedy,6341,53,53,1.0874459743499756,0.2016968932345056,True,5272.0,51,-1,5062.04
Uniform1-5000_Seed98_J100_M50,"[0.000593, 0.987693]",50,100,0.2,max_proc,lowest_lower_bound,NO_PROFILING,all_to_shortest,greedy,6533,135,2001,55.42847776412964,0.22511862850145412,False,5062.3,50,-1,5062.3
Uniform1-5000_Seed98_J100_M50,"[0.000593, 0.987693]",50,100,0.1,max_proc,lowest_lower_bound,PRUNE,all_to_shortest,greedy,6201,54,54,1.2968575954437256,0.18363167231091757,True,5380.0,52,-1,5062.3
Uniform1-5000_Seed99_J100_M50,"[0.002298, 0.942045]",50,100,0.2,max_proc,lowest_lower_bound,NO_PROFILING,all_to_shortest,greedy,6810,1610,2001,55.85224270820618,0.233086637298091,False,5222.68,50,-1,5222.68
Uniform1-5000_Seed99_J100_M50,"[0.002298, 0.942045]",50,100,0.1,max_proc,lowest_lower_bound,PRUNE,all_to_shortest,greedy,6790,44,52,1.1504647731781006,0.23082768777614135,True,5655.0,50,-1,5222.68
Uniform1-5000_Seed100_J100_M50,"[0.000563, 0.937862]",50,100,0.2,max_proc,lowest_lower_bound,NO_PROFILING,all_to_shortest,greedy,6737,855,2001,53.72983407974243,0.20960664984414426,False,5324.88,50,-1,5324.88
Uniform1-5000_Seed100_J100_M50,"[0.000563, 0.937862]",50,100,0.1,max_proc,lowest_lower_bound,PRUNE,all_to_shortest,greedy,6712,57,57,1.3303115367889404,0.2066626936829559,True,5664.0,52,-1,5324.88
Uniform1-5000_Seed1_J150_M75,"[0.003213, 1.000000]",75,150,0.2,max_proc,lowest_lower_bound,NO_PROFILING,all_to_shortest,greedy,5968,63,63,3.108525514602661,0.2261193029490616,True,4980.0,61,-1,4618.52
Uniform1-5000_Seed1_J150_M75,"[0.003213, 1.000000]",75,150,0.1,max_proc,lowest_lower_bound,PRUNE,all_to_shortest,greedy,6004,70,70,3.742644786834717,0.230759493670886,True,4980.0,68,-1,4618.52
Uniform1-5000_Seed2_J150_M75,"[0.003794, 0.947552]",75,150,0.2,max_proc,lowest_lower_bound,NO_PROFILING,all_to_shortest,greedy,6708,279,2001,135.63323163986206,0.21415026833631493,False,5271.48,75,-1,5271.48
Uniform1-5000_Seed2_J150_M75,"[0.003794, 0.947552]",75,150,0.1,max_proc,lowest_lower_bound,PRUNE,all_to_shortest,greedy,6798,66,77,4.48874044418335,0.2245542806707856,True,5688.0,75,-1,5271.48
Uniform1-5000_Seed3_J150_M75,"[0.002809, 1.000000]",75,150,0.2,max_proc,lowest_lower_bound,NO_PROFILING,all_to_shortest,greedy,5831,85,85,4.564154863357544,0.1593574572686217,True,4984.0,83,-1,4901.786666666667
Uniform1-5000_Seed3_J150_M75,"[0.002809, 1.000000]",75,150,0.1,max_proc,lowest_lower_bound,PRUNE,all_to_shortest,greedy,5987,123,123,6.5839362144470215,0.18126162240409774,True,4984.0,85,-1,4901.786666666667
Uniform1-5000_Seed4_J150_M75,"[0.001967, 0.962073]",75,150,0.2,max_proc,lowest_lower_bound,NO_PROFILING,all_to_shortest,greedy,6249,1253,2001,127.64016890525818,0.18629327359044112,False,5084.8533333333335,75,-1,5084.8533333333335
Uniform1-5000_Seed4_J150_M75,"[0.001967, 0.962073]",75,150,0.1,max_proc,lowest_lower_bound,PRUNE,all_to_shortest,greedy,6378,72,77,3.9302332401275635,0.20275112365422807,True,5373.0,75,-1,5084.8533333333335
Uniform1-5000_Seed5_J150_M75,"[0.007316, 0.988091]",75,150,0.2,max_proc,lowest_lower_bound,NO_PROFILING,all_to_shortest,greedy,6665,291,2001,129.40145206451416,0.24122630657664418,False,5057.2266666666665,75,-1,5057.2266666666665
Uniform1-5000_Seed5_J150_M75,"[0.007316, 0.988091]",75,150,0.1,max_proc,lowest_lower_bound,PRUNE,all_to_shortest,greedy,6398,78,78,4.055065870285034,0.20956132124622281,True,5467.0,76,-1,5057.2266666666665
Uniform1-5000_Seed6_J150_M75,"[0.015600, 1.000000]",75,150,0.2,max_proc,lowest_lower_bound,NO_PROFILING,all_to_shortest,greedy,5971,79,79,4.361562728881836,0.1669491430804444,True,5000.0,77,-1,4974.1466666666665
Uniform1-5000_Seed6_J150_M75,"[0.015600, 1.000000]",75,150,0.1,max_proc,lowest_lower_bound,PRUNE,all_to_shortest,greedy,5971,88,88,4.489250898361206,0.1669491430804444,True,5000.0,80,-1,4974.1466666666665
Uniform1-5000_Seed7_J150_M75,"[0.006841, 1.000000]",75,150,0.2,max_proc,lowest_lower_bound,NO_PROFILING,all_to_shortest,greedy,6153,331,2001,114.39480543136597,0.19451324557126606,False,4970.0,75,-1,4956.16
Uniform1-5000_Seed7_J150_M75,"[0.006841, 1.000000]",75,150,0.1,max_proc,lowest_lower_bound,PRUNE,all_to_shortest,greedy,6246,82,87,5.085766315460205,0.20650656420108873,True,5173.0,81,-1,4956.16
Uniform1-5000_Seed8_J150_M75,"[0.005296, 0.903619]",75,150,0.2,max_proc,lowest_lower_bound,NO_PROFILING,all_to_shortest,greedy,7129,234,2001,142.6004011631012,0.23190349277598538,False,5475.76,75,-1,5475.76
Uniform1-5000_Seed8_J150_M75,"[0.005296, 0.903619]",75,150,0.1,max_proc,lowest_lower_bound,PRUNE,all_to_shortest,greedy,6928,82,82,4.574094533920288,0.20961893764434178,True,5745.0,79,-1,5475.76
Uniform1-5000_Seed9_J150_M75,"[0.000188, 0.932472]",75,150,0.2,max_proc,lowest_lower_bound,NO_PROFILING,all_to_shortest,greedy,6690,618,2001,139.2746980190277,0.20554459392127553,False,5314.906666666667,75,-1,5314.906666666667
Uniform1-5000_Seed9_J150_M75,"[0.000188, 0.932472]",75,150,0.1,max_proc,lowest_lower_bound,PRUNE,all_to_shortest,greedy,6802,76,77,4.61436653137207,0.21862589434480054,True,5734.0,75,-1,5314.906666666667
Uniform1-5000_Seed10_J150_M75,"[0.008928, 0.986816]",75,150,0.2,max_proc,lowest_lower_bound,NO_PROFILING,all_to_shortest,greedy,6456,1490,2001,141.25403881072998,0.21926063610078486,False,5040.453333333333,75,-1,5040.453333333333
Uniform1-5000_Seed10_J150_M75,"[0.008928, 0.986816]",75,150,0.1,max_proc,lowest_lower_bound,PRUNE,all_to_shortest,greedy,6281,81,81,4.913734197616577,0.19750782784057747,True,5349.0,79,-1,5040.453333333333
Uniform1-5000_Seed11_J150_M75,"[0.003935, 0.983109]",75,150,0.2,max_proc,lowest_lower_bound,NO_PROFILING,all_to_shortest,greedy,6659,1341,2001,135.22748041152954,0.23669419832807728,False,5082.8533333333335,75,-1,5082.8533333333335
Uniform1-5000_Seed11_J150_M75,"[0.003935, 0.983109]",75,150,0.1,max_proc,lowest_lower_bound,PRUNE,all_to_shortest,greedy,6545,83,89,5.257753372192383,0.2233990323402088,True,5431.0,79,-1,5082.8533333333335
Uniform1-5000_Seed12_J150_M75,"[0.010028, 1.000000]",75,150,0.2,max_proc,lowest_lower_bound,NO_PROFILING,all_to_shortest,greedy,5957,89,89,4.899821758270264,0.16300151082759778,True,4986.0,87,-1,4986.0
Uniform1-5000_Seed12_J150_M75,"[0.010028, 1.000000]",75,150,0.1,max_proc,lowest_lower_bound,PRUNE,all_to_shortest,greedy,6067,98,98,6.1364264488220215,0.1781770232404813,True,5060.0,88,-1,4986.0
Uniform1-5000_Seed13_J150_M75,"[0.002409, 1.000000]",75,150,0.2,max_proc,lowest_lower_bound,NO_PROFILING,all_to_shortest,greedy,5956,85,85,5.032871723175049,0.19505036937541978,True,4981.0,83,-1,4794.28
Uniform1-5000_Seed13_J150_M75,"[0.002409, 1.000000]",75,150,0.1,max_proc,lowest_lower_bound,PRUNE,all_to_shortest,greedy,6054,95,95,5.72174859046936,0.20808060786257024,True,5023.0,84,-1,4794.28
Uniform1-5000_Seed14_J150_M75,"[0.005281, 0.935890]",75,150,0.2,max_proc,lowest_lower_bound,NO_PROFILING,all_to_shortest,greedy,6689,1021,2001,137.98972058296204,0.2073693128021129,False,5301.906666666667,75,-1,5301.906666666667
Uniform1-5000_Seed14_J150_M75,"[0.005281, 0.935890]",75,150,0.1,max_proc,lowest_lower_bound,PRUNE,all_to_shortest,greedy,6707,68,77,4.2986249923706055,0.2094965458973212,True,5595.0,75,-1,5301.906666666667
Uniform1-5000_Seed15_J150_M75,"[0.004017, 1.000000]",75,150,0.2,max_proc,lowest_lower_bound,NO_PROFILING,all_to_shortest,greedy,5945,76,76,4.301304817199707,0.16248948696383517,True,4979.0,74,-1,4979.0
Uniform1-5000_Seed15_J150_M75,"[0.004017, 1.000000]",75,150,0.1,max_proc,lowest_lower_bound,PRUNE,all_to_shortest,greedy,5946,76,76,4.3482606410980225,0.16263033972418434,True,4979.0,74,-1,4979.0
Uniform1-5000_Seed16_J150_M75,"[0.001369, 0.974397]",75,150,0.2,max_proc,lowest_lower_bound,NO_PROFILING,all_to_shortest,greedy,6639,138,2001,134.3233082294464,0.22971331023748556,False,5113.933333333333,75,-1,5113.933333333333
Uniform1-5000_Seed16_J150_M75,"[0.001369, 0.974397]",75,150,0.1,max_proc,lowest_lower_bound,PRUNE,all_to_shortest,greedy,6419,79,79,4.711759328842163,0.20331308095757386,True,5335.0,77,-1,5113.933333333333
Uniform1-5000_Seed17_J150_M75,"[0.030961, 0.922905]",75,150,0.2,max_proc,lowest_lower_bound,NO_PROFILING,all_to_shortest,greedy,6902,73,2001,138.16020035743713,0.21851057664445087,False,5393.84,75,-1,5393.84
Uniform1-5000_Seed17_J150_M75,"[0.030961, 0.922905]",75,150,0.1,max_proc,lowest_lower_bound,PRUNE,all_to_shortest,greedy,6930,70,77,4.52098274230957,0.22166810966810965,True,5741.0,75,-1,5393.84
Uniform1-5000_Seed18_J150_M75,"[0.009192, 0.977069]",75,150,0.2,max_proc,lowest_lower_bound,NO_PROFILING,all_to_shortest,greedy,6591,69,2001,138.68557620048523,0.2242067465736105,False,5113.253333333333,75,-1,5113.253333333333
Uniform1-5000_Seed18_J150_M75,"[0.009192, 0.977069]",75,150,0.1,max_proc,lowest_lower_bound,PRUNE,all_to_shortest,greedy,6495,78,78,4.398357152938843,0.21274005645368235,True,5436.0,76,-1,5113.253333333333
Uniform1-5000_Seed19_J150_M75,"[0.001074, 0.894598]",75,150,0.2,max_proc,lowest_lower_bound,NO_PROFILING,all_to_shortest,greedy,7177,65,2001,139.39647459983826,0.22140355766104686,False,5587.986666666667,75,-1,5587.986666666667
Uniform1-5000_Seed19_J150_M75,"[0.001074, 0.894598]",75,150,0.1,max_proc,lowest_lower_bound,PRUNE,all_to_shortest,greedy,7029,86,106,6.225098133087158,0.20500972162943995,True,5818.0,85,-1,5587.986666666667
Uniform1-5000_Seed20_J150_M75,"[0.008651, 0.972624]",75,150,0.2,max_proc,lowest_lower_bound,NO_PROFILING,all_to_shortest,greedy,6485,71,2001,134.8603971004486,0.21569159599074791,False,5086.24,75,-1,5086.24
Uniform1-5000_Seed20_J150_M75,"[0.008651, 0.972624]",75,150,0.1,max_proc,lowest_lower_bound,PRUNE,all_to_shortest,greedy,6366,97,97,6.011789083480835,0.20103047439522467,True,5301.0,79,-1,5086.24
Uniform1-5000_Seed21_J150_M75,"[0.001806, 1.000000]",75,150,0.2,max_proc,lowest_lower_bound,NO_PROFILING,all_to_shortest,greedy,5952,46,46,2.7962276935577393,0.16280241935483872,True,4983.0,44,-1,4983.0
Uniform1-5000_Seed21_J150_M75,"[0.001806, 1.000000]",75,150,0.1,max_proc,lowest_lower_bound,PRUNE,all_to_shortest,greedy,5801,55,55,3.399785041809082,0.141010170660231,True,4983.0,53,-1,4983.0
Uniform1-5000_Seed22_J150_M75,"[0.002004, 1.000000]",75,150,0.2,max_proc,lowest_lower_bound,NO_PROFILING,all_to_shortest,greedy,6393,745,2001,147.42821192741394,0.21945878304395433,False,4990.0,75,-1,4990.0
Uniform1-5000_Seed22_J150_M75,"[0.002004, 1.000000]",75,150,0.1,max_proc,lowest_lower_bound,PRUNE,all_to_shortest,greedy,6532,72,77,4.5047607421875,0.23606858542559706,True,5746.0,75,-1,4990.0
Uniform1-5000_Seed23_J150_M75,"[0.008027, 1.000000]",75,150,0.2,max_proc,lowest_lower_bound,NO_PROFILING,all_to_shortest,greedy,5960,161,161,9.326525926589966,0.1639261744966443,True,4983.0,88,-1,4983.0
Uniform1-5000_Seed23_J150_M75,"[0.008027, 1.000000]",75,150,0.1,max_proc,lowest_lower_bound,PRUNE,all_to_shortest,greedy,6010,110,110,6.755087852478027,0.17088186356073212,True,4983.0,85,-1,4983.0
Uniform1-5000_Seed24_J150_M75,"[0.007279, 0.976147]",75,150,0.2,max_proc,lowest_lower_bound,NO_PROFILING,all_to_shortest,greedy,6528,431,2001,131.27486038208008,0.22131535947712422,False,5083.253333333333,75,-1,5083.253333333333
Uniform1-5000_Seed24_J150_M75,"[0.007279, 0.976147]",75,150,0.1,max_proc,lowest_lower_bound,PRUNE,all_to_shortest,greedy,6504,80,80,5.067796230316162,0.21844198441984422,True,5421.0,78,-1,5083.253333333333
Uniform1-5000_Seed25_J150_M75,"[0.003031, 1.000000]",75,150,0.2,max_proc,lowest_lower_bound,NO_PROFILING,all_to_shortest,greedy,5899,85,85,4.909246206283569,0.16104424478725207,True,4949.0,83,-1,4949.0
Uniform1-5000_Seed25_J150_M75,"[0.003031, 1.000000]",75,150,0.1,max_proc,lowest_lower_bound,PRUNE,all_to_shortest,greedy,5944,86,86,4.9579503536224365,0.1673956931359354,True,4949.0,84,-1,4949.0
Uniform1-5000_Seed26_J150_M75,"[0.004533, 0.905445]",75,150,0.2,max_proc,lowest_lower_bound,NO_PROFILING,all_to_shortest,greedy,6973,880,2001,150.91132593154907,0.20901763946651364,False,5515.52,75,-1,5515.52
Uniform1-5000_Seed26_J150_M75,"[0.004533, 0.905445]",75,150,0.1,max_proc,lowest_lower_bound,PRUNE,all_to_shortest,greedy,6981,72,77,5.460792303085327,0.20992407964474996,True,5857.0,75,-1,5515.52
Uniform1-5000_Seed27_J150_M75,"[0.025779, 1.000000]",75,150,0.2,max_proc,lowest_lower_bound,NO_PROFILING,all_to_shortest,greedy,6385,64,2001,140.44742274284363,0.24056382145653876,False,4849.0,75,-1,4849.0
Uniform1-5000_Seed27_J150_M75,"[0.025779, 1.000000]",75,150,0.1,max_proc,lowest_lower_bound,PRUNE,all_to_shortest,greedy,6451,65,77,4.62368369102478,0.24833359169121066,True,5352.0,75,-1,4849.0
Uniform1-5000_Seed28_J150_M75,"[0.009252, 1.000000]",75,150,0.2,max_proc,lowest_lower_bound,NO_PROFILING,all_to_shortest,greedy,5952,62,62,3.189674139022827,0.1646505376344086,True,4972.0,60,-1,4972.0
Uniform1-5000_Seed28_J150_M75,"[0.009252, 1.000000]",75,150,0.1,max_proc,lowest_lower_bound,PRUNE,all_to_shortest,greedy,5883,64,64,3.091310501098633,0.15485296617372088,True,4972.0,62,-1,4972.0
Uniform1-5000_Seed29_J150_M75,"[0.004201, 1.000000]",75,150,0.2,max_proc,lowest_lower_bound,NO_PROFILING,all_to_shortest,greedy,5990,71,71,3.6503167152404785,0.16544240400667778,True,4999.0,69,-1,4999.0
Uniform1-5000_Seed29_J150_M75,"[0.004201, 1.000000]",75,150,0.1,max_proc,lowest_lower_bound,PRUNE,all_to_shortest,greedy,6075,73,671,42.682491302490234,0.177119341563786,True,5031.0,85,-1,4999.0
Uniform1-5000_Seed30_J150_M75,"[0.009405, 0.999525]",75,150,0.2,max_proc,lowest_lower_bound,NO_PROFILING,all_to_shortest,greedy,6375,312,2001,122.18695616722107,0.21609830065359484,False,4997.373333333333,76,-1,4997.373333333333
Uniform1-5000_Seed30_J150_M75,"[0.009405, 0.999525]",75,150,0.1,max_proc,lowest_lower_bound,PRUNE,all_to_shortest,greedy,6413,150,150,8.965198278427124,0.2207432818753574,True,5334.0,82,-1,4997.373333333333
Uniform1-5000_Seed31_J150_M75,"[0.002807, 1.000000]",75,150,0.2,max_proc,lowest_lower_bound,NO_PROFILING,all_to_shortest,greedy,6352,1211,2001,121.91999125480652,0.21489294710327456,False,4987.0,75,-1,4987.0
Uniform1-5000_Seed31_J150_M75,"[0.002807, 1.000000]",75,150,0.1,max_proc,lowest_lower_bound,PRUNE,all_to_shortest,greedy,6372,76,77,4.149917125701904,0.21735718769617074,True,5367.0,75,-1,4987.0
Uniform1-5000_Seed32_J150_M75,"[0.001978, 0.987727]",75,150,0.2,max_proc,lowest_lower_bound,NO_PROFILING,all_to_shortest,greedy,6026,87,87,4.668339252471924,0.16112844341188184,True,5055.04,85,-1,5055.04
Uniform1-5000_Seed32_J150_M75,"[0.001978, 0.987727]",75,150,0.1,max_proc,lowest_lower_bound,PRUNE,all_to_shortest,greedy,6113,93,93,4.965242147445679,0.1730672337641093,True,5055.04,91,-1,5055.04
Uniform1-5000_Seed33_J150_M75,"[0.005851, 1.000000]",75,150,0.2,max_proc,lowest_lower_bound,NO_PROFILING,all_to_shortest,greedy,5841,55,55,3.0448193550109863,0.15151515151515152,True,4956.0,53,-1,4956.0
Uniform1-5000_Seed33_J150_M75,"[0.005851, 1.000000]",75,150,0.1,max_proc,lowest_lower_bound,PRUNE,all_to_shortest,greedy,5941,57,57,3.0153703689575195,0.16579700387140212,True,4956.0,55,-1,4956.0
Uniform1-5000_Seed34_J150_M75,"[0.028819, 0.958893]",75,150,0.2,max_proc,lowest_lower_bound,NO_PROFILING,all_to_shortest,greedy,6629,1095,2001,130.8661606311798,0.21481973148287825,False,5204.96,78,-1,5204.96
Uniform1-5000_Seed34_J150_M75,"[0.028819, 0.958893]",75,150,0.1,max_proc,lowest_lower_bound,PRUNE,all_to_shortest,greedy,6518,87,87,4.523126840591431,0.20144829702362688,True,5388.0,84,-1,5204.96
Uniform1-5000_Seed35_J150_M75,"[0.005963, 0.903003]",75,150,0.2,max_proc,lowest_lower_bound,NO_PROFILING,all_to_shortest,greedy,6961,1314,2001,140.17522549629211,0.2050337595173107,False,5533.76,75,-1,5533.76
Uniform1-5000_Seed35_J150_M75,"[0.005963, 0.903003]",75,150,0.1,max_proc,lowest_lower_bound,PRUNE,all_to_shortest,greedy,7039,80,80,5.199826002120972,0.21384287540843866,True,5844.0,76,-1,5533.76
Uniform1-5000_Seed36_J150_M75,"[0.002368, 0.984830]",75,150,0.2,max_proc,lowest_lower_bound,NO_PROFILING,all_to_shortest,greedy,6050,87,87,5.019953012466431,0.16233388429752063,True,5067.88,85,-1,5067.88
Uniform1-5000_Seed36_J150_M75,"[0.002368, 0.984830]",75,150,0.1,max_proc,lowest_lower_bound,PRUNE,all_to_shortest,greedy,6161,92,92,5.6469621658325195,0.17742574257425742,True,5123.0,85,-1,5067.88
Uniform1-5000_Seed37_J150_M75,"[0.003106, 0.961476]",75,150,0.2,max_proc,lowest_lower_bound,NO_PROFILING,all_to_shortest,greedy,6598,77,2001,128.43853664398193,0.21924017379003743,False,5151.453333333333,75,-1,5151.453333333333
Uniform1-5000_Seed37_J150_M75,"[0.003106, 0.961476]",75,150,0.1,max_proc,lowest_lower_bound,PRUNE,all_to_shortest,greedy,6471,80,80,4.580089569091797,0.20391696285993927,True,5386.0,78,-1,5151.453333333333
Uniform1-5000_Seed38_J150_M75,"[0.000200, 1.000000]",75,150,0.2,max_proc,lowest_lower_bound,NO_PROFILING,all_to_shortest,greedy,5959,72,72,3.7305352687835693,0.16244336298036582,True,4991.0,70,-1,4991.0
Uniform1-5000_Seed38_J150_M75,"[0.000200, 1.000000]",75,150,0.1,max_proc,lowest_lower_bound,PRUNE,all_to_shortest,greedy,5987,77,77,4.463152885437012,0.16636044763654584,True,4991.0,75,-1,4991.0
Uniform1-5000_Seed39_J150_M75,"[0.003387, 0.993049]",75,150,0.2,max_proc,lowest_lower_bound,NO_PROFILING,all_to_shortest,greedy,6454,238,2001,127.25557589530945,0.2222043177357711,False,5019.893333333333,75,-1,5019.893333333333
Uniform1-5000_Seed39_J150_M75,"[0.003387, 0.993049]",75,150,0.1,max_proc,lowest_lower_bound,PRUNE,all_to_shortest,greedy,6477,75,77,4.2269675731658936,0.22496629097833357,True,5390.0,75,-1,5019.893333333333
Uniform1-5000_Seed40_J150_M75,"[0.011888, 0.955241]",75,150,0.2,max_proc,lowest_lower_bound,NO_PROFILING,all_to_shortest,greedy,6622,75,2001,134.60913157463074,0.21240712775596501,False,5215.44,75,-1,5215.44
Uniform1-5000_Seed40_J150_M75,"[0.011888, 0.955241]",75,150,0.1,max_proc,lowest_lower_bound,PRUNE,all_to_shortest,greedy,6523,81,81,4.751350164413452,0.2004537789360724,True,5430.0,79,-1,5215.44
Uniform1-5000_Seed41_J150_M75,"[0.001407, 1.000000]",75,150,0.2,max_proc,lowest_lower_bound,NO_PROFILING,all_to_shortest,greedy,5816,89,89,5.313688039779663,0.14477303988995874,True,4974.0,87,-1,4974.0
Uniform1-5000_Seed41_J150_M75,"[0.001407, 1.000000]",75,150,0.1,max_proc,lowest_lower_bound,PRUNE,all_to_shortest,greedy,5948,80,80,4.100044250488281,0.16375252185608608,True,4974.0,77,-1,4974.0
Uniform1-5000_Seed42_J150_M75,"[0.007125, 1.000000]",75,150,0.2,max_proc,lowest_lower_bound,NO_PROFILING,all_to_shortest,greedy,6056,139,2001,122.49284195899963,0.18890356671070013,False,4912.0,75,-1,4912.0
Uniform1-5000_Seed42_J150_M75,"[0.007125, 1.000000]",75,150,0.1,max_proc,lowest_lower_bound,PRUNE,all_to_shortest,greedy,6170,77,77,3.2296226024627686,0.2038897893030794,True,5149.0,75,-1,4912.0
Uniform1-5000_Seed43_J150_M75,"[0.006180, 0.932039]",75,150,0.2,max_proc,lowest_lower_bound,NO_PROFILING,all_to_shortest,greedy,6786,773,2001,110.31019020080566,0.21309951861676,False,5339.906666666667,75,-1,5339.906666666667
Uniform1-5000_Seed43_J150_M75,"[0.006180, 0.932039]",75,150,0.1,max_proc,lowest_lower_bound,PRUNE,all_to_shortest,greedy,6854,74,77,4.7053728103637695,0.22090652660247057,True,5697.0,75,-1,5339.906666666667
Uniform1-5000_Seed44_J150_M75,"[0.018138, 1.000000]",75,150,0.2,max_proc,lowest_lower_bound,NO_PROFILING,all_to_shortest,greedy,5880,65,65,3.3940629959106445,0.15612244897959185,True,4962.0,63,-1,4962.0
Uniform1-5000_Seed44_J150_M75,"[0.018138, 1.000000]",75,150,0.1,max_proc,lowest_lower_bound,PRUNE,all_to_shortest,greedy,5834,73,73,3.8087995052337646,0.149468632156325,True,4962.0,71,-1,4962.0
Uniform1-5000_Seed45_J150_M75,"[0.013717, 0.964461]",75,150,0.2,max_proc,lowest_lower_bound,NO_PROFILING,all_to_shortest,greedy,6511,142,2001,125.63937091827393,0.20504581989453743,False,5175.946666666667,75,-1,5175.946666666667
Uniform1-5000_Seed45_J150_M75,"[0.013717, 0.964461]",75,150,0.1,max_proc,lowest_lower_bound,PRUNE,all_to_shortest,greedy,6592,75,77,4.687668800354004,0.21481391585760518,True,5514.0,75,-1,5175.946666666667
Uniform1-5000_Seed46_J150_M75,"[0.003374, 0.988957]",75,150,0.2,max_proc,lowest_lower_bound,NO_PROFILING,all_to_shortest,greedy,6485,76,2001,130.75713920593262,0.2230316114109483,False,5038.64,75,-1,5038.64
Uniform1-5000_Seed46_J150_M75,"[0.003374, 0.988957]",75,150,0.1,max_proc,lowest_lower_bound,PRUNE,all_to_shortest,greedy,6329,82,82,4.70520544052124,0.20388054984989726,True,5289.0,80,-1,5038.64
Uniform1-5000_Seed47_J150_M75,"[0.025814, 0.938525]",75,150,0.2,max_proc,lowest_lower_bound,NO_PROFILING,all_to_shortest,greedy,6802,1947,2001,129.13742876052856,0.21974909340390084,False,5307.266666666666,75,-1,5307.266666666666
Uniform1-5000_Seed47_J150_M75,"[0.025814, 0.938525]",75,150,0.1,max_proc,lowest_lower_bound,PRUNE,all_to_shortest,greedy,6841,77,77,4.360788822174072,0.22419724211859868,True,5674.0,75,-1,5307.266666666666
Uniform1-5000_Seed48_J150_M75,"[0.009629, 0.996640]",75,150,0.2,max_proc,lowest_lower_bound,NO_PROFILING,all_to_shortest,greedy,5948,83,83,4.289889574050903,0.16194575207352607,True,4984.746666666667,81,-1,4984.746666666667
Uniform1-5000_Seed48_J150_M75,"[0.009629, 0.996640]",75,150,0.1,max_proc,lowest_lower_bound,PRUNE,all_to_shortest,greedy,6018,112,112,6.5189409255981445,0.17169380746648938,True,4984.746666666667,91,-1,4984.746666666667
Uniform1-5000_Seed49_J150_M75,"[0.000184, 0.918742]",75,150,0.2,max_proc,lowest_lower_bound,NO_PROFILING,all_to_shortest,greedy,6846,794,2001,127.53153467178345,0.20520985490310645,False,5441.133333333333,75,-1,5441.133333333333
Uniform1-5000_Seed49_J150_M75,"[0.000184, 0.918742]",75,150,0.1,max_proc,lowest_lower_bound,PRUNE,all_to_shortest,greedy,6943,76,77,4.3768229484558105,0.21631379326899997,True,5748.0,75,-1,5441.133333333333
Uniform1-5000_Seed50_J150_M75,"[0.006285, 1.000000]",75,150,0.2,max_proc,lowest_lower_bound,NO_PROFILING,all_to_shortest,greedy,5877,82,82,3.9934003353118896,0.16079632465543645,True,4932.0,80,-1,4932.0
Uniform1-5000_Seed50_J150_M75,"[0.006285, 1.000000]",75,150,0.1,max_proc,lowest_lower_bound,PRUNE,all_to_shortest,greedy,5957,71,71,4.170185565948486,0.1720664764143025,True,4932.0,69,-1,4932.0
Uniform1-5000_Seed51_J150_M75,"[0.000605, 1.000000]",75,150,0.2,max_proc,lowest_lower_bound,NO_PROFILING,all_to_shortest,greedy,5939,80,80,4.371932744979858,0.1650109446034686,True,4959.0,78,-1,4959.0
Uniform1-5000_Seed51_J150_M75,"[0.000605, 1.000000]",75,150,0.1,max_proc,lowest_lower_bound,PRUNE,all_to_shortest,greedy,5991,80,80,4.132403373718262,0.17225838758137205,True,4986.0,78,-1,4959.0
Uniform1-5000_Seed52_J150_M75,"[0.003352, 0.982528]",75,150,0.2,max_proc,lowest_lower_bound,NO_PROFILING,all_to_shortest,greedy,6294,247,2001,132.19640183448792,0.19421459591145,False,5071.613333333334,76,-1,5071.613333333334
Uniform1-5000_Seed52_J150_M75,"[0.003352, 0.982528]",75,150,0.1,max_proc,lowest_lower_bound,PRUNE,all_to_shortest,greedy,6237,90,90,5.501866340637207,0.18685051573940456,True,5285.0,88,-1,5071.613333333334
Uniform1-5000_Seed53_J150_M75,"[0.007149, 0.990273]",75,150,0.2,max_proc,lowest_lower_bound,NO_PROFILING,all_to_shortest,greedy,6106,133,2001,124.60528564453125,0.17523965498416857,False,5035.986666666667,87,-1,5035.986666666667
Uniform1-5000_Seed53_J150_M75,"[0.007149, 0.990273]",75,150,0.1,max_proc,lowest_lower_bound,PRUNE,all_to_shortest,greedy,6179,131,516,27.734191179275513,0.18498354642067216,True,5116.0,86,-1,5035.986666666667
Uniform1-5000_Seed54_J150_M75,"[0.001805, 1.000000]",75,150,0.2,max_proc,lowest_lower_bound,NO_PROFILING,all_to_shortest,greedy,6121,1731,2001,134.76177835464478,0.1854272177748734,False,4986.0,80,-1,4986.0
Uniform1-5000_Seed54_J150_M75,"[0.001805, 1.000000]",75,150,0.1,max_proc,lowest_lower_bound,PRUNE,all_to_shortest,greedy,6158,76,78,4.543344497680664,0.19032153296524845,True,5110.0,76,-1,4986.0
Uniform1-5000_Seed55_J150_M75,"[0.000797, 0.988090]",75,150,0.2,max_proc,lowest_lower_bound,NO_PROFILING,all_to_shortest,greedy,6425,764,2001,124.1177499294281,0.21886796368352784,False,5018.7733333333335,75,-1,5018.7733333333335
Uniform1-5000_Seed55_J150_M75,"[0.000797, 0.988090]",75,150,0.1,max_proc,lowest_lower_bound,PRUNE,all_to_shortest,greedy,6333,78,78,4.317167043685913,0.20752039581030576,True,5274.0,76,-1,5018.7733333333335
Uniform1-5000_Seed56_J150_M75,"[0.016236, 0.919892]",75,150,0.2,max_proc,lowest_lower_bound,NO_PROFILING,all_to_shortest,greedy,6792,706,2001,140.24838137626648,0.2019729093050648,False,5420.2,75,-1,5420.2
Uniform1-5000_Seed56_J150_M75,"[0.016236, 0.919892]",75,150,0.1,max_proc,lowest_lower_bound,PRUNE,all_to_shortest,greedy,6820,77,77,4.455338478088379,0.20524926686217013,True,5757.0,75,-1,5420.2
Uniform1-5000_Seed57_J150_M75,"[0.016421, 1.000000]",75,150,0.2,max_proc,lowest_lower_bound,NO_PROFILING,all_to_shortest,greedy,5748,73,73,3.6198761463165283,0.16301322199025747,True,4811.0,71,-1,4811.0
Uniform1-5000_Seed57_J150_M75,"[0.016421, 1.000000]",75,150,0.1,max_proc,lowest_lower_bound,PRUNE,all_to_shortest,greedy,5724,71,71,3.8076298236846924,0.1595038434661076,True,4811.0,69,-1,4811.0
Uniform1-5000_Seed58_J150_M75,"[0.005463, 0.936243]",75,150,0.2,max_proc,lowest_lower_bound,NO_PROFILING,all_to_shortest,greedy,6788,909,2001,128.26559472084045,0.21796503633863687,False,5308.453333333333,75,-1,5308.453333333333
Uniform1-5000_Seed58_J150_M75,"[0.005463, 0.936243]",75,150,0.1,max_proc,lowest_lower_bound,PRUNE,all_to_shortest,greedy,6468,84,84,5.07512640953064,0.17927437641723362,True,5625.0,80,-1,5308.453333333333
Uniform1-5000_Seed59_J150_M75,"[0.000971, 0.970587]",75,150,0.2,max_proc,lowest_lower_bound,NO_PROFILING,all_to_shortest,greedy,6388,1319,2001,125.51170110702515,0.19356293049467746,False,5151.52,83,-1,5151.52
Uniform1-5000_Seed59_J150_M75,"[0.000971, 0.970587]",75,150,0.1,max_proc,lowest_lower_bound,PRUNE,all_to_shortest,greedy,6418,422,422,22.013248443603516,0.1973325023371766,True,5318.0,86,-1,5151.52
Uniform1-5000_Seed60_J150_M75,"[0.006871, 0.923808]",75,150,0.2,max_proc,lowest_lower_bound,NO_PROFILING,all_to_shortest,greedy,6598,954,2001,139.53911352157593,0.18379508942103673,False,5385.32,83,-1,5385.32
Uniform1-5000_Seed60_J150_M75,"[0.006871, 0.923808]",75,150,0.1,max_proc,lowest_lower_bound,PRUNE,all_to_shortest,greedy,6745,86,86,5.198237657546997,0.20158339510748707,True,5592.0,83,-1,5385.32
Uniform1-5000_Seed61_J150_M75,"[0.008268, 1.000000]",75,150,0.2,max_proc,lowest_lower_bound,NO_PROFILING,all_to_shortest,greedy,6053,1465,2001,129.18775272369385,0.18073682471501734,False,4959.0,75,-1,4959.0
Uniform1-5000_Seed61_J150_M75,"[0.008268, 1.000000]",75,150,0.1,max_proc,lowest_lower_bound,PRUNE,all_to_shortest,greedy,6227,74,77,4.61028528213501,0.2036293560301911,True,5202.0,75,-1,4959.0
Uniform1-5000_Seed62_J150_M75,"[0.001842, 1.000000]",75,150,0.2,max_proc,lowest_lower_bound,NO_PROFILING,all_to_shortest,greedy,6266,1976,2001,146.20552134513855,0.22039578678582827,False,4885.0,75,-1,4885.0
Uniform1-5000_Seed62_J150_M75,"[0.001842, 1.000000]",75,150,0.1,max_proc,lowest_lower_bound,PRUNE,all_to_shortest,greedy,6348,71,82,4.699374675750732,0.230466288594833,True,5255.0,80,-1,4885.0
Uniform1-5000_Seed63_J150_M75,"[0.003635, 0.949040]",75,150,0.2,max_proc,lowest_lower_bound,NO_PROFILING,all_to_shortest,greedy,6546,178,2001,144.84722113609314,0.2014380283124555,False,5227.386666666666,75,-1,5227.386666666666
Uniform1-5000_Seed63_J150_M75,"[0.003635, 0.949040]",75,150,0.1,max_proc,lowest_lower_bound,PRUNE,all_to_shortest,greedy,6655,75,143,8.63666558265686,0.21451740545955428,True,5510.0,89,-1,5227.386666666666
Uniform1-5000_Seed64_J150_M75,"[0.004731, 1.000000]",75,150,0.2,max_proc,lowest_lower_bound,NO_PROFILING,all_to_shortest,greedy,6104,1333,2001,116.88204574584961,0.20347313237221495,False,4862.0,75,-1,4862.0
Uniform1-5000_Seed64_J150_M75,"[0.004731, 1.000000]",75,150,0.1,max_proc,lowest_lower_bound,PRUNE,all_to_shortest,greedy,6151,74,99,5.018570184707642,0.20955942123231994,True,5094.0,82,-1,4862.0
Uniform1-5000_Seed65_J150_M75,"[0.012493, 0.959254]",75,150,0.2,max_proc,lowest_lower_bound,NO_PROFILING,all_to_shortest,greedy,6301,1366,2001,129.46755838394165,0.17425805427709887,False,5203.0,93,-1,5203.0
Uniform1-5000_Seed65_J150_M75,"[0.012493, 0.959254]",75,150,0.1,max_proc,lowest_lower_bound,PRUNE,all_to_shortest,greedy,6406,295,295,15.694813966751099,0.18779269434904777,True,5334.0,87,-1,5203.0
Uniform1-5000_Seed66_J150_M75,"[0.008566, 0.985146]",75,150,0.2,max_proc,lowest_lower_bound,NO_PROFILING,all_to_shortest,greedy,6303,1387,2001,134.12375688552856,0.20362367126765027,False,5019.56,75,-1,5019.56
Uniform1-5000_Seed66_J150_M75,"[0.008566, 0.985146]",75,150,0.1,max_proc,lowest_lower_bound,PRUNE,all_to_shortest,greedy,6323,66,77,4.462431192398071,0.2061426538035742,True,5275.0,75,-1,5019.56
Uniform1-5000_Seed67_J150_M75,"[0.001830, 1.000000]",75,150,0.2,max_proc,lowest_lower_bound,NO_PROFILING,all_to_shortest,greedy,5797,74,74,3.9349288940429688,0.15163015352768675,True,4918.0,72,-1,4918.0
Uniform1-5000_Seed67_J150_M75,"[0.001830, 1.000000]",75,150,0.1,max_proc,lowest_lower_bound,PRUNE,all_to_shortest,greedy,5813,75,75,4.004733085632324,0.15396525030104938,True,4918.0,73,-1,4918.0
Uniform1-5000_Seed68_J150_M75,"[0.006609, 1.000000]",75,150,0.2,max_proc,lowest_lower_bound,NO_PROFILING,all_to_shortest,greedy,5867,83,83,4.6043477058410645,0.148968808590421,True,4993.0,81,-1,4993.0
Uniform1-5000_Seed68_J150_M75,"[0.006609, 1.000000]",75,150,0.1,max_proc,lowest_lower_bound,PRUNE,all_to_shortest,greedy,5956,84,84,4.539530515670776,0.1616856950973808,True,4993.0,82,-1,4993.0
Uniform1-5000_Seed69_J150_M75,"[0.003673, 0.918184]",75,150,0.2,max_proc,lowest_lower_bound,NO_PROFILING,all_to_shortest,greedy,7095,1047,2001,134.82390785217285,0.23248296922715522,False,5445.533333333334,75,-1,5445.533333333334
Uniform1-5000_Seed69_J150_M75,"[0.003673, 0.918184]",75,150,0.1,max_proc,lowest_lower_bound,PRUNE,all_to_shortest,greedy,7042,85,85,4.454916954040527,0.22670642809807814,True,5874.0,80,-1,5445.533333333334
Uniform1-5000_Seed70_J150_M75,"[0.006494, 0.927483]",75,150,0.2,max_proc,lowest_lower_bound,NO_PROFILING,all_to_shortest,greedy,6802,1767,2001,135.04488372802734,0.2076075664020386,False,5389.8533333333335,75,-1,5389.8533333333335
Uniform1-5000_Seed70_J150_M75,"[0.006494, 0.927483]",75,150,0.1,max_proc,lowest_lower_bound,PRUNE,all_to_shortest,greedy,6659,90,90,5.124982833862305,0.19059117985683535,True,5575.0,78,-1,5389.8533333333335
Uniform1-5000_Seed71_J150_M75,"[0.011392, 0.961786]",75,150,0.2,max_proc,lowest_lower_bound,NO_PROFILING,all_to_shortest,greedy,6673,1443,2001,141.41210627555847,0.2239012937709176,False,5178.906666666667,75,-1,5178.906666666667
Uniform1-5000_Seed71_J150_M75,"[0.011392, 0.961786]",75,150,0.1,max_proc,lowest_lower_bound,PRUNE,all_to_shortest,greedy,6686,66,77,4.070669412612915,0.22541031010070794,True,5527.0,75,-1,5178.906666666667
Uniform1-5000_Seed72_J150_M75,"[0.006918, 0.983277]",75,150,0.2,max_proc,lowest_lower_bound,NO_PROFILING,all_to_shortest,greedy,6412,220,2001,131.96313285827637,0.2109149511332917,False,5059.613333333334,75,-1,5059.613333333334
Uniform1-5000_Seed72_J150_M75,"[0.006918, 0.983277]",75,150,0.1,max_proc,lowest_lower_bound,PRUNE,all_to_shortest,greedy,6324,79,79,4.6537017822265625,0.19993464052287577,True,5378.0,77,-1,5059.613333333334
Uniform1-5000_Seed73_J150_M75,"[0.007238, 1.000000]",75,150,0.2,max_proc,lowest_lower_bound,NO_PROFILING,all_to_shortest,greedy,5813,79,79,4.2635886669158936,0.1443316703939446,True,4974.0,77,-1,4974.0
Uniform1-5000_Seed73_J150_M75,"[0.007238, 1.000000]",75,150,0.1,max_proc,lowest_lower_bound,PRUNE,all_to_shortest,greedy,5873,82,82,4.913950681686401,0.15307338668482887,True,4974.0,77,-1,4974.0
Uniform1-5000_Seed74_J150_M75,"[0.021582, 0.997357]",75,150,0.2,max_proc,lowest_lower_bound,NO_PROFILING,all_to_shortest,greedy,6387,1303,2001,146.7327024936676,0.21649809508898285,False,5004.2266666666665,75,-1,5004.2266666666665
Uniform1-5000_Seed74_J150_M75,"[0.021582, 0.997357]",75,150,0.1,max_proc,lowest_lower_bound,PRUNE,all_to_shortest,greedy,6290,83,83,5.37587571144104,0.20441547429782728,True,5226.0,81,-1,5004.2266666666665
Uniform1-5000_Seed75_J150_M75,"[0.003314, 0.917820]",75,150,0.2,max_proc,lowest_lower_bound,NO_PROFILING,all_to_shortest,greedy,6855,1571,2001,141.73938536643982,0.20768101142718215,False,5431.346666666666,75,-1,5431.346666666666
Uniform1-5000_Seed75_J150_M75,"[0.003314, 0.917820]",75,150,0.1,max_proc,lowest_lower_bound,PRUNE,all_to_shortest,greedy,6879,76,77,4.549628734588623,0.21044531666424388,True,5732.0,75,-1,5431.346666666666
Uniform1-5000_Seed76_J150_M75,"[0.005535, 0.951619]",75,150,0.2,max_proc,lowest_lower_bound,NO_PROFILING,all_to_shortest,greedy,6686,669,2001,139.73648476600647,0.21634858909163432,False,5239.493333333333,77,-1,5239.493333333333
Uniform1-5000_Seed76_J150_M75,"[0.005535, 0.951619]",75,150,0.1,max_proc,lowest_lower_bound,PRUNE,all_to_shortest,greedy,6505,84,84,4.808860540390015,0.19454368434537542,True,5443.0,82,-1,5239.493333333333
Uniform1-5000_Seed77_J150_M75,"[0.004343, 0.938933]",75,150,0.2,max_proc,lowest_lower_bound,NO_PROFILING,all_to_shortest,greedy,6782,1015,2001,133.0737874507904,0.2190445296372752,False,5296.44,75,-1,5296.44
Uniform1-5000_Seed77_J150_M75,"[0.004343, 0.938933]",75,150,0.1,max_proc,lowest_lower_bound,PRUNE,all_to_shortest,greedy,6651,70,79,4.441056251525879,0.2036626071267479,True,5507.0,76,-1,5296.44
Uniform1-5000_Seed78_J150_M75,"[0.004327, 0.876083]",75,150,0.2,max_proc,lowest_lower_bound,NO_PROFILING,all_to_shortest,greedy,6955,1463,2001,126.75010132789612,0.2025478073328541,False,5546.28,75,-1,5546.28
Uniform1-5000_Seed78_J150_M75,"[0.004327, 0.876083]",75,150,0.1,max_proc,lowest_lower_bound,PRUNE,all_to_shortest,greedy,6925,77,77,4.329941272735596,0.19909314079422386,True,5837.0,75,-1,5546.28
Uniform1-5000_Seed79_J150_M75,"[0.001201, 1.000000]",75,150,0.2,max_proc,lowest_lower_bound,NO_PROFILING,all_to_shortest,greedy,5957,66,66,3.1298584938049316,0.16132281349672653,True,4996.0,64,-1,4996.0
Uniform1-5000_Seed79_J150_M75,"[0.001201, 1.000000]",75,150,0.1,max_proc,lowest_lower_bound,PRUNE,all_to_shortest,greedy,6089,75,77,4.273162841796875,0.17950402364920348,True,5117.0,75,-1,4996.0
Uniform1-5000_Seed80_J150_M75,"[0.004303, 1.000000]",75,150,0.2,max_proc,lowest_lower_bound,NO_PROFILING,all_to_shortest,greedy,5840,80,80,4.582256317138672,0.1643835616438356,True,4880.0,78,-1,4880.0
Uniform1-5000_Seed80_J150_M75,"[0.004303, 1.000000]",75,150,0.1,max_proc,lowest_lower_bound,PRUNE,all_to_shortest,greedy,5997,68,80,4.6092894077301025,0.18625979656494915,True,4963.0,77,-1,4880.0
Uniform1-5000_Seed81_J150_M75,"[0.002201, 1.000000]",75,150,0.2,max_proc,lowest_lower_bound,NO_PROFILING,all_to_shortest,greedy,5982,85,85,4.775391101837158,0.16466064861250418,True,4997.0,83,-1,4997.0
Uniform1-5000_Seed81_J150_M75,"[0.002201, 1.000000]",75,150,0.1,max_proc,lowest_lower_bound,PRUNE,all_to_shortest,greedy,5887,104,104,5.626793384552002,0.15118056735179208,True,5014.0,90,-1,4997.0
Uniform1-5000_Seed82_J150_M75,"[0.007069, 1.000000]",75,150,0.2,max_proc,lowest_lower_bound,NO_PROFILING,all_to_shortest,greedy,5824,66,66,3.460167646408081,0.14989697802197802,True,4951.0,64,-1,4951.0
Uniform1-5000_Seed82_J150_M75,"[0.007069, 1.000000]",75,150,0.1,max_proc,lowest_lower_bound,PRUNE,all_to_shortest,greedy,5967,66,66,3.5929884910583496,0.17026981732864085,True,4951.0,64,-1,4951.0
Uniform1-5000_Seed83_J150_M75,"[0.014223, 1.000000]",75,150,0.2,max_proc,lowest_lower_bound,NO_PROFILING,all_to_shortest,greedy,6190,992,2001,134.76450896263123,0.19353796445880453,False,4992.0,75,-1,4992.0
Uniform1-5000_Seed83_J150_M75,"[0.014223, 1.000000]",75,150,0.1,max_proc,lowest_lower_bound,PRUNE,all_to_shortest,greedy,6270,78,78,4.2441325187683105,0.20382775119617225,True,5237.0,76,-1,4992.0
Uniform1-5000_Seed84_J150_M75,"[0.001855, 0.927463]",75,150,0.2,max_proc,lowest_lower_bound,NO_PROFILING,all_to_shortest,greedy,7165,1766,2001,146.77920842170715,0.24773575250058152,False,5389.973333333333,75,-1,5389.973333333333
Uniform1-5000_Seed84_J150_M75,"[0.001855, 0.927463]",75,150,0.1,max_proc,lowest_lower_bound,PRUNE,all_to_shortest,greedy,7208,74,77,5.0484089851379395,0.2522234554199038,True,6251.0,75,-1,5389.973333333333
Uniform1-5000_Seed85_J150_M75,"[0.002975, 0.979136]",75,150,0.2,max_proc,lowest_lower_bound,NO_PROFILING,all_to_shortest,greedy,6105,706,2001,134.66500115394592,0.17408681408681412,False,5042.2,94,-1,5042.2
Uniform1-5000_Seed85_J150_M75,"[0.002975, 0.979136]",75,150,0.1,max_proc,lowest_lower_bound,PRUNE,all_to_shortest,greedy,6188,235,319,21.42585587501526,0.1851648351648352,True,5127.0,93,-1,5042.2
Uniform1-5000_Seed86_J150_M75,"[0.011807, 1.000000]",75,150,0.2,max_proc,lowest_lower_bound,NO_PROFILING,all_to_shortest,greedy,5974,84,84,4.182221174240112,0.16354201540006696,True,4997.0,82,-1,4997.0
Uniform1-5000_Seed86_J150_M75,"[0.011807, 1.000000]",75,150,0.1,max_proc,lowest_lower_bound,PRUNE,all_to_shortest,greedy,6068,83,84,5.2189085483551025,0.17649967040210943,True,5043.0,77,-1,4997.0
Uniform1-5000_Seed87_J150_M75,"[0.000808, 1.000000]",75,150,0.2,max_proc,lowest_lower_bound,NO_PROFILING,all_to_shortest,greedy,5873,91,91,5.242190599441528,0.1568193427549804,True,4952.0,89,-1,4952.0
Uniform1-5000_Seed87_J150_M75,"[0.000808, 1.000000]",75,150,0.1,max_proc,lowest_lower_bound,PRUNE,all_to_shortest,greedy,6066,87,87,5.367210865020752,0.18364655456643586,True,5049.0,84,-1,4952.0
Uniform1-5000_Seed88_J150_M75,"[0.001500, 0.935548]",75,150,0.2,max_proc,lowest_lower_bound,NO_PROFILING,all_to_shortest,greedy,7021,1299,2001,135.9702205657959,0.2403114466125433,False,5333.7733333333335,75,-1,5333.7733333333335
Uniform1-5000_Seed88_J150_M75,"[0.001500, 0.935548]",75,150,0.1,max_proc,lowest_lower_bound,PRUNE,all_to_shortest,greedy,7029,76,77,3.923384189605713,0.24117608004931945,True,5831.0,75,-1,5333.7733333333335
Uniform1-5000_Seed89_J150_M75,"[0.006412, 1.000000]",75,150,0.2,max_proc,lowest_lower_bound,NO_PROFILING,all_to_shortest,greedy,5595,62,62,2.9807240962982178,0.10795352993744414,True,4991.0,60,-1,4991.0
Uniform1-5000_Seed89_J150_M75,"[0.006412, 1.000000]",75,150,0.1,max_proc,lowest_lower_bound,PRUNE,all_to_shortest,greedy,5836,58,58,3.039869785308838,0.1447909527073338,True,4991.0,56,-1,4991.0
Uniform1-5000_Seed90_J150_M75,"[0.006562, 0.956906]",75,150,0.2,max_proc,lowest_lower_bound,NO_PROFILING,all_to_shortest,greedy,6445,222,2001,132.96462440490723,0.19607757951900703,False,5181.28,79,-1,5181.28
Uniform1-5000_Seed90_J150_M75,"[0.006562, 0.956906]",75,150,0.1,max_proc,lowest_lower_bound,PRUNE,all_to_shortest,greedy,6509,78,78,4.909537076950073,0.20398217852204645,True,5403.0,76,-1,5181.28
Uniform1-5000_Seed91_J150_M75,"[0.004435, 0.959862]",75,150,0.2,max_proc,lowest_lower_bound,NO_PROFILING,all_to_shortest,greedy,6163,86,86,4.480295419692993,0.15850073016388125,True,5186.16,84,-1,5186.16
Uniform1-5000_Seed91_J150_M75,"[0.004435, 0.959862]",75,150,0.1,max_proc,lowest_lower_bound,PRUNE,all_to_shortest,greedy,6311,108,141,8.031669616699219,0.17823482807795915,True,5228.0,86,-1,5186.16
Uniform1-5000_Seed92_J150_M75,"[0.000586, 0.969285]",75,150,0.2,max_proc,lowest_lower_bound,NO_PROFILING,all_to_shortest,greedy,6398,1514,2001,134.12552046775818,0.20019172658122333,False,5117.173333333333,75,-1,5117.173333333333
Uniform1-5000_Seed92_J150_M75,"[0.000586, 0.969285]",75,150,0.1,max_proc,lowest_lower_bound,PRUNE,all_to_shortest,greedy,6426,78,78,4.752392292022705,0.20367672995123978,True,5457.0,76,-1,5117.173333333333
Uniform1-5000_Seed93_J150_M75,"[0.003807, 0.940614]",75,150,0.2,max_proc,lowest_lower_bound,NO_PROFILING,all_to_shortest,greedy,6691,936,2001,114.5855233669281,0.21476411099486872,False,5254.013333333333,77,-1,5254.013333333333
Uniform1-5000_Seed93_J150_M75,"[0.003807, 0.940614]",75,150,0.1,max_proc,lowest_lower_bound,PRUNE,all_to_shortest,greedy,6567,87,88,3.9182426929473877,0.19993705903253642,True,5476.0,82,-1,5254.013333333333
Uniform1-5000_Seed94_J150_M75,"[0.002851, 0.948973]",75,150,0.2,max_proc,lowest_lower_bound,NO_PROFILING,all_to_shortest,greedy,6348,752,2001,105.0972752571106,0.17115942028985515,False,5261.48,95,-1,5261.48
Uniform1-5000_Seed94_J150_M75,"[0.002851, 0.948973]",75,150,0.1,max_proc,lowest_lower_bound,PRUNE,all_to_shortest,greedy,6350,187,187,8.08085298538208,0.17142047244094494,True,5261.48,93,-1,5261.48
Uniform1-5000_Seed95_J150_M75,"[0.000818, 0.986533]",75,150,0.2,max_proc,lowest_lower_bound,NO_PROFILING,all_to_shortest,greedy,5859,180,180,7.474308729171753,0.16558457074586105,True,4888.84,94,-1,4888.84
Uniform1-5000_Seed95_J150_M75,"[0.000818, 0.986533]",75,150,0.1,max_proc,lowest_lower_bound,PRUNE,all_to_shortest,greedy,5894,112,112,4.916749477386475,0.17053953172718017,True,4888.84,94,-1,4888.84
Uniform1-5000_Seed96_J150_M75,"[0.001760, 0.977629]",75,150,0.2,max_proc,lowest_lower_bound,NO_PROFILING,all_to_shortest,greedy,6351,561,2001,104.25270962715149,0.1947073951608671,False,5114.413333333333,79,-1,5114.413333333333
Uniform1-5000_Seed96_J150_M75,"[0.001760, 0.977629]",75,150,0.1,max_proc,lowest_lower_bound,PRUNE,all_to_shortest,greedy,6371,88,88,3.848520517349243,0.19723538952545394,True,5303.0,85,-1,5114.413333333333
Uniform1-5000_Seed97_J150_M75,"[0.001579, 0.976607]",75,150,0.2,max_proc,lowest_lower_bound,NO_PROFILING,all_to_shortest,greedy,6285,1295,2001,104.6610312461853,0.19370776982232824,False,5067.546666666667,75,-1,5067.546666666667
Uniform1-5000_Seed97_J150_M75,"[0.001579, 0.976607]",75,150,0.1,max_proc,lowest_lower_bound,PRUNE,all_to_shortest,greedy,6356,75,77,3.6337451934814453,0.2027144954898258,True,5378.0,75,-1,5067.546666666667
Uniform1-5000_Seed98_J150_M75,"[0.000600, 1.000000]",75,150,0.2,max_proc,lowest_lower_bound,NO_PROFILING,all_to_shortest,greedy,5955,73,73,3.3169684410095215,0.16036943744752308,True,5000.0,71,-1,5000.0
Uniform1-5000_Seed98_J150_M75,"[0.000600, 1.000000]",75,150,0.1,max_proc,lowest_lower_bound,PRUNE,all_to_shortest,greedy,5959,76,76,3.526407480239868,0.16093304245678805,True,5000.0,74,-1,5000.0
Uniform1-5000_Seed99_J150_M75,"[0.002282, 0.940488]",75,150,0.2,max_proc,lowest_lower_bound,NO_PROFILING,all_to_shortest,greedy,6711,718,2001,112.71269631385803,0.21652411463765955,False,5257.906666666667,75,-1,5257.906666666667
Uniform1-5000_Seed99_J150_M75,"[0.002282, 0.940488]",75,150,0.1,max_proc,lowest_lower_bound,PRUNE,all_to_shortest,greedy,6819,73,77,3.5170247554779053,0.2289328836095224,True,5672.0,75,-1,5257.906666666667
Uniform1-5000_Seed100_J150_M75,"[0.000584, 0.972592]",75,150,0.2,max_proc,lowest_lower_bound,NO_PROFILING,all_to_shortest,greedy,6311,648,2001,107.96120381355286,0.18638356309089946,False,5134.733333333334,75,-1,5134.733333333334
Uniform1-5000_Seed100_J150_M75,"[0.000584, 0.972592]",75,150,0.1,max_proc,lowest_lower_bound,PRUNE,all_to_shortest,greedy,6367,77,77,3.2255191802978516,0.19353960525626926,True,5435.0,75,-1,5134.733333333334
Uniform1-5000_Seed1_J200_M100,"[0.003201, 1.000000]",100,200,0.2,max_proc,lowest_lower_bound,NO_PROFILING,all_to_shortest,greedy,5967,96,96,8.09394359588623,0.2055304172951231,True,4998.0,94,-1,4740.6
Uniform1-5000_Seed1_J200_M100,"[0.003201, 1.000000]",100,200,0.1,max_proc,lowest_lower_bound,PRUNE,all_to_shortest,greedy,6021,96,96,8.40606689453125,0.2126557050323866,True,4998.0,94,-1,4740.6
Uniform1-5000_Seed2_J200_M100,"[0.003881, 0.970069]",100,200,0.2,max_proc,lowest_lower_bound,NO_PROFILING,all_to_shortest,greedy,6581,673,2001,232.8624231815338,0.21695183102871907,False,5153.24,100,-1,5153.24
Uniform1-5000_Seed2_J200_M100,"[0.003881, 0.970069]",100,200,0.1,max_proc,lowest_lower_bound,PRUNE,all_to_shortest,greedy,6570,101,102,11.799015998840332,0.21564079147640794,True,5581.0,100,-1,5153.24
Uniform1-5000_Seed3_J200_M100,"[0.002802, 1.000000]",100,200,0.2,max_proc,lowest_lower_bound,NO_PROFILING,all_to_shortest,greedy,5994,117,117,11.994003295898438,0.17344678011344683,True,4997.0,115,-1,4954.36
Uniform1-5000_Seed3_J200_M100,"[0.002802, 1.000000]",100,200,0.1,max_proc,lowest_lower_bound,PRUNE,all_to_shortest,greedy,6036,118,118,12.921997308731079,0.17919814446653418,True,4997.0,116,-1,4954.36
Uniform1-5000_Seed4_J200_M100,"[0.001951, 0.954375]",100,200,0.2,max_proc,lowest_lower_bound,NO_PROFILING,all_to_shortest,greedy,6417,460,2001,224.28265047073364,0.20120461274738977,False,5125.87,100,-1,5125.87
Uniform1-5000_Seed4_J200_M100,"[0.001951, 0.954375]",100,200,0.1,max_proc,lowest_lower_bound,PRUNE,all_to_shortest,greedy,6551,101,102,9.560752391815186,0.21754388642955275,True,5428.0,100,-1,5125.87
Uniform1-5000_Seed5_J200_M100,"[0.007365, 0.994646]",100,200,0.2,max_proc,lowest_lower_bound,NO_PROFILING,all_to_shortest,greedy,6668,398,2001,201.90946626663208,0.24656568686262753,False,5023.9,100,-1,5023.9
Uniform1-5000_Seed5_J200_M100,"[0.007365, 0.994646]",100,200,0.1,max_proc,lowest_lower_bound,PRUNE,all_to_shortest,greedy,6366,106,106,9.38832688331604,0.21082312284008803,True,5441.0,101,-1,5023.9
Uniform1-5000_Seed6_J200_M100,"[0.002000, 1.000000]",100,200,0.2,max_proc,lowest_lower_bound,NO_PROFILING,all_to_shortest,greedy,5873,104,104,9.192631006240845,0.18118167886940234,True,5000.0,102,-1,4808.92
Uniform1-5000_Seed6_J200_M100,"[0.002000, 1.000000]",100,200,0.1,max_proc,lowest_lower_bound,PRUNE,all_to_shortest,greedy,5954,112,112,10.063284873962402,0.19232112865300638,True,5000.0,104,-1,4808.92
Uniform1-5000_Seed7_J200_M100,"[0.002385, 0.987940]",100,200,0.2,max_proc,lowest_lower_bound,NO_PROFILING,all_to_shortest,greedy,6537,1815,2001,212.19945192337036,0.23043139054612205,False,5030.67,100,-1,5030.67
Uniform1-5000_Seed7_J200_M100,"[0.002385, 0.987940]",100,200,0.1,max_proc,lowest_lower_bound,PRUNE,all_to_shortest,greedy,6467,103,103,10.304839611053467,0.22210143807020255,True,5345.0,100,-1,5030.67
Uniform1-5000_Seed8_J200_M100,"[0.005371, 0.916429]",100,200,0.2,max_proc,lowest_lower_bound,NO_PROFILING,all_to_shortest,greedy,7051,685,2001,228.579087972641,0.23426180683590977,False,5399.22,100,-1,5399.22
Uniform1-5000_Seed8_J200_M100,"[0.005371, 0.916429]",100,200,0.1,max_proc,lowest_lower_bound,PRUNE,all_to_shortest,greedy,6883,109,109,10.544675827026367,0.21557169838733106,True,5755.0,102,-1,5399.22
Uniform1-5000_Seed9_J200_M100,"[0.000194, 0.959768]",100,200,0.2,max_proc,lowest_lower_bound,NO_PROFILING,all_to_shortest,greedy,6558,498,2001,236.48610758781433,0.21260292772186642,False,5163.75,100,-1,5163.75
Uniform1-5000_Seed9_J200_M100,"[0.000194, 0.959768]",100,200,0.1,max_proc,lowest_lower_bound,PRUNE,all_to_shortest,greedy,6575,102,102,10.991449356079102,0.21463878326996197,True,5530.0,100,-1,5163.75
Uniform1-5000_Seed10_J200_M100,"[0.008485, 0.937894]",100,200,0.2,max_proc,lowest_lower_bound,NO_PROFILING,all_to_shortest,greedy,6743,102,2001,222.69348812103271,0.21349992584902863,False,5303.37,100,-1,5303.37
Uniform1-5000_Seed10_J200_M100,"[0.008485, 0.937894]",100,200,0.1,max_proc,lowest_lower_bound,PRUNE,all_to_shortest,greedy,6555,116,116,11.081578969955444,0.19094279176201376,True,5552.0,114,-1,5303.37
Uniform1-5000_Seed11_J200_M100,"[0.000191, 0.954271]",100,200,0.2,max_proc,lowest_lower_bound,NO_PROFILING,all_to_shortest,greedy,6763,1863,2001,218.42875719070435,0.2257193553156883,False,5236.46,100,-1,5236.46
Uniform1-5000_Seed11_J200_M100,"[0.000191, 0.954271]",100,200,0.1,max_proc,lowest_lower_bound,PRUNE,all_to_shortest,greedy,6670,125,125,12.650331020355225,0.21492353823088456,True,5663.0,107,-1,5236.46
Uniform1-5000_Seed12_J200_M100,"[0.006217, 1.000000]",100,200,0.2,max_proc,lowest_lower_bound,NO_PROFILING,all_to_shortest,greedy,6353,814,2001,201.8902633190155,0.2151739335746891,False,4986.0,102,-1,4986.0
Uniform1-5000_Seed12_J200_M100,"[0.006217, 1.000000]",100,200,0.1,max_proc,lowest_lower_bound,PRUNE,all_to_shortest,greedy,6181,119,130,12.39965271949768,0.19333441190745834,True,5159.0,110,-1,4986.0
Uniform1-5000_Seed13_J200_M100,"[0.002409, 1.000000]",100,200,0.2,max_proc,lowest_lower_bound,NO_PROFILING,all_to_shortest,greedy,5958,114,114,10.896576881408691,0.20284994964753272,True,4981.0,112,-1,4749.42
Uniform1-5000_Seed13_J200_M100,"[0.002409, 1.000000]",100,200,0.1,max_proc,lowest_lower_bound,PRUNE,all_to_shortest,greedy,6063,104,104,9.992221355438232,0.21665512122711528,True,5024.0,100,-1,4749.42
Uniform1-5000_Seed14_J200_M100,"[0.003062, 0.949669]",100,200,0.2,max_proc,lowest_lower_bound,NO_PROFILING,all_to_shortest,greedy,6634,1961,2001,211.7214868068695,0.2123937292734399,False,5224.98,100,-1,5224.98
Uniform1-5000_Seed14_J200_M100,"[0.003062, 0.949669]",100,200,0.1,max_proc,lowest_lower_bound,PRUNE,all_to_shortest,greedy,6584,103,103,10.165940999984741,0.20641251518833542,True,5454.0,101,-1,5224.98
Uniform1-5000_Seed15_J200_M100,"[0.003979, 0.990649]",100,200,0.2,max_proc,lowest_lower_bound,NO_PROFILING,all_to_shortest,greedy,6420,298,2001,216.57638454437256,0.21713395638629285,False,5026.0,100,-1,5026.0
Uniform1-5000_Seed15_J200_M100,"[0.003979, 0.990649]",100,200,0.1,max_proc,lowest_lower_bound,PRUNE,all_to_shortest,greedy,6405,92,102,9.730989933013916,0.21530054644808744,True,5351.0,100,-1,5026.0
Uniform1-5000_Seed16_J200_M100,"[0.001338, 0.952782]",100,200,0.2,max_proc,lowest_lower_bound,NO_PROFILING,all_to_shortest,greedy,6866,1074,2001,220.36165237426758,0.2382828429944655,False,5229.95,100,-1,5229.95
Uniform1-5000_Seed16_J200_M100,"[0.001338, 0.952782]",100,200,0.1,max_proc,lowest_lower_bound,PRUNE,all_to_shortest,greedy,6905,101,102,10.098232507705688,0.2425850832729906,True,5750.0,100,-1,5229.95
Uniform1-5000_Seed17_J200_M100,"[0.004269, 0.924004]",100,200,0.2,max_proc,lowest_lower_bound,NO_PROFILING,all_to_shortest,greedy,6929,1853,2001,235.39543294906616,0.22248232068119497,False,5387.42,100,-1,5387.42
Uniform1-5000_Seed17_J200_M100,"[0.004269, 0.924004]",100,200,0.1,max_proc,lowest_lower_bound,PRUNE,all_to_shortest,greedy,6807,107,107,10.684664011001587,0.20854708388423682,True,5669.0,103,-1,5387.42
Uniform1-5000_Seed18_J200_M100,"[0.008959, 0.952323]",100,200,0.2,max_proc,lowest_lower_bound,NO_PROFILING,all_to_shortest,greedy,6704,180,2001,224.6932418346405,0.21746420047732698,False,5246.12,100,-1,5246.12
Uniform1-5000_Seed18_J200_M100,"[0.008959, 0.952323]",100,200,0.1,max_proc,lowest_lower_bound,PRUNE,all_to_shortest,greedy,6754,98,102,10.302947044372559,0.22325732899022802,True,5763.0,100,-1,5246.12
Uniform1-5000_Seed19_J200_M100,"[0.001075, 0.896040]",100,200,0.2,max_proc,lowest_lower_bound,NO_PROFILING,all_to_shortest,greedy,6954,336,2001,218.01441860198975,0.19772936439459307,False,5578.99,100,-1,5578.99
Uniform1-5000_Seed19_J200_M100,"[0.001075, 0.896040]",100,200,0.1,max_proc,lowest_lower_bound,PRUNE,all_to_shortest,greedy,7031,111,113,11.268268346786499,0.2065154316597924,True,5818.0,111,-1,5578.99
Uniform1-5000_Seed20_J200_M100,"[0.008880, 0.998361]",100,200,0.2,max_proc,lowest_lower_bound,NO_PROFILING,all_to_shortest,greedy,6178,711,2001,211.11461400985718,0.19794108125606993,False,4955.12,108,-1,4955.12
Uniform1-5000_Seed20_J200_M100,"[0.008880, 0.998361]",100,200,0.1,max_proc,lowest_lower_bound,PRUNE,all_to_shortest,greedy,6047,166,166,17.005196571350098,0.18056556970398546,True,5076.0,112,-1,4955.12
Uniform1-5000_Seed21_J200_M100,"[0.001806, 1.000000]",100,200,0.2,max_proc,lowest_lower_bound,NO_PROFILING,all_to_shortest,greedy,5902,73,73,6.200263261795044,0.15570992883768214,True,4983.0,71,-1,4983.0
Uniform1-5000_Seed21_J200_M100,"[0.001806, 1.000000]",100,200,0.1,max_proc,lowest_lower_bound,PRUNE,all_to_shortest,greedy,5965,69,69,6.2807090282440186,0.16462699077954737,True,4983.0,67,-1,4983.0
Uniform1-5000_Seed22_J200_M100,"[0.002004, 1.000000]",100,200,0.2,max_proc,lowest_lower_bound,NO_PROFILING,all_to_shortest,greedy,6158,1159,2001,208.63088965415955,0.18967197141929198,False,4990.0,100,-1,4990.0
Uniform1-5000_Seed22_J200_M100,"[0.002004, 1.000000]",100,200,0.1,max_proc,lowest_lower_bound,PRUNE,all_to_shortest,greedy,6257,104,104,10.128711223602295,0.20249320760747963,True,5181.0,101,-1,4990.0
Uniform1-5000_Seed23_J200_M100,"[0.007859, 0.980997]",100,200,0.2,max_proc,lowest_lower_bound,NO_PROFILING,all_to_shortest,greedy,6373,112,2001,219.30951857566833,0.20136199592028867,False,5089.72,110,-1,5089.72
Uniform1-5000_Seed23_J200_M100,"[0.007859, 0.980997]",100,200,0.1,max_proc,lowest_lower_bound,PRUNE,all_to_shortest,greedy,6419,140,717,73.5687358379364,0.20708521576569555,True,5353.0,111,-1,5089.72
Uniform1-5000_Seed24_J200_M100,"[0.003723, 0.972331]",100,200,0.2,max_proc,lowest_lower_bound,NO_PROFILING,all_to_shortest,greedy,6635,1483,2001,203.22037053108215,0.2308666164280332,False,5103.2,100,-1,5103.2
Uniform1-5000_Seed24_J200_M100,"[0.003723, 0.972331]",100,200,0.1,max_proc,lowest_lower_bound,PRUNE,all_to_shortest,greedy,6676,101,103,9.871984481811523,0.2355901737567406,True,5523.0,100,-1,5103.2
Uniform1-5000_Seed25_J200_M100,"[0.003031, 1.000000]",100,200,0.2,max_proc,lowest_lower_bound,NO_PROFILING,all_to_shortest,greedy,6196,909,2001,198.37642002105713,0.2012588766946417,False,4949.0,100,-1,4949.0
Uniform1-5000_Seed25_J200_M100,"[0.003031, 1.000000]",100,200,0.1,max_proc,lowest_lower_bound,PRUNE,all_to_shortest,greedy,6271,90,102,9.153939723968506,0.210811672779461,True,5198.0,100,-1,4949.0
Uniform1-5000_Seed26_J200_M100,"[0.004634, 0.925734]",100,200,0.2,max_proc,lowest_lower_bound,NO_PROFILING,all_to_shortest,greedy,6764,316,2001,219.43171525001526,0.20244825547013598,False,5394.64,100,-1,5394.64
Uniform1-5000_Seed26_J200_M100,"[0.004634, 0.925734]",100,200,0.1,max_proc,lowest_lower_bound,PRUNE,all_to_shortest,greedy,6939,102,102,10.279494285583496,0.22256232886583077,True,5770.0,100,-1,5394.64
Uniform1-5000_Seed27_J200_M100,"[0.025288, 1.000000]",100,200,0.2,max_proc,lowest_lower_bound,NO_PROFILING,all_to_shortest,greedy,6132,250,2001,205.71435856819153,0.19390084801043705,False,4943.0,100,-1,4943.0
Uniform1-5000_Seed27_J200_M100,"[0.025288, 1.000000]",100,200,0.1,max_proc,lowest_lower_bound,PRUNE,all_to_shortest,greedy,6104,107,107,10.67329454421997,0.19020314547837483,True,5089.0,105,-1,4943.0
Uniform1-5000_Seed28_J200_M100,"[0.009252, 1.000000]",100,200,0.2,max_proc,lowest_lower_bound,NO_PROFILING,all_to_shortest,greedy,5883,101,101,8.909512519836426,0.15485296617372088,True,4972.0,99,-1,4972.0
Uniform1-5000_Seed28_J200_M100,"[0.009252, 1.000000]",100,200,0.1,max_proc,lowest_lower_bound,PRUNE,all_to_shortest,greedy,5942,103,103,9.690046310424805,0.16324469875462808,True,4972.0,101,-1,4972.0
Uniform1-5000_Seed29_J200_M100,"[0.000800, 1.000000]",100,200,0.2,max_proc,lowest_lower_bound,NO_PROFILING,all_to_shortest,greedy,6107,459,2001,219.68999886512756,0.1814311445881775,False,4999.0,115,-1,4999.0
Uniform1-5000_Seed29_J200_M100,"[0.000800, 1.000000]",100,200,0.1,max_proc,lowest_lower_bound,PRUNE,all_to_shortest,greedy,6189,98,2001,222.68427848815918,0.19227661980933916,False,5106.0,112,-1,4999.0
Uniform1-5000_Seed30_J200_M100,"[0.001201, 1.000000]",100,200,0.2,max_proc,lowest_lower_bound,NO_PROFILING,all_to_shortest,greedy,5958,105,105,9.29338002204895,0.16163141993957703,True,4995.0,103,-1,4995.0
Uniform1-5000_Seed30_J200_M100,"[0.001201, 1.000000]",100,200,0.1,max_proc,lowest_lower_bound,PRUNE,all_to_shortest,greedy,5958,106,106,9.490782260894775,0.16163141993957703,True,4995.0,104,-1,4995.0
Uniform1-5000_Seed31_J200_M100,"[0.002806, 1.000000]",100,200,0.2,max_proc,lowest_lower_bound,NO_PROFILING,all_to_shortest,greedy,6312,151,2001,203.42457962036133,0.2094423320659062,False,4990.0,104,-1,4990.0
Uniform1-5000_Seed31_J200_M100,"[0.002806, 1.000000]",100,200,0.1,max_proc,lowest_lower_bound,PRUNE,all_to_shortest,greedy,6135,111,111,10.702878713607788,0.18663406682966585,True,5150.0,109,-1,4990.0
Uniform1-5000_Seed32_J200_M100,"[0.001979, 0.987981]",100,200,0.2,max_proc,lowest_lower_bound,NO_PROFILING,all_to_shortest,greedy,6100,1051,2001,209.7439398765564,0.1715180327868853,False,5053.74,122,-1,5053.74
Uniform1-5000_Seed32_J200_M100,"[0.001979, 0.987981]",100,200,0.1,max_proc,lowest_lower_bound,PRUNE,all_to_shortest,greedy,6286,322,322,34.58985948562622,0.19603245307031503,True,5200.0,114,-1,5053.74
Uniform1-5000_Seed33_J200_M100,"[0.001614, 1.000000]",100,200,0.2,max_proc,lowest_lower_bound,NO_PROFILING,all_to_shortest,greedy,5934,77,77,6.599842071533203,0.16481294236602628,True,4956.0,75,-1,4956.0
Uniform1-5000_Seed33_J200_M100,"[0.001614, 1.000000]",100,200,0.1,max_proc,lowest_lower_bound,PRUNE,all_to_shortest,greedy,5891,81,81,7.096554517745972,0.1587166864708878,True,4956.0,79,-1,4956.0
Uniform1-5000_Seed34_J200_M100,"[0.016228, 0.975805]",100,200,0.2,max_proc,lowest_lower_bound,NO_PROFILING,all_to_shortest,greedy,6397,523,2001,214.76455283164978,0.20044552133812724,False,5114.75,115,-1,5114.75
Uniform1-5000_Seed34_J200_M100,"[0.016228, 0.975805]",100,200,0.1,max_proc,lowest_lower_bound,PRUNE,all_to_shortest,greedy,6405,228,228,22.302680015563965,0.20144418423106947,True,5297.0,118,-1,5114.75
Uniform1-5000_Seed35_J200_M100,"[0.006065, 0.918328]",100,200,0.2,max_proc,lowest_lower_bound,NO_PROFILING,all_to_shortest,greedy,6910,1123,2001,216.21339988708496,0.21253111432706226,False,5441.41,100,-1,5441.41
Uniform1-5000_Seed35_J200_M100,"[0.006065, 0.918328]",100,200,0.1,max_proc,lowest_lower_bound,PRUNE,all_to_shortest,greedy,6933,102,102,10.082158088684082,0.2151435165152171,True,5775.0,100,-1,5441.41
Uniform1-5000_Seed36_J200_M100,"[0.002307, 0.959693]",100,200,0.2,max_proc,lowest_lower_bound,NO_PROFILING,all_to_shortest,greedy,6678,1295,2001,208.33530735969543,0.22123090745732257,False,5200.62,101,-1,5200.62
Uniform1-5000_Seed36_J200_M100,"[0.002307, 0.959693]",100,200,0.1,max_proc,lowest_lower_bound,PRUNE,all_to_shortest,greedy,6588,109,109,10.490298986434937,0.21059198542805102,True,5448.0,107,-1,5200.62
Uniform1-5000_Seed37_J200_M100,"[0.003199, 0.990261]",100,200,0.2,max_proc,lowest_lower_bound,NO_PROFILING,all_to_shortest,greedy,5973,117,117,10.791369438171387,0.16261342708856522,True,5001.71,115,-1,5001.71
Uniform1-5000_Seed37_J200_M100,"[0.003199, 0.990261]",100,200,0.1,max_proc,lowest_lower_bound,PRUNE,all_to_shortest,greedy,6047,118,118,11.157801866531372,0.1728609227716223,True,5001.71,116,-1,5001.71
Uniform1-5000_Seed38_J200_M100,"[0.000200, 1.000000]",100,200,0.2,max_proc,lowest_lower_bound,NO_PROFILING,all_to_shortest,greedy,5949,119,119,11.11003828048706,0.16103546814590688,True,4991.0,117,-1,4991.0
Uniform1-5000_Seed38_J200_M100,"[0.000200, 1.000000]",100,200,0.1,max_proc,lowest_lower_bound,PRUNE,all_to_shortest,greedy,6072,126,140,13.4636812210083,0.17803030303030304,True,5033.0,115,-1,4991.0
Uniform1-5000_Seed39_J200_M100,"[0.003410, 1.000000]",100,200,0.2,max_proc,lowest_lower_bound,NO_PROFILING,all_to_shortest,greedy,6271,802,2001,199.10038304328918,0.20507096156912774,False,4985.0,100,-1,4985.0
Uniform1-5000_Seed39_J200_M100,"[0.003410, 1.000000]",100,200,0.1,max_proc,lowest_lower_bound,PRUNE,all_to_shortest,greedy,6285,101,102,9.595497608184814,0.20684168655529037,True,5255.0,100,-1,4985.0
Uniform1-5000_Seed40_J200_M100,"[0.012206, 0.996924]",100,200,0.2,max_proc,lowest_lower_bound,NO_PROFILING,all_to_shortest,greedy,6415,1564,2001,212.1461443901062,0.2209867498051442,False,4997.37,100,-1,4997.37
Uniform1-5000_Seed40_J200_M100,"[0.012206, 0.996924]",100,200,0.1,max_proc,lowest_lower_bound,PRUNE,all_to_shortest,greedy,6330,103,103,9.886073112487793,0.21052606635071092,True,5255.0,101,-1,4997.37
Uniform1-5000_Seed41_J200_M100,"[0.001407, 1.000000]",100,200,0.2,max_proc,lowest_lower_bound,NO_PROFILING,all_to_shortest,greedy,6019,1358,2001,211.85337615013123,0.1736168798803788,False,4974.0,114,-1,4974.0
Uniform1-5000_Seed41_J200_M100,"[0.001407, 1.000000]",100,200,0.1,max_proc,lowest_lower_bound,PRUNE,all_to_shortest,greedy,6057,146,148,14.721978902816772,0.17880138682516097,True,5080.0,110,-1,4974.0
Uniform1-5000_Seed42_J200_M100,"[0.007046, 0.992868]",100,200,0.2,max_proc,lowest_lower_bound,NO_PROFILING,all_to_shortest,greedy,6333,1929,2001,222.13107919692993,0.215627664613927,False,4967.43,100,-1,4967.43
Uniform1-5000_Seed42_J200_M100,"[0.007046, 0.992868]",100,200,0.1,max_proc,lowest_lower_bound,PRUNE,all_to_shortest,greedy,6373,98,102,9.817524909973145,0.220550761023066,True,5317.0,100,-1,4967.43
Uniform1-5000_Seed43_J200_M100,"[0.006405, 0.965924]",100,200,0.2,max_proc,lowest_lower_bound,NO_PROFILING,all_to_shortest,greedy,6743,485,2001,205.5305950641632,0.23586237579712296,False,5152.58,100,-1,5152.58
Uniform1-5000_Seed43_J200_M100,"[0.006405, 0.965924]",100,200,0.1,max_proc,lowest_lower_bound,PRUNE,all_to_shortest,greedy,6493,104,104,9.608118534088135,0.20644078238102573,True,5575.0,102,-1,5152.58
Uniform1-5000_Seed44_J200_M100,"[0.012092, 1.000000]",100,200,0.2,max_proc,lowest_lower_bound,NO_PROFILING,all_to_shortest,greedy,5912,108,108,9.626073122024536,0.16069012178619757,True,4962.0,106,-1,4962.0
Uniform1-5000_Seed44_J200_M100,"[0.012092, 1.000000]",100,200,0.1,max_proc,lowest_lower_bound,PRUNE,all_to_shortest,greedy,5995,101,101,9.293324708938599,0.17231025854879065,True,4962.0,99,-1,4962.0
Uniform1-5000_Seed45_J200_M100,"[0.011404, 0.998746]",100,200,0.2,max_proc,lowest_lower_bound,NO_PROFILING,all_to_shortest,greedy,6472,900,2001,216.4480345249176,0.22770859085290476,False,4998.27,100,-1,4998.27
Uniform1-5000_Seed45_J200_M100,"[0.011404, 0.998746]",100,200,0.1,max_proc,lowest_lower_bound,PRUNE,all_to_shortest,greedy,6327,109,109,10.383248805999756,0.21000948316737783,True,5288.0,107,-1,4998.27
Uniform1-5000_Seed46_J200_M100,"[0.003288, 0.963910]",100,200,0.2,max_proc,lowest_lower_bound,NO_PROFILING,all_to_shortest,greedy,6636,515,2001,212.81325387954712,0.2209810126582279,False,5169.57,100,-1,5169.57
Uniform1-5000_Seed46_J200_M100,"[0.003288, 0.963910]",100,200,0.1,max_proc,lowest_lower_bound,PRUNE,all_to_shortest,greedy,6555,112,112,10.91351056098938,0.2113546910755149,True,5470.0,110,-1,5169.57
Uniform1-5000_Seed47_J200_M100,"[0.012786, 0.950533]",100,200,0.2,max_proc,lowest_lower_bound,NO_PROFILING,all_to_shortest,greedy,6728,1955,2001,215.4715769290924,0.2211325802615933,False,5240.22,100,-1,5240.22
Uniform1-5000_Seed47_J200_M100,"[0.012786, 0.950533]",100,200,0.1,max_proc,lowest_lower_bound,PRUNE,all_to_shortest,greedy,6796,102,102,9.619949579238892,0.22892583872866387,True,5659.0,100,-1,5240.22
Uniform1-5000_Seed48_J200_M100,"[0.000793, 0.987892]",100,200,0.2,max_proc,lowest_lower_bound,NO_PROFILING,all_to_shortest,greedy,6046,124,124,11.702553272247314,0.16588488256698636,True,5043.06,122,-1,5043.06
Uniform1-5000_Seed48_J200_M100,"[0.000793, 0.987892]",100,200,0.1,max_proc,lowest_lower_bound,PRUNE,all_to_shortest,greedy,6226,104,105,9.967641353607178,0.18999999999999995,True,5174.0,102,-1,5043.06
Uniform1-5000_Seed49_J200_M100,"[0.000183, 0.914998]",100,200,0.2,max_proc,lowest_lower_bound,NO_PROFILING,all_to_shortest,greedy,7217,97,2001,217.94874930381775,0.24298184841346826,False,5463.4,100,-1,5463.4
Uniform1-5000_Seed49_J200_M100,"[0.000183, 0.914998]",100,200,0.1,max_proc,lowest_lower_bound,PRUNE,all_to_shortest,greedy,7003,103,103,9.817242860794067,0.21984863629872917,True,5881.0,101,-1,5463.4
Uniform1-5000_Seed50_J200_M100,"[0.006285, 1.000000]",100,200,0.2,max_proc,lowest_lower_bound,NO_PROFILING,all_to_shortest,greedy,5906,102,102,9.092288970947266,0.16491703352522857,True,4932.0,100,-1,4932.0
Uniform1-5000_Seed50_J200_M100,"[0.006285, 1.000000]",100,200,0.1,max_proc,lowest_lower_bound,PRUNE,all_to_shortest,greedy,5934,102,102,9.45183515548706,0.16885743174924167,True,4932.0,100,-1,4932.0
Uniform1-5000_Seed51_J200_M100,"[0.000602, 1.000000]",100,200,0.2,max_proc,lowest_lower_bound,NO_PROFILING,all_to_shortest,greedy,5853,121,121,11.410018920898438,0.14795831197676404,True,4987.0,119,-1,4987.0
Uniform1-5000_Seed51_J200_M100,"[0.000602, 1.000000]",100,200,0.1,max_proc,lowest_lower_bound,PRUNE,all_to_shortest,greedy,6079,124,124,11.851843118667603,0.17963480835663762,True,5036.0,108,-1,4987.0
Uniform1-5000_Seed52_J200_M100,"[0.001153, 0.959722]",100,200,0.2,max_proc,lowest_lower_bound,NO_PROFILING,all_to_shortest,greedy,6662,341,2001,224.13550639152527,0.21875863104172918,False,5204.63,100,-1,5204.63
Uniform1-5000_Seed52_J200_M100,"[0.001153, 0.959722]",100,200,0.1,max_proc,lowest_lower_bound,PRUNE,all_to_shortest,greedy,6612,113,113,11.00947093963623,0.21285087719298243,True,5490.0,105,-1,5204.63
Uniform1-5000_Seed53_J200_M100,"[0.007095, 0.982867]",100,200,0.2,max_proc,lowest_lower_bound,NO_PROFILING,all_to_shortest,greedy,6171,1909,2001,202.12931299209595,0.1777783179387457,False,5073.93,114,-1,5073.93
Uniform1-5000_Seed53_J200_M100,"[0.007095, 0.982867]",100,200,0.1,max_proc,lowest_lower_bound,PRUNE,all_to_shortest,greedy,6237,851,851,96.72967195510864,0.18647907647907644,True,5191.0,114,-1,5073.93
Uniform1-5000_Seed54_J200_M100,"[0.001805, 1.000000]",100,200,0.2,max_proc,lowest_lower_bound,NO_PROFILING,all_to_shortest,greedy,5938,107,107,10.197251319885254,0.16032334119232064,True,4986.0,105,-1,4986.0
Uniform1-5000_Seed54_J200_M100,"[0.001805, 1.000000]",100,200,0.1,max_proc,lowest_lower_bound,PRUNE,all_to_shortest,greedy,5981,108,108,10.79939889907837,0.16636014044474168,True,4986.0,106,-1,4986.0
Uniform1-5000_Seed55_J200_M100,"[0.000803, 0.995058]",100,200,0.2,max_proc,lowest_lower_bound,NO_PROFILING,all_to_shortest,greedy,6316,386,2001,203.98146057128906,0.21095155161494616,False,4983.63,100,-1,4983.63
Uniform1-5000_Seed55_J200_M100,"[0.000803, 0.995058]",100,200,0.1,max_proc,lowest_lower_bound,PRUNE,all_to_shortest,greedy,6283,115,115,11.167114496231079,0.20680725767945246,True,5215.0,106,-1,4983.63
Uniform1-5000_Seed56_J200_M100,"[0.000932, 0.929291]",100,200,0.2,max_proc,lowest_lower_bound,NO_PROFILING,all_to_shortest,greedy,6797,770,2001,230.2677297592163,0.21062527585699573,False,5365.38,100,-1,5365.38
Uniform1-5000_Seed56_J200_M100,"[0.000932, 0.929291]",100,200,0.1,max_proc,lowest_lower_bound,PRUNE,all_to_shortest,greedy,6837,97,102,10.218102216720581,0.21524352786309783,True,5699.0,100,-1,5365.38
Uniform1-5000_Seed57_J200_M100,"[0.007649, 1.000000]",100,200,0.2,max_proc,lowest_lower_bound,NO_PROFILING,all_to_shortest,greedy,6002,646,2001,208.16998195648193,0.19410196601132956,False,4837.0,100,-1,4837.0
Uniform1-5000_Seed57_J200_M100,"[0.007649, 1.000000]",100,200,0.1,max_proc,lowest_lower_bound,PRUNE,all_to_shortest,greedy,6054,102,102,10.031739473342896,0.20102411628675257,True,5139.0,100,-1,4837.0
Uniform1-5000_Seed58_J200_M100,"[0.005606, 0.960782]",100,200,0.2,max_proc,lowest_lower_bound,NO_PROFILING,all_to_shortest,greedy,6554,190,2001,227.21455717086792,0.21073085138846506,False,5172.87,100,-1,5172.87
Uniform1-5000_Seed58_J200_M100,"[0.005606, 0.960782]",100,200,0.1,max_proc,lowest_lower_bound,PRUNE,all_to_shortest,greedy,6391,105,105,10.17673134803772,0.19060084493819435,True,5417.0,102,-1,5172.87
Uniform1-5000_Seed59_J200_M100,"[0.000966, 0.965963]",100,200,0.2,max_proc,lowest_lower_bound,NO_PROFILING,all_to_shortest,greedy,6697,944,2001,207.13057851791382,0.227089741675377,False,5176.18,100,-1,5176.18
Uniform1-5000_Seed59_J200_M100,"[0.000966, 0.965963]",100,200,0.1,max_proc,lowest_lower_bound,PRUNE,all_to_shortest,greedy,6606,106,106,10.109229564666748,0.21644262791401753,True,5495.0,101,-1,5176.18
Uniform1-5000_Seed60_J200_M100,"[0.001150, 0.953189]",100,200,0.2,max_proc,lowest_lower_bound,NO_PROFILING,all_to_shortest,greedy,6495,595,2001,233.4865472316742,0.196409545804465,False,5219.32,113,-1,5219.32
Uniform1-5000_Seed60_J200_M100,"[0.001150, 0.953189]",100,200,0.1,max_proc,lowest_lower_bound,PRUNE,all_to_shortest,greedy,6524,113,113,11.196837425231934,0.1999816063764562,True,5417.0,110,-1,5219.32
Uniform1-5000_Seed61_J200_M100,"[0.008137, 0.984220]",100,200,0.2,max_proc,lowest_lower_bound,NO_PROFILING,all_to_shortest,greedy,6386,134,2001,216.25415325164795,0.21100689007203255,False,5038.51,100,-1,5038.51
Uniform1-5000_Seed61_J200_M100,"[0.008137, 0.984220]",100,200,0.1,max_proc,lowest_lower_bound,PRUNE,all_to_shortest,greedy,6505,100,103,9.819386720657349,0.22544043043812448,True,5392.0,100,-1,5038.51
Uniform1-5000_Seed62_J200_M100,"[0.001842, 1.000000]",100,200,0.2,max_proc,lowest_lower_bound,NO_PROFILING,all_to_shortest,greedy,6387,1478,2001,227.7598214149475,0.235165179270393,False,4885.0,100,-1,4885.0
Uniform1-5000_Seed62_J200_M100,"[0.001842, 1.000000]",100,200,0.1,max_proc,lowest_lower_bound,PRUNE,all_to_shortest,greedy,6241,114,114,11.176056623458862,0.21727287293702932,True,5245.0,106,-1,4885.0
Uniform1-5000_Seed63_J200_M100,"[0.003677, 0.960159]",100,200,0.2,max_proc,lowest_lower_bound,NO_PROFILING,all_to_shortest,greedy,6640,576,2001,233.0941059589386,0.2218599397590361,False,5166.85,101,-1,5166.85
Uniform1-5000_Seed63_J200_M100,"[0.003677, 0.960159]",100,200,0.1,max_proc,lowest_lower_bound,PRUNE,all_to_shortest,greedy,6611,194,204,22.45847725868225,0.2184465285130842,True,5478.0,115,-1,5166.85
Uniform1-5000_Seed64_J200_M100,"[0.001808, 1.000000]",100,200,0.2,max_proc,lowest_lower_bound,NO_PROFILING,all_to_shortest,greedy,5776,116,116,10.828876733779907,0.1379847645429363,True,4979.0,114,-1,4979.0
Uniform1-5000_Seed64_J200_M100,"[0.001808, 1.000000]",100,200,0.1,max_proc,lowest_lower_bound,PRUNE,all_to_shortest,greedy,6066,107,159,16.342503547668457,0.17919551599076822,True,5041.0,113,-1,4979.0
Uniform1-5000_Seed65_J200_M100,"[0.010004, 0.979046]",100,200,0.2,max_proc,lowest_lower_bound,NO_PROFILING,all_to_shortest,greedy,6078,127,127,12.190178394317627,0.16126686410003296,True,5097.82,125,-1,5097.82
Uniform1-5000_Seed65_J200_M100,"[0.010004, 0.979046]",100,200,0.1,max_proc,lowest_lower_bound,PRUNE,all_to_shortest,greedy,6172,254,254,25.8204288482666,0.17404082955281924,True,5140.0,125,-1,5097.82
Uniform1-5000_Seed66_J200_M100,"[0.008579, 0.986542]",100,200,0.2,max_proc,lowest_lower_bound,NO_PROFILING,all_to_shortest,greedy,6367,101,2001,227.41632413864136,0.21274383540128788,False,5012.46,100,-1,5012.46
Uniform1-5000_Seed66_J200_M100,"[0.008579, 0.986542]",100,200,0.1,max_proc,lowest_lower_bound,PRUNE,all_to_shortest,greedy,6327,104,104,10.128788232803345,0.20776671408250355,True,5277.0,102,-1,5012.46
Uniform1-5000_Seed67_J200_M100,"[0.001804, 1.000000]",100,200,0.2,max_proc,lowest_lower_bound,NO_PROFILING,all_to_shortest,greedy,5843,92,92,7.946071624755859,0.14632894061269897,True,4988.0,90,-1,4988.0
Uniform1-5000_Seed67_J200_M100,"[0.001804, 1.000000]",100,200,0.1,max_proc,lowest_lower_bound,PRUNE,all_to_shortest,greedy,6024,80,80,6.997539281845093,0.17197875166002657,True,4988.0,78,-1,4988.0
Uniform1-5000_Seed68_J200_M100,"[0.003755, 0.986661]",100,200,0.2,max_proc,lowest_lower_bound,NO_PROFILING,all_to_shortest,greedy,6311,1577,2001,207.66150617599487,0.19814609412137538,False,5060.5,100,-1,5060.5
Uniform1-5000_Seed68_J200_M100,"[0.003755, 0.986661]",100,200,0.1,max_proc,lowest_lower_bound,PRUNE,all_to_shortest,greedy,6429,101,124,11.908524513244629,0.2128635868719863,True,5316.0,107,-1,5060.5
Uniform1-5000_Seed69_J200_M100,"[0.003589, 0.897230]",100,200,0.2,max_proc,lowest_lower_bound,NO_PROFILING,all_to_shortest,greedy,7260,783,2001,214.1732873916626,0.2324090909090909,False,5572.71,100,-1,5572.71
Uniform1-5000_Seed69_J200_M100,"[0.003589, 0.897230]",100,200,0.1,max_proc,lowest_lower_bound,PRUNE,all_to_shortest,greedy,7283,111,111,11.073903322219849,0.2348331731429356,True,6034.0,105,-1,5572.71
Uniform1-5000_Seed70_J200_M100,"[0.003767, 0.896683]",100,200,0.2,max_proc,lowest_lower_bound,NO_PROFILING,all_to_shortest,greedy,7112,182,2001,217.74317455291748,0.21611501687289092,False,5574.99,100,-1,5574.99
Uniform1-5000_Seed70_J200_M100,"[0.003767, 0.896683]",100,200,0.1,max_proc,lowest_lower_bound,PRUNE,all_to_shortest,greedy,7158,98,102,10.262929439544678,0.2211525565800503,True,5961.0,100,-1,5574.99
Uniform1-5000_Seed71_J200_M100,"[0.003910, 0.977387]",100,200,0.2,max_proc,lowest_lower_bound,NO_PROFILING,all_to_shortest,greedy,6673,1132,2001,222.82384324073792,0.23337629252210396,False,5115.68,100,-1,5115.68
Uniform1-5000_Seed71_J200_M100,"[0.003910, 0.977387]",100,200,0.1,max_proc,lowest_lower_bound,PRUNE,all_to_shortest,greedy,6589,104,104,9.855073928833008,0.22360297465472753,True,5451.0,101,-1,5115.68
Uniform1-5000_Seed72_J200_M100,"[0.000804, 1.000000]",100,200,0.2,max_proc,lowest_lower_bound,NO_PROFILING,all_to_shortest,greedy,6163,100,2001,194.19871187210083,0.19276326464384227,False,4975.0,100,-1,4975.0
Uniform1-5000_Seed72_J200_M100,"[0.000804, 1.000000]",100,200,0.1,max_proc,lowest_lower_bound,PRUNE,all_to_shortest,greedy,6213,97,102,9.596662521362305,0.19925961693223884,True,5208.0,100,-1,4975.0
Uniform1-5000_Seed73_J200_M100,"[0.007235, 1.000000]",100,200,0.2,max_proc,lowest_lower_bound,NO_PROFILING,all_to_shortest,greedy,5843,102,102,9.500056743621826,0.14838268013007017,True,4976.0,100,-1,4976.0
Uniform1-5000_Seed73_J200_M100,"[0.007235, 1.000000]",100,200,0.1,max_proc,lowest_lower_bound,PRUNE,all_to_shortest,greedy,5862,103,103,9.412888050079346,0.15114295462299557,True,4976.0,100,-1,4976.0
Uniform1-5000_Seed74_J200_M100,"[0.021639, 1.000000]",100,200,0.2,max_proc,lowest_lower_bound,NO_PROFILING,all_to_shortest,greedy,5975,111,111,10.443453311920166,0.16468619246861924,True,4991.0,109,-1,4991.0
Uniform1-5000_Seed74_J200_M100,"[0.021639, 1.000000]",100,200,0.1,max_proc,lowest_lower_bound,PRUNE,all_to_shortest,greedy,5894,112,112,10.633115530014038,0.15320665083135393,True,5085.0,110,-1,4991.0
Uniform1-5000_Seed75_J200_M100,"[0.003431, 0.950166]",100,200,0.2,max_proc,lowest_lower_bound,NO_PROFILING,all_to_shortest,greedy,6741,1772,2001,221.91333603858948,0.22171042871977453,False,5246.45,100,-1,5246.45
Uniform1-5000_Seed75_J200_M100,"[0.003431, 0.950166]",100,200,0.1,max_proc,lowest_lower_bound,PRUNE,all_to_shortest,greedy,6714,109,109,10.856981039047241,0.2185805778969318,True,5555.0,107,-1,5246.45
Uniform1-5000_Seed76_J200_M100,"[0.005737, 0.986307]",100,200,0.2,max_proc,lowest_lower_bound,NO_PROFILING,all_to_shortest,greedy,6420,976,2001,225.81466507911682,0.21258255451713393,False,5055.22,113,-1,5055.22
Uniform1-5000_Seed76_J200_M100,"[0.005737, 0.986307]",100,200,0.1,max_proc,lowest_lower_bound,PRUNE,all_to_shortest,greedy,6366,619,940,92.61170721054077,0.20590323594093618,True,5265.0,112,-1,5055.22
Uniform1-5000_Seed77_J200_M100,"[0.000382, 0.949655]",100,200,0.2,max_proc,lowest_lower_bound,NO_PROFILING,all_to_shortest,greedy,6795,1353,2001,216.81982398033142,0.22933922001471665,False,5236.64,100,-1,5236.64
Uniform1-5000_Seed77_J200_M100,"[0.000382, 0.949655]",100,200,0.1,max_proc,lowest_lower_bound,PRUNE,all_to_shortest,greedy,6659,109,109,10.826111316680908,0.2135996395855233,True,5505.0,107,-1,5236.64
Uniform1-5000_Seed78_J200_M100,"[0.004482, 0.918951]",100,200,0.2,max_proc,lowest_lower_bound,NO_PROFILING,all_to_shortest,greedy,6816,356,2001,216.48390674591064,0.21434565727699523,False,5355.02,100,-1,5355.02
Uniform1-5000_Seed78_J200_M100,"[0.004482, 0.918951]",100,200,0.1,max_proc,lowest_lower_bound,PRUNE,all_to_shortest,greedy,6816,98,102,9.653267621994019,0.21434565727699523,True,5740.0,100,-1,5355.02
Uniform1-5000_Seed79_J200_M100,"[0.001201, 1.000000]",100,200,0.2,max_proc,lowest_lower_bound,NO_PROFILING,all_to_shortest,greedy,5991,83,83,7.111029863357544,0.16608245701886162,True,4996.0,81,-1,4996.0
Uniform1-5000_Seed79_J200_M100,"[0.001201, 1.000000]",100,200,0.1,max_proc,lowest_lower_bound,PRUNE,all_to_shortest,greedy,6039,86,86,7.539716958999634,0.17271071369432026,True,4996.0,84,-1,4996.0
Uniform1-5000_Seed80_J200_M100,"[0.004251, 1.000000]",100,200,0.2,max_proc,lowest_lower_bound,NO_PROFILING,all_to_shortest,greedy,5836,102,102,9.221975564956665,0.15352981494174092,True,4940.0,100,-1,4940.0
Uniform1-5000_Seed80_J200_M100,"[0.004251, 1.000000]",100,200,0.1,max_proc,lowest_lower_bound,PRUNE,all_to_shortest,greedy,5938,105,105,9.931731224060059,0.16807005725833615,True,4940.0,103,-1,4940.0
Uniform1-5000_Seed81_J200_M100,"[0.002181, 0.990869]",100,200,0.2,max_proc,lowest_lower_bound,NO_PROFILING,all_to_shortest,greedy,6383,462,2001,213.46136212348938,0.20992480025066582,False,5043.05,100,-1,5043.05
Uniform1-5000_Seed81_J200_M100,"[0.002181, 0.990869]",100,200,0.1,max_proc,lowest_lower_bound,PRUNE,all_to_shortest,greedy,6300,108,108,10.500251054763794,0.19951587301587298,True,5276.0,105,-1,5043.05
Uniform1-5000_Seed82_J200_M100,"[0.007038, 1.000000]",100,200,0.2,max_proc,lowest_lower_bound,NO_PROFILING,all_to_shortest,greedy,5789,98,98,9.033899545669556,0.14095698738987736,True,4973.0,96,-1,4973.0
Uniform1-5000_Seed82_J200_M100,"[0.007038, 1.000000]",100,200,0.1,max_proc,lowest_lower_bound,PRUNE,all_to_shortest,greedy,5987,83,83,7.2948222160339355,0.16936696175045932,True,4973.0,81,-1,4973.0
Uniform1-5000_Seed83_J200_M100,"[0.001603, 1.000000]",100,200,0.2,max_proc,lowest_lower_bound,NO_PROFILING,all_to_shortest,greedy,5840,119,119,11.360511541366577,0.14520547945205478,True,4992.0,117,-1,4992.0
Uniform1-5000_Seed83_J200_M100,"[0.001603, 1.000000]",100,200,0.1,max_proc,lowest_lower_bound,PRUNE,all_to_shortest,greedy,6111,113,113,11.008704423904419,0.18311242022582228,True,5056.0,110,-1,4992.0
Uniform1-5000_Seed84_J200_M100,"[0.001876, 0.937934]",100,200,0.2,max_proc,lowest_lower_bound,NO_PROFILING,all_to_shortest,greedy,7185,1629,2001,226.13369798660278,0.2582045929018789,False,5329.8,100,-1,5329.8
Uniform1-5000_Seed84_J200_M100,"[0.001876, 0.937934]",100,200,0.1,max_proc,lowest_lower_bound,PRUNE,all_to_shortest,greedy,7156,103,103,10.003068923950195,0.2551984348798211,True,6044.0,101,-1,5329.8
Uniform1-5000_Seed85_J200_M100,"[0.003023, 0.995042]",100,200,0.2,max_proc,lowest_lower_bound,NO_PROFILING,all_to_shortest,greedy,6433,1875,2001,213.60563921928406,0.2287268770402611,False,4961.6,100,-1,4961.6
Uniform1-5000_Seed85_J200_M100,"[0.003023, 0.995042]",100,200,0.1,max_proc,lowest_lower_bound,PRUNE,all_to_shortest,greedy,6204,120,120,11.39311146736145,0.2002578981302385,True,5166.0,116,-1,4961.6
Uniform1-5000_Seed86_J200_M100,"[0.011807, 1.000000]",100,200,0.2,max_proc,lowest_lower_bound,NO_PROFILING,all_to_shortest,greedy,5934,97,97,8.675694465637207,0.15790360633636671,True,4997.0,95,-1,4997.0
Uniform1-5000_Seed86_J200_M100,"[0.011807, 1.000000]",100,200,0.1,max_proc,lowest_lower_bound,PRUNE,all_to_shortest,greedy,6044,100,100,9.113986015319824,0.17322964923891462,True,4997.0,98,-1,4997.0
Uniform1-5000_Seed87_J200_M100,"[0.000792, 0.985336]",100,200,0.2,max_proc,lowest_lower_bound,NO_PROFILING,all_to_shortest,greedy,6428,987,2001,216.27734088897705,0.21389234598630985,False,5053.1,100,-1,5053.1
Uniform1-5000_Seed87_J200_M100,"[0.000792, 0.985336]",100,200,0.1,max_proc,lowest_lower_bound,PRUNE,all_to_shortest,greedy,6499,104,104,10.328900814056396,0.22248038159716874,True,5378.0,100,-1,5053.1
Uniform1-5000_Seed88_J200_M100,"[0.001493, 0.931839]",100,200,0.2,max_proc,lowest_lower_bound,NO_PROFILING,all_to_shortest,greedy,7073,739,2001,223.85147976875305,0.24244026579951927,False,5358.22,100,-1,5358.22
Uniform1-5000_Seed88_J200_M100,"[0.001493, 0.931839]",100,200,0.1,max_proc,lowest_lower_bound,PRUNE,all_to_shortest,greedy,6825,110,110,10.735312223434448,0.21491282051282048,True,5773.0,104,-1,5358.22
Uniform1-5000_Seed89_J200_M100,"[0.006412, 1.000000]",100,200,0.2,max_proc,lowest_lower_bound,NO_PROFILING,all_to_shortest,greedy,5658,71,71,6.188077211380005,0.11788617886178862,True,4991.0,69,-1,4991.0
Uniform1-5000_Seed89_J200_M100,"[0.006412, 1.000000]",100,200,0.1,max_proc,lowest_lower_bound,PRUNE,all_to_shortest,greedy,6025,74,74,6.6311540603637695,0.17161825726141078,True,4991.0,72,-1,4991.0
Uniform1-5000_Seed90_J200_M100,"[0.006495, 0.947138]",100,200,0.2,max_proc,lowest_lower_bound,NO_PROFILING,all_to_shortest,greedy,6691,862,2001,218.1410574913025,0.21764758630996858,False,5234.72,100,-1,5234.72
Uniform1-5000_Seed90_J200_M100,"[0.006495, 0.947138]",100,200,0.1,max_proc,lowest_lower_bound,PRUNE,all_to_shortest,greedy,6589,108,127,12.897056818008423,0.2055365002276521,True,5487.0,114,-1,5234.72
Uniform1-5000_Seed91_J200_M100,"[0.004620, 1.000000]",100,200,0.2,max_proc,lowest_lower_bound,NO_PROFILING,all_to_shortest,greedy,5936,108,108,9.427551507949829,0.16138814016172506,True,4978.0,106,-1,4978.0
Uniform1-5000_Seed91_J200_M100,"[0.004620, 1.000000]",100,200,0.1,max_proc,lowest_lower_bound,PRUNE,all_to_shortest,greedy,5972,104,104,9.681644678115845,0.16644340254521098,True,4978.0,102,-1,4978.0
Uniform1-5000_Seed92_J200_M100,"[0.000587, 0.971144]",100,200,0.2,max_proc,lowest_lower_bound,NO_PROFILING,all_to_shortest,greedy,6533,170,2001,220.59653282165527,0.21821827644267563,False,5107.38,100,-1,5107.38
Uniform1-5000_Seed92_J200_M100,"[0.000587, 0.971144]",100,200,0.1,max_proc,lowest_lower_bound,PRUNE,all_to_shortest,greedy,6386,107,107,10.90465784072876,0.2002223614155966,True,5479.0,104,-1,5107.38
Uniform1-5000_Seed93_J200_M100,"[0.003822, 0.954527]",100,200,0.2,max_proc,lowest_lower_bound,NO_PROFILING,all_to_shortest,greedy,6472,106,2001,235.11342310905457,0.19144622991347343,False,5232.96,107,-1,5232.96
Uniform1-5000_Seed93_J200_M100,"[0.003822, 0.954527]",100,200,0.1,max_proc,lowest_lower_bound,PRUNE,all_to_shortest,greedy,6529,120,524,53.00400376319885,0.1985051309542043,True,5397.0,111,-1,5232.96
Uniform1-5000_Seed94_J200_M100,"[0.002899, 0.965142]",100,200,0.2,max_proc,lowest_lower_bound,NO_PROFILING,all_to_shortest,greedy,6289,290,2001,232.6628167629242,0.17740022261090796,False,5173.33,121,-1,5173.33
Uniform1-5000_Seed94_J200_M100,"[0.002899, 0.965142]",100,200,0.1,max_proc,lowest_lower_bound,PRUNE,all_to_shortest,greedy,6258,777,777,88.84800720214844,0.1733253435602429,True,5173.33,120,-1,5173.33
Uniform1-5000_Seed95_J200_M100,"[0.000800, 0.999550]",100,200,0.2,max_proc,lowest_lower_bound,NO_PROFILING,all_to_shortest,greedy,6321,358,2001,215.69532012939453,0.20862996361335231,False,5002.25,100,-1,5002.25
Uniform1-5000_Seed95_J200_M100,"[0.000800, 0.999550]",100,200,0.1,max_proc,lowest_lower_bound,PRUNE,all_to_shortest,greedy,6269,114,114,11.220784187316895,0.2020657202105599,True,5262.0,109,-1,5002.25
Uniform1-5000_Seed96_J200_M100,"[0.001770, 0.983342]",100,200,0.2,max_proc,lowest_lower_bound,NO_PROFILING,all_to_shortest,greedy,6293,765,2001,217.67316031455994,0.1920069918957572,False,5084.7,110,-1,5084.7
Uniform1-5000_Seed96_J200_M100,"[0.001770, 0.983342]",100,200,0.1,max_proc,lowest_lower_bound,PRUNE,all_to_shortest,greedy,6389,277,277,29.781503200531006,0.20414775395210522,True,5284.0,112,-1,5084.7
Uniform1-5000_Seed97_J200_M100,"[0.001598, 0.988661]",100,200,0.2,max_proc,lowest_lower_bound,NO_PROFILING,all_to_shortest,greedy,6326,1490,2001,227.11382222175598,0.20870060069554217,False,5005.76,100,-1,5005.76
Uniform1-5000_Seed97_J200_M100,"[0.001598, 0.988661]",100,200,0.1,max_proc,lowest_lower_bound,PRUNE,all_to_shortest,greedy,6310,104,104,10.37505841255188,0.2066941362916006,True,5255.0,102,-1,5005.76
Uniform1-5000_Seed98_J200_M100,"[0.000600, 1.000000]",100,200,0.2,max_proc,lowest_lower_bound,NO_PROFILING,all_to_shortest,greedy,6061,634,2001,195.69632053375244,0.17505362151460155,False,5000.0,104,-1,5000.0
Uniform1-5000_Seed98_J200_M100,"[0.000600, 1.000000]",100,200,0.1,max_proc,lowest_lower_bound,PRUNE,all_to_shortest,greedy,6135,108,108,11.169083595275879,0.1850040749796251,True,5084.0,105,-1,5000.0
Uniform1-5000_Seed99_J200_M100,"[0.002273, 0.936768]",100,200,0.2,max_proc,lowest_lower_bound,NO_PROFILING,all_to_shortest,greedy,6811,1553,2001,234.6190505027771,0.22496109235060932,False,5278.79,100,-1,5278.79
Uniform1-5000_Seed99_J200_M100,"[0.002273, 0.936768]",100,200,0.1,max_proc,lowest_lower_bound,PRUNE,all_to_shortest,greedy,6885,88,102,10.56427264213562,0.23329121278140885,True,5705.0,100,-1,5278.79
Uniform1-5000_Seed100_J200_M100,"[0.000582, 0.968423]",100,200,0.2,max_proc,lowest_lower_bound,NO_PROFILING,all_to_shortest,greedy,6561,98,2001,218.9039604663849,0.21401615607376923,False,5156.84,100,-1,5156.84
Uniform1-5000_Seed100_J200_M100,"[0.000582, 0.968423]",100,200,0.1,max_proc,lowest_lower_bound,PRUNE,all_to_shortest,greedy,6430,105,105,10.54241418838501,0.19800311041990667,True,5473.0,103,-1,5156.84
