instance,epsilon_range,n_machines,n_jobs,epsilon,branching_rule,node_selection,profiling_mode,rounding_rule,lower_bound,best_solution,nodes_to_best_solution,nodes_explored,runtime,opt_gap,terminate,best_bound,depth,number_of_nodes_for_optimality,optimal_solution
Uniform1-5000_Seed101_J20_M10,"[0.009012, 0.894000]",10,20,0.1,max_proc,lowest_lower_bound,NO_PROFILING,all_to_shortest,greedy,6418,1065,2001,0.3950064182281494,0.13554066687441566,False,5548.1,10,-1,5548.1
Uniform1-5000_Seed101_J20_M10,"[0.009012, 0.894000]",10,20,0.05,max_proc,lowest_lower_bound,PRUNE,all_to_shortest,greedy,6360,14,14,0.002858400344848633,0.12765723270440246,True,5780.0,12,-1,5548.1
Uniform1-5000_Seed102_J20_M10,"[0.014668, 0.912358]",10,20,0.1,max_proc,lowest_lower_bound,NO_PROFILING,all_to_shortest,greedy,5984,88,88,0.015865087509155273,0.08856951871657753,True,5454.0,10,-1,5454.0
Uniform1-5000_Seed102_J20_M10,"[0.014668, 0.912358]",10,20,0.05,max_proc,lowest_lower_bound,PRUNE,all_to_shortest,greedy,6365,11,12,0.0026755332946777344,0.14312647289866456,True,5924.0,10,-1,5454.0
Uniform1-5000_Seed103_J20_M10,"[0.001890, 0.835997]",10,20,0.1,max_proc,lowest_lower_bound,NO_PROFILING,all_to_shortest,greedy,6845,10,2001,0.3431873321533203,0.14983199415631854,False,5819.4,10,-1,5819.4
Uniform1-5000_Seed103_J20_M10,"[0.001890, 0.835997]",10,20,0.05,max_proc,lowest_lower_bound,PRUNE,all_to_shortest,greedy,7198,11,12,0.0023779869079589844,0.19152542372881362,True,6839.0,10,-1,5819.4
Uniform1-5000_Seed104_J20_M10,"[0.014608, 1.000000]",10,20,0.1,max_proc,lowest_lower_bound,NO_PROFILING,all_to_shortest,greedy,4949,12,12,0.0019576549530029297,0.031723580521317435,True,4792.0,10,-1,4792.0
Uniform1-5000_Seed104_J20_M10,"[0.014608, 1.000000]",10,20,0.05,max_proc,lowest_lower_bound,PRUNE,all_to_shortest,greedy,5054,11,11,0.002229928970336914,0.0518401266323704,True,4792.0,9,-1,4792.0
Uniform1-5000_Seed105_J20_M10,"[0.014357, 0.955319]",10,20,0.1,max_proc,lowest_lower_bound,NO_PROFILING,all_to_shortest,greedy,5666,7,7,0.0013892650604248047,0.09031062477938578,True,5154.3,5,-1,5154.3
Uniform1-5000_Seed105_J20_M10,"[0.014357, 0.955319]",10,20,0.05,max_proc,lowest_lower_bound,PRUNE,all_to_shortest,greedy,5786,10,12,0.002325296401977539,0.1091773245765641,True,5592.0,10,-1,5154.3
Uniform1-5000_Seed106_J20_M10,"[0.001107, 0.915852]",10,20,0.1,max_proc,lowest_lower_bound,NO_PROFILING,all_to_shortest,greedy,6220,220,2001,0.39226841926574707,0.12877813504823152,False,5419.0,11,-1,5419.0
Uniform1-5000_Seed106_J20_M10,"[0.001107, 0.915852]",10,20,0.05,max_proc,lowest_lower_bound,PRUNE,all_to_shortest,greedy,6338,15,16,0.0030066967010498047,0.14499842221520984,True,5803.0,12,-1,5419.0
Uniform1-5000_Seed107_J20_M10,"[0.094764, 0.817126]",10,20,0.1,max_proc,lowest_lower_bound,NO_PROFILING,all_to_shortest,greedy,6961,1120,2001,0.43790650367736816,0.1601637695733371,False,5846.1,10,-1,5846.1
Uniform1-5000_Seed107_J20_M10,"[0.094764, 0.817126]",10,20,0.05,max_proc,lowest_lower_bound,PRUNE,all_to_shortest,greedy,6432,14,14,0.0028328895568847656,0.09109141791044771,True,6263.0,12,-1,5846.1
Uniform1-5000_Seed108_J20_M10,"[0.028808, 0.976914]",10,20,0.1,max_proc,lowest_lower_bound,NO_PROFILING,all_to_shortest,greedy,5554,12,12,0.0021965503692626953,0.0875045012603529,True,5068.0,10,-1,5068.0
Uniform1-5000_Seed108_J20_M10,"[0.028808, 0.976914]",10,20,0.05,max_proc,lowest_lower_bound,PRUNE,all_to_shortest,greedy,5578,37,37,0.006329774856567383,0.0914306202940122,True,5068.0,15,-1,5068.0
Uniform1-5000_Seed109_J20_M10,"[0.032539, 1.000000]",10,20,0.1,max_proc,lowest_lower_bound,NO_PROFILING,all_to_shortest,greedy,4772,7,7,0.0012803077697753906,0.08549874266554904,True,4364.0,5,-1,4364.0
Uniform1-5000_Seed109_J20_M10,"[0.032539, 1.000000]",10,20,0.05,max_proc,lowest_lower_bound,PRUNE,all_to_shortest,greedy,4580,7,7,0.0014977455139160156,0.04716157205240175,True,4364.0,5,-1,4364.0
Uniform1-5000_Seed110_J20_M10,"[0.105819, 1.000000]",10,20,0.1,max_proc,lowest_lower_bound,NO_PROFILING,all_to_shortest,greedy,5235,2,2,0.0003037452697753906,0.0775549188156638,True,4829.0,0,-1,4829.0
Uniform1-5000_Seed110_J20_M10,"[0.105819, 1.000000]",10,20,0.05,max_proc,lowest_lower_bound,PRUNE,all_to_shortest,greedy,5235,2,2,0.00034356117248535156,0.0775549188156638,True,4829.0,0,-1,4829.0
Uniform1-5000_Seed111_J20_M10,"[0.135878, 0.960512]",10,20,0.1,max_proc,lowest_lower_bound,NO_PROFILING,all_to_shortest,greedy,5438,71,71,0.011538505554199219,0.07701360794409713,True,5019.2,15,-1,5019.2
Uniform1-5000_Seed111_J20_M10,"[0.135878, 0.960512]",10,20,0.05,max_proc,lowest_lower_bound,PRUNE,all_to_shortest,greedy,5438,17,17,0.003290414810180664,0.07701360794409713,True,5019.2,15,-1,5019.2
Uniform1-5000_Seed112_J20_M10,"[0.010465, 1.000000]",10,20,0.1,max_proc,lowest_lower_bound,NO_PROFILING,all_to_shortest,greedy,5249,10,10,0.0018088817596435547,0.053343493998856926,True,4969.0,8,-1,4969.0
Uniform1-5000_Seed112_J20_M10,"[0.010465, 1.000000]",10,20,0.05,max_proc,lowest_lower_bound,PRUNE,all_to_shortest,greedy,5341,8,8,0.0017707347869873047,0.06964987829994383,True,4969.0,6,-1,4969.0
Uniform1-5000_Seed113_J20_M10,"[0.001897, 0.763370]",10,20,0.1,max_proc,lowest_lower_bound,NO_PROFILING,all_to_shortest,greedy,7183,876,2001,0.4656484127044678,0.11932340247807328,False,6325.9,10,-1,6325.9
Uniform1-5000_Seed113_J20_M10,"[0.001897, 0.763370]",10,20,0.05,max_proc,lowest_lower_bound,PRUNE,all_to_shortest,greedy,7398,11,13,0.0028688907623291016,0.14491754528250883,True,6815.0,11,-1,6325.9
Uniform1-5000_Seed114_J20_M10,"[0.010128, 1.000000]",10,20,0.1,max_proc,lowest_lower_bound,NO_PROFILING,all_to_shortest,greedy,5304,8,8,0.001444101333618164,0.08785822021116138,True,4838.0,6,-1,4838.0
Uniform1-5000_Seed114_J20_M10,"[0.010128, 1.000000]",10,20,0.05,max_proc,lowest_lower_bound,PRUNE,all_to_shortest,greedy,4965,9,9,0.0019366741180419922,0.025579053373615306,True,4838.0,7,-1,4838.0
Uniform1-5000_Seed115_J20_M10,"[0.028606, 1.000000]",10,20,0.1,max_proc,lowest_lower_bound,NO_PROFILING,all_to_shortest,greedy,5079,3,3,0.0005419254302978516,0.015751132112620594,True,4999.0,1,-1,4999.0
Uniform1-5000_Seed115_J20_M10,"[0.028606, 1.000000]",10,20,0.05,max_proc,lowest_lower_bound,PRUNE,all_to_shortest,greedy,5079,3,3,0.0006091594696044922,0.015751132112620594,True,4999.0,1,-1,4999.0
Uniform1-5000_Seed116_J20_M10,"[0.101981, 0.766010]",10,20,0.1,max_proc,lowest_lower_bound,NO_PROFILING,all_to_shortest,greedy,7654,173,2001,0.42980122566223145,0.14805330546119674,False,6520.8,10,-1,6520.8
Uniform1-5000_Seed116_J20_M10,"[0.101981, 0.766010]",10,20,0.05,max_proc,lowest_lower_bound,PRUNE,all_to_shortest,greedy,7802,10,12,0.002496480941772461,0.16421430402460904,True,7169.0,10,-1,6520.8
Uniform1-5000_Seed117_J20_M10,"[0.033583, 1.000000]",10,20,0.1,max_proc,lowest_lower_bound,NO_PROFILING,all_to_shortest,greedy,5364,4,4,0.0007910728454589844,0.0784862043251305,True,4943.0,2,-1,4943.0
Uniform1-5000_Seed117_J20_M10,"[0.033583, 1.000000]",10,20,0.05,max_proc,lowest_lower_bound,PRUNE,all_to_shortest,greedy,5600,11,12,0.0024161338806152344,0.11732142857142858,True,5086.0,10,-1,4943.0
Uniform1-5000_Seed118_J20_M10,"[0.089228, 0.898774]",10,20,0.1,max_proc,lowest_lower_bound,NO_PROFILING,all_to_shortest,greedy,5138,286,2001,0.3660857677459717,0.10132347216815889,False,4617.4,12,-1,4617.4
Uniform1-5000_Seed118_J20_M10,"[0.089228, 0.898774]",10,20,0.05,max_proc,lowest_lower_bound,PRUNE,all_to_shortest,greedy,5278,14,15,0.002958059310913086,0.1251610458507011,True,4827.0,12,-1,4617.4
Uniform1-5000_Seed119_J20_M10,"[0.000652, 1.000000]",10,20,0.1,max_proc,lowest_lower_bound,NO_PROFILING,all_to_shortest,greedy,4919,9,9,0.001706838607788086,0.06403740597682456,True,4604.0,7,-1,4604.0
Uniform1-5000_Seed119_J20_M10,"[0.000652, 1.000000]",10,20,0.05,max_proc,lowest_lower_bound,PRUNE,all_to_shortest,greedy,4860,10,10,0.0021317005157470703,0.05267489711934156,True,4604.0,8,-1,4604.0
Uniform1-5000_Seed120_J20_M10,"[0.002333, 1.000000]",10,20,0.1,max_proc,lowest_lower_bound,NO_PROFILING,all_to_shortest,greedy,4882,4,4,0.0007774829864501953,0.03441212617779599,True,4714.0,2,-1,4714.0
Uniform1-5000_Seed120_J20_M10,"[0.002333, 1.000000]",10,20,0.05,max_proc,lowest_lower_bound,PRUNE,all_to_shortest,greedy,4833,6,6,0.001323699951171875,0.02462238775087937,True,4714.0,4,-1,4714.0
Uniform1-5000_Seed121_J20_M10,"[0.010151, 0.935836]",10,20,0.1,max_proc,lowest_lower_bound,NO_PROFILING,all_to_shortest,greedy,5706,40,40,0.007562398910522461,0.08499824745881528,True,5221.0,11,-1,5221.0
Uniform1-5000_Seed121_J20_M10,"[0.010151, 0.935836]",10,20,0.05,max_proc,lowest_lower_bound,PRUNE,all_to_shortest,greedy,6183,10,18,0.003328084945678711,0.15558790231279315,True,5683.0,12,-1,5221.0
Uniform1-5000_Seed122_J20_M10,"[0.028554, 1.000000]",10,20,0.1,max_proc,lowest_lower_bound,NO_PROFILING,all_to_shortest,greedy,5451,11,11,0.0019347667694091797,0.08769033204916529,True,4973.0,9,-1,4973.0
Uniform1-5000_Seed122_J20_M10,"[0.028554, 1.000000]",10,20,0.05,max_proc,lowest_lower_bound,PRUNE,all_to_shortest,greedy,5377,13,13,0.0025806427001953125,0.07513483355030687,True,4973.0,10,-1,4973.0
Uniform1-5000_Seed123_J20_M10,"[0.008791, 0.999560]",10,20,0.1,max_proc,lowest_lower_bound,NO_PROFILING,all_to_shortest,greedy,4992,14,14,0.002504110336303711,0.08854166666666667,True,4550.0,12,-1,4550.0
Uniform1-5000_Seed123_J20_M10,"[0.008791, 0.999560]",10,20,0.05,max_proc,lowest_lower_bound,PRUNE,all_to_shortest,greedy,5027,14,14,0.0027663707733154297,0.09488760692261787,True,4690.0,12,-1,4550.0
Uniform1-5000_Seed124_J20_M10,"[0.028541, 1.000000]",10,20,0.1,max_proc,lowest_lower_bound,NO_PROFILING,all_to_shortest,greedy,5017,4,4,0.000751495361328125,0.05022922064979071,True,4765.0,2,-1,4765.0
Uniform1-5000_Seed124_J20_M10,"[0.028541, 1.000000]",10,20,0.05,max_proc,lowest_lower_bound,PRUNE,all_to_shortest,greedy,5017,4,4,0.0008740425109863281,0.05022922064979071,True,4765.0,2,-1,4765.0
Uniform1-5000_Seed125_J20_M10,"[0.041687, 0.904455]",10,20,0.1,max_proc,lowest_lower_bound,NO_PROFILING,all_to_shortest,greedy,5853,10,10,0.0019440650939941406,0.08194088501623105,True,5373.4,8,-1,5373.4
Uniform1-5000_Seed125_J20_M10,"[0.041687, 0.904455]",10,20,0.05,max_proc,lowest_lower_bound,PRUNE,all_to_shortest,greedy,5853,11,11,0.002340078353881836,0.08194088501623105,True,5373.4,9,-1,5373.4
Uniform1-5000_Seed126_J20_M10,"[0.000949, 1.000000]",10,20,0.1,max_proc,lowest_lower_bound,NO_PROFILING,all_to_shortest,greedy,4613,254,254,0.038854360580444336,0.08627791025363105,True,4215.0,10,-1,4215.0
Uniform1-5000_Seed126_J20_M10,"[0.000949, 1.000000]",10,20,0.05,max_proc,lowest_lower_bound,PRUNE,all_to_shortest,greedy,4739,12,12,0.0023500919342041016,0.1105718506013927,True,4357.0,10,-1,4215.0
Uniform1-5000_Seed127_J20_M10,"[0.012614, 1.000000]",10,20,0.1,max_proc,lowest_lower_bound,NO_PROFILING,all_to_shortest,greedy,5241,12,12,0.0021224021911621094,0.07727532913566114,True,4836.0,10,-1,4836.0
Uniform1-5000_Seed127_J20_M10,"[0.012614, 1.000000]",10,20,0.05,max_proc,lowest_lower_bound,PRUNE,all_to_shortest,greedy,5150,15,15,0.0029637813568115234,0.06097087378640777,True,4836.0,11,-1,4836.0
Uniform1-5000_Seed128_J20_M10,"[0.036847, 1.000000]",10,20,0.1,max_proc,lowest_lower_bound,NO_PROFILING,all_to_shortest,greedy,5105,5,5,0.0009558200836181641,0.043095004897159644,True,4885.0,3,-1,4885.0
Uniform1-5000_Seed128_J20_M10,"[0.036847, 1.000000]",10,20,0.05,max_proc,lowest_lower_bound,PRUNE,all_to_shortest,greedy,5131,6,6,0.0013167858123779297,0.04794387059052816,True,4885.0,4,-1,4885.0
Uniform1-5000_Seed129_J20_M10,"[0.029268, 1.000000]",10,20,0.1,max_proc,lowest_lower_bound,NO_PROFILING,all_to_shortest,greedy,3895,6,6,0.0010442733764648438,0.0,True,3895.0,4,6,3895.0
Uniform1-5000_Seed129_J20_M10,"[0.029268, 1.000000]",10,20,0.05,max_proc,lowest_lower_bound,PRUNE,all_to_shortest,greedy,3895,6,6,0.0012116432189941406,0.0,True,3895.0,4,6,3895.0
Uniform1-5000_Seed130_J20_M10,"[0.055602, 1.000000]",10,20,0.1,max_proc,lowest_lower_bound,NO_PROFILING,all_to_shortest,greedy,4833,10,10,0.0017101764678955078,0.013863025036209394,True,4766.0,8,-1,4766.0
Uniform1-5000_Seed130_J20_M10,"[0.055602, 1.000000]",10,20,0.05,max_proc,lowest_lower_bound,PRUNE,all_to_shortest,greedy,5133,11,11,0.0022106170654296875,0.07149814923046952,True,4766.0,9,-1,4766.0
Uniform1-5000_Seed131_J20_M10,"[0.047288, 0.836234]",10,20,0.1,max_proc,lowest_lower_bound,NO_PROFILING,all_to_shortest,greedy,6384,846,2001,0.4127531051635742,0.10892857142857137,False,5688.6,10,-1,5688.6
Uniform1-5000_Seed131_J20_M10,"[0.047288, 0.836234]",10,20,0.05,max_proc,lowest_lower_bound,PRUNE,all_to_shortest,greedy,6341,19,19,0.00357818603515625,0.10288598012931709,True,5776.0,12,-1,5688.6
Uniform1-5000_Seed132_J20_M10,"[0.108718, 0.888876]",10,20,0.1,max_proc,lowest_lower_bound,NO_PROFILING,all_to_shortest,greedy,5925,140,2001,0.33980369567871094,0.10891139240506333,False,5279.7,12,-1,5279.7
Uniform1-5000_Seed132_J20_M10,"[0.108718, 0.888876]",10,20,0.05,max_proc,lowest_lower_bound,PRUNE,all_to_shortest,greedy,5965,19,19,0.003466367721557617,0.11488683989941327,True,5644.0,12,-1,5279.7
Uniform1-5000_Seed133_J20_M10,"[0.017427, 1.000000]",10,20,0.1,max_proc,lowest_lower_bound,NO_PROFILING,all_to_shortest,greedy,4935,5,5,0.0009357929229736328,0.0,True,4935.0,3,5,4935.0
Uniform1-5000_Seed133_J20_M10,"[0.017427, 1.000000]",10,20,0.05,max_proc,lowest_lower_bound,PRUNE,all_to_shortest,greedy,5126,7,7,0.0014810562133789062,0.03726102223956301,True,4935.0,5,-1,4935.0
Uniform1-5000_Seed134_J20_M10,"[0.091765, 0.958673]",10,20,0.1,max_proc,lowest_lower_bound,NO_PROFILING,all_to_shortest,greedy,5079,26,26,0.004673004150390625,0.0881275841701123,True,4631.4,15,-1,4631.4
Uniform1-5000_Seed134_J20_M10,"[0.091765, 0.958673]",10,20,0.05,max_proc,lowest_lower_bound,PRUNE,all_to_shortest,greedy,4975,56,56,0.008616447448730469,0.0690653266331659,True,4664.0,17,-1,4631.4
Uniform1-5000_Seed135_J20_M10,"[0.015676, 0.989542]",10,20,0.1,max_proc,lowest_lower_bound,NO_PROFILING,all_to_shortest,greedy,5363,575,2001,0.45378875732421875,0.13169867611411526,False,4656.7,11,-1,4656.7
Uniform1-5000_Seed135_J20_M10,"[0.015676, 0.989542]",10,20,0.05,max_proc,lowest_lower_bound,PRUNE,all_to_shortest,greedy,5414,14,18,0.0035614967346191406,0.13987809383080904,True,5047.0,12,-1,4656.7
Uniform1-5000_Seed136_J20_M10,"[0.075510, 0.981009]",10,20,0.1,max_proc,lowest_lower_bound,NO_PROFILING,all_to_shortest,greedy,5301,15,15,0.002529144287109375,0.08813431428032444,True,4833.8,13,-1,4833.8
Uniform1-5000_Seed136_J20_M10,"[0.075510, 0.981009]",10,20,0.05,max_proc,lowest_lower_bound,PRUNE,all_to_shortest,greedy,5301,60,60,0.009402275085449219,0.08813431428032444,True,4843.0,14,-1,4833.8
Uniform1-5000_Seed137_J20_M10,"[0.206629, 0.826164]",10,20,0.1,max_proc,lowest_lower_bound,NO_PROFILING,all_to_shortest,greedy,6151,542,542,0.1037449836730957,0.07787351650138188,True,5672.0,12,-1,5672.0
Uniform1-5000_Seed137_J20_M10,"[0.206629, 0.826164]",10,20,0.05,max_proc,lowest_lower_bound,PRUNE,all_to_shortest,greedy,6418,14,25,0.004815816879272461,0.11623558741040822,True,5859.0,12,-1,5672.0
Uniform1-5000_Seed138_J20_M10,"[0.068440, 0.960344]",10,20,0.1,max_proc,lowest_lower_bound,NO_PROFILING,all_to_shortest,greedy,4992,679,2001,0.3984360694885254,0.17459935897435905,False,4120.4,10,-1,4120.4
Uniform1-5000_Seed138_J20_M10,"[0.068440, 0.960344]",10,20,0.05,max_proc,lowest_lower_bound,PRUNE,all_to_shortest,greedy,4903,13,13,0.002708911895751953,0.1596165612890068,True,4903.0,11,-1,4120.4
Uniform1-5000_Seed139_J20_M10,"[0.100293, 0.916800]",10,20,0.1,max_proc,lowest_lower_bound,NO_PROFILING,all_to_shortest,greedy,5822,134,134,0.022367477416992188,0.09060460322913089,True,5294.5,12,-1,5294.5
Uniform1-5000_Seed139_J20_M10,"[0.100293, 0.916800]",10,20,0.05,max_proc,lowest_lower_bound,PRUNE,all_to_shortest,greedy,5822,14,14,0.0027816295623779297,0.09060460322913089,True,5294.5,12,-1,5294.5
Uniform1-5000_Seed140_J20_M10,"[0.024255, 1.000000]",10,20,0.1,max_proc,lowest_lower_bound,NO_PROFILING,all_to_shortest,greedy,5269,2,2,0.0003056526184082031,0.07667489087113304,True,4865.0,0,-1,4865.0
Uniform1-5000_Seed140_J20_M10,"[0.024255, 1.000000]",10,20,0.05,max_proc,lowest_lower_bound,PRUNE,all_to_shortest,greedy,5269,2,2,0.00034618377685546875,0.07667489087113304,True,4865.0,0,-1,4865.0
Uniform1-5000_Seed141_J20_M10,"[0.010140, 1.000000]",10,20,0.1,max_proc,lowest_lower_bound,NO_PROFILING,all_to_shortest,greedy,5304,8,8,0.0014421939849853516,0.07032428355957768,True,4931.0,6,-1,4931.0
Uniform1-5000_Seed141_J20_M10,"[0.010140, 1.000000]",10,20,0.05,max_proc,lowest_lower_bound,PRUNE,all_to_shortest,greedy,5390,9,9,0.001897573471069336,0.08515769944341373,True,4931.0,7,-1,4931.0
Uniform1-5000_Seed142_J20_M10,"[0.026380, 1.000000]",10,20,0.1,max_proc,lowest_lower_bound,NO_PROFILING,all_to_shortest,greedy,4928,6,6,0.0011072158813476562,0.0,True,4928.0,4,6,4928.0
Uniform1-5000_Seed142_J20_M10,"[0.026380, 1.000000]",10,20,0.05,max_proc,lowest_lower_bound,PRUNE,all_to_shortest,greedy,4928,8,8,0.0016548633575439453,0.0,True,4928.0,6,8,4928.0
Uniform1-5000_Seed143_J20_M10,"[0.031082, 1.000000]",10,20,0.1,max_proc,lowest_lower_bound,NO_PROFILING,all_to_shortest,greedy,5296,2,2,0.0003197193145751953,0.08874622356495468,True,4826.0,0,-1,4826.0
Uniform1-5000_Seed143_J20_M10,"[0.031082, 1.000000]",10,20,0.05,max_proc,lowest_lower_bound,PRUNE,all_to_shortest,greedy,5296,2,2,0.0003504753112792969,0.08874622356495468,True,4826.0,0,-1,4826.0
Uniform1-5000_Seed144_J20_M10,"[0.001408, 0.998411]",10,20,0.1,max_proc,lowest_lower_bound,NO_PROFILING,all_to_shortest,greedy,5652,1972,2001,0.4831209182739258,0.1205060155697099,False,4970.9,10,-1,4970.9
Uniform1-5000_Seed144_J20_M10,"[0.001408, 0.998411]",10,20,0.05,max_proc,lowest_lower_bound,PRUNE,all_to_shortest,greedy,5604,29,29,0.005056619644165039,0.1129728765167738,True,5113.0,14,-1,4970.9
Uniform1-5000_Seed145_J20_M10,"[0.007373, 0.990610]",10,20,0.1,max_proc,lowest_lower_bound,NO_PROFILING,all_to_shortest,greedy,5018,11,11,0.0020329952239990234,0.08104822638501391,True,4611.3,9,-1,4611.3
Uniform1-5000_Seed145_J20_M10,"[0.007373, 0.990610]",10,20,0.05,max_proc,lowest_lower_bound,PRUNE,all_to_shortest,greedy,5020,14,14,0.002913951873779297,0.08141434262948204,True,4739.0,11,-1,4611.3
Uniform1-5000_Seed146_J20_M10,"[0.002265, 0.923126]",10,20,0.1,max_proc,lowest_lower_bound,NO_PROFILING,all_to_shortest,greedy,6057,1815,2001,0.5837719440460205,0.125260029717682,False,5298.3,10,-1,5298.3
Uniform1-5000_Seed146_J20_M10,"[0.002265, 0.923126]",10,20,0.05,max_proc,lowest_lower_bound,PRUNE,all_to_shortest,greedy,5934,14,14,0.002802610397338867,0.10712841253791705,True,5934.0,12,-1,5298.3
Uniform1-5000_Seed147_J20_M10,"[0.043414, 1.000000]",10,20,0.1,max_proc,lowest_lower_bound,NO_PROFILING,all_to_shortest,greedy,5168,5,5,0.0011851787567138672,0.08184984520123839,True,4745.0,3,-1,4745.0
Uniform1-5000_Seed147_J20_M10,"[0.043414, 1.000000]",10,20,0.05,max_proc,lowest_lower_bound,PRUNE,all_to_shortest,greedy,5168,13,13,0.002753734588623047,0.08184984520123839,True,4745.0,11,-1,4745.0
Uniform1-5000_Seed148_J20_M10,"[0.003515, 1.000000]",10,20,0.1,max_proc,lowest_lower_bound,NO_PROFILING,all_to_shortest,greedy,5262,11,11,0.0021924972534179688,0.08095781071835804,True,4836.0,9,-1,4836.0
Uniform1-5000_Seed148_J20_M10,"[0.003515, 1.000000]",10,20,0.05,max_proc,lowest_lower_bound,PRUNE,all_to_shortest,greedy,5143,10,10,0.0020635128021240234,0.059692786311491344,True,4836.0,8,-1,4836.0
Uniform1-5000_Seed149_J20_M10,"[0.058543, 0.881274]",10,20,0.1,max_proc,lowest_lower_bound,NO_PROFILING,all_to_shortest,greedy,5539,14,14,0.0029878616333007812,0.07485105614731907,True,5124.4,12,-1,5124.4
Uniform1-5000_Seed149_J20_M10,"[0.058543, 0.881274]",10,20,0.05,max_proc,lowest_lower_bound,PRUNE,all_to_shortest,greedy,5642,15,15,0.0033125877380371094,0.09174051754696923,True,5124.4,13,-1,5124.4
Uniform1-5000_Seed150_J20_M10,"[0.005236, 1.000000]",10,20,0.1,max_proc,lowest_lower_bound,NO_PROFILING,all_to_shortest,greedy,5429,-1,2,0.0003972053527832031,0.08528274083624977,True,4966.0,0,-1,4966.0
Uniform1-5000_Seed150_J20_M10,"[0.005236, 1.000000]",10,20,0.05,max_proc,lowest_lower_bound,PRUNE,all_to_shortest,greedy,5429,-1,2,0.0003514289855957031,0.08528274083624977,True,4966.0,0,-1,4966.0
Uniform1-5000_Seed151_J20_M10,"[0.048477, 0.795129]",10,20,0.1,max_proc,lowest_lower_bound,NO_PROFILING,all_to_shortest,greedy,7076,135,2001,0.43172407150268555,0.15166760881854152,False,6002.8,10,-1,6002.8
Uniform1-5000_Seed151_J20_M10,"[0.048477, 0.795129]",10,20,0.05,max_proc,lowest_lower_bound,PRUNE,all_to_shortest,greedy,7317,11,12,0.0025136470794677734,0.17960912942462756,True,6718.0,10,-1,6002.8
Uniform1-5000_Seed152_J20_M10,"[0.021536, 0.838703]",10,20,0.1,max_proc,lowest_lower_bound,NO_PROFILING,all_to_shortest,greedy,6692,1390,2001,0.5552105903625488,0.1396144650328751,False,5757.7,11,-1,5757.7
Uniform1-5000_Seed152_J20_M10,"[0.021536, 0.838703]",10,20,0.05,max_proc,lowest_lower_bound,PRUNE,all_to_shortest,greedy,6692,14,16,0.0034689903259277344,0.1396144650328751,True,6077.0,13,-1,5757.7
Uniform1-5000_Seed153_J20_M10,"[0.026194, 1.000000]",10,20,0.1,max_proc,lowest_lower_bound,NO_PROFILING,all_to_shortest,greedy,4635,7,7,0.001332998275756836,0.06925566343042071,True,4314.0,5,-1,4314.0
Uniform1-5000_Seed153_J20_M10,"[0.026194, 1.000000]",10,20,0.05,max_proc,lowest_lower_bound,PRUNE,all_to_shortest,greedy,4377,8,8,0.0017786026000976562,0.01439342015078821,True,4314.0,6,-1,4314.0
Uniform1-5000_Seed154_J20_M10,"[0.057394, 0.934972]",10,20,0.1,max_proc,lowest_lower_bound,NO_PROFILING,all_to_shortest,greedy,6216,122,2001,0.3917088508605957,0.15069176319176317,False,5279.3,10,-1,5279.3
Uniform1-5000_Seed154_J20_M10,"[0.057394, 0.934972]",10,20,0.05,max_proc,lowest_lower_bound,PRUNE,all_to_shortest,greedy,5881,17,17,0.003260374069213867,0.1023125318823329,True,5421.0,11,-1,5279.3
Uniform1-5000_Seed155_J20_M10,"[0.000894, 1.000000]",10,20,0.1,max_proc,lowest_lower_bound,NO_PROFILING,all_to_shortest,greedy,4867,6,6,0.0011723041534423828,0.0807478939798644,True,4474.0,4,-1,4474.0
Uniform1-5000_Seed155_J20_M10,"[0.000894, 1.000000]",10,20,0.05,max_proc,lowest_lower_bound,PRUNE,all_to_shortest,greedy,4748,7,7,0.0015132427215576172,0.05770850884582982,True,4474.0,5,-1,4474.0
Uniform1-5000_Seed156_J20_M10,"[0.092587, 0.959137]",10,20,0.1,max_proc,lowest_lower_bound,NO_PROFILING,all_to_shortest,greedy,5394,14,14,0.0026772022247314453,0.07491657397107905,True,4989.9,12,-1,4989.9
Uniform1-5000_Seed156_J20_M10,"[0.092587, 0.959137]",10,20,0.05,max_proc,lowest_lower_bound,PRUNE,all_to_shortest,greedy,5552,14,14,0.003098011016845703,0.10124279538904905,True,5083.0,12,-1,4989.9
Uniform1-5000_Seed157_J20_M10,"[0.029099, 0.966721]",10,20,0.1,max_proc,lowest_lower_bound,NO_PROFILING,all_to_shortest,greedy,5742,637,2001,0.4305403232574463,0.10825496342737728,False,5120.4,11,-1,5120.4
Uniform1-5000_Seed157_J20_M10,"[0.029099, 0.966721]",10,20,0.05,max_proc,lowest_lower_bound,PRUNE,all_to_shortest,greedy,5782,14,14,0.0029616355895996094,0.11442407471463167,True,5392.0,12,-1,5120.4
Uniform1-5000_Seed158_J20_M10,"[0.046063, 0.915564]",10,20,0.1,max_proc,lowest_lower_bound,NO_PROFILING,all_to_shortest,greedy,5932,627,627,0.12451767921447754,0.08140593391773426,True,5449.1,13,-1,5449.1
Uniform1-5000_Seed158_J20_M10,"[0.046063, 0.915564]",10,20,0.05,max_proc,lowest_lower_bound,PRUNE,all_to_shortest,greedy,6053,27,27,0.005276918411254883,0.09976870973071199,True,5542.0,14,-1,5449.1
Uniform1-5000_Seed159_J20_M10,"[0.002520, 1.000000]",10,20,0.1,max_proc,lowest_lower_bound,NO_PROFILING,all_to_shortest,greedy,4762,6,6,0.0010876655578613281,0.0,True,4762.0,4,6,4762.0
Uniform1-5000_Seed159_J20_M10,"[0.002520, 1.000000]",10,20,0.05,max_proc,lowest_lower_bound,PRUNE,all_to_shortest,greedy,4762,6,6,0.0012481212615966797,0.0,True,4762.0,4,6,4762.0
Uniform1-5000_Seed160_J20_M10,"[0.150885, 0.905129]",10,20,0.1,max_proc,lowest_lower_bound,NO_PROFILING,all_to_shortest,greedy,5894,98,98,0.017020463943481445,0.06557516118086189,True,5507.5,13,-1,5507.5
Uniform1-5000_Seed160_J20_M10,"[0.150885, 0.905129]",10,20,0.05,max_proc,lowest_lower_bound,PRUNE,all_to_shortest,greedy,6103,19,19,0.0035533905029296875,0.09757496313288547,True,5567.0,13,-1,5507.5
Uniform1-5000_Seed161_J20_M10,"[0.053615, 0.990420]",10,20,0.1,max_proc,lowest_lower_bound,NO_PROFILING,all_to_shortest,greedy,5253,25,25,0.004470109939575195,0.08393299067199689,True,4812.1,12,-1,4812.1
Uniform1-5000_Seed161_J20_M10,"[0.053615, 0.990420]",10,20,0.05,max_proc,lowest_lower_bound,PRUNE,all_to_shortest,greedy,5419,18,18,0.0034132003784179688,0.11199483299501746,True,5001.0,13,-1,4812.1
Uniform1-5000_Seed162_J20_M10,"[0.030023, 0.811133]",10,20,0.1,max_proc,lowest_lower_bound,NO_PROFILING,all_to_shortest,greedy,6833,11,2001,0.2894277572631836,0.151822040099517,False,5795.6,10,-1,5795.6
Uniform1-5000_Seed162_J20_M10,"[0.030023, 0.811133]",10,20,0.05,max_proc,lowest_lower_bound,PRUNE,all_to_shortest,greedy,6833,12,12,0.0031511783599853516,0.151822040099517,True,6833.0,10,-1,5795.6
Uniform1-5000_Seed163_J20_M10,"[0.012638, 0.821809]",10,20,0.1,max_proc,lowest_lower_bound,NO_PROFILING,all_to_shortest,greedy,6621,66,2001,0.3993353843688965,0.16341942304787796,False,5539.0,10,-1,5539.0
Uniform1-5000_Seed163_J20_M10,"[0.012638, 0.821809]",10,20,0.05,max_proc,lowest_lower_bound,PRUNE,all_to_shortest,greedy,6874,12,12,0.002501964569091797,0.19421006691882456,True,6469.0,10,-1,5539.0
Uniform1-5000_Seed164_J20_M10,"[0.022045, 0.944243]",10,20,0.1,max_proc,lowest_lower_bound,NO_PROFILING,all_to_shortest,greedy,5798,564,2001,0.3587331771850586,0.1159365298378751,False,5125.8,10,-1,5125.8
Uniform1-5000_Seed164_J20_M10,"[0.022045, 0.944243]",10,20,0.05,max_proc,lowest_lower_bound,PRUNE,all_to_shortest,greedy,6261,10,12,0.0024063587188720703,0.1813128893148059,True,5709.0,10,-1,5125.8
Uniform1-5000_Seed165_J20_M10,"[0.033905, 1.000000]",10,20,0.1,max_proc,lowest_lower_bound,NO_PROFILING,all_to_shortest,greedy,5279,543,543,0.08605432510375977,0.08372797878386058,True,4837.0,11,-1,4837.0
Uniform1-5000_Seed165_J20_M10,"[0.033905, 1.000000]",10,20,0.05,max_proc,lowest_lower_bound,PRUNE,all_to_shortest,greedy,5325,15,15,0.0028524398803710938,0.09164319248826291,True,4958.0,11,-1,4837.0
Uniform1-5000_Seed166_J20_M10,"[0.001177, 0.919132]",10,20,0.1,max_proc,lowest_lower_bound,NO_PROFILING,all_to_shortest,greedy,5812,145,2001,0.43895792961120605,0.12298692360633176,False,5097.2,10,-1,5097.2
Uniform1-5000_Seed166_J20_M10,"[0.001177, 0.919132]",10,20,0.05,max_proc,lowest_lower_bound,PRUNE,all_to_shortest,greedy,6101,12,13,0.002709627151489258,0.1645304048516637,True,5619.0,11,-1,5097.2
Uniform1-5000_Seed167_J20_M10,"[0.105252, 1.000000]",10,20,0.1,max_proc,lowest_lower_bound,NO_PROFILING,all_to_shortest,greedy,5164,7,7,0.0013835430145263672,0.08927188226181255,True,4703.0,5,-1,4703.0
Uniform1-5000_Seed167_J20_M10,"[0.105252, 1.000000]",10,20,0.05,max_proc,lowest_lower_bound,PRUNE,all_to_shortest,greedy,5060,11,11,0.0023975372314453125,0.07055335968379446,True,4703.0,9,-1,4703.0
Uniform1-5000_Seed168_J20_M10,"[0.016051, 0.851100]",10,20,0.1,max_proc,lowest_lower_bound,NO_PROFILING,all_to_shortest,greedy,5832,1178,2001,0.5453314781188965,0.09199245541838134,False,5295.5,10,-1,5295.5
Uniform1-5000_Seed168_J20_M10,"[0.016051, 0.851100]",10,20,0.05,max_proc,lowest_lower_bound,PRUNE,all_to_shortest,greedy,6097,23,70,0.011155128479003906,0.1314580941446613,True,5615.0,17,-1,5295.5
Uniform1-5000_Seed169_J20_M10,"[0.080972, 0.937695]",10,20,0.1,max_proc,lowest_lower_bound,NO_PROFILING,all_to_shortest,greedy,5781,106,106,0.018212318420410156,0.08353226085452338,True,5298.1,10,-1,5298.1
Uniform1-5000_Seed169_J20_M10,"[0.080972, 0.937695]",10,20,0.05,max_proc,lowest_lower_bound,PRUNE,all_to_shortest,greedy,5778,14,14,0.002928495407104492,0.08305642090688814,True,5422.0,12,-1,5298.1
Uniform1-5000_Seed170_J20_M10,"[0.033711, 0.919834]",10,20,0.1,max_proc,lowest_lower_bound,NO_PROFILING,all_to_shortest,greedy,5986,1499,2001,0.5221130847930908,0.0980955562980287,False,5398.8,16,-1,5398.8
Uniform1-5000_Seed170_J20_M10,"[0.033711, 0.919834]",10,20,0.05,max_proc,lowest_lower_bound,PRUNE,all_to_shortest,greedy,6145,10,34,0.0060482025146484375,0.12143205858421478,True,5603.0,16,-1,5398.8
Uniform1-5000_Seed171_J20_M10,"[0.098003, 0.793167]",10,20,0.1,max_proc,lowest_lower_bound,NO_PROFILING,all_to_shortest,greedy,7144,43,2001,0.4351620674133301,0.12730963045912655,False,6234.5,11,-1,6234.5
Uniform1-5000_Seed171_J20_M10,"[0.098003, 0.793167]",10,20,0.05,max_proc,lowest_lower_bound,PRUNE,all_to_shortest,greedy,7144,15,32,0.0052967071533203125,0.12730963045912655,True,6532.0,13,-1,6234.5
Uniform1-5000_Seed172_J20_M10,"[0.086485, 1.000000]",10,20,0.1,max_proc,lowest_lower_bound,NO_PROFILING,all_to_shortest,greedy,5363,17,17,0.002968311309814453,0.08801044191683759,True,4891.0,11,-1,4891.0
Uniform1-5000_Seed172_J20_M10,"[0.086485, 1.000000]",10,20,0.05,max_proc,lowest_lower_bound,PRUNE,all_to_shortest,greedy,5391,13,13,0.002596616744995117,0.09274717121127805,True,4965.0,11,-1,4891.0
Uniform1-5000_Seed173_J20_M10,"[0.057569, 0.869791]",10,20,0.1,max_proc,lowest_lower_bound,NO_PROFILING,all_to_shortest,greedy,6284,178,2001,0.4569118022918701,0.10991406747294714,False,5593.3,15,-1,5593.3
Uniform1-5000_Seed173_J20_M10,"[0.057569, 0.869791]",10,20,0.05,max_proc,lowest_lower_bound,PRUNE,all_to_shortest,greedy,6251,73,73,0.01132512092590332,0.10521516557350821,True,5694.0,16,-1,5593.3
Uniform1-5000_Seed174_J20_M10,"[0.122716, 0.963269]",10,20,0.1,max_proc,lowest_lower_bound,NO_PROFILING,all_to_shortest,greedy,5174,16,16,0.003032684326171875,0.07864321608040194,True,4767.1,14,-1,4767.1
Uniform1-5000_Seed174_J20_M10,"[0.122716, 0.963269]",10,20,0.05,max_proc,lowest_lower_bound,PRUNE,all_to_shortest,greedy,5239,38,38,0.00647425651550293,0.09007444168734484,True,4767.1,16,-1,4767.1
Uniform1-5000_Seed175_J20_M10,"[0.057986, 1.000000]",10,20,0.1,max_proc,lowest_lower_bound,NO_PROFILING,all_to_shortest,greedy,5154,5,5,0.0009837150573730469,0.07314707023670936,True,4777.0,3,-1,4777.0
Uniform1-5000_Seed175_J20_M10,"[0.057986, 1.000000]",10,20,0.05,max_proc,lowest_lower_bound,PRUNE,all_to_shortest,greedy,5244,7,7,0.0016956329345703125,0.08905415713196034,True,4777.0,5,-1,4777.0
Uniform1-5000_Seed176_J20_M10,"[0.045710, 0.978117]",10,20,0.1,max_proc,lowest_lower_bound,NO_PROFILING,all_to_shortest,greedy,5666,833,2001,0.5842761993408203,0.14669961171902574,False,4834.8,10,-1,4834.8
Uniform1-5000_Seed176_J20_M10,"[0.045710, 0.978117]",10,20,0.05,max_proc,lowest_lower_bound,PRUNE,all_to_shortest,greedy,5375,15,15,0.003125429153442383,0.10050232558139531,True,5145.0,11,-1,4834.8
Uniform1-5000_Seed177_J20_M10,"[0.015921, 1.000000]",10,20,0.1,max_proc,lowest_lower_bound,NO_PROFILING,all_to_shortest,greedy,5433,6,6,0.0011501312255859375,0.08669243511871894,True,4962.0,4,-1,4962.0
Uniform1-5000_Seed177_J20_M10,"[0.015921, 1.000000]",10,20,0.05,max_proc,lowest_lower_bound,PRUNE,all_to_shortest,greedy,5119,10,10,0.0020999908447265625,0.030670052744676695,True,4962.0,8,-1,4962.0
Uniform1-5000_Seed178_J20_M10,"[0.015375, 0.825784]",10,20,0.1,max_proc,lowest_lower_bound,NO_PROFILING,all_to_shortest,greedy,6695,56,2001,0.36463260650634766,0.0965197908887229,False,6048.8,10,-1,6048.8
Uniform1-5000_Seed178_J20_M10,"[0.015375, 0.825784]",10,20,0.05,max_proc,lowest_lower_bound,PRUNE,all_to_shortest,greedy,7088,12,12,0.002428293228149414,0.14661399548532728,True,6590.0,10,-1,6048.8
Uniform1-5000_Seed179_J20_M10,"[0.005129, 1.000000]",10,20,0.1,max_proc,lowest_lower_bound,NO_PROFILING,all_to_shortest,greedy,5218,445,2001,0.3327805995941162,0.10329628210042162,False,4679.0,10,-1,4679.0
Uniform1-5000_Seed179_J20_M10,"[0.005129, 1.000000]",10,20,0.05,max_proc,lowest_lower_bound,PRUNE,all_to_shortest,greedy,5347,11,12,0.0024356842041015625,0.12492986721526089,True,5215.0,10,-1,4679.0
Uniform1-5000_Seed180_J20_M10,"[0.097494, 0.906726]",10,20,0.1,max_proc,lowest_lower_bound,NO_PROFILING,all_to_shortest,greedy,6030,540,540,0.0945272445678711,0.08825870646766167,True,5497.8,11,-1,5497.8
Uniform1-5000_Seed180_J20_M10,"[0.097494, 0.906726]",10,20,0.05,max_proc,lowest_lower_bound,PRUNE,all_to_shortest,greedy,6100,16,16,0.0031805038452148438,0.0987213114754098,True,5646.0,14,-1,5497.8
Uniform1-5000_Seed181_J20_M10,"[0.046565, 0.975314]",10,20,0.1,max_proc,lowest_lower_bound,NO_PROFILING,all_to_shortest,greedy,5006,23,23,0.003856658935546875,0.06050739113064316,True,4703.1,10,-1,4703.1
Uniform1-5000_Seed181_J20_M10,"[0.046565, 0.975314]",10,20,0.05,max_proc,lowest_lower_bound,PRUNE,all_to_shortest,greedy,5376,13,13,0.0027234554290771484,0.12516741071428564,True,4985.0,11,-1,4703.1
Uniform1-5000_Seed182_J20_M10,"[0.046889, 1.000000]",10,20,0.1,max_proc,lowest_lower_bound,NO_PROFILING,all_to_shortest,greedy,4969,5,5,0.0009071826934814453,0.06862547796337291,True,4628.0,3,-1,4628.0
Uniform1-5000_Seed182_J20_M10,"[0.046889, 1.000000]",10,20,0.05,max_proc,lowest_lower_bound,PRUNE,all_to_shortest,greedy,4969,5,5,0.0011146068572998047,0.06862547796337291,True,4628.0,3,-1,4628.0
Uniform1-5000_Seed183_J20_M10,"[0.006275, 0.953660]",10,20,0.1,max_proc,lowest_lower_bound,NO_PROFILING,all_to_shortest,greedy,5731,1435,2001,0.3681457042694092,0.11022509160704935,False,5099.3,13,-1,5099.3
Uniform1-5000_Seed183_J20_M10,"[0.006275, 0.953660]",10,20,0.05,max_proc,lowest_lower_bound,PRUNE,all_to_shortest,greedy,5934,18,30,0.004919767379760742,0.14066397034041117,True,5385.0,13,-1,5099.3
Uniform1-5000_Seed184_J20_M10,"[0.084127, 0.894023]",10,20,0.1,max_proc,lowest_lower_bound,NO_PROFILING,all_to_shortest,greedy,5636,65,65,0.011522531509399414,0.07833569907735984,True,5194.5,13,-1,5194.5
Uniform1-5000_Seed184_J20_M10,"[0.084127, 0.894023]",10,20,0.05,max_proc,lowest_lower_bound,PRUNE,all_to_shortest,greedy,5714,15,15,0.002940654754638672,0.09091704585229261,True,5194.5,13,-1,5194.5
Uniform1-5000_Seed185_J20_M10,"[0.029817, 1.000000]",10,20,0.1,max_proc,lowest_lower_bound,NO_PROFILING,all_to_shortest,greedy,5314,10,10,0.0018665790557861328,0.07226194956718103,True,4930.0,8,-1,4930.0
Uniform1-5000_Seed185_J20_M10,"[0.029817, 1.000000]",10,20,0.05,max_proc,lowest_lower_bound,PRUNE,all_to_shortest,greedy,5323,4,4,0.0008902549743652344,0.07383054668420064,True,4930.0,2,-1,4930.0
Uniform1-5000_Seed186_J20_M10,"[0.044139, 0.860877]",10,20,0.1,max_proc,lowest_lower_bound,NO_PROFILING,all_to_shortest,greedy,7038,201,2001,0.6622610092163086,0.17591645353793697,False,5799.9,10,-1,5799.9
Uniform1-5000_Seed186_J20_M10,"[0.044139, 0.860877]",10,20,0.05,max_proc,lowest_lower_bound,PRUNE,all_to_shortest,greedy,6774,14,14,0.0029244422912597656,0.14379982285208154,True,6353.0,12,-1,5799.9
Uniform1-5000_Seed187_J20_M10,"[0.060415, 0.829544]",10,20,0.1,max_proc,lowest_lower_bound,NO_PROFILING,all_to_shortest,greedy,6996,98,2001,0.42093586921691895,0.13879359634076616,False,6025.0,10,-1,6025.0
Uniform1-5000_Seed187_J20_M10,"[0.060415, 0.829544]",10,20,0.05,max_proc,lowest_lower_bound,PRUNE,all_to_shortest,greedy,6910,16,16,0.003144502639770508,0.12807525325615052,True,6438.0,11,-1,6025.0
Uniform1-5000_Seed188_J20_M10,"[0.012250, 0.954902]",10,20,0.1,max_proc,lowest_lower_bound,NO_PROFILING,all_to_shortest,greedy,5491,121,2001,0.30145788192749023,0.12289200509925335,False,4816.2,12,-1,4816.2
Uniform1-5000_Seed188_J20_M10,"[0.012250, 0.954902]",10,20,0.05,max_proc,lowest_lower_bound,PRUNE,all_to_shortest,greedy,5508,8,19,0.003285646438598633,0.12559912854030506,True,5213.0,12,-1,4816.2
Uniform1-5000_Seed189_J20_M10,"[0.021952, 0.848234]",10,20,0.1,max_proc,lowest_lower_bound,NO_PROFILING,all_to_shortest,greedy,6090,1782,2001,0.36844372749328613,0.12481116584564866,False,5329.9,10,-1,5329.9
Uniform1-5000_Seed189_J20_M10,"[0.021952, 0.848234]",10,20,0.05,max_proc,lowest_lower_bound,PRUNE,all_to_shortest,greedy,6233,11,12,0.0024445056915283203,0.14489010107492384,True,6042.0,10,-1,5329.9
Uniform1-5000_Seed190_J20_M10,"[0.030083, 1.000000]",10,20,0.1,max_proc,lowest_lower_bound,NO_PROFILING,all_to_shortest,greedy,5525,1225,2001,0.34215474128723145,0.10352941176470588,False,4953.0,10,-1,4953.0
Uniform1-5000_Seed190_J20_M10,"[0.030083, 1.000000]",10,20,0.05,max_proc,lowest_lower_bound,PRUNE,all_to_shortest,greedy,5979,9,12,0.002439737319946289,0.17160060210737582,True,5525.0,10,-1,4953.0
Uniform1-5000_Seed191_J20_M10,"[0.000902, 0.997272]",10,20,0.1,max_proc,lowest_lower_bound,NO_PROFILING,all_to_shortest,greedy,5214,4,2001,0.30882930755615234,0.14938626774069805,False,4435.1,10,-1,4435.1
Uniform1-5000_Seed191_J20_M10,"[0.000902, 0.997272]",10,20,0.05,max_proc,lowest_lower_bound,PRUNE,all_to_shortest,greedy,5384,6,12,0.0024607181549072266,0.17624442793462103,True,5214.0,10,-1,4435.1
Uniform1-5000_Seed192_J20_M10,"[0.010908, 0.910318]",10,20,0.1,max_proc,lowest_lower_bound,NO_PROFILING,all_to_shortest,greedy,6002,1048,2001,0.4124627113342285,0.09878373875374868,False,5409.1,10,-1,5409.1
Uniform1-5000_Seed192_J20_M10,"[0.010908, 0.910318]",10,20,0.05,max_proc,lowest_lower_bound,PRUNE,all_to_shortest,greedy,6086,14,14,0.002827882766723633,0.11122247781794276,True,5687.0,12,-1,5409.1
Uniform1-5000_Seed193_J20_M10,"[0.129080, 0.856075]",10,20,0.1,max_proc,lowest_lower_bound,NO_PROFILING,all_to_shortest,greedy,6586,22,2001,0.37230801582336426,0.11424233221986026,False,5833.6,13,-1,5833.6
Uniform1-5000_Seed193_J20_M10,"[0.129080, 0.856075]",10,20,0.05,max_proc,lowest_lower_bound,PRUNE,all_to_shortest,greedy,6586,38,38,0.00675511360168457,0.11424233221986026,True,6052.0,14,-1,5833.6
Uniform1-5000_Seed194_J20_M10,"[0.133293, 1.000000]",10,20,0.1,max_proc,lowest_lower_bound,NO_PROFILING,all_to_shortest,greedy,5033,7,7,0.0013391971588134766,0.017683290284124777,True,4944.0,5,-1,4944.0
Uniform1-5000_Seed194_J20_M10,"[0.133293, 1.000000]",10,20,0.05,max_proc,lowest_lower_bound,PRUNE,all_to_shortest,greedy,5353,8,8,0.0017523765563964844,0.07640575378292547,True,4944.0,6,-1,4944.0
Uniform1-5000_Seed195_J20_M10,"[0.070205, 1.000000]",10,20,0.1,max_proc,lowest_lower_bound,NO_PROFILING,all_to_shortest,greedy,5182,11,11,0.0019195079803466797,0.08741798533384794,True,4729.0,9,-1,4729.0
Uniform1-5000_Seed195_J20_M10,"[0.070205, 1.000000]",10,20,0.05,max_proc,lowest_lower_bound,PRUNE,all_to_shortest,greedy,5182,10,10,0.0021469593048095703,0.08741798533384794,True,4729.0,8,-1,4729.0
Uniform1-5000_Seed196_J20_M10,"[0.014200, 0.989975]",10,20,0.1,max_proc,lowest_lower_bound,NO_PROFILING,all_to_shortest,greedy,5075,12,12,0.0020225048065185547,0.07028571428571424,True,4718.3,10,-1,4718.3
Uniform1-5000_Seed196_J20_M10,"[0.014200, 0.989975]",10,20,0.05,max_proc,lowest_lower_bound,PRUNE,all_to_shortest,greedy,5094,13,13,0.0025436878204345703,0.07375343541421277,True,4736.0,11,-1,4718.3
Uniform1-5000_Seed197_J20_M10,"[0.031126, 0.962508]",10,20,0.1,max_proc,lowest_lower_bound,NO_PROFILING,all_to_shortest,greedy,5406,1761,1761,0.30331921577453613,0.07885682574916762,True,4979.7,12,-1,4979.7
Uniform1-5000_Seed197_J20_M10,"[0.031126, 0.962508]",10,20,0.05,max_proc,lowest_lower_bound,PRUNE,all_to_shortest,greedy,5507,14,14,0.002839803695678711,0.09575086253858729,True,5135.0,12,-1,4979.7
Uniform1-5000_Seed198_J20_M10,"[0.022835, 1.000000]",10,20,0.1,max_proc,lowest_lower_bound,NO_PROFILING,all_to_shortest,greedy,4842,7,7,0.0012748241424560547,0.041305245766212306,True,4642.0,5,-1,4642.0
Uniform1-5000_Seed198_J20_M10,"[0.022835, 1.000000]",10,20,0.05,max_proc,lowest_lower_bound,PRUNE,all_to_shortest,greedy,4993,13,13,0.0025856494903564453,0.07029841778489886,True,4642.0,11,-1,4642.0
Uniform1-5000_Seed199_J20_M10,"[0.066256, 1.000000]",10,20,0.1,max_proc,lowest_lower_bound,NO_PROFILING,all_to_shortest,greedy,5428,313,2001,0.4672214984893799,0.10187914517317613,False,4875.0,10,-1,4875.0
Uniform1-5000_Seed199_J20_M10,"[0.066256, 1.000000]",10,20,0.05,max_proc,lowest_lower_bound,PRUNE,all_to_shortest,greedy,5472,13,13,0.002655506134033203,0.10910087719298246,True,5052.0,10,-1,4875.0
Uniform1-5000_Seed200_J20_M10,"[0.038821, 0.988896]",10,20,0.1,max_proc,lowest_lower_bound,NO_PROFILING,all_to_shortest,greedy,5157,8,8,0.0016131401062011719,0.07093271281752961,True,4791.2,6,-1,4791.2
Uniform1-5000_Seed200_J20_M10,"[0.038821, 0.988896]",10,20,0.05,max_proc,lowest_lower_bound,PRUNE,all_to_shortest,greedy,5157,16,16,0.0032317638397216797,0.07093271281752961,True,4862.0,13,-1,4791.2
Uniform1-5000_Seed101_J50_M25,"[0.008840, 0.876889]",25,50,0.1,max_proc,lowest_lower_bound,NO_PROFILING,all_to_shortest,greedy,6911,463,2001,3.287274122238159,0.18154246852843298,False,5656.36,25,-1,5656.36
Uniform1-5000_Seed101_J50_M25,"[0.008840, 0.876889]",25,50,0.05,max_proc,lowest_lower_bound,PRUNE,all_to_shortest,greedy,6576,31,31,0.05125856399536133,0.13984793187347938,True,6143.0,29,-1,5656.36
Uniform1-5000_Seed102_J50_M25,"[0.014874, 0.961182]",25,50,0.1,max_proc,lowest_lower_bound,NO_PROFILING,all_to_shortest,greedy,6229,752,2001,3.2276155948638916,0.16889388344838657,False,5176.96,25,-1,5176.96
Uniform1-5000_Seed102_J50_M25,"[0.014874, 0.961182]",25,50,0.05,max_proc,lowest_lower_bound,PRUNE,all_to_shortest,greedy,6096,30,30,0.04605913162231445,0.15076115485564304,True,5704.0,25,-1,5176.96
Uniform1-5000_Seed103_J50_M25,"[0.002107, 0.955371]",25,50,0.1,max_proc,lowest_lower_bound,NO_PROFILING,all_to_shortest,greedy,6156,109,2001,3.082933187484741,0.15205328135152696,False,5219.96,33,-1,5219.96
Uniform1-5000_Seed103_J50_M25,"[0.002107, 0.955371]",25,50,0.05,max_proc,lowest_lower_bound,PRUNE,all_to_shortest,greedy,6058,184,2001,2.6200575828552246,0.13833608451634202,False,5309.0,34,-1,5219.96
Uniform1-5000_Seed104_J50_M25,"[0.013562, 0.955555]",25,50,0.1,max_proc,lowest_lower_bound,NO_PROFILING,all_to_shortest,greedy,6551,1784,2001,3.129554271697998,0.21212028697908722,False,5161.4,25,-1,5161.4
Uniform1-5000_Seed104_J50_M25,"[0.013562, 0.955555]",25,50,0.05,max_proc,lowest_lower_bound,PRUNE,all_to_shortest,greedy,6169,33,33,0.048244476318359375,0.16333279299724435,True,5799.0,28,-1,5161.4
Uniform1-5000_Seed105_J50_M25,"[0.013999, 0.931496]",25,50,0.1,max_proc,lowest_lower_bound,NO_PROFILING,all_to_shortest,greedy,6245,1065,2001,3.477071523666382,0.15354363490792636,False,5286.12,25,-1,5286.12
Uniform1-5000_Seed105_J50_M25,"[0.013999, 0.931496]",25,50,0.05,max_proc,lowest_lower_bound,PRUNE,all_to_shortest,greedy,6132,32,32,0.05067586898803711,0.13794520547945208,True,5726.0,29,-1,5286.12
Uniform1-5000_Seed106_J50_M25,"[0.001105, 0.913720]",25,50,0.1,max_proc,lowest_lower_bound,NO_PROFILING,all_to_shortest,greedy,6567,578,2001,3.061453104019165,0.17288868585350992,False,5431.64,25,-1,5431.64
Uniform1-5000_Seed106_J50_M25,"[0.001105, 0.913720]",25,50,0.05,max_proc,lowest_lower_bound,PRUNE,all_to_shortest,greedy,6722,64,84,0.11844825744628906,0.19196072597441233,True,6107.0,29,-1,5431.64
Uniform1-5000_Seed107_J50_M25,"[0.039643, 0.988793]",25,50,0.1,max_proc,lowest_lower_bound,NO_PROFILING,all_to_shortest,greedy,5318,43,43,0.05638861656188965,0.08926664159458447,True,4843.28,36,-1,4843.28
Uniform1-5000_Seed107_J50_M25,"[0.039643, 0.988793]",25,50,0.05,max_proc,lowest_lower_bound,PRUNE,all_to_shortest,greedy,5308,741,741,0.9677913188934326,0.08755086661642808,True,4888.0,37,-1,4843.28
Uniform1-5000_Seed108_J50_M25,"[0.029489, 1.000000]",25,50,0.1,max_proc,lowest_lower_bound,NO_PROFILING,all_to_shortest,greedy,5444,34,34,0.046793460845947266,0.09055841293166789,True,4951.0,32,-1,4951.0
Uniform1-5000_Seed108_J50_M25,"[0.029489, 1.000000]",25,50,0.05,max_proc,lowest_lower_bound,PRUNE,all_to_shortest,greedy,5444,44,44,0.0635988712310791,0.09055841293166789,True,4951.0,37,-1,4951.0
Uniform1-5000_Seed109_J50_M25,"[0.029254, 1.000000]",25,50,0.1,max_proc,lowest_lower_bound,NO_PROFILING,all_to_shortest,greedy,5227,27,27,0.03585195541381836,0.07136024488234169,True,4854.0,25,-1,4854.0
Uniform1-5000_Seed109_J50_M25,"[0.029254, 1.000000]",25,50,0.05,max_proc,lowest_lower_bound,PRUNE,all_to_shortest,greedy,5182,28,28,0.04014778137207031,0.06329602470088769,True,4854.0,25,-1,4854.0
Uniform1-5000_Seed110_J50_M25,"[0.044716, 0.915385]",25,50,0.1,max_proc,lowest_lower_bound,NO_PROFILING,all_to_shortest,greedy,6118,341,2001,3.2464866638183594,0.10808761033017322,False,5456.72,31,-1,5456.72
Uniform1-5000_Seed110_J50_M25,"[0.044716, 0.915385]",25,50,0.05,max_proc,lowest_lower_bound,PRUNE,all_to_shortest,greedy,6046,1979,1979,2.6898415088653564,0.09746609328481637,True,5672.0,33,-1,5456.72
Uniform1-5000_Seed111_J50_M25,"[0.025035, 1.000000]",25,50,0.1,max_proc,lowest_lower_bound,NO_PROFILING,all_to_shortest,greedy,5359,35,35,0.05792546272277832,0.07576040306027244,True,4953.0,33,-1,4953.0
Uniform1-5000_Seed111_J50_M25,"[0.025035, 1.000000]",25,50,0.05,max_proc,lowest_lower_bound,PRUNE,all_to_shortest,greedy,5359,78,78,0.09896302223205566,0.07576040306027244,True,4953.0,33,-1,4953.0
Uniform1-5000_Seed112_J50_M25,"[0.010465, 1.000000]",25,50,0.1,max_proc,lowest_lower_bound,NO_PROFILING,all_to_shortest,greedy,5393,20,20,0.027331829071044922,0.07862043389579083,True,4969.0,18,-1,4969.0
Uniform1-5000_Seed112_J50_M25,"[0.010465, 1.000000]",25,50,0.05,max_proc,lowest_lower_bound,PRUNE,all_to_shortest,greedy,5286,27,27,0.05021023750305176,0.059969731365872116,True,4969.0,25,-1,4969.0
Uniform1-5000_Seed113_J50_M25,"[0.002139, 0.860594]",25,50,0.1,max_proc,lowest_lower_bound,NO_PROFILING,all_to_shortest,greedy,6720,1603,2001,3.471384048461914,0.16499404761904765,False,5611.24,25,-1,5611.24
Uniform1-5000_Seed113_J50_M25,"[0.002139, 0.860594]",25,50,0.05,max_proc,lowest_lower_bound,PRUNE,all_to_shortest,greedy,6677,32,68,0.09100770950317383,0.1596165942788678,True,6073.0,30,-1,5611.24
Uniform1-5000_Seed114_J50_M25,"[0.009808, 1.000000]",25,50,0.1,max_proc,lowest_lower_bound,NO_PROFILING,all_to_shortest,greedy,5512,1481,2001,2.8483033180236816,0.09361393323657474,False,4996.0,40,-1,4996.0
Uniform1-5000_Seed114_J50_M25,"[0.009808, 1.000000]",25,50,0.05,max_proc,lowest_lower_bound,PRUNE,all_to_shortest,greedy,5554,816,1228,1.691889762878418,0.10046813107670148,True,5056.0,36,-1,4996.0
Uniform1-5000_Seed115_J50_M25,"[0.006401, 1.000000]",25,50,0.1,max_proc,lowest_lower_bound,NO_PROFILING,all_to_shortest,greedy,5339,14,14,0.019903182983398438,0.06368233751638884,True,4999.0,12,-1,4999.0
Uniform1-5000_Seed115_J50_M25,"[0.006401, 1.000000]",25,50,0.05,max_proc,lowest_lower_bound,PRUNE,all_to_shortest,greedy,5418,20,20,0.028168916702270508,0.07733480989294943,True,4999.0,18,-1,4999.0
Uniform1-5000_Seed116_J50_M25,"[0.003724, 0.845435]",25,50,0.1,max_proc,lowest_lower_bound,NO_PROFILING,all_to_shortest,greedy,7459,759,2001,3.505175828933716,0.20790990749430222,False,5908.2,25,-1,5908.2
Uniform1-5000_Seed116_J50_M25,"[0.003724, 0.845435]",25,50,0.05,max_proc,lowest_lower_bound,PRUNE,all_to_shortest,greedy,7351,30,30,0.04629254341125488,0.19627261597061627,True,6694.0,28,-1,5908.2
Uniform1-5000_Seed117_J50_M25,"[0.001803, 1.000000]",25,50,0.1,max_proc,lowest_lower_bound,NO_PROFILING,all_to_shortest,greedy,5769,1003,2001,2.8056952953338623,0.1345120471485526,False,4993.0,26,-1,4993.0
Uniform1-5000_Seed117_J50_M25,"[0.001803, 1.000000]",25,50,0.05,max_proc,lowest_lower_bound,PRUNE,all_to_shortest,greedy,5443,34,34,0.04764604568481445,0.0826749954069447,True,5117.0,31,-1,4993.0
Uniform1-5000_Seed118_J50_M25,"[0.010640, 1.000000]",25,50,0.1,max_proc,lowest_lower_bound,NO_PROFILING,all_to_shortest,greedy,5148,27,27,0.03615283966064453,0.050699300699300696,True,4887.0,25,-1,4887.0
Uniform1-5000_Seed118_J50_M25,"[0.010640, 1.000000]",25,50,0.05,max_proc,lowest_lower_bound,PRUNE,all_to_shortest,greedy,5087,30,30,0.04253864288330078,0.03931590328287792,True,4887.0,28,-1,4887.0
Uniform1-5000_Seed119_J50_M25,"[0.000582, 0.948849]",25,50,0.1,max_proc,lowest_lower_bound,NO_PROFILING,all_to_shortest,greedy,6020,356,2001,3.1866273880004883,0.14409302325581388,False,5152.56,26,-1,5152.56
Uniform1-5000_Seed119_J50_M25,"[0.000582, 0.948849]",25,50,0.05,max_proc,lowest_lower_bound,PRUNE,all_to_shortest,greedy,5805,78,78,0.10120940208435059,0.11239276485788106,True,5266.0,36,-1,5152.56
Uniform1-5000_Seed120_J50_M25,"[0.002251, 0.964868]",25,50,0.1,max_proc,lowest_lower_bound,NO_PROFILING,all_to_shortest,greedy,6021,907,2001,3.260127305984497,0.1885666832752034,False,4885.64,25,-1,4885.64
Uniform1-5000_Seed120_J50_M25,"[0.002251, 0.964868]",25,50,0.05,max_proc,lowest_lower_bound,PRUNE,all_to_shortest,greedy,5544,38,38,0.052437543869018555,0.11875180375180369,True,5387.0,31,-1,4885.64
Uniform1-5000_Seed121_J50_M25,"[0.002800, 1.000000]",25,50,0.1,max_proc,lowest_lower_bound,NO_PROFILING,all_to_shortest,greedy,5406,33,33,0.04277753829956055,0.07510173880873104,True,5000.0,31,-1,5000.0
Uniform1-5000_Seed121_J50_M25,"[0.002800, 1.000000]",25,50,0.05,max_proc,lowest_lower_bound,PRUNE,all_to_shortest,greedy,5492,40,40,0.0542905330657959,0.08958485069191552,True,5000.0,32,-1,5000.0
Uniform1-5000_Seed122_J50_M25,"[0.026957, 0.944073]",25,50,0.1,max_proc,lowest_lower_bound,NO_PROFILING,all_to_shortest,greedy,6367,28,2001,2.857908248901367,0.1726715878749803,False,5267.6,25,-1,5267.6
Uniform1-5000_Seed122_J50_M25,"[0.026957, 0.944073]",25,50,0.05,max_proc,lowest_lower_bound,PRUNE,all_to_shortest,greedy,5931,99,99,0.1454925537109375,0.11185297588939465,True,5735.0,33,-1,5267.6
Uniform1-5000_Seed123_J50_M25,"[0.007871, 0.975843]",25,50,0.1,max_proc,lowest_lower_bound,NO_PROFILING,all_to_shortest,greedy,5986,27,2001,2.8969643115997314,0.15105913798864012,False,5081.76,26,-1,5081.76
Uniform1-5000_Seed123_J50_M25,"[0.007871, 0.975843]",25,50,0.05,max_proc,lowest_lower_bound,PRUNE,all_to_shortest,greedy,5675,36,36,0.05349898338317871,0.10453568281938322,True,5224.0,30,-1,5081.76
Uniform1-5000_Seed124_J50_M25,"[0.013793, 1.000000]",25,50,0.1,max_proc,lowest_lower_bound,NO_PROFILING,all_to_shortest,greedy,5416,15,15,0.021024227142333984,0.08973412112259971,True,4930.0,13,-1,4930.0
Uniform1-5000_Seed124_J50_M25,"[0.013793, 1.000000]",25,50,0.05,max_proc,lowest_lower_bound,PRUNE,all_to_shortest,greedy,5363,30,30,0.0423736572265625,0.08073839269065822,True,4930.0,28,-1,4930.0
Uniform1-5000_Seed125_J50_M25,"[0.038644, 0.854996]",25,50,0.1,max_proc,lowest_lower_bound,NO_PROFILING,all_to_shortest,greedy,6954,311,2001,3.456874370574951,0.16644808743169393,False,5796.52,25,-1,5796.52
Uniform1-5000_Seed125_J50_M25,"[0.038644, 0.854996]",25,50,0.05,max_proc,lowest_lower_bound,PRUNE,all_to_shortest,greedy,6755,48,48,0.06876873970031738,0.14189193190229454,True,6137.0,31,-1,5796.52
Uniform1-5000_Seed126_J50_M25,"[0.000799, 0.982124]",25,50,0.1,max_proc,lowest_lower_bound,NO_PROFILING,all_to_shortest,greedy,6286,1218,2001,3.237773895263672,0.20403436207445122,False,5003.44,25,-1,5003.44
Uniform1-5000_Seed126_J50_M25,"[0.000799, 0.982124]",25,50,0.05,max_proc,lowest_lower_bound,PRUNE,all_to_shortest,greedy,5988,36,57,0.08202075958251953,0.1644221776887108,True,5491.0,30,-1,5003.44
Uniform1-5000_Seed127_J50_M25,"[0.012368, 1.000000]",25,50,0.1,max_proc,lowest_lower_bound,NO_PROFILING,all_to_shortest,greedy,5471,488,2001,2.6479146480560303,0.09851946627673186,False,4932.0,26,-1,4932.0
Uniform1-5000_Seed127_J50_M25,"[0.012368, 1.000000]",25,50,0.05,max_proc,lowest_lower_bound,PRUNE,all_to_shortest,greedy,5353,40,40,0.05537819862365723,0.07864748739024846,True,5004.0,32,-1,4932.0
Uniform1-5000_Seed128_J50_M25,"[0.036847, 1.000000]",25,50,0.1,max_proc,lowest_lower_bound,NO_PROFILING,all_to_shortest,greedy,5307,27,27,0.037844181060791016,0.0795176182400603,True,4885.0,25,-1,4885.0
Uniform1-5000_Seed128_J50_M25,"[0.036847, 1.000000]",25,50,0.05,max_proc,lowest_lower_bound,PRUNE,all_to_shortest,greedy,5244,23,23,0.03496551513671875,0.06845919145690313,True,4885.0,21,-1,4885.0
Uniform1-5000_Seed129_J50_M25,"[0.023438, 1.000000]",25,50,0.1,max_proc,lowest_lower_bound,NO_PROFILING,all_to_shortest,greedy,5185,28,28,0.03710222244262695,0.06190935390549662,True,4864.0,26,-1,4864.0
Uniform1-5000_Seed129_J50_M25,"[0.023438, 1.000000]",25,50,0.05,max_proc,lowest_lower_bound,PRUNE,all_to_shortest,greedy,5018,31,31,0.04746079444885254,0.03068951773614986,True,4864.0,29,-1,4864.0
Uniform1-5000_Seed130_J50_M25,"[0.053309, 1.000000]",25,50,0.1,max_proc,lowest_lower_bound,NO_PROFILING,all_to_shortest,greedy,5425,28,28,0.05277085304260254,0.08368663594470047,True,4971.0,26,-1,4971.0
Uniform1-5000_Seed130_J50_M25,"[0.053309, 1.000000]",25,50,0.05,max_proc,lowest_lower_bound,PRUNE,all_to_shortest,greedy,5318,36,36,0.058196067810058594,0.06525009402030839,True,4971.0,34,-1,4971.0
Uniform1-5000_Seed131_J50_M25,"[0.013051, 0.936389]",25,50,0.1,max_proc,lowest_lower_bound,NO_PROFILING,all_to_shortest,greedy,5918,104,2001,2.9542295932769775,0.11956066238594126,False,5210.44,34,-1,5210.44
Uniform1-5000_Seed131_J50_M25,"[0.013051, 0.936389]",25,50,0.05,max_proc,lowest_lower_bound,PRUNE,all_to_shortest,greedy,5942,683,2001,3.021146297454834,0.12311679569168636,False,5272.0,34,-1,5210.44
Uniform1-5000_Seed132_J50_M25,"[0.013164, 0.926679]",25,50,0.1,max_proc,lowest_lower_bound,NO_PROFILING,all_to_shortest,greedy,6084,545,2001,3.058196783065796,0.15092702169625244,False,5165.76,25,-1,5165.76
Uniform1-5000_Seed132_J50_M25,"[0.013164, 0.926679]",25,50,0.05,max_proc,lowest_lower_bound,PRUNE,all_to_shortest,greedy,5826,98,98,0.13584017753601074,0.11332646755921727,True,5343.0,35,-1,5165.76
Uniform1-5000_Seed133_J50_M25,"[0.001216, 1.000000]",25,50,0.1,max_proc,lowest_lower_bound,NO_PROFILING,all_to_shortest,greedy,5003,13,13,0.018842458724975586,0.013591844893064161,True,4935.0,11,-1,4935.0
Uniform1-5000_Seed133_J50_M25,"[0.001216, 1.000000]",25,50,0.05,max_proc,lowest_lower_bound,PRUNE,all_to_shortest,greedy,5213,16,16,0.02355027198791504,0.05332821791674659,True,4935.0,14,-1,4935.0
Uniform1-5000_Seed134_J50_M25,"[0.042698, 0.955108]",25,50,0.1,max_proc,lowest_lower_bound,NO_PROFILING,all_to_shortest,greedy,6122,1452,2001,3.7992310523986816,0.18131329630839596,False,5012.0,25,-1,5012.0
Uniform1-5000_Seed134_J50_M25,"[0.042698, 0.955108]",25,50,0.05,max_proc,lowest_lower_bound,PRUNE,all_to_shortest,greedy,5890,43,43,0.06789612770080566,0.14906621392190153,True,5349.0,31,-1,5012.0
Uniform1-5000_Seed135_J50_M25,"[0.014228, 0.962813]",25,50,0.1,max_proc,lowest_lower_bound,NO_PROFILING,all_to_shortest,greedy,5981,27,2001,3.3287391662597656,0.14215014211670285,False,5130.8,29,-1,5130.8
Uniform1-5000_Seed135_J50_M25,"[0.014228, 0.962813]",25,50,0.05,max_proc,lowest_lower_bound,PRUNE,all_to_shortest,greedy,5931,230,600,0.8707830905914307,0.13491822626875735,True,5403.0,33,-1,5130.8
Uniform1-5000_Seed136_J50_M25,"[0.021734, 0.954286]",25,50,0.1,max_proc,lowest_lower_bound,NO_PROFILING,all_to_shortest,greedy,5786,148,2001,3.259540557861328,0.14117525060490843,False,4969.16,34,-1,4969.16
Uniform1-5000_Seed136_J50_M25,"[0.021734, 0.954286]",25,50,0.05,max_proc,lowest_lower_bound,PRUNE,all_to_shortest,greedy,5827,1276,2001,3.073669195175171,0.1472181225330359,False,5049.0,34,-1,4969.16
Uniform1-5000_Seed137_J50_M25,"[0.039766, 0.927934]",25,50,0.1,max_proc,lowest_lower_bound,NO_PROFILING,all_to_shortest,greedy,6125,107,2001,3.132986068725586,0.14191673469387753,False,5255.76,25,-1,5255.76
Uniform1-5000_Seed137_J50_M25,"[0.039766, 0.927934]",25,50,0.05,max_proc,lowest_lower_bound,PRUNE,all_to_shortest,greedy,5977,34,39,0.0587916374206543,0.12066923205621545,True,5430.0,33,-1,5255.76
Uniform1-5000_Seed138_J50_M25,"[0.050842, 0.948298]",25,50,0.1,max_proc,lowest_lower_bound,NO_PROFILING,all_to_shortest,greedy,5280,1316,2001,3.305013418197632,0.1543863636363636,False,4464.84,25,-1,4464.84
Uniform1-5000_Seed138_J50_M25,"[0.050842, 0.948298]",25,50,0.05,max_proc,lowest_lower_bound,PRUNE,all_to_shortest,greedy,5292,47,47,0.07075810432434082,0.15630385487528342,True,4903.0,30,-1,4464.84
Uniform1-5000_Seed139_J50_M25,"[0.017030, 0.916056]",25,50,0.1,max_proc,lowest_lower_bound,NO_PROFILING,all_to_shortest,greedy,6356,634,2001,3.156364679336548,0.1592888609188168,False,5343.56,25,-1,5343.56
Uniform1-5000_Seed139_J50_M25,"[0.017030, 0.916056]",25,50,0.05,max_proc,lowest_lower_bound,PRUNE,all_to_shortest,greedy,6231,209,209,0.28404927253723145,0.14242336703578873,True,5699.0,33,-1,5343.56
Uniform1-5000_Seed140_J50_M25,"[0.017097, 1.000000]",25,50,0.1,max_proc,lowest_lower_bound,NO_PROFILING,all_to_shortest,greedy,5304,31,31,0.03975796699523926,0.07371794871794872,True,4913.0,29,-1,4913.0
Uniform1-5000_Seed140_J50_M25,"[0.017097, 1.000000]",25,50,0.05,max_proc,lowest_lower_bound,PRUNE,all_to_shortest,greedy,5291,43,43,0.05678224563598633,0.07144207144207144,True,4913.0,29,-1,4913.0
Uniform1-5000_Seed141_J50_M25,"[0.010140, 1.000000]",25,50,0.1,max_proc,lowest_lower_bound,NO_PROFILING,all_to_shortest,greedy,5364,27,27,0.036501407623291016,0.08072334079045489,True,4931.0,25,-1,4931.0
Uniform1-5000_Seed141_J50_M25,"[0.010140, 1.000000]",25,50,0.05,max_proc,lowest_lower_bound,PRUNE,all_to_shortest,greedy,5389,22,22,0.03324580192565918,0.08498793839302282,True,4931.0,20,-1,4931.0
Uniform1-5000_Seed142_J50_M25,"[0.025614, 0.970973]",25,50,0.1,max_proc,lowest_lower_bound,NO_PROFILING,all_to_shortest,greedy,5836,1575,2001,3.3039355278015137,0.13034270047978072,False,5075.32,30,-1,5075.32
Uniform1-5000_Seed142_J50_M25,"[0.025614, 0.970973]",25,50,0.05,max_proc,lowest_lower_bound,PRUNE,all_to_shortest,greedy,5854,69,194,0.3108246326446533,0.13301674069012645,True,5316.0,31,-1,5075.32
Uniform1-5000_Seed143_J50_M25,"[0.027745, 0.963289]",25,50,0.1,max_proc,lowest_lower_bound,NO_PROFILING,all_to_shortest,greedy,6021,100,2001,3.6026852130889893,0.16792559375519014,False,5009.92,29,-1,5009.92
Uniform1-5000_Seed143_J50_M25,"[0.027745, 0.963289]",25,50,0.05,max_proc,lowest_lower_bound,PRUNE,all_to_shortest,greedy,5706,141,164,0.23139667510986328,0.12199088678583946,True,5179.0,34,-1,5009.92
Uniform1-5000_Seed144_J50_M25,"[0.001385, 0.982413]",25,50,0.1,max_proc,lowest_lower_bound,NO_PROFILING,all_to_shortest,greedy,6030,1619,2001,3.291670799255371,0.16153897180762852,False,5055.92,25,-1,5055.92
Uniform1-5000_Seed144_J50_M25,"[0.001385, 0.982413]",25,50,0.05,max_proc,lowest_lower_bound,PRUNE,all_to_shortest,greedy,5812,35,35,0.051064252853393555,0.1300894700619408,True,5296.0,31,-1,5055.92
Uniform1-5000_Seed145_J50_M25,"[0.003423, 1.000000]",25,50,0.1,max_proc,lowest_lower_bound,NO_PROFILING,all_to_shortest,greedy,5213,30,30,0.04122328758239746,0.047189718012660656,True,4967.0,28,-1,4967.0
Uniform1-5000_Seed145_J50_M25,"[0.003423, 1.000000]",25,50,0.05,max_proc,lowest_lower_bound,PRUNE,all_to_shortest,greedy,5330,35,35,0.04996919631958008,0.06810506566604127,True,4967.0,27,-1,4967.0
Uniform1-5000_Seed146_J50_M25,"[0.002418, 1.000000]",25,50,0.1,max_proc,lowest_lower_bound,NO_PROFILING,all_to_shortest,greedy,5680,1693,2001,2.80202579498291,0.12640845070422535,False,4962.0,25,-1,4962.0
Uniform1-5000_Seed146_J50_M25,"[0.002418, 1.000000]",25,50,0.05,max_proc,lowest_lower_bound,PRUNE,all_to_shortest,greedy,5832,23,27,0.03822183609008789,0.14917695473251028,True,5375.0,25,-1,4962.0
Uniform1-5000_Seed147_J50_M25,"[0.002175, 0.984669]",25,50,0.1,max_proc,lowest_lower_bound,NO_PROFILING,all_to_shortest,greedy,5571,221,2001,2.9905619621276855,0.09234966792317349,False,5056.52,36,-1,5056.52
Uniform1-5000_Seed147_J50_M25,"[0.002175, 0.984669]",25,50,0.05,max_proc,lowest_lower_bound,PRUNE,all_to_shortest,greedy,5539,939,939,1.391815185546875,0.08710597580790748,True,5073.0,36,-1,5056.52
Uniform1-5000_Seed148_J50_M25,"[0.003509, 0.998142]",25,50,0.1,max_proc,lowest_lower_bound,NO_PROFILING,all_to_shortest,greedy,5860,1436,2001,3.271009683609009,0.17320819112627986,False,4845.0,27,-1,4845.0
Uniform1-5000_Seed148_J50_M25,"[0.003509, 0.998142]",25,50,0.05,max_proc,lowest_lower_bound,PRUNE,all_to_shortest,greedy,5518,139,492,0.6445109844207764,0.12196447988401594,True,5005.0,35,-1,4845.0
Uniform1-5000_Seed149_J50_M25,"[0.008627, 0.949404]",25,50,0.1,max_proc,lowest_lower_bound,NO_PROFILING,all_to_shortest,greedy,6045,70,2001,3.720339059829712,0.1563209263854425,False,5100.04,26,-1,5100.04
Uniform1-5000_Seed149_J50_M25,"[0.008627, 0.949404]",25,50,0.05,max_proc,lowest_lower_bound,PRUNE,all_to_shortest,greedy,5665,39,39,0.05993390083312988,0.09972815533980584,True,5241.0,36,-1,5100.04
Uniform1-5000_Seed150_J50_M25,"[0.005236, 1.000000]",25,50,0.1,max_proc,lowest_lower_bound,NO_PROFILING,all_to_shortest,greedy,5429,7,7,0.010329723358154297,0.08528274083624977,True,4966.0,5,-1,4966.0
Uniform1-5000_Seed150_J50_M25,"[0.005236, 1.000000]",25,50,0.05,max_proc,lowest_lower_bound,PRUNE,all_to_shortest,greedy,5266,16,16,0.024475812911987305,0.0569692366122294,True,4966.0,14,-1,4966.0
Uniform1-5000_Seed151_J50_M25,"[0.010915, 0.890655]",25,50,0.1,max_proc,lowest_lower_bound,NO_PROFILING,all_to_shortest,greedy,6763,1026,2001,2.9648444652557373,0.1871832027206861,False,5497.08,25,-1,5497.08
Uniform1-5000_Seed151_J50_M25,"[0.010915, 0.890655]",25,50,0.05,max_proc,lowest_lower_bound,PRUNE,all_to_shortest,greedy,6218,30,30,0.04352283477783203,0.11594081698295274,True,6072.0,28,-1,5497.08
Uniform1-5000_Seed152_J50_M25,"[0.023002, 0.920993]",25,50,0.1,max_proc,lowest_lower_bound,NO_PROFILING,all_to_shortest,greedy,6473,1675,2001,3.0397825241088867,0.16716823729337246,False,5390.92,25,-1,5390.92
Uniform1-5000_Seed152_J50_M25,"[0.023002, 0.920993]",25,50,0.05,max_proc,lowest_lower_bound,PRUNE,all_to_shortest,greedy,6524,26,27,0.04083085060119629,0.1736787247087676,True,6007.0,25,-1,5390.92
Uniform1-5000_Seed153_J50_M25,"[0.013716, 1.000000]",25,50,0.1,max_proc,lowest_lower_bound,NO_PROFILING,all_to_shortest,greedy,5088,21,21,0.028477907180786133,0.054245283018867926,True,4812.0,19,-1,4812.0
Uniform1-5000_Seed153_J50_M25,"[0.013716, 1.000000]",25,50,0.05,max_proc,lowest_lower_bound,PRUNE,all_to_shortest,greedy,5105,24,24,0.03296399116516113,0.0573947110675808,True,4812.0,22,-1,4812.0
Uniform1-5000_Seed154_J50_M25,"[0.003669, 0.959310]",25,50,0.1,max_proc,lowest_lower_bound,NO_PROFILING,all_to_shortest,greedy,6065,675,2001,3.2338972091674805,0.14613025556471554,False,5178.72,31,-1,5178.72
Uniform1-5000_Seed154_J50_M25,"[0.003669, 0.959310]",25,50,0.05,max_proc,lowest_lower_bound,PRUNE,all_to_shortest,greedy,5687,160,160,0.20919466018676758,0.08937576929839981,True,5276.0,38,-1,5178.72
Uniform1-5000_Seed155_J50_M25,"[0.000860, 1.000000]",25,50,0.1,max_proc,lowest_lower_bound,NO_PROFILING,all_to_shortest,greedy,5077,20,20,0.027106523513793945,0.08430175300374236,True,4649.0,18,-1,4649.0
Uniform1-5000_Seed155_J50_M25,"[0.000860, 1.000000]",25,50,0.05,max_proc,lowest_lower_bound,PRUNE,all_to_shortest,greedy,4890,27,27,0.038108110427856445,0.049284253578732104,True,4649.0,25,-1,4649.0
Uniform1-5000_Seed156_J50_M25,"[0.041434, 0.951022]",25,50,0.1,max_proc,lowest_lower_bound,NO_PROFILING,all_to_shortest,greedy,5908,1576,2001,3.3042421340942383,0.13395396073121185,False,5116.6,29,-1,5116.6
Uniform1-5000_Seed156_J50_M25,"[0.041434, 0.951022]",25,50,0.05,max_proc,lowest_lower_bound,PRUNE,all_to_shortest,greedy,5831,236,621,0.8390688896179199,0.12251757845995535,True,5292.0,33,-1,5116.6
Uniform1-5000_Seed157_J50_M25,"[0.016970, 1.000000]",25,50,0.1,max_proc,lowest_lower_bound,NO_PROFILING,all_to_shortest,greedy,5329,28,28,0.046973228454589844,0.0711202852317508,True,4950.0,26,-1,4950.0
Uniform1-5000_Seed157_J50_M25,"[0.016970, 1.000000]",25,50,0.05,max_proc,lowest_lower_bound,PRUNE,all_to_shortest,greedy,5343,29,29,0.04031825065612793,0.07355418304323413,True,4950.0,27,-1,4950.0
Uniform1-5000_Seed158_J50_M25,"[0.043092, 0.959748]",25,50,0.1,max_proc,lowest_lower_bound,NO_PROFILING,all_to_shortest,greedy,5867,203,2001,3.1919987201690674,0.11398670530083521,False,5198.24,30,-1,5198.24
Uniform1-5000_Seed158_J50_M25,"[0.043092, 0.959748]",25,50,0.05,max_proc,lowest_lower_bound,PRUNE,all_to_shortest,greedy,5835,205,205,0.2915070056915283,0.10912767780634108,True,5297.0,32,-1,5198.24
Uniform1-5000_Seed159_J50_M25,"[0.002520, 1.000000]",25,50,0.1,max_proc,lowest_lower_bound,NO_PROFILING,all_to_shortest,greedy,4981,12,12,0.017293214797973633,0.043967074884561336,True,4762.0,10,-1,4762.0
Uniform1-5000_Seed159_J50_M25,"[0.002520, 1.000000]",25,50,0.05,max_proc,lowest_lower_bound,PRUNE,all_to_shortest,greedy,4762,12,12,0.017691373825073242,0.0,True,4762.0,10,12,4762.0
Uniform1-5000_Seed160_J50_M25,"[0.045209, 0.867663]",25,50,0.1,max_proc,lowest_lower_bound,NO_PROFILING,all_to_shortest,greedy,6946,1144,2001,3.1912953853607178,0.17202994529225454,False,5751.08,25,-1,5751.08
Uniform1-5000_Seed160_J50_M25,"[0.045209, 0.867663]",25,50,0.05,max_proc,lowest_lower_bound,PRUNE,all_to_shortest,greedy,6714,34,69,0.10502982139587402,0.14341971998808462,True,6114.0,31,-1,5751.08
Uniform1-5000_Seed161_J50_M25,"[0.007064, 1.000000]",25,50,0.1,max_proc,lowest_lower_bound,NO_PROFILING,all_to_shortest,greedy,5288,29,29,0.039427995681762695,0.08982602118003026,True,4813.0,27,-1,4813.0
Uniform1-5000_Seed161_J50_M25,"[0.007064, 1.000000]",25,50,0.05,max_proc,lowest_lower_bound,PRUNE,all_to_shortest,greedy,5288,71,71,0.09863448143005371,0.08982602118003026,True,4813.0,30,-1,4813.0
Uniform1-5000_Seed162_J50_M25,"[0.029853, 0.848592]",25,50,0.1,max_proc,lowest_lower_bound,NO_PROFILING,all_to_shortest,greedy,7189,39,2001,3.433917999267578,0.18925024342745866,False,5828.48,25,-1,5828.48
Uniform1-5000_Seed162_J50_M25,"[0.029853, 0.848592]",25,50,0.05,max_proc,lowest_lower_bound,PRUNE,all_to_shortest,greedy,7045,34,34,0.08460330963134766,0.17267849538679922,True,6432.0,30,-1,5828.48
Uniform1-5000_Seed163_J50_M25,"[0.012494, 0.879075]",25,50,0.1,max_proc,lowest_lower_bound,NO_PROFILING,all_to_shortest,greedy,6774,1010,2001,3.3146636486053467,0.1729436079126071,False,5602.48,25,-1,5602.48
Uniform1-5000_Seed163_J50_M25,"[0.012494, 0.879075]",25,50,0.05,max_proc,lowest_lower_bound,PRUNE,all_to_shortest,greedy,6907,26,27,0.04141426086425781,0.18886926306645438,True,6308.0,25,-1,5602.48
Uniform1-5000_Seed164_J50_M25,"[0.018299, 0.921428]",25,50,0.1,max_proc,lowest_lower_bound,NO_PROFILING,all_to_shortest,greedy,6726,63,2001,3.5457403659820557,0.19564674397859055,False,5410.08,25,-1,5410.08
Uniform1-5000_Seed164_J50_M25,"[0.018299, 0.921428]",25,50,0.05,max_proc,lowest_lower_bound,PRUNE,all_to_shortest,greedy,6130,74,74,0.10397601127624512,0.11744208809135401,True,5566.0,33,-1,5410.08
Uniform1-5000_Seed165_J50_M25,"[0.030184, 1.000000]",25,50,0.1,max_proc,lowest_lower_bound,NO_PROFILING,all_to_shortest,greedy,5330,1162,2001,2.6635992527008057,0.0924953095684803,False,4837.0,31,-1,4837.0
Uniform1-5000_Seed165_J50_M25,"[0.030184, 1.000000]",25,50,0.05,max_proc,lowest_lower_bound,PRUNE,all_to_shortest,greedy,5523,82,163,0.21979284286499023,0.12420785804816223,True,5031.0,31,-1,4837.0
Uniform1-5000_Seed166_J50_M25,"[0.001161, 0.952005]",25,50,0.1,max_proc,lowest_lower_bound,NO_PROFILING,all_to_shortest,greedy,6342,62,2001,3.0382487773895264,0.18510879848628192,False,5168.04,25,-1,5168.04
Uniform1-5000_Seed166_J50_M25,"[0.001161, 0.952005]",25,50,0.05,max_proc,lowest_lower_bound,PRUNE,all_to_shortest,greedy,6318,33,33,0.050147056579589844,0.1820132953466287,True,5797.0,30,-1,5168.04
Uniform1-5000_Seed167_J50_M25,"[0.010116, 1.000000]",25,50,0.1,max_proc,lowest_lower_bound,NO_PROFILING,all_to_shortest,greedy,5047,16,16,0.022752761840820312,0.04022191400832178,True,4844.0,14,-1,4844.0
Uniform1-5000_Seed167_J50_M25,"[0.010116, 1.000000]",25,50,0.05,max_proc,lowest_lower_bound,PRUNE,all_to_shortest,greedy,5286,20,20,0.029288768768310547,0.08361710177828226,True,4844.0,18,-1,4844.0
Uniform1-5000_Seed168_J50_M25,"[0.013466, 0.905829]",25,50,0.1,max_proc,lowest_lower_bound,NO_PROFILING,all_to_shortest,greedy,6373,1263,2001,3.943843126296997,0.17267848736858615,False,5272.52,25,-1,5272.52
Uniform1-5000_Seed168_J50_M25,"[0.013466, 0.905829]",25,50,0.05,max_proc,lowest_lower_bound,PRUNE,all_to_shortest,greedy,5957,42,42,0.06305503845214844,0.11490347490347483,True,5497.0,32,-1,5272.52
Uniform1-5000_Seed169_J50_M25,"[0.017672, 0.976696]",25,50,0.1,max_proc,lowest_lower_bound,NO_PROFILING,all_to_shortest,greedy,5725,458,2001,3.03287410736084,0.11044890829694318,False,5092.68,36,-1,5092.68
Uniform1-5000_Seed169_J50_M25,"[0.017672, 0.976696]",25,50,0.05,max_proc,lowest_lower_bound,PRUNE,all_to_shortest,greedy,5681,993,2001,2.5115408897399902,0.1035592325294842,False,5129.0,36,-1,5092.68
Uniform1-5000_Seed170_J50_M25,"[0.031836, 0.975922]",25,50,0.1,max_proc,lowest_lower_bound,NO_PROFILING,all_to_shortest,greedy,6009,278,2001,3.0407347679138184,0.15318355799633876,False,5088.52,25,-1,5088.52
Uniform1-5000_Seed170_J50_M25,"[0.031836, 0.975922]",25,50,0.05,max_proc,lowest_lower_bound,PRUNE,all_to_shortest,greedy,5835,38,38,0.05643510818481445,0.12793144815766916,True,5330.0,31,-1,5088.52
Uniform1-5000_Seed171_J50_M25,"[0.093701, 0.885706]",25,50,0.1,max_proc,lowest_lower_bound,NO_PROFILING,all_to_shortest,greedy,6514,1441,2001,3.250176429748535,0.13822536076143685,False,5613.6,31,-1,5613.6
Uniform1-5000_Seed171_J50_M25,"[0.093701, 0.885706]",25,50,0.05,max_proc,lowest_lower_bound,PRUNE,all_to_shortest,greedy,6246,56,56,0.07972884178161621,0.1012487992315081,True,5708.0,34,-1,5613.6
Uniform1-5000_Seed172_J50_M25,"[0.070556, 0.912929]",25,50,0.1,max_proc,lowest_lower_bound,NO_PROFILING,all_to_shortest,greedy,6390,645,2001,3.3015246391296387,0.16158372456964012,False,5357.48,27,-1,5357.48
Uniform1-5000_Seed172_J50_M25,"[0.070556, 0.912929]",25,50,0.05,max_proc,lowest_lower_bound,PRUNE,all_to_shortest,greedy,6015,38,62,0.08672046661376953,0.10931338320864513,True,5460.0,33,-1,5357.48
Uniform1-5000_Seed173_J50_M25,"[0.037475, 0.959566]",25,50,0.1,max_proc,lowest_lower_bound,NO_PROFILING,all_to_shortest,greedy,5808,27,2001,3.268934488296509,0.12706611570247933,False,5070.0,32,-1,5070.0
Uniform1-5000_Seed173_J50_M25,"[0.037475, 0.959566]",25,50,0.05,max_proc,lowest_lower_bound,PRUNE,all_to_shortest,greedy,5653,1174,1174,1.6799147129058838,0.10313108084203078,True,5149.0,38,-1,5070.0
Uniform1-5000_Seed174_J50_M25,"[0.010546, 1.000000]",25,50,0.1,max_proc,lowest_lower_bound,NO_PROFILING,all_to_shortest,greedy,5271,1843,2001,2.800919771194458,0.10055018023145514,False,4741.0,30,-1,4741.0
Uniform1-5000_Seed174_J50_M25,"[0.010546, 1.000000]",25,50,0.05,max_proc,lowest_lower_bound,PRUNE,all_to_shortest,greedy,5364,80,140,0.19524240493774414,0.11614466815809098,True,4938.0,33,-1,4741.0
Uniform1-5000_Seed175_J50_M25,"[0.015282, 1.000000]",25,50,0.1,max_proc,lowest_lower_bound,NO_PROFILING,all_to_shortest,greedy,5171,17,17,0.039365530014038086,0.07619415973699478,True,4777.0,15,-1,4777.0
Uniform1-5000_Seed175_J50_M25,"[0.015282, 1.000000]",25,50,0.05,max_proc,lowest_lower_bound,PRUNE,all_to_shortest,greedy,5231,25,25,0.03621530532836914,0.08679028866373542,True,4777.0,23,-1,4777.0
Uniform1-5000_Seed176_J50_M25,"[0.030239, 1.000000]",25,50,0.1,max_proc,lowest_lower_bound,NO_PROFILING,all_to_shortest,greedy,5662,26,2001,3.214874505996704,0.16478276227481456,False,4729.0,25,-1,4729.0
Uniform1-5000_Seed176_J50_M25,"[0.030239, 1.000000]",25,50,0.05,max_proc,lowest_lower_bound,PRUNE,all_to_shortest,greedy,5477,48,48,0.07182645797729492,0.13657111557421947,True,5041.0,31,-1,4729.0
Uniform1-5000_Seed177_J50_M25,"[0.005844, 1.000000]",25,50,0.1,max_proc,lowest_lower_bound,NO_PROFILING,all_to_shortest,greedy,5843,81,2001,2.979672908782959,0.15077870956700326,False,4962.0,25,-1,4962.0
Uniform1-5000_Seed177_J50_M25,"[0.005844, 1.000000]",25,50,0.05,max_proc,lowest_lower_bound,PRUNE,all_to_shortest,greedy,5220,45,45,0.0645592212677002,0.04942528735632184,True,5119.0,33,-1,4962.0
Uniform1-5000_Seed178_J50_M25,"[0.016162, 0.887155]",25,50,0.1,max_proc,lowest_lower_bound,NO_PROFILING,all_to_shortest,greedy,7080,1738,2001,3.026921510696411,0.20475141242937858,False,5630.36,25,-1,5630.36
Uniform1-5000_Seed178_J50_M25,"[0.016162, 0.887155]",25,50,0.05,max_proc,lowest_lower_bound,PRUNE,all_to_shortest,greedy,6967,24,27,0.039005279541015625,0.19185302138653657,True,6554.0,25,-1,5630.36
Uniform1-5000_Seed179_J50_M25,"[0.005023, 1.000000]",25,50,0.1,max_proc,lowest_lower_bound,NO_PROFILING,all_to_shortest,greedy,5391,755,2001,3.1825850009918213,0.1137080319050269,False,4778.0,29,-1,4778.0
Uniform1-5000_Seed179_J50_M25,"[0.005023, 1.000000]",25,50,0.05,max_proc,lowest_lower_bound,PRUNE,all_to_shortest,greedy,4903,68,68,0.08781266212463379,0.025494595145829083,True,4799.0,33,-1,4778.0
Uniform1-5000_Seed180_J50_M25,"[0.016247, 0.976189]",25,50,0.1,max_proc,lowest_lower_bound,NO_PROFILING,all_to_shortest,greedy,6224,618,2001,3.0917675495147705,0.17920308483290484,False,5108.64,25,-1,5108.64
Uniform1-5000_Seed180_J50_M25,"[0.016247, 0.976189]",25,50,0.05,max_proc,lowest_lower_bound,PRUNE,all_to_shortest,greedy,6236,29,29,0.042093753814697266,0.18078255291853748,True,5686.0,27,-1,5108.64
Uniform1-5000_Seed181_J50_M25,"[0.019262, 1.000000]",25,50,0.1,max_proc,lowest_lower_bound,NO_PROFILING,all_to_shortest,greedy,5041,10,10,0.015346765518188477,0.011307280301527474,True,4984.0,8,-1,4984.0
Uniform1-5000_Seed181_J50_M25,"[0.019262, 1.000000]",25,50,0.05,max_proc,lowest_lower_bound,PRUNE,all_to_shortest,greedy,5234,20,20,0.02843332290649414,0.04776461597248758,True,4984.0,18,-1,4984.0
Uniform1-5000_Seed182_J50_M25,"[0.036855, 1.000000]",25,50,0.1,max_proc,lowest_lower_bound,NO_PROFILING,all_to_shortest,greedy,5271,33,33,0.04308438301086426,0.07342060330108138,True,4884.0,31,-1,4884.0
Uniform1-5000_Seed182_J50_M25,"[0.036855, 1.000000]",25,50,0.05,max_proc,lowest_lower_bound,PRUNE,all_to_shortest,greedy,5314,69,69,0.08794069290161133,0.08091832894241625,True,4884.0,34,-1,4884.0
Uniform1-5000_Seed183_J50_M25,"[0.003699, 1.000000]",25,50,0.1,max_proc,lowest_lower_bound,NO_PROFILING,all_to_shortest,greedy,5304,27,27,0.040311336517333984,0.08257918552036199,True,4866.0,25,-1,4866.0
Uniform1-5000_Seed183_J50_M25,"[0.003699, 1.000000]",25,50,0.05,max_proc,lowest_lower_bound,PRUNE,all_to_shortest,greedy,5106,38,38,0.05594682693481445,0.04700352526439483,True,4866.0,36,-1,4866.0
Uniform1-5000_Seed184_J50_M25,"[0.028378, 0.906966]",25,50,0.1,max_proc,lowest_lower_bound,NO_PROFILING,all_to_shortest,greedy,6373,82,2001,2.8413870334625244,0.16506511846853916,False,5321.04,25,-1,5321.04
Uniform1-5000_Seed184_J50_M25,"[0.028378, 0.906966]",25,50,0.05,max_proc,lowest_lower_bound,PRUNE,all_to_shortest,greedy,6761,23,27,0.04000282287597656,0.21298032835379382,True,6140.0,25,-1,5321.04
Uniform1-5000_Seed185_J50_M25,"[0.000609, 1.000000]",25,50,0.1,max_proc,lowest_lower_bound,NO_PROFILING,all_to_shortest,greedy,5263,31,31,0.0429840087890625,0.06327189815694471,True,4930.0,29,-1,4930.0
Uniform1-5000_Seed185_J50_M25,"[0.000609, 1.000000]",25,50,0.05,max_proc,lowest_lower_bound,PRUNE,all_to_shortest,greedy,5363,31,31,0.04561638832092285,0.08073839269065822,True,4930.0,29,-1,4930.0
Uniform1-5000_Seed186_J50_M25,"[0.047218, 0.920932]",25,50,0.1,max_proc,lowest_lower_bound,NO_PROFILING,all_to_shortest,greedy,6490,1288,2001,3.9052069187164307,0.16461016949152538,False,5421.68,25,-1,5421.68
Uniform1-5000_Seed186_J50_M25,"[0.047218, 0.920932]",25,50,0.05,max_proc,lowest_lower_bound,PRUNE,all_to_shortest,greedy,6232,31,31,0.04922366142272949,0.13002567394094988,True,5819.0,29,-1,5421.68
Uniform1-5000_Seed187_J50_M25,"[0.032817, 0.916298]",25,50,0.1,max_proc,lowest_lower_bound,NO_PROFILING,all_to_shortest,greedy,6269,424,2001,3.0233826637268066,0.12991545701068744,False,5454.56,25,-1,5454.56
Uniform1-5000_Seed187_J50_M25,"[0.032817, 0.916298]",25,50,0.05,max_proc,lowest_lower_bound,PRUNE,all_to_shortest,greedy,6390,48,48,0.07290792465209961,0.1463912363067292,True,5797.0,32,-1,5454.56
Uniform1-5000_Seed188_J50_M25,"[0.009627, 1.000000]",25,50,0.1,max_proc,lowest_lower_bound,NO_PROFILING,all_to_shortest,greedy,5211,21,21,0.03075265884399414,0.04317789291882556,True,4986.0,19,-1,4986.0
Uniform1-5000_Seed188_J50_M25,"[0.009627, 1.000000]",25,50,0.05,max_proc,lowest_lower_bound,PRUNE,all_to_shortest,greedy,5243,23,23,0.03151369094848633,0.04901773793629601,True,4986.0,21,-1,4986.0
Uniform1-5000_Seed189_J50_M25,"[0.021480, 1.000000]",25,50,0.1,max_proc,lowest_lower_bound,NO_PROFILING,all_to_shortest,greedy,5185,972,2001,2.787170171737671,0.0931533269045323,False,4702.0,31,-1,4702.0
Uniform1-5000_Seed189_J50_M25,"[0.021480, 1.000000]",25,50,0.05,max_proc,lowest_lower_bound,PRUNE,all_to_shortest,greedy,5185,56,56,0.07152485847473145,0.0931533269045323,True,4706.0,31,-1,4702.0
Uniform1-5000_Seed190_J50_M25,"[0.030083, 1.000000]",25,50,0.1,max_proc,lowest_lower_bound,NO_PROFILING,all_to_shortest,greedy,5255,31,31,0.04552173614501953,0.05746907706945766,True,4953.0,29,-1,4953.0
Uniform1-5000_Seed190_J50_M25,"[0.030083, 1.000000]",25,50,0.05,max_proc,lowest_lower_bound,PRUNE,all_to_shortest,greedy,5307,35,35,0.04913187026977539,0.06670435274166196,True,4961.0,30,-1,4953.0
Uniform1-5000_Seed191_J50_M25,"[0.000803, 1.000000]",25,50,0.1,max_proc,lowest_lower_bound,NO_PROFILING,all_to_shortest,greedy,5677,1818,2001,2.9114933013916016,0.1220715166461159,False,4984.0,25,-1,4984.0
Uniform1-5000_Seed191_J50_M25,"[0.000803, 1.000000]",25,50,0.05,max_proc,lowest_lower_bound,PRUNE,all_to_shortest,greedy,5638,28,28,0.04395580291748047,0.11599858105711246,True,5214.0,26,-1,4984.0
Uniform1-5000_Seed192_J50_M25,"[0.011018, 0.919563]",25,50,0.1,max_proc,lowest_lower_bound,NO_PROFILING,all_to_shortest,greedy,6777,23,2001,3.1576874256134033,0.2098686734543308,False,5354.72,25,-1,5354.72
Uniform1-5000_Seed192_J50_M25,"[0.011018, 0.919563]",25,50,0.05,max_proc,lowest_lower_bound,PRUNE,all_to_shortest,greedy,6383,33,33,0.04843497276306152,0.16109666301112327,True,5877.0,29,-1,5354.72
Uniform1-5000_Seed193_J50_M25,"[0.002163, 0.981950]",25,50,0.1,max_proc,lowest_lower_bound,NO_PROFILING,all_to_shortest,greedy,6087,343,2001,3.1464016437530518,0.16448168227369803,False,5085.8,30,-1,5085.8
Uniform1-5000_Seed193_J50_M25,"[0.002163, 0.981950]",25,50,0.05,max_proc,lowest_lower_bound,PRUNE,all_to_shortest,greedy,5705,77,77,0.10655832290649414,0.10853637160385624,True,5234.0,35,-1,5085.8
Uniform1-5000_Seed194_J50_M25,"[0.098706, 1.000000]",25,50,0.1,max_proc,lowest_lower_bound,NO_PROFILING,all_to_shortest,greedy,5372,1648,1648,2.640638589859009,0.07967237527922562,True,4944.0,35,-1,4944.0
Uniform1-5000_Seed194_J50_M25,"[0.098706, 1.000000]",25,50,0.05,max_proc,lowest_lower_bound,PRUNE,all_to_shortest,greedy,5508,605,2001,3.2857298851013184,0.10239651416122005,False,4944.0,35,-1,4944.0
Uniform1-5000_Seed195_J50_M25,"[0.012435, 0.987875]",25,50,0.1,max_proc,lowest_lower_bound,NO_PROFILING,all_to_shortest,greedy,5920,1798,2001,3.132770538330078,0.1713716216216217,False,4905.48,25,-1,4905.48
Uniform1-5000_Seed195_J50_M25,"[0.012435, 0.987875]",25,50,0.05,max_proc,lowest_lower_bound,PRUNE,all_to_shortest,greedy,5474,31,31,0.04412126541137695,0.10385823894775309,True,5387.0,27,-1,4905.48
Uniform1-5000_Seed196_J50_M25,"[0.012798, 0.907122]",25,50,0.1,max_proc,lowest_lower_bound,NO_PROFILING,all_to_shortest,greedy,6777,660,2001,3.1413846015930176,0.22749889331562642,False,5235.24,25,-1,5235.24
Uniform1-5000_Seed196_J50_M25,"[0.012798, 0.907122]",25,50,0.05,max_proc,lowest_lower_bound,PRUNE,all_to_shortest,greedy,5919,32,32,0.04719352722167969,0.1155195134313229,True,5402.0,30,-1,5235.24
Uniform1-5000_Seed197_J50_M25,"[0.027971, 0.900494]",25,50,0.1,max_proc,lowest_lower_bound,NO_PROFILING,all_to_shortest,greedy,6723,204,2001,3.3112988471984863,0.17575487133720072,False,5541.4,27,-1,5541.4
Uniform1-5000_Seed197_J50_M25,"[0.027971, 0.900494]",25,50,0.05,max_proc,lowest_lower_bound,PRUNE,all_to_shortest,greedy,6451,77,77,0.10795712471008301,0.14100139513253765,True,5986.0,31,-1,5541.4
Uniform1-5000_Seed198_J50_M25,"[0.010195, 0.928504]",25,50,0.1,max_proc,lowest_lower_bound,NO_PROFILING,all_to_shortest,greedy,6430,1419,2001,3.7010934352874756,0.20673716951788487,False,5100.68,25,-1,5100.68
Uniform1-5000_Seed198_J50_M25,"[0.010195, 0.928504]",25,50,0.05,max_proc,lowest_lower_bound,PRUNE,all_to_shortest,greedy,5852,148,148,0.19911551475524902,0.12838687628161308,True,5461.0,32,-1,5100.68
Uniform1-5000_Seed199_J50_M25,"[0.001231, 1.000000]",25,50,0.1,max_proc,lowest_lower_bound,NO_PROFILING,all_to_shortest,greedy,5248,36,36,0.05264592170715332,0.07107469512195122,True,4875.0,34,-1,4875.0
Uniform1-5000_Seed199_J50_M25,"[0.001231, 1.000000]",25,50,0.05,max_proc,lowest_lower_bound,PRUNE,all_to_shortest,greedy,5327,505,505,0.6009299755096436,0.08485076027782992,True,4875.0,39,-1,4875.0
Uniform1-5000_Seed200_J50_M25,"[0.032096, 1.000000]",25,50,0.1,max_proc,lowest_lower_bound,NO_PROFILING,all_to_shortest,greedy,5346,20,20,0.02636432647705078,0.06752712308267864,True,4985.0,18,-1,4985.0
Uniform1-5000_Seed200_J50_M25,"[0.032096, 1.000000]",25,50,0.05,max_proc,lowest_lower_bound,PRUNE,all_to_shortest,greedy,5419,20,20,0.028444528579711914,0.0800885772282709,True,4985.0,18,-1,4985.0
Uniform1-5000_Seed101_J100_M50,"[0.009329, 0.925408]",50,100,0.1,max_proc,lowest_lower_bound,NO_PROFILING,all_to_shortest,greedy,6525,1532,2001,16.222256183624268,0.17857471264367814,False,5359.8,50,-1,5359.8
Uniform1-5000_Seed101_J100_M50,"[0.009329, 0.925408]",50,100,0.05,max_proc,lowest_lower_bound,PRUNE,all_to_shortest,greedy,5938,263,263,2.0688283443450928,0.09737285281239472,True,5510.0,77,-1,5359.8
Uniform1-5000_Seed102_J100_M50,"[0.014766, 0.954229]",50,100,0.1,max_proc,lowest_lower_bound,NO_PROFILING,all_to_shortest,greedy,6453,1743,2001,17.43416452407837,0.19189834185650081,False,5214.68,50,-1,5214.68
Uniform1-5000_Seed102_J100_M50,"[0.014766, 0.954229]",50,100,0.05,max_proc,lowest_lower_bound,PRUNE,all_to_shortest,greedy,5998,92,92,0.7289564609527588,0.13059686562187392,True,5509.0,69,-1,5214.68
Uniform1-5000_Seed103_J100_M50,"[0.002206, 1.000000]",50,100,0.1,max_proc,lowest_lower_bound,NO_PROFILING,all_to_shortest,greedy,5446,77,77,0.576587438583374,0.08428204186558942,True,4987.0,75,-1,4987.0
Uniform1-5000_Seed103_J100_M50,"[0.002206, 1.000000]",50,100,0.05,max_proc,lowest_lower_bound,PRUNE,all_to_shortest,greedy,5600,1492,2001,15.003858804702759,0.10946428571428571,False,4987.0,73,-1,4987.0
Uniform1-5000_Seed104_J100_M50,"[0.013969, 0.984191]",50,100,0.1,max_proc,lowest_lower_bound,NO_PROFILING,all_to_shortest,greedy,6363,1469,2001,16.699208736419678,0.2124438158101524,False,5011.22,50,-1,5011.22
Uniform1-5000_Seed104_J100_M50,"[0.013969, 0.984191]",50,100,0.05,max_proc,lowest_lower_bound,PRUNE,all_to_shortest,greedy,5731,70,70,0.5661594867706299,0.1255941371488396,True,5215.0,63,-1,5011.22
Uniform1-5000_Seed105_J100_M50,"[0.000200, 1.000000]",50,100,0.1,max_proc,lowest_lower_bound,NO_PROFILING,all_to_shortest,greedy,5431,60,60,0.44156885147094727,0.0793592340268827,True,5000.0,58,-1,5000.0
Uniform1-5000_Seed105_J100_M50,"[0.000200, 1.000000]",50,100,0.05,max_proc,lowest_lower_bound,PRUNE,all_to_shortest,greedy,5501,68,68,0.548419713973999,0.09107435011816034,True,5000.0,66,-1,5000.0
Uniform1-5000_Seed106_J100_M50,"[0.001209, 1.000000]",50,100,0.1,max_proc,lowest_lower_bound,NO_PROFILING,all_to_shortest,greedy,5369,62,62,0.4369657039642334,0.07561929595827901,True,4963.0,60,-1,4963.0
Uniform1-5000_Seed106_J100_M50,"[0.001209, 1.000000]",50,100,0.05,max_proc,lowest_lower_bound,PRUNE,all_to_shortest,greedy,5468,70,70,0.5302829742431641,0.0923555230431602,True,4963.0,68,-1,4963.0
Uniform1-5000_Seed107_J100_M50,"[0.001019, 0.996378]",50,100,0.1,max_proc,lowest_lower_bound,NO_PROFILING,all_to_shortest,greedy,6257,324,2001,17.146291494369507,0.21547386926642165,False,4908.78,50,-1,4908.78
Uniform1-5000_Seed107_J100_M50,"[0.001019, 0.996378]",50,100,0.05,max_proc,lowest_lower_bound,PRUNE,all_to_shortest,greedy,5731,1195,2001,16.740931034088135,0.14346885360321066,False,4995.0,66,-1,4908.78
Uniform1-5000_Seed108_J100_M50,"[0.016870, 0.943947]",50,100,0.1,max_proc,lowest_lower_bound,NO_PROFILING,all_to_shortest,greedy,6496,555,2001,17.714356660842896,0.18785098522167484,False,5275.72,57,-1,5275.72
Uniform1-5000_Seed108_J100_M50,"[0.016870, 0.943947]",50,100,0.05,max_proc,lowest_lower_bound,PRUNE,all_to_shortest,greedy,5966,594,594,5.368133544921875,0.11570231310760974,True,5414.0,68,-1,5275.72
Uniform1-5000_Seed109_J100_M50,"[0.008123, 0.961702]",50,100,0.1,max_proc,lowest_lower_bound,NO_PROFILING,all_to_shortest,greedy,6063,887,2001,14.23731803894043,0.16752432789048322,False,5047.3,50,-1,5047.3
Uniform1-5000_Seed109_J100_M50,"[0.008123, 0.961702]",50,100,0.05,max_proc,lowest_lower_bound,PRUNE,all_to_shortest,greedy,5979,104,104,0.8104250431060791,0.15582873390199026,True,5455.0,63,-1,5047.3
Uniform1-5000_Seed110_J100_M50,"[0.021646, 0.916272]",50,100,0.1,max_proc,lowest_lower_bound,NO_PROFILING,all_to_shortest,greedy,6940,1249,2001,17.712480306625366,0.21448991354466865,False,5451.44,50,-1,5451.44
Uniform1-5000_Seed110_J100_M50,"[0.021646, 0.916272]",50,100,0.05,max_proc,lowest_lower_bound,PRUNE,all_to_shortest,greedy,6308,101,2001,17.67138957977295,0.1357894736842106,False,5683.0,68,-1,5451.44
Uniform1-5000_Seed111_J100_M50,"[0.015344, 1.000000]",50,100,0.1,max_proc,lowest_lower_bound,NO_PROFILING,all_to_shortest,greedy,5226,70,70,0.5181965827941895,0.05223880597014925,True,4953.0,68,-1,4953.0
Uniform1-5000_Seed111_J100_M50,"[0.015344, 1.000000]",50,100,0.05,max_proc,lowest_lower_bound,PRUNE,all_to_shortest,greedy,5385,102,102,0.7806270122528076,0.08022284122562674,True,4953.0,71,-1,4953.0
Uniform1-5000_Seed112_J100_M50,"[0.009801, 0.938592]",50,100,0.1,max_proc,lowest_lower_bound,NO_PROFILING,all_to_shortest,greedy,6775,305,2001,18.317421197891235,0.21685313653136537,False,5305.82,50,-1,5305.82
Uniform1-5000_Seed112_J100_M50,"[0.009801, 0.938592]",50,100,0.05,max_proc,lowest_lower_bound,PRUNE,all_to_shortest,greedy,6176,63,63,0.536815881729126,0.14089702072538865,True,5810.0,60,-1,5305.82
Uniform1-5000_Seed113_J100_M50,"[0.002152, 0.966750]",50,100,0.1,max_proc,lowest_lower_bound,NO_PROFILING,all_to_shortest,greedy,6732,86,2001,18.35592007637024,0.2407991681521094,False,5110.94,50,-1,5110.94
Uniform1-5000_Seed113_J100_M50,"[0.002152, 0.966750]",50,100,0.05,max_proc,lowest_lower_bound,PRUNE,all_to_shortest,greedy,6091,267,267,2.105570077896118,0.1609029715974389,True,5676.0,63,-1,5110.94
Uniform1-5000_Seed114_J100_M50,"[0.007206, 1.000000]",50,100,0.1,max_proc,lowest_lower_bound,NO_PROFILING,all_to_shortest,greedy,5490,54,54,0.40171289443969727,0.08998178506375228,True,4996.0,52,-1,4996.0
Uniform1-5000_Seed114_J100_M50,"[0.007206, 1.000000]",50,100,0.05,max_proc,lowest_lower_bound,PRUNE,all_to_shortest,greedy,5443,53,53,0.40221738815307617,0.0821238287708984,True,5015.0,51,-1,4996.0
Uniform1-5000_Seed115_J100_M50,"[0.001200, 1.000000]",50,100,0.1,max_proc,lowest_lower_bound,NO_PROFILING,all_to_shortest,greedy,5820,844,2001,14.752362966537476,0.14106529209621993,False,4999.0,57,-1,4999.0
Uniform1-5000_Seed115_J100_M50,"[0.001200, 1.000000]",50,100,0.05,max_proc,lowest_lower_bound,PRUNE,all_to_shortest,greedy,5958,730,2001,14.221200227737427,0.16096005370929842,False,5107.0,60,-1,4999.0
Uniform1-5000_Seed116_J100_M50,"[0.004108, 0.932756]",50,100,0.1,max_proc,lowest_lower_bound,NO_PROFILING,all_to_shortest,greedy,6849,486,2001,18.342872381210327,0.21811943349394067,False,5355.1,50,-1,5355.1
Uniform1-5000_Seed116_J100_M50,"[0.004108, 0.932756]",50,100,0.05,max_proc,lowest_lower_bound,PRUNE,all_to_shortest,greedy,6231,78,78,0.6648688316345215,0.1405713368640667,True,5665.0,65,-1,5355.1
Uniform1-5000_Seed117_J100_M50,"[0.001803, 1.000000]",50,100,0.1,max_proc,lowest_lower_bound,NO_PROFILING,all_to_shortest,greedy,5480,61,61,0.45879602432250977,0.08886861313868613,True,4993.0,59,-1,4993.0
Uniform1-5000_Seed117_J100_M50,"[0.001803, 1.000000]",50,100,0.05,max_proc,lowest_lower_bound,PRUNE,all_to_shortest,greedy,5487,74,74,0.5705838203430176,0.09003098232185165,True,4993.0,62,-1,4993.0
Uniform1-5000_Seed118_J100_M50,"[0.003885, 1.000000]",50,100,0.1,max_proc,lowest_lower_bound,NO_PROFILING,all_to_shortest,greedy,5368,55,55,0.4320070743560791,0.08885991058122206,True,4891.0,53,-1,4891.0
Uniform1-5000_Seed118_J100_M50,"[0.003885, 1.000000]",50,100,0.05,max_proc,lowest_lower_bound,PRUNE,all_to_shortest,greedy,5351,66,66,0.5020792484283447,0.08596524014202953,True,4891.0,58,-1,4891.0
Uniform1-5000_Seed119_J100_M50,"[0.000608, 0.996606]",50,100,0.1,max_proc,lowest_lower_bound,NO_PROFILING,all_to_shortest,greedy,6249,1369,2001,16.994139671325684,0.21063530164826375,False,4932.74,50,-1,4932.74
Uniform1-5000_Seed119_J100_M50,"[0.000608, 0.996606]",50,100,0.05,max_proc,lowest_lower_bound,PRUNE,all_to_shortest,greedy,5775,66,66,0.541663646697998,0.14584588744588747,True,5260.0,63,-1,4932.74
Uniform1-5000_Seed120_J100_M50,"[0.002137, 0.954657]",50,100,0.1,max_proc,lowest_lower_bound,NO_PROFILING,all_to_shortest,greedy,6434,1979,2001,17.85116958618164,0.19996891513832768,False,5147.4,50,-1,5147.4
Uniform1-5000_Seed120_J100_M50,"[0.002137, 0.954657]",50,100,0.05,max_proc,lowest_lower_bound,PRUNE,all_to_shortest,greedy,6112,79,79,0.6404752731323242,0.15782068062827231,True,5550.0,68,-1,5147.4
Uniform1-5000_Seed121_J100_M50,"[0.002800, 1.000000]",50,100,0.1,max_proc,lowest_lower_bound,NO_PROFILING,all_to_shortest,greedy,5842,271,2001,15.512920141220093,0.14412872304005478,False,5000.0,63,-1,5000.0
Uniform1-5000_Seed121_J100_M50,"[0.002800, 1.000000]",50,100,0.05,max_proc,lowest_lower_bound,PRUNE,all_to_shortest,greedy,5935,1460,2001,17.317368268966675,0.15754001684919966,False,5052.0,63,-1,5000.0
Uniform1-5000_Seed122_J100_M50,"[0.010456, 1.000000]",50,100,0.1,max_proc,lowest_lower_bound,NO_PROFILING,all_to_shortest,greedy,5997,495,2001,16.008305549621582,0.17075204268801067,False,4973.0,55,-1,4973.0
Uniform1-5000_Seed122_J100_M50,"[0.010456, 1.000000]",50,100,0.05,max_proc,lowest_lower_bound,PRUNE,all_to_shortest,greedy,5405,83,83,0.6450409889221191,0.07992599444958372,True,5030.0,67,-1,4973.0
Uniform1-5000_Seed123_J100_M50,"[0.008066, 1.000000]",50,100,0.1,max_proc,lowest_lower_bound,NO_PROFILING,all_to_shortest,greedy,5443,64,64,0.48360753059387207,0.08892155061546941,True,4959.0,62,-1,4959.0
Uniform1-5000_Seed123_J100_M50,"[0.008066, 1.000000]",50,100,0.05,max_proc,lowest_lower_bound,PRUNE,all_to_shortest,greedy,5474,151,2001,14.749670028686523,0.09408111070515163,False,4964.0,72,-1,4959.0
Uniform1-5000_Seed124_J100_M50,"[0.008316, 1.000000]",50,100,0.1,max_proc,lowest_lower_bound,NO_PROFILING,all_to_shortest,greedy,5421,61,61,0.43871474266052246,0.09057369489024165,True,4930.0,59,-1,4930.0
Uniform1-5000_Seed124_J100_M50,"[0.008316, 1.000000]",50,100,0.05,max_proc,lowest_lower_bound,PRUNE,all_to_shortest,greedy,5347,107,107,0.8043303489685059,0.07798765662988592,True,4930.0,73,-1,4930.0
Uniform1-5000_Seed125_J100_M50,"[0.003091, 0.907758]",50,100,0.1,max_proc,lowest_lower_bound,NO_PROFILING,all_to_shortest,greedy,6777,1662,2001,18.811489820480347,0.1885406522059908,False,5499.26,50,-1,5499.26
Uniform1-5000_Seed125_J100_M50,"[0.003091, 0.907758]",50,100,0.05,max_proc,lowest_lower_bound,PRUNE,all_to_shortest,greedy,6355,71,71,0.6247861385345459,0.13465617623918172,True,5788.0,69,-1,5499.26
Uniform1-5000_Seed126_J100_M50,"[0.000814, 1.000000]",50,100,0.1,max_proc,lowest_lower_bound,NO_PROFILING,all_to_shortest,greedy,5977,51,2001,15.32073974609375,0.1778484189392672,False,4914.0,50,-1,4914.0
Uniform1-5000_Seed126_J100_M50,"[0.000814, 1.000000]",50,100,0.05,max_proc,lowest_lower_bound,PRUNE,all_to_shortest,greedy,5786,211,241,1.9804410934448242,0.15070860698237123,True,5267.0,57,-1,4914.0
Uniform1-5000_Seed127_J100_M50,"[0.007230, 0.976239]",50,100,0.1,max_proc,lowest_lower_bound,NO_PROFILING,all_to_shortest,greedy,6508,411,2001,16.898386240005493,0.2136447449293177,False,5117.6,50,-1,5117.6
Uniform1-5000_Seed127_J100_M50,"[0.007230, 0.976239]",50,100,0.05,max_proc,lowest_lower_bound,PRUNE,all_to_shortest,greedy,6005,78,78,0.6351044178009033,0.14777685262281426,True,5726.0,61,-1,5117.6
Uniform1-5000_Seed128_J100_M50,"[0.006866, 1.000000]",50,100,0.1,max_proc,lowest_lower_bound,NO_PROFILING,all_to_shortest,greedy,5221,60,60,0.44263124465942383,0.051522696801379046,True,4952.0,58,-1,4952.0
Uniform1-5000_Seed128_J100_M50,"[0.006866, 1.000000]",50,100,0.05,max_proc,lowest_lower_bound,PRUNE,all_to_shortest,greedy,5416,62,62,0.49208641052246094,0.08567208271787297,True,4952.0,58,-1,4952.0
Uniform1-5000_Seed129_J100_M50,"[0.022873, 1.000000]",50,100,0.1,max_proc,lowest_lower_bound,NO_PROFILING,all_to_shortest,greedy,6232,1322,2001,15.580894708633423,0.20025673940949937,False,4984.0,50,-1,4984.0
Uniform1-5000_Seed129_J100_M50,"[0.022873, 1.000000]",50,100,0.05,max_proc,lowest_lower_bound,PRUNE,all_to_shortest,greedy,5639,80,80,0.628063440322876,0.116155346692676,True,5315.0,63,-1,4984.0
Uniform1-5000_Seed130_J100_M50,"[0.034014, 0.953358]",50,100,0.1,max_proc,lowest_lower_bound,NO_PROFILING,all_to_shortest,greedy,6501,451,2001,18.217299222946167,0.1950346100599908,False,5233.08,50,-1,5233.08
Uniform1-5000_Seed130_J100_M50,"[0.034014, 0.953358]",50,100,0.05,max_proc,lowest_lower_bound,PRUNE,all_to_shortest,greedy,5887,69,69,0.5694608688354492,0.11107864786818415,True,5505.0,66,-1,5233.08
Uniform1-5000_Seed131_J100_M50,"[0.013071, 0.958969]",50,100,0.1,max_proc,lowest_lower_bound,NO_PROFILING,all_to_shortest,greedy,6340,1234,2001,17.276211977005005,0.17942271293375395,False,5202.46,61,-1,5202.46
Uniform1-5000_Seed131_J100_M50,"[0.013071, 0.958969]",50,100,0.05,max_proc,lowest_lower_bound,PRUNE,all_to_shortest,greedy,6040,1434,2001,17.25853204727173,0.13866556291390728,False,5288.0,64,-1,5202.46
Uniform1-5000_Seed132_J100_M50,"[0.001856, 1.000000]",50,100,0.1,max_proc,lowest_lower_bound,NO_PROFILING,all_to_shortest,greedy,5782,1270,2001,15.507665395736694,0.16153580076098237,False,4848.0,63,-1,4848.0
Uniform1-5000_Seed132_J100_M50,"[0.001856, 1.000000]",50,100,0.05,max_proc,lowest_lower_bound,PRUNE,all_to_shortest,greedy,5818,1174,2001,15.277437686920166,0.16672396012375387,False,4848.0,63,-1,4848.0
Uniform1-5000_Seed133_J100_M50,"[0.001201, 1.000000]",50,100,0.1,max_proc,lowest_lower_bound,NO_PROFILING,all_to_shortest,greedy,5422,48,48,0.33966684341430664,0.07875322759129473,True,4995.0,46,-1,4995.0
Uniform1-5000_Seed133_J100_M50,"[0.001201, 1.000000]",50,100,0.05,max_proc,lowest_lower_bound,PRUNE,all_to_shortest,greedy,5473,51,51,0.3855922222137451,0.08733784030696144,True,4995.0,49,-1,4995.0
Uniform1-5000_Seed134_J100_M50,"[0.015876, 1.000000]",50,100,0.1,max_proc,lowest_lower_bound,NO_PROFILING,all_to_shortest,greedy,5942,59,2001,17.996305465698242,0.19437899697071692,False,4787.0,60,-1,4787.0
Uniform1-5000_Seed134_J100_M50,"[0.015876, 1.000000]",50,100,0.05,max_proc,lowest_lower_bound,PRUNE,all_to_shortest,greedy,5377,448,448,3.3066246509552,0.10972661335317091,True,4914.0,74,-1,4787.0
Uniform1-5000_Seed135_J100_M50,"[0.014767, 0.999324]",50,100,0.1,max_proc,lowest_lower_bound,NO_PROFILING,all_to_shortest,greedy,5744,95,2001,16.053988695144653,0.13939066852367685,False,4943.34,64,-1,4943.34
Uniform1-5000_Seed135_J100_M50,"[0.014767, 0.999324]",50,100,0.05,max_proc,lowest_lower_bound,PRUNE,all_to_shortest,greedy,5841,1406,2001,14.868370294570923,0.1536825885978428,False,5026.0,64,-1,4943.34
Uniform1-5000_Seed136_J100_M50,"[0.021724, 0.988631]",50,100,0.1,max_proc,lowest_lower_bound,NO_PROFILING,all_to_shortest,greedy,5983,65,2001,18.151593923568726,0.16905900050142061,False,4971.52,66,-1,4971.52
Uniform1-5000_Seed136_J100_M50,"[0.021724, 0.988631]",50,100,0.05,max_proc,lowest_lower_bound,PRUNE,all_to_shortest,greedy,5907,581,2001,14.75131607055664,0.15836803792111048,False,4971.52,66,-1,4971.52
Uniform1-5000_Seed137_J100_M50,"[0.039546, 0.939255]",50,100,0.1,max_proc,lowest_lower_bound,NO_PROFILING,all_to_shortest,greedy,6523,1991,2001,17.879448175430298,0.18978384179058716,False,5285.04,56,-1,5285.04
Uniform1-5000_Seed137_J100_M50,"[0.039546, 0.939255]",50,100,0.05,max_proc,lowest_lower_bound,PRUNE,all_to_shortest,greedy,6079,425,2001,16.133731603622437,0.1306070077315348,False,5451.0,67,-1,5285.04
Uniform1-5000_Seed138_J100_M50,"[0.006926, 1.000000]",50,100,0.1,max_proc,lowest_lower_bound,NO_PROFILING,all_to_shortest,greedy,5298,61,61,0.46739959716796875,0.0734239335598339,True,4909.0,59,-1,4909.0
Uniform1-5000_Seed138_J100_M50,"[0.006926, 1.000000]",50,100,0.05,max_proc,lowest_lower_bound,PRUNE,all_to_shortest,greedy,5405,72,72,0.5757064819335938,0.09176688251618871,True,4918.0,59,-1,4909.0
Uniform1-5000_Seed139_J100_M50,"[0.005917, 0.965460]",50,100,0.1,max_proc,lowest_lower_bound,NO_PROFILING,all_to_shortest,greedy,6228,52,2001,15.440154552459717,0.1859152215799615,False,5070.12,50,-1,5070.12
Uniform1-5000_Seed139_J100_M50,"[0.005917, 0.965460]",50,100,0.05,max_proc,lowest_lower_bound,PRUNE,all_to_shortest,greedy,6009,145,2001,16.84620952606201,0.15624563155267102,False,5411.0,67,-1,5070.12
Uniform1-5000_Seed140_J100_M50,"[0.000798, 0.983602]",50,100,0.1,max_proc,lowest_lower_bound,NO_PROFILING,all_to_shortest,greedy,5894,824,2001,16.393906831741333,0.14909399389209368,False,5015.24,66,-1,5015.24
Uniform1-5000_Seed140_J100_M50,"[0.000798, 0.983602]",50,100,0.05,max_proc,lowest_lower_bound,PRUNE,all_to_shortest,greedy,5762,1363,2001,16.83763551712036,0.12960083304408196,False,5095.0,67,-1,5015.24
Uniform1-5000_Seed141_J100_M50,"[0.009307, 0.989493]",50,100,0.1,max_proc,lowest_lower_bound,NO_PROFILING,all_to_shortest,greedy,6120,125,2001,17.256709098815918,0.17482679738562085,False,5050.06,50,-1,5050.06
Uniform1-5000_Seed141_J100_M50,"[0.009307, 0.989493]",50,100,0.05,max_proc,lowest_lower_bound,PRUNE,all_to_shortest,greedy,5690,74,74,0.6058580875396729,0.1124674868189806,True,5178.0,72,-1,5050.06
Uniform1-5000_Seed142_J100_M50,"[0.017955, 0.921687]",50,100,0.1,max_proc,lowest_lower_bound,NO_PROFILING,all_to_shortest,greedy,6642,1048,2001,15.944161415100098,0.1950135501355013,False,5346.72,50,-1,5346.72
Uniform1-5000_Seed142_J100_M50,"[0.017955, 0.921687]",50,100,0.05,max_proc,lowest_lower_bound,PRUNE,all_to_shortest,greedy,6136,139,139,1.176426887512207,0.12863102998696216,True,5736.0,66,-1,5346.72
Uniform1-5000_Seed143_J100_M50,"[0.017814, 1.000000]",50,100,0.1,max_proc,lowest_lower_bound,NO_PROFILING,all_to_shortest,greedy,5945,1233,2001,17.149362325668335,0.15962994112699747,False,4996.0,50,-1,4996.0
Uniform1-5000_Seed143_J100_M50,"[0.017814, 1.000000]",50,100,0.05,max_proc,lowest_lower_bound,PRUNE,all_to_shortest,greedy,5606,70,70,0.5655612945556641,0.10881198715661791,True,5139.0,68,-1,4996.0
Uniform1-5000_Seed144_J100_M50,"[0.001396, 0.990239]",50,100,0.1,max_proc,lowest_lower_bound,NO_PROFILING,all_to_shortest,greedy,6293,547,2001,17.15110421180725,0.20293023994914985,False,5015.96,50,-1,5015.96
Uniform1-5000_Seed144_J100_M50,"[0.001396, 0.990239]",50,100,0.05,max_proc,lowest_lower_bound,PRUNE,all_to_shortest,greedy,5827,65,65,0.5273830890655518,0.13918654539214004,True,5335.0,63,-1,5015.96
Uniform1-5000_Seed145_J100_M50,"[0.003423, 1.000000]",50,100,0.1,max_proc,lowest_lower_bound,NO_PROFILING,all_to_shortest,greedy,6078,865,2001,15.04380202293396,0.18279039157617638,False,4967.0,53,-1,4967.0
Uniform1-5000_Seed145_J100_M50,"[0.003423, 1.000000]",50,100,0.05,max_proc,lowest_lower_bound,PRUNE,all_to_shortest,greedy,5468,99,99,0.7594082355499268,0.09162399414776884,True,5013.0,75,-1,4967.0
Uniform1-5000_Seed146_J100_M50,"[0.002411, 1.000000]",50,100,0.1,max_proc,lowest_lower_bound,NO_PROFILING,all_to_shortest,greedy,5950,1044,2001,15.441478967666626,0.16336134453781512,False,4978.0,50,-1,4978.0
Uniform1-5000_Seed146_J100_M50,"[0.002411, 1.000000]",50,100,0.05,max_proc,lowest_lower_bound,PRUNE,all_to_shortest,greedy,5687,65,65,0.5014033317565918,0.12467030068577457,True,5229.0,63,-1,4978.0
Uniform1-5000_Seed147_J100_M50,"[0.002209, 1.000000]",50,100,0.1,max_proc,lowest_lower_bound,NO_PROFILING,all_to_shortest,greedy,5252,53,53,0.3960239887237549,0.05198019801980198,True,4979.0,51,-1,4979.0
Uniform1-5000_Seed147_J100_M50,"[0.002209, 1.000000]",50,100,0.05,max_proc,lowest_lower_bound,PRUNE,all_to_shortest,greedy,5273,59,59,0.46422743797302246,0.05575573677223592,True,4979.0,57,-1,4979.0
Uniform1-5000_Seed148_J100_M50,"[0.003285, 0.934616]",50,100,0.1,max_proc,lowest_lower_bound,NO_PROFILING,all_to_shortest,greedy,6396,92,2001,18.1658935546875,0.19100687929956228,False,5174.32,57,-1,5174.32
Uniform1-5000_Seed148_J100_M50,"[0.003285, 0.934616]",50,100,0.05,max_proc,lowest_lower_bound,PRUNE,all_to_shortest,greedy,6214,440,2001,17.140767574310303,0.16731252011586745,False,5388.0,63,-1,5174.32
Uniform1-5000_Seed149_J100_M50,"[0.006578, 0.965215]",50,100,0.1,max_proc,lowest_lower_bound,NO_PROFILING,all_to_shortest,greedy,6281,1809,2001,17.3167245388031,0.2013214456296768,False,5016.5,52,-1,5016.5
Uniform1-5000_Seed149_J100_M50,"[0.006578, 0.965215]",50,100,0.05,max_proc,lowest_lower_bound,PRUNE,all_to_shortest,greedy,5822,530,2001,15.749688148498535,0.13835451734799037,False,5189.0,69,-1,5016.5
Uniform1-5000_Seed150_J100_M50,"[0.005236, 1.000000]",50,100,0.1,max_proc,lowest_lower_bound,NO_PROFILING,all_to_shortest,greedy,5344,50,50,0.3795351982116699,0.07073353293413173,True,4966.0,48,-1,4966.0
Uniform1-5000_Seed150_J100_M50,"[0.005236, 1.000000]",50,100,0.05,max_proc,lowest_lower_bound,PRUNE,all_to_shortest,greedy,5400,42,42,0.31813812255859375,0.08037037037037037,True,4966.0,40,-1,4966.0
Uniform1-5000_Seed151_J100_M50,"[0.011145, 0.928048]",50,100,0.1,max_proc,lowest_lower_bound,NO_PROFILING,all_to_shortest,greedy,6821,47,2001,17.334720373153687,0.2107696818648292,False,5383.34,50,-1,5383.34
Uniform1-5000_Seed151_J100_M50,"[0.011145, 0.928048]",50,100,0.05,max_proc,lowest_lower_bound,PRUNE,all_to_shortest,greedy,6222,77,77,0.6431035995483398,0.13478945676631307,True,5785.0,65,-1,5383.34
Uniform1-5000_Seed152_J100_M50,"[0.014572, 0.956937]",50,100,0.1,max_proc,lowest_lower_bound,NO_PROFILING,all_to_shortest,greedy,6571,249,2001,15.287197828292847,0.20626997412874748,False,5215.6,50,-1,5215.6
Uniform1-5000_Seed152_J100_M50,"[0.014572, 0.956937]",50,100,0.05,max_proc,lowest_lower_bound,PRUNE,all_to_shortest,greedy,6326,558,558,4.8922717571258545,0.1755295605437875,True,5852.0,60,-1,5215.6
Uniform1-5000_Seed153_J100_M50,"[0.003618, 1.000000]",50,100,0.1,max_proc,lowest_lower_bound,NO_PROFILING,all_to_shortest,greedy,5391,72,72,0.5489873886108398,0.07716564644778334,True,4975.0,70,-1,4975.0
Uniform1-5000_Seed153_J100_M50,"[0.003618, 1.000000]",50,100,0.05,max_proc,lowest_lower_bound,PRUNE,all_to_shortest,greedy,5431,82,82,0.6530134677886963,0.0839624378567483,True,4975.0,73,-1,4975.0
Uniform1-5000_Seed154_J100_M50,"[0.003824, 1.000000]",50,100,0.1,max_proc,lowest_lower_bound,NO_PROFILING,all_to_shortest,greedy,5718,1430,2001,15.294251203536987,0.1311647429171039,False,4968.0,63,-1,4968.0
Uniform1-5000_Seed154_J100_M50,"[0.003824, 1.000000]",50,100,0.05,max_proc,lowest_lower_bound,PRUNE,all_to_shortest,greedy,5573,1192,1192,8.70588731765747,0.10855912434954244,True,5080.0,67,-1,4968.0
Uniform1-5000_Seed155_J100_M50,"[0.000832, 1.000000]",50,100,0.1,max_proc,lowest_lower_bound,NO_PROFILING,all_to_shortest,greedy,6068,1388,2001,15.82993197441101,0.20814106789716547,False,4805.0,50,-1,4805.0
Uniform1-5000_Seed155_J100_M50,"[0.000832, 1.000000]",50,100,0.05,max_proc,lowest_lower_bound,PRUNE,all_to_shortest,greedy,5453,75,75,0.6065599918365479,0.11883366953970291,True,5014.0,63,-1,4805.0
Uniform1-5000_Seed156_J100_M50,"[0.015306, 1.000000]",50,100,0.1,max_proc,lowest_lower_bound,NO_PROFILING,all_to_shortest,greedy,5191,71,71,0.5357725620269775,0.056058562897322285,True,4900.0,69,-1,4900.0
Uniform1-5000_Seed156_J100_M50,"[0.015306, 1.000000]",50,100,0.05,max_proc,lowest_lower_bound,PRUNE,all_to_shortest,greedy,5313,72,72,0.5903699398040771,0.077733860342556,True,4900.0,70,-1,4900.0
Uniform1-5000_Seed157_J100_M50,"[0.009912, 0.981321]",50,100,0.1,max_proc,lowest_lower_bound,NO_PROFILING,all_to_shortest,greedy,6520,1425,2001,16.788355350494385,0.22634662576687112,False,5044.22,50,-1,5044.22
Uniform1-5000_Seed157_J100_M50,"[0.009912, 0.981321]",50,100,0.05,max_proc,lowest_lower_bound,PRUNE,all_to_shortest,greedy,5875,69,69,0.5519700050354004,0.14140936170212762,True,5449.0,63,-1,5044.22
Uniform1-5000_Seed158_J100_M50,"[0.005722, 0.984396]",50,100,0.1,max_proc,lowest_lower_bound,NO_PROFILING,all_to_shortest,greedy,6010,402,2001,17.52523970603943,0.1567254575707155,False,5068.08,65,-1,5068.08
Uniform1-5000_Seed158_J100_M50,"[0.005722, 0.984396]",50,100,0.05,max_proc,lowest_lower_bound,PRUNE,all_to_shortest,greedy,5957,1705,2001,16.813159704208374,0.14922276313580662,False,5090.0,65,-1,5068.08
Uniform1-5000_Seed159_J100_M50,"[0.002406, 1.000000]",50,100,0.1,max_proc,lowest_lower_bound,NO_PROFILING,all_to_shortest,greedy,5268,23,23,0.17698335647583008,0.05334092634776006,True,4987.0,21,-1,4987.0
Uniform1-5000_Seed159_J100_M50,"[0.002406, 1.000000]",50,100,0.05,max_proc,lowest_lower_bound,PRUNE,all_to_shortest,greedy,5470,22,22,0.18156909942626953,0.08829981718464351,True,4987.0,20,-1,4987.0
Uniform1-5000_Seed160_J100_M50,"[0.045403, 0.871381]",50,100,0.1,max_proc,lowest_lower_bound,NO_PROFILING,all_to_shortest,greedy,7212,933,2001,17.028290510177612,0.2059706045479756,False,5726.54,50,-1,5726.54
Uniform1-5000_Seed160_J100_M50,"[0.045403, 0.871381]",50,100,0.05,max_proc,lowest_lower_bound,PRUNE,all_to_shortest,greedy,6935,57,57,0.4774763584136963,0.17425522710886807,True,6310.0,54,-1,5726.54
Uniform1-5000_Seed161_J100_M50,"[0.006816, 1.000000]",50,100,0.1,max_proc,lowest_lower_bound,NO_PROFILING,all_to_shortest,greedy,5514,106,2001,15.241585969924927,0.09539354370692782,False,4988.0,64,-1,4988.0
Uniform1-5000_Seed161_J100_M50,"[0.006816, 1.000000]",50,100,0.05,max_proc,lowest_lower_bound,PRUNE,all_to_shortest,greedy,5566,309,2001,15.012653350830078,0.10384477182896155,False,4988.0,64,-1,4988.0
Uniform1-5000_Seed162_J100_M50,"[0.013510, 0.935034]",50,100,0.1,max_proc,lowest_lower_bound,NO_PROFILING,all_to_shortest,greedy,6934,1534,2001,17.812286615371704,0.23143640034612054,False,5329.22,50,-1,5329.22
Uniform1-5000_Seed162_J100_M50,"[0.013510, 0.935034]",50,100,0.05,max_proc,lowest_lower_bound,PRUNE,all_to_shortest,greedy,6262,76,76,0.5922145843505859,0.148958799105717,True,5732.0,59,-1,5329.22
Uniform1-5000_Seed163_J100_M50,"[0.012940, 0.910412]",50,100,0.1,max_proc,lowest_lower_bound,NO_PROFILING,all_to_shortest,greedy,7128,1160,2001,20.108935117721558,0.2410718294051627,False,5409.64,50,-1,5409.64
Uniform1-5000_Seed163_J100_M50,"[0.012940, 0.910412]",50,100,0.05,max_proc,lowest_lower_bound,PRUNE,all_to_shortest,greedy,6563,77,77,0.6891272068023682,0.17573670577479805,True,6030.0,56,-1,5409.64
Uniform1-5000_Seed164_J100_M50,"[0.018376, 0.925293]",50,100,0.1,max_proc,lowest_lower_bound,NO_PROFILING,all_to_shortest,greedy,6315,330,2001,16.707662343978882,0.14687569279493276,False,5387.48,66,-1,5387.48
Uniform1-5000_Seed164_J100_M50,"[0.018376, 0.925293]",50,100,0.05,max_proc,lowest_lower_bound,PRUNE,all_to_shortest,greedy,6322,1141,2001,17.698683977127075,0.14782031002847207,False,5387.48,66,-1,5387.48
Uniform1-5000_Seed165_J100_M50,"[0.004860, 0.959168]",50,100,0.1,max_proc,lowest_lower_bound,NO_PROFILING,all_to_shortest,greedy,6499,1444,2001,15.910287380218506,0.20848745960917064,False,5144.04,50,-1,5144.04
Uniform1-5000_Seed165_J100_M50,"[0.004860, 0.959168]",50,100,0.05,max_proc,lowest_lower_bound,PRUNE,all_to_shortest,greedy,6138,79,79,0.6179094314575195,0.16193548387096776,True,5689.0,56,-1,5144.04
Uniform1-5000_Seed166_J100_M50,"[0.001189, 0.975018]",50,100,0.1,max_proc,lowest_lower_bound,NO_PROFILING,all_to_shortest,greedy,6101,230,2001,16.292380809783936,0.1729126372725782,False,5046.06,50,-1,5046.06
Uniform1-5000_Seed166_J100_M50,"[0.001189, 0.975018]",50,100,0.05,max_proc,lowest_lower_bound,PRUNE,all_to_shortest,greedy,6123,549,1738,15.118677139282227,0.17588437040666333,True,5561.0,59,-1,5046.06
Uniform1-5000_Seed167_J100_M50,"[0.008047, 1.000000]",50,100,0.1,max_proc,lowest_lower_bound,NO_PROFILING,all_to_shortest,greedy,5388,62,62,0.4558742046356201,0.07739420935412027,True,4971.0,60,-1,4971.0
Uniform1-5000_Seed167_J100_M50,"[0.008047, 1.000000]",50,100,0.05,max_proc,lowest_lower_bound,PRUNE,all_to_shortest,greedy,5417,68,68,0.5443964004516602,0.08233339486800813,True,4971.0,66,-1,4971.0
Uniform1-5000_Seed168_J100_M50,"[0.008795, 0.926142]",50,100,0.1,max_proc,lowest_lower_bound,NO_PROFILING,all_to_shortest,greedy,6747,354,2001,20.463138580322266,0.22479620572106118,False,5230.3,50,-1,5230.3
Uniform1-5000_Seed168_J100_M50,"[0.008795, 0.926142]",50,100,0.05,max_proc,lowest_lower_bound,PRUNE,all_to_shortest,greedy,5958,66,66,0.5597884654998779,0.12213830144343736,True,5611.0,64,-1,5230.3
Uniform1-5000_Seed169_J100_M50,"[0.000402, 1.000000]",50,100,0.1,max_proc,lowest_lower_bound,NO_PROFILING,all_to_shortest,greedy,5344,66,66,0.49942827224731445,0.06923652694610778,True,4974.0,64,-1,4974.0
Uniform1-5000_Seed169_J100_M50,"[0.000402, 1.000000]",50,100,0.05,max_proc,lowest_lower_bound,PRUNE,all_to_shortest,greedy,5425,65,65,0.5256240367889404,0.0831336405529954,True,4974.0,63,-1,4974.0
Uniform1-5000_Seed170_J100_M50,"[0.001394, 0.989160]",50,100,0.1,max_proc,lowest_lower_bound,NO_PROFILING,all_to_shortest,greedy,6466,1114,2001,17.2917799949646,0.22356634704608722,False,5020.42,50,-1,5020.42
Uniform1-5000_Seed170_J100_M50,"[0.001394, 0.989160]",50,100,0.05,max_proc,lowest_lower_bound,PRUNE,all_to_shortest,greedy,5786,218,218,1.7351720333099365,0.13231593501555478,True,5344.0,66,-1,5020.42
Uniform1-5000_Seed171_J100_M50,"[0.010821, 0.911922]",50,100,0.1,max_proc,lowest_lower_bound,NO_PROFILING,all_to_shortest,greedy,6996,220,2001,18.388258695602417,0.2206660949113779,False,5452.22,50,-1,5452.22
Uniform1-5000_Seed171_J100_M50,"[0.010821, 0.911922]",50,100,0.05,max_proc,lowest_lower_bound,PRUNE,all_to_shortest,greedy,6708,60,60,0.48966073989868164,0.18720632081097194,True,6097.0,54,-1,5452.22
Uniform1-5000_Seed172_J100_M50,"[0.014518, 0.922152]",50,100,0.1,max_proc,lowest_lower_bound,NO_PROFILING,all_to_shortest,greedy,6627,992,2001,18.391637325286865,0.19965293496303008,False,5303.9,50,-1,5303.9
Uniform1-5000_Seed172_J100_M50,"[0.014518, 0.922152]",50,100,0.05,max_proc,lowest_lower_bound,PRUNE,all_to_shortest,greedy,6190,879,1058,8.969805240631104,0.14315024232633286,True,5618.0,70,-1,5303.9
Uniform1-5000_Seed173_J100_M50,"[0.016238, 1.000000]",50,100,0.1,max_proc,lowest_lower_bound,NO_PROFILING,all_to_shortest,greedy,5321,69,69,0.5799412727355957,0.08569817703439203,True,4865.0,67,-1,4865.0
Uniform1-5000_Seed173_J100_M50,"[0.016238, 1.000000]",50,100,0.05,max_proc,lowest_lower_bound,PRUNE,all_to_shortest,greedy,5318,76,76,0.6133830547332764,0.08518239939827002,True,4865.0,74,-1,4865.0
Uniform1-5000_Seed174_J100_M50,"[0.001427, 0.969229]",50,100,0.1,max_proc,lowest_lower_bound,NO_PROFILING,all_to_shortest,greedy,6019,604,2001,16.397897243499756,0.18526333277953155,False,4903.9,50,-1,4903.9
Uniform1-5000_Seed174_J100_M50,"[0.001427, 0.969229]",50,100,0.05,max_proc,lowest_lower_bound,PRUNE,all_to_shortest,greedy,5753,619,1940,15.209980487823486,0.14759256040326793,True,5219.0,66,-1,4903.9
Uniform1-5000_Seed175_J100_M50,"[0.014635, 0.971296]",50,100,0.1,max_proc,lowest_lower_bound,NO_PROFILING,all_to_shortest,greedy,6379,908,2001,17.704347610473633,0.2180310393478601,False,4988.18,50,-1,4988.18
Uniform1-5000_Seed175_J100_M50,"[0.014635, 0.971296]",50,100,0.05,max_proc,lowest_lower_bound,PRUNE,all_to_shortest,greedy,5900,59,59,0.48333048820495605,0.15454576271186435,True,5401.0,55,-1,4988.18
Uniform1-5000_Seed176_J100_M50,"[0.010084, 1.000000]",50,100,0.1,max_proc,lowest_lower_bound,NO_PROFILING,all_to_shortest,greedy,5861,489,2001,16.322733879089355,0.17096058693055793,False,4859.0,54,-1,4859.0
Uniform1-5000_Seed176_J100_M50,"[0.010084, 1.000000]",50,100,0.05,max_proc,lowest_lower_bound,PRUNE,all_to_shortest,greedy,5836,110,2001,17.461631536483765,0.16740918437285812,False,5204.0,61,-1,4859.0
Uniform1-5000_Seed177_J100_M50,"[0.004031, 1.000000]",50,100,0.1,max_proc,lowest_lower_bound,NO_PROFILING,all_to_shortest,greedy,6385,921,2001,16.475082397460938,0.22286609240407204,False,4962.0,50,-1,4962.0
Uniform1-5000_Seed177_J100_M50,"[0.004031, 1.000000]",50,100,0.05,max_proc,lowest_lower_bound,PRUNE,all_to_shortest,greedy,5661,106,106,0.7899689674377441,0.12347641759406465,True,5277.0,65,-1,4962.0
Uniform1-5000_Seed178_J100_M50,"[0.016140, 0.885899]",50,100,0.1,max_proc,lowest_lower_bound,NO_PROFILING,all_to_shortest,greedy,7218,1158,2001,16.87964153289795,0.21885009697977276,False,5638.34,50,-1,5638.34
Uniform1-5000_Seed178_J100_M50,"[0.016140, 0.885899]",50,100,0.05,max_proc,lowest_lower_bound,PRUNE,all_to_shortest,greedy,6634,71,71,0.5817379951477051,0.15008441362677116,True,6215.0,60,-1,5638.34
Uniform1-5000_Seed179_J100_M50,"[0.004862, 1.000000]",50,100,0.1,max_proc,lowest_lower_bound,NO_PROFILING,all_to_shortest,greedy,5929,1746,2001,15.933540105819702,0.1674818687805701,False,4936.0,50,-1,4936.0
Uniform1-5000_Seed179_J100_M50,"[0.004862, 1.000000]",50,100,0.05,max_proc,lowest_lower_bound,PRUNE,all_to_shortest,greedy,5596,79,79,0.6202452182769775,0.11794138670478914,True,5167.0,64,-1,4936.0
Uniform1-5000_Seed180_J100_M50,"[0.006690, 0.926690]",50,100,0.1,max_proc,lowest_lower_bound,NO_PROFILING,all_to_shortest,greedy,6752,798,2001,15.334659576416016,0.20297393364928903,False,5381.52,50,-1,5381.52
Uniform1-5000_Seed180_J100_M50,"[0.006690, 0.926690]",50,100,0.05,max_proc,lowest_lower_bound,PRUNE,all_to_shortest,greedy,6311,104,104,0.8095109462738037,0.14727935350974483,True,5803.0,60,-1,5381.52
Uniform1-5000_Seed181_J100_M50,"[0.003812, 1.000000]",50,100,0.1,max_proc,lowest_lower_bound,NO_PROFILING,all_to_shortest,greedy,5447,58,58,0.43105149269104004,0.08500091793647879,True,4984.0,56,-1,4984.0
Uniform1-5000_Seed181_J100_M50,"[0.003812, 1.000000]",50,100,0.05,max_proc,lowest_lower_bound,PRUNE,all_to_shortest,greedy,5485,69,69,0.5434670448303223,0.09134001823154056,True,4984.0,67,-1,4984.0
Uniform1-5000_Seed182_J100_M50,"[0.036298, 1.000000]",50,100,0.1,max_proc,lowest_lower_bound,NO_PROFILING,all_to_shortest,greedy,5706,924,2001,16.111989498138428,0.1309148264984227,False,4959.0,62,-1,4959.0
Uniform1-5000_Seed182_J100_M50,"[0.036298, 1.000000]",50,100,0.05,max_proc,lowest_lower_bound,PRUNE,all_to_shortest,greedy,5708,299,2001,14.057363271713257,0.13121934127540294,False,4959.0,62,-1,4959.0
Uniform1-5000_Seed183_J100_M50,"[0.003699, 1.000000]",50,100,0.1,max_proc,lowest_lower_bound,NO_PROFILING,all_to_shortest,greedy,5272,44,44,0.31284642219543457,0.07701062215477997,True,4866.0,42,-1,4866.0
Uniform1-5000_Seed183_J100_M50,"[0.003699, 1.000000]",50,100,0.05,max_proc,lowest_lower_bound,PRUNE,all_to_shortest,greedy,5340,46,46,0.3520500659942627,0.08876404494382023,True,4866.0,44,-1,4866.0
Uniform1-5000_Seed184_J100_M50,"[0.028514, 0.942840]",50,100,0.1,max_proc,lowest_lower_bound,NO_PROFILING,all_to_shortest,greedy,6664,490,2001,16.782487392425537,0.20532713085234097,False,5295.7,50,-1,5295.7
Uniform1-5000_Seed184_J100_M50,"[0.028514, 0.942840]",50,100,0.05,max_proc,lowest_lower_bound,PRUNE,all_to_shortest,greedy,6164,68,68,0.5684356689453125,0.14086632057105777,True,5722.0,64,-1,5295.7
Uniform1-5000_Seed185_J100_M50,"[0.000603, 0.994834]",50,100,0.1,max_proc,lowest_lower_bound,NO_PROFILING,all_to_shortest,greedy,6193,608,2001,17.133447408676147,0.19607298562893585,False,4978.72,53,-1,4978.72
Uniform1-5000_Seed185_J100_M50,"[0.000603, 0.994834]",50,100,0.05,max_proc,lowest_lower_bound,PRUNE,all_to_shortest,greedy,5571,757,757,5.562622308731079,0.10631484473164597,True,5071.0,73,-1,4978.72
Uniform1-5000_Seed186_J100_M50,"[0.009021, 0.979177]",50,100,0.1,max_proc,lowest_lower_bound,NO_PROFILING,all_to_shortest,greedy,6300,144,2001,17.490787029266357,0.19060634920634917,False,5099.18,50,-1,5099.18
Uniform1-5000_Seed186_J100_M50,"[0.009021, 0.979177]",50,100,0.05,max_proc,lowest_lower_bound,PRUNE,all_to_shortest,greedy,5820,120,120,0.9931082725524902,0.1238522336769759,True,5279.0,77,-1,5099.18
Uniform1-5000_Seed187_J100_M50,"[0.002990, 0.933965]",50,100,0.1,max_proc,lowest_lower_bound,NO_PROFILING,all_to_shortest,greedy,6864,1965,2001,18.253750324249268,0.2203700466200466,False,5351.38,50,-1,5351.38
Uniform1-5000_Seed187_J100_M50,"[0.002990, 0.933965]",50,100,0.05,max_proc,lowest_lower_bound,PRUNE,all_to_shortest,greedy,6178,96,96,0.7780578136444092,0.13380058271285203,True,5626.0,66,-1,5351.38
Uniform1-5000_Seed188_J100_M50,"[0.009627, 1.000000]",50,100,0.1,max_proc,lowest_lower_bound,NO_PROFILING,all_to_shortest,greedy,5368,44,44,0.3092458248138428,0.07116244411326378,True,4986.0,42,-1,4986.0
Uniform1-5000_Seed188_J100_M50,"[0.009627, 1.000000]",50,100,0.05,max_proc,lowest_lower_bound,PRUNE,all_to_shortest,greedy,5246,52,52,0.3893468379974365,0.04956157072054899,True,4986.0,50,-1,4986.0
Uniform1-5000_Seed189_J100_M50,"[0.008226, 1.000000]",50,100,0.1,max_proc,lowest_lower_bound,NO_PROFILING,all_to_shortest,greedy,5246,58,58,0.4191477298736572,0.04994281357224552,True,4984.0,56,-1,4984.0
Uniform1-5000_Seed189_J100_M50,"[0.008226, 1.000000]",50,100,0.05,max_proc,lowest_lower_bound,PRUNE,all_to_shortest,greedy,5377,58,58,0.4465188980102539,0.07308908313185791,True,4984.0,56,-1,4984.0
Uniform1-5000_Seed190_J100_M50,"[0.024632, 1.000000]",50,100,0.1,max_proc,lowest_lower_bound,NO_PROFILING,all_to_shortest,greedy,5204,67,67,0.49723196029663086,0.04823212913143735,True,4953.0,65,-1,4953.0
Uniform1-5000_Seed190_J100_M50,"[0.024632, 1.000000]",50,100,0.05,max_proc,lowest_lower_bound,PRUNE,all_to_shortest,greedy,5436,70,70,0.5439338684082031,0.08885209713024282,True,4953.0,68,-1,4953.0
Uniform1-5000_Seed191_J100_M50,"[0.000782, 0.973826]",50,100,0.1,max_proc,lowest_lower_bound,NO_PROFILING,all_to_shortest,greedy,6626,1582,2001,18.1425359249115,0.22759432538484756,False,5117.96,50,-1,5117.96
Uniform1-5000_Seed191_J100_M50,"[0.000782, 0.973826]",50,100,0.05,max_proc,lowest_lower_bound,PRUNE,all_to_shortest,greedy,6059,64,64,0.5415210723876953,0.15531275788083843,True,5530.0,60,-1,5117.96
Uniform1-5000_Seed192_J100_M50,"[0.011240, 0.938094]",50,100,0.1,max_proc,lowest_lower_bound,NO_PROFILING,all_to_shortest,greedy,6550,154,2001,16.188563585281372,0.19863511450381685,False,5248.94,50,-1,5248.94
Uniform1-5000_Seed192_J100_M50,"[0.011240, 0.938094]",50,100,0.05,max_proc,lowest_lower_bound,PRUNE,all_to_shortest,greedy,6267,1682,2001,18.44884490966797,0.16244774214137553,False,5632.0,66,-1,5248.94
Uniform1-5000_Seed193_J100_M50,"[0.002174, 0.986945]",50,100,0.1,max_proc,lowest_lower_bound,NO_PROFILING,all_to_shortest,greedy,6231,1513,2001,16.09060835838318,0.1879216819130155,False,5060.06,50,-1,5060.06
Uniform1-5000_Seed193_J100_M50,"[0.002174, 0.986945]",50,100,0.05,max_proc,lowest_lower_bound,PRUNE,all_to_shortest,greedy,5618,83,83,0.6552553176879883,0.09931292274830894,True,5145.0,69,-1,5060.06
Uniform1-5000_Seed194_J100_M50,"[0.001156, 0.952656]",50,100,0.1,max_proc,lowest_lower_bound,NO_PROFILING,all_to_shortest,greedy,6405,1907,2001,19.468868732452393,0.18974238875878224,False,5189.7,62,-1,5189.7
Uniform1-5000_Seed194_J100_M50,"[0.001156, 0.952656]",50,100,0.05,max_proc,lowest_lower_bound,PRUNE,all_to_shortest,greedy,5944,1895,2001,17.66118049621582,0.1269010767160162,False,5321.0,64,-1,5189.7
Uniform1-5000_Seed195_J100_M50,"[0.011865, 0.968032]",50,100,0.1,max_proc,lowest_lower_bound,NO_PROFILING,all_to_shortest,greedy,6710,527,2001,18.86119532585144,0.23377645305514164,False,5141.36,50,-1,5141.36
Uniform1-5000_Seed195_J100_M50,"[0.011865, 0.968032]",50,100,0.05,max_proc,lowest_lower_bound,PRUNE,all_to_shortest,greedy,6096,69,69,0.5712063312530518,0.15660104986876647,True,5544.0,61,-1,5141.36
Uniform1-5000_Seed196_J100_M50,"[0.011014, 0.891389]",50,100,0.1,max_proc,lowest_lower_bound,NO_PROFILING,all_to_shortest,greedy,7068,1967,2001,16.692529916763306,0.22924731182795693,False,5447.68,50,-1,5447.68
Uniform1-5000_Seed196_J100_M50,"[0.011014, 0.891389]",50,100,0.05,max_proc,lowest_lower_bound,PRUNE,all_to_shortest,greedy,6417,114,114,1.0116255283355713,0.1510550101293439,True,5871.0,60,-1,5447.68
Uniform1-5000_Seed197_J100_M50,"[0.016460, 0.944089]",50,100,0.1,max_proc,lowest_lower_bound,NO_PROFILING,all_to_shortest,greedy,6476,1367,2001,15.882905721664429,0.18382952439777633,False,5285.52,50,-1,5285.52
Uniform1-5000_Seed197_J100_M50,"[0.016460, 0.944089]",50,100,0.05,max_proc,lowest_lower_bound,PRUNE,all_to_shortest,greedy,6014,99,99,0.7670001983642578,0.12113069504489517,True,5504.0,71,-1,5285.52
Uniform1-5000_Seed198_J100_M50,"[0.010081, 0.943733]",50,100,0.1,max_proc,lowest_lower_bound,NO_PROFILING,all_to_shortest,greedy,6530,981,2001,17.483869314193726,0.2100704441041348,False,5158.24,50,-1,5158.24
Uniform1-5000_Seed198_J100_M50,"[0.010081, 0.943733]",50,100,0.05,max_proc,lowest_lower_bound,PRUNE,all_to_shortest,greedy,5889,294,294,2.300819158554077,0.1240889794532179,True,5530.0,65,-1,5158.24
Uniform1-5000_Seed199_J100_M50,"[0.001219, 1.000000]",50,100,0.1,max_proc,lowest_lower_bound,NO_PROFILING,all_to_shortest,greedy,5661,58,2001,15.546502828598022,0.13054230701289524,False,4922.0,67,-1,4922.0
Uniform1-5000_Seed199_J100_M50,"[0.001219, 1.000000]",50,100,0.05,max_proc,lowest_lower_bound,PRUNE,all_to_shortest,greedy,5655,813,2001,14.25387716293335,0.12961980548187443,False,4922.0,67,-1,4922.0
Uniform1-5000_Seed200_J100_M50,"[0.027683, 1.000000]",50,100,0.1,max_proc,lowest_lower_bound,NO_PROFILING,all_to_shortest,greedy,5399,59,59,0.4728822708129883,0.07668086682719022,True,4985.0,57,-1,4985.0
Uniform1-5000_Seed200_J100_M50,"[0.027683, 1.000000]",50,100,0.05,max_proc,lowest_lower_bound,PRUNE,all_to_shortest,greedy,5398,81,81,0.6679692268371582,0.07650981845127826,True,4985.0,79,-1,4985.0
Uniform1-5000_Seed101_J150_M75,"[0.007778, 0.940891]",75,150,0.1,max_proc,lowest_lower_bound,NO_PROFILING,all_to_shortest,greedy,6479,1282,2001,52.69857358932495,0.18635591912332145,False,5271.6,90,-1,5271.6
Uniform1-5000_Seed101_J150_M75,"[0.007778, 0.940891]",75,150,0.05,max_proc,lowest_lower_bound,PRUNE,all_to_shortest,greedy,6445,137,2001,49.39203119277954,0.18206361520558567,False,5337.0,88,-1,5271.6
Uniform1-5000_Seed102_J150_M75,"[0.015013, 0.970213]",75,150,0.1,max_proc,lowest_lower_bound,NO_PROFILING,all_to_shortest,greedy,6545,533,2001,51.24651288986206,0.21638298955946011,False,5128.7733333333335,75,-1,5128.7733333333335
Uniform1-5000_Seed102_J150_M75,"[0.015013, 0.970213]",75,150,0.05,max_proc,lowest_lower_bound,PRUNE,all_to_shortest,greedy,5962,145,145,3.2754037380218506,0.13975623392597558,True,5428.0,102,-1,5128.7733333333335
Uniform1-5000_Seed103_J150_M75,"[0.002206, 1.000000]",75,150,0.1,max_proc,lowest_lower_bound,NO_PROFILING,all_to_shortest,greedy,5446,78,78,1.605595350265503,0.08428204186558942,True,4987.0,76,-1,4987.0
Uniform1-5000_Seed103_J150_M75,"[0.002206, 1.000000]",75,150,0.05,max_proc,lowest_lower_bound,PRUNE,all_to_shortest,greedy,5485,84,84,1.7728452682495117,0.09079307201458524,True,4987.0,82,-1,4987.0
Uniform1-5000_Seed104_J150_M75,"[0.009577, 0.963906]",75,150,0.1,max_proc,lowest_lower_bound,NO_PROFILING,all_to_shortest,greedy,6668,474,2001,47.97848296165466,0.23265146970605874,False,5116.68,75,-1,5116.68
Uniform1-5000_Seed104_J150_M75,"[0.009577, 0.963906]",75,150,0.05,max_proc,lowest_lower_bound,PRUNE,all_to_shortest,greedy,5864,186,186,4.334960222244263,0.1274420190995907,True,5508.0,95,-1,5116.68
Uniform1-5000_Seed105_J150_M75,"[0.000200, 1.000000]",75,150,0.1,max_proc,lowest_lower_bound,NO_PROFILING,all_to_shortest,greedy,5477,85,85,1.7339398860931396,0.08709147343436188,True,5000.0,83,-1,5000.0
Uniform1-5000_Seed105_J150_M75,"[0.000200, 1.000000]",75,150,0.05,max_proc,lowest_lower_bound,PRUNE,all_to_shortest,greedy,5420,111,111,2.5153908729553223,0.07749077490774908,True,5000.0,109,-1,5000.0
Uniform1-5000_Seed106_J150_M75,"[0.001187, 0.982000]",75,150,0.1,max_proc,lowest_lower_bound,NO_PROFILING,all_to_shortest,greedy,6013,82,2001,45.32398462295532,0.15949221131991795,False,5053.973333333333,97,-1,5053.973333333333
Uniform1-5000_Seed106_J150_M75,"[0.001187, 0.982000]",75,150,0.05,max_proc,lowest_lower_bound,PRUNE,all_to_shortest,greedy,6005,160,2001,49.67486310005188,0.15837246738828753,False,5053.973333333333,95,-1,5053.973333333333
Uniform1-5000_Seed107_J150_M75,"[0.000979, 0.957983]",75,150,0.1,max_proc,lowest_lower_bound,NO_PROFILING,all_to_shortest,greedy,6526,795,2001,44.36981272697449,0.21766472571253442,False,5105.52,75,-1,5105.52
Uniform1-5000_Seed107_J150_M75,"[0.000979, 0.957983]",75,150,0.05,max_proc,lowest_lower_bound,PRUNE,all_to_shortest,greedy,5685,144,144,3.211353302001953,0.10193139841688646,True,5314.0,109,-1,5105.52
Uniform1-5000_Seed108_J150_M75,"[0.017069, 0.955070]",75,150,0.1,max_proc,lowest_lower_bound,NO_PROFILING,all_to_shortest,greedy,6270,1903,2001,48.132559299468994,0.16837639553429032,False,5214.28,90,-1,5214.28
Uniform1-5000_Seed108_J150_M75,"[0.017069, 0.955070]",75,150,0.05,max_proc,lowest_lower_bound,PRUNE,all_to_shortest,greedy,6403,1947,2001,50.98903751373291,0.18565047633921603,False,5279.0,93,-1,5214.28
Uniform1-5000_Seed109_J150_M75,"[0.007884, 0.943214]",75,150,0.1,max_proc,lowest_lower_bound,NO_PROFILING,all_to_shortest,greedy,6585,902,2001,43.66940975189209,0.21027992913186538,False,5200.306666666666,75,-1,5200.306666666666
Uniform1-5000_Seed109_J150_M75,"[0.007884, 0.943214]",75,150,0.05,max_proc,lowest_lower_bound,PRUNE,all_to_shortest,greedy,6412,90,90,2.0355117321014404,0.18897275940944067,True,5837.0,85,-1,5200.306666666666
Uniform1-5000_Seed110_J150_M75,"[0.022803, 0.965250]",75,150,0.1,max_proc,lowest_lower_bound,NO_PROFILING,all_to_shortest,greedy,6203,1477,2001,48.262229204177856,0.16575420495459184,False,5174.826666666667,96,-1,5174.826666666667
Uniform1-5000_Seed110_J150_M75,"[0.022803, 0.965250]",75,150,0.05,max_proc,lowest_lower_bound,PRUNE,all_to_shortest,greedy,6135,1686,2001,51.83741855621338,0.15650747079597932,False,5174.826666666667,96,-1,5174.826666666667
Uniform1-5000_Seed111_J150_M75,"[0.015344, 1.000000]",75,150,0.1,max_proc,lowest_lower_bound,NO_PROFILING,all_to_shortest,greedy,5403,105,105,2.2690956592559814,0.0832870627429206,True,4953.0,103,-1,4953.0
Uniform1-5000_Seed111_J150_M75,"[0.015344, 1.000000]",75,150,0.05,max_proc,lowest_lower_bound,PRUNE,all_to_shortest,greedy,5425,252,252,5.567441701889038,0.08700460829493088,True,4953.0,109,-1,4953.0
Uniform1-5000_Seed112_J150_M75,"[0.010263, 0.983856]",75,150,0.1,max_proc,lowest_lower_bound,NO_PROFILING,all_to_shortest,greedy,6475,1868,2001,47.39604163169861,0.21748262548262545,False,5066.8,75,-1,5066.8
Uniform1-5000_Seed112_J150_M75,"[0.010263, 0.983856]",75,150,0.05,max_proc,lowest_lower_bound,PRUNE,all_to_shortest,greedy,5778,174,174,4.1772284507751465,0.12308757355486324,True,5362.0,104,-1,5066.8
Uniform1-5000_Seed113_J150_M75,"[0.002181, 0.991431]",75,150,0.1,max_proc,lowest_lower_bound,NO_PROFILING,all_to_shortest,greedy,6574,143,2001,46.29281949996948,0.23285468005273302,False,5043.213333333333,75,-1,5043.213333333333
Uniform1-5000_Seed113_J150_M75,"[0.002181, 0.991431]",75,150,0.05,max_proc,lowest_lower_bound,PRUNE,all_to_shortest,greedy,5933,101,101,2.2425341606140137,0.1499724703635036,True,5452.0,99,-1,5043.213333333333
Uniform1-5000_Seed114_J150_M75,"[0.007204, 1.000000]",75,150,0.1,max_proc,lowest_lower_bound,NO_PROFILING,all_to_shortest,greedy,5491,79,79,1.583085060119629,0.08996539792387544,True,4997.0,77,-1,4997.0
Uniform1-5000_Seed114_J150_M75,"[0.007204, 1.000000]",75,150,0.05,max_proc,lowest_lower_bound,PRUNE,all_to_shortest,greedy,5482,82,82,1.7556729316711426,0.08847136081722,True,4997.0,80,-1,4997.0
Uniform1-5000_Seed115_J150_M75,"[0.001193, 0.994298]",75,150,0.1,max_proc,lowest_lower_bound,NO_PROFILING,all_to_shortest,greedy,6443,216,2001,45.442394733428955,0.21966992601790053,False,5027.666666666667,75,-1,5027.666666666667
Uniform1-5000_Seed115_J150_M75,"[0.001193, 0.994298]",75,150,0.05,max_proc,lowest_lower_bound,PRUNE,all_to_shortest,greedy,5784,434,2001,46.149821519851685,0.13076302443522356,False,5235.0,102,-1,5027.666666666667
Uniform1-5000_Seed116_J150_M75,"[0.004017, 0.912895]",75,150,0.1,max_proc,lowest_lower_bound,NO_PROFILING,all_to_shortest,greedy,6805,1009,2001,45.80142831802368,0.19513886847905954,False,5477.08,75,-1,5477.08
Uniform1-5000_Seed116_J150_M75,"[0.004017, 0.912895]",75,150,0.05,max_proc,lowest_lower_bound,PRUNE,all_to_shortest,greedy,6596,1685,2001,53.76220893859863,0.16963614311704064,False,5717.0,98,-1,5477.08
Uniform1-5000_Seed117_J150_M75,"[0.001803, 1.000000]",75,150,0.1,max_proc,lowest_lower_bound,NO_PROFILING,all_to_shortest,greedy,6334,736,2001,44.75088691711426,0.21171455636248815,False,4993.0,75,-1,4993.0
Uniform1-5000_Seed117_J150_M75,"[0.001803, 1.000000]",75,150,0.05,max_proc,lowest_lower_bound,PRUNE,all_to_shortest,greedy,5669,99,99,2.301698923110962,0.1192450167578056,True,5241.0,97,-1,4993.0
Uniform1-5000_Seed118_J150_M75,"[0.003821, 1.000000]",75,150,0.1,max_proc,lowest_lower_bound,NO_PROFILING,all_to_shortest,greedy,5415,104,104,2.177891492843628,0.08180978762696214,True,4972.0,102,-1,4972.0
Uniform1-5000_Seed118_J150_M75,"[0.003821, 1.000000]",75,150,0.05,max_proc,lowest_lower_bound,PRUNE,all_to_shortest,greedy,5455,251,251,5.261533975601196,0.08854262144821265,True,4972.0,110,-1,4972.0
Uniform1-5000_Seed119_J150_M75,"[0.000575, 0.950933]",75,150,0.1,max_proc,lowest_lower_bound,NO_PROFILING,all_to_shortest,greedy,6806,240,2001,48.48425555229187,0.23378195709667937,False,5214.88,75,-1,5214.88
Uniform1-5000_Seed119_J150_M75,"[0.000575, 0.950933]",75,150,0.05,max_proc,lowest_lower_bound,PRUNE,all_to_shortest,greedy,6045,125,125,2.9047138690948486,0.13732340777502067,True,5543.0,102,-1,5214.88
Uniform1-5000_Seed120_J150_M75,"[0.002175, 0.986863]",75,150,0.1,max_proc,lowest_lower_bound,NO_PROFILING,all_to_shortest,greedy,6617,409,2001,46.46256923675537,0.23553674877839914,False,5058.453333333333,75,-1,5058.453333333333
Uniform1-5000_Seed120_J150_M75,"[0.002175, 0.986863]",75,150,0.05,max_proc,lowest_lower_bound,PRUNE,all_to_shortest,greedy,6082,95,95,2.243682622909546,0.16829113230297058,True,5603.0,93,-1,5058.453333333333
Uniform1-5000_Seed121_J150_M75,"[0.002800, 1.000000]",75,150,0.1,max_proc,lowest_lower_bound,NO_PROFILING,all_to_shortest,greedy,5497,1178,1178,24.13294768333435,0.09041295251955613,True,5000.0,105,-1,5000.0
Uniform1-5000_Seed121_J150_M75,"[0.002800, 1.000000]",75,150,0.05,max_proc,lowest_lower_bound,PRUNE,all_to_shortest,greedy,5556,1258,2001,45.97335362434387,0.10007199424046076,False,5000.0,102,-1,5000.0
Uniform1-5000_Seed122_J150_M75,"[0.010456, 1.000000]",75,150,0.1,max_proc,lowest_lower_bound,NO_PROFILING,all_to_shortest,greedy,5439,99,99,2.0608272552490234,0.08567751424894282,True,4973.0,97,-1,4973.0
Uniform1-5000_Seed122_J150_M75,"[0.010456, 1.000000]",75,150,0.05,max_proc,lowest_lower_bound,PRUNE,all_to_shortest,greedy,5452,113,113,2.4819252490997314,0.08785766691122524,True,4973.0,102,-1,4973.0
Uniform1-5000_Seed123_J150_M75,"[0.003592, 0.989628]",75,150,0.1,max_proc,lowest_lower_bound,NO_PROFILING,all_to_shortest,greedy,6398,431,2001,43.506927728652954,0.21679066374908826,False,5010.973333333333,75,-1,5010.973333333333
Uniform1-5000_Seed123_J150_M75,"[0.003592, 0.989628]",75,150,0.05,max_proc,lowest_lower_bound,PRUNE,all_to_shortest,greedy,5578,1276,1276,30.022565841674805,0.101654117365842,True,5157.0,109,-1,5010.973333333333
Uniform1-5000_Seed124_J150_M75,"[0.008316, 1.000000]",75,150,0.1,max_proc,lowest_lower_bound,NO_PROFILING,all_to_shortest,greedy,5279,89,89,1.8110105991363525,0.06611100587232431,True,4930.0,87,-1,4930.0
Uniform1-5000_Seed124_J150_M75,"[0.008316, 1.000000]",75,150,0.05,max_proc,lowest_lower_bound,PRUNE,all_to_shortest,greedy,5289,112,112,2.510852098464966,0.0678767252788807,True,4930.0,110,-1,4930.0
Uniform1-5000_Seed125_J150_M75,"[0.003112, 0.913884]",75,150,0.1,max_proc,lowest_lower_bound,NO_PROFILING,all_to_shortest,greedy,6945,1583,2001,50.34050107002258,0.2134773218142549,False,5462.4,75,-1,5462.4
Uniform1-5000_Seed125_J150_M75,"[0.003112, 0.913884]",75,150,0.05,max_proc,lowest_lower_bound,PRUNE,all_to_shortest,greedy,6372,111,111,2.6643545627593994,0.14274952919020722,True,5791.0,109,-1,5462.4
Uniform1-5000_Seed126_J150_M75,"[0.000805, 1.000000]",75,150,0.1,max_proc,lowest_lower_bound,NO_PROFILING,all_to_shortest,greedy,6119,527,2001,41.603734493255615,0.18826605654518713,False,4967.0,75,-1,4967.0
Uniform1-5000_Seed126_J150_M75,"[0.000805, 1.000000]",75,150,0.05,max_proc,lowest_lower_bound,PRUNE,all_to_shortest,greedy,5678,466,466,10.342031955718994,0.1252201479394153,True,5184.0,88,-1,4967.0
Uniform1-5000_Seed127_J150_M75,"[0.007273, 0.982006]",75,150,0.1,max_proc,lowest_lower_bound,NO_PROFILING,all_to_shortest,greedy,6630,1209,2001,47.933706521987915,0.232647561588738,False,5087.546666666667,75,-1,5087.546666666667
Uniform1-5000_Seed127_J150_M75,"[0.007273, 0.982006]",75,150,0.05,max_proc,lowest_lower_bound,PRUNE,all_to_shortest,greedy,6015,716,716,18.827988624572754,0.1541900803546688,True,5490.0,99,-1,5087.546666666667
Uniform1-5000_Seed128_J150_M75,"[0.006866, 1.000000]",75,150,0.1,max_proc,lowest_lower_bound,NO_PROFILING,all_to_shortest,greedy,6090,1728,2001,44.087931394577026,0.18686371100164204,False,4952.0,75,-1,4952.0
Uniform1-5000_Seed128_J150_M75,"[0.006866, 1.000000]",75,150,0.05,max_proc,lowest_lower_bound,PRUNE,all_to_shortest,greedy,5602,105,105,2.4140799045562744,0.11602998928953945,True,5089.0,102,-1,4952.0
Uniform1-5000_Seed129_J150_M75,"[0.004063, 0.964332]",75,150,0.1,max_proc,lowest_lower_bound,NO_PROFILING,all_to_shortest,greedy,6760,1982,2001,45.94863295555115,0.23545167652859966,False,5168.346666666666,75,-1,5168.346666666666
Uniform1-5000_Seed129_J150_M75,"[0.004063, 0.964332]",75,150,0.05,max_proc,lowest_lower_bound,PRUNE,all_to_shortest,greedy,6352,796,2001,49.943796157836914,0.18634340890008402,False,5558.0,92,-1,5168.346666666666
Uniform1-5000_Seed130_J150_M75,"[0.031082, 0.957214]",75,150,0.1,max_proc,lowest_lower_bound,NO_PROFILING,all_to_shortest,greedy,6713,1255,2001,47.73766374588013,0.22359600774616417,False,5212.0,75,-1,5212.0
Uniform1-5000_Seed130_J150_M75,"[0.031082, 0.957214]",75,150,0.05,max_proc,lowest_lower_bound,PRUNE,all_to_shortest,greedy,6069,97,97,2.261399745941162,0.14120942494644917,True,5506.0,95,-1,5212.0
Uniform1-5000_Seed131_J150_M75,"[0.013029, 1.000000]",75,150,0.1,max_proc,lowest_lower_bound,NO_PROFILING,all_to_shortest,greedy,5565,369,2001,42.45898795127869,0.10350404312668464,False,4989.0,112,-1,4989.0
Uniform1-5000_Seed131_J150_M75,"[0.013029, 1.000000]",75,150,0.05,max_proc,lowest_lower_bound,PRUNE,all_to_shortest,greedy,5909,1284,2001,48.48519730567932,0.1556947029954307,False,4989.0,105,-1,4989.0
Uniform1-5000_Seed132_J150_M75,"[0.001815, 1.000000]",75,150,0.1,max_proc,lowest_lower_bound,NO_PROFILING,all_to_shortest,greedy,5403,98,98,2.035597085952759,0.08217656857301499,True,4959.0,96,-1,4959.0
Uniform1-5000_Seed132_J150_M75,"[0.001815, 1.000000]",75,150,0.05,max_proc,lowest_lower_bound,PRUNE,all_to_shortest,greedy,5461,150,150,3.235670566558838,0.09192455594213514,True,4959.0,102,-1,4959.0
Uniform1-5000_Seed133_J150_M75,"[0.001200, 1.000000]",75,150,0.1,max_proc,lowest_lower_bound,NO_PROFILING,all_to_shortest,greedy,5364,82,82,1.702789545059204,0.06785980611483967,True,5000.0,80,-1,5000.0
Uniform1-5000_Seed133_J150_M75,"[0.001200, 1.000000]",75,150,0.05,max_proc,lowest_lower_bound,PRUNE,all_to_shortest,greedy,5512,88,88,1.9411723613739014,0.09288824383164006,True,5000.0,86,-1,5000.0
Uniform1-5000_Seed134_J150_M75,"[0.010746, 1.000000]",75,150,0.1,max_proc,lowest_lower_bound,NO_PROFILING,all_to_shortest,greedy,5227,98,98,2.1157801151275635,0.056437727185766215,True,4932.0,96,-1,4932.0
Uniform1-5000_Seed134_J150_M75,"[0.010746, 1.000000]",75,150,0.05,max_proc,lowest_lower_bound,PRUNE,all_to_shortest,greedy,5387,132,132,3.019962787628174,0.08446259513643958,True,4932.0,96,-1,4932.0
Uniform1-5000_Seed135_J150_M75,"[0.014432, 0.976604]",75,150,0.1,max_proc,lowest_lower_bound,NO_PROFILING,all_to_shortest,greedy,6038,1589,2001,48.06462597846985,0.16224798498399035,False,5058.346666666666,95,-1,5058.346666666666
Uniform1-5000_Seed135_J150_M75,"[0.014432, 0.976604]",75,150,0.05,max_proc,lowest_lower_bound,PRUNE,all_to_shortest,greedy,6149,369,2001,54.215092182159424,0.17737084620805557,False,5058.346666666666,94,-1,5058.346666666666
Uniform1-5000_Seed136_J150_M75,"[0.021345, 0.980271]",75,150,0.1,max_proc,lowest_lower_bound,NO_PROFILING,all_to_shortest,greedy,6088,837,2001,48.57218146324158,0.16888523872098113,False,5059.826666666667,94,-1,5059.826666666667
Uniform1-5000_Seed136_J150_M75,"[0.021345, 0.980271]",75,150,0.05,max_proc,lowest_lower_bound,PRUNE,all_to_shortest,greedy,6083,162,2001,50.67175912857056,0.16820209326538438,False,5146.0,94,-1,5059.826666666667
Uniform1-5000_Seed137_J150_M75,"[0.021620, 0.993701]",75,150,0.1,max_proc,lowest_lower_bound,NO_PROFILING,all_to_shortest,greedy,6342,155,2001,47.28031849861145,0.2123199831809104,False,4995.466666666666,80,-1,4995.466666666666
Uniform1-5000_Seed137_J150_M75,"[0.021620, 0.993701]",75,150,0.05,max_proc,lowest_lower_bound,PRUNE,all_to_shortest,greedy,5769,1375,2001,49.48351454734802,0.13408447449009078,False,5121.0,109,-1,4995.466666666666
Uniform1-5000_Seed138_J150_M75,"[0.005500, 1.000000]",75,150,0.1,max_proc,lowest_lower_bound,NO_PROFILING,all_to_shortest,greedy,5331,110,110,2.4448401927948,0.07915963233914838,True,4909.0,108,-1,4909.0
Uniform1-5000_Seed138_J150_M75,"[0.005500, 1.000000]",75,150,0.05,max_proc,lowest_lower_bound,PRUNE,all_to_shortest,greedy,5378,140,140,3.084954261779785,0.08720714020081814,True,4909.0,110,-1,4909.0
Uniform1-5000_Seed139_J150_M75,"[0.005809, 0.956916]",75,150,0.1,max_proc,lowest_lower_bound,NO_PROFILING,all_to_shortest,greedy,6721,473,2001,49.16551899909973,0.23158656945890982,False,5164.506666666667,75,-1,5164.506666666667
Uniform1-5000_Seed139_J150_M75,"[0.005809, 0.956916]",75,150,0.05,max_proc,lowest_lower_bound,PRUNE,all_to_shortest,greedy,6102,1125,2001,43.09342360496521,0.15363705888779627,False,5353.0,99,-1,5164.506666666667
Uniform1-5000_Seed140_J150_M75,"[0.000811, 0.999886]",75,150,0.1,max_proc,lowest_lower_bound,NO_PROFILING,all_to_shortest,greedy,5831,1459,2001,45.78670692443848,0.1539084205110615,False,4933.56,101,-1,4933.56
Uniform1-5000_Seed140_J150_M75,"[0.000811, 0.999886]",75,150,0.05,max_proc,lowest_lower_bound,PRUNE,all_to_shortest,greedy,5919,981,2001,47.050270080566406,0.16648758236188538,False,4933.56,95,-1,4933.56
Uniform1-5000_Seed141_J150_M75,"[0.009406, 1.000000]",75,150,0.1,max_proc,lowest_lower_bound,NO_PROFILING,all_to_shortest,greedy,5358,124,124,2.7491824626922607,0.0673758865248227,True,4997.0,120,-1,4997.0
Uniform1-5000_Seed141_J150_M75,"[0.009406, 1.000000]",75,150,0.05,max_proc,lowest_lower_bound,PRUNE,all_to_shortest,greedy,5877,1616,2001,43.337626695632935,0.1497362599965969,False,5011.0,99,-1,4997.0
Uniform1-5000_Seed142_J150_M75,"[0.003261, 0.957706]",75,150,0.1,max_proc,lowest_lower_bound,NO_PROFILING,all_to_shortest,greedy,6633,175,2001,49.118462324142456,0.21416352580531692,False,5212.453333333333,78,-1,5212.453333333333
Uniform1-5000_Seed142_J150_M75,"[0.003261, 0.957706]",75,150,0.05,max_proc,lowest_lower_bound,PRUNE,all_to_shortest,greedy,6293,668,2001,52.21923065185547,0.17170612850256906,False,5387.0,92,-1,5212.453333333333
Uniform1-5000_Seed143_J150_M75,"[0.016613, 1.000000]",75,150,0.1,max_proc,lowest_lower_bound,NO_PROFILING,all_to_shortest,greedy,5998,422,2001,48.576271533966064,0.16705568522840947,False,4996.0,86,-1,4996.0
Uniform1-5000_Seed143_J150_M75,"[0.016613, 1.000000]",75,150,0.05,max_proc,lowest_lower_bound,PRUNE,all_to_shortest,greedy,5606,484,484,11.328323125839233,0.10881198715661791,True,5109.0,103,-1,4996.0
Uniform1-5000_Seed144_J150_M75,"[0.001402, 0.994801]",75,150,0.1,max_proc,lowest_lower_bound,NO_PROFILING,all_to_shortest,greedy,6301,1012,2001,43.968037128448486,0.20759244564354865,False,4992.96,75,-1,4992.96
Uniform1-5000_Seed144_J150_M75,"[0.001402, 0.994801]",75,150,0.05,max_proc,lowest_lower_bound,PRUNE,all_to_shortest,greedy,6362,419,2001,49.25215935707092,0.21519019176359636,False,5207.0,88,-1,4992.96
Uniform1-5000_Seed145_J150_M75,"[0.003423, 1.000000]",75,150,0.1,max_proc,lowest_lower_bound,NO_PROFILING,all_to_shortest,greedy,6170,606,2001,42.36184024810791,0.19497568881685576,False,4967.0,79,-1,4967.0
Uniform1-5000_Seed145_J150_M75,"[0.003423, 1.000000]",75,150,0.05,max_proc,lowest_lower_bound,PRUNE,all_to_shortest,greedy,5529,241,241,5.179824590682983,0.10164586724543317,True,5055.0,105,-1,4967.0
Uniform1-5000_Seed146_J150_M75,"[0.000602, 1.000000]",75,150,0.1,max_proc,lowest_lower_bound,NO_PROFILING,all_to_shortest,greedy,6038,73,2001,42.75103831291199,0.17472673070553163,False,4983.0,79,-1,4983.0
Uniform1-5000_Seed146_J150_M75,"[0.000602, 1.000000]",75,150,0.05,max_proc,lowest_lower_bound,PRUNE,all_to_shortest,greedy,5496,128,128,2.795546531677246,0.09334061135371179,True,5078.0,99,-1,4983.0
Uniform1-5000_Seed147_J150_M75,"[0.002209, 1.000000]",75,150,0.1,max_proc,lowest_lower_bound,NO_PROFILING,all_to_shortest,greedy,6218,1709,2001,45.156081676483154,0.19926021228690896,False,4979.0,75,-1,4979.0
Uniform1-5000_Seed147_J150_M75,"[0.002209, 1.000000]",75,150,0.05,max_proc,lowest_lower_bound,PRUNE,all_to_shortest,greedy,5606,435,435,9.872461318969727,0.11184445237245808,True,5096.0,111,-1,4979.0
Uniform1-5000_Seed148_J150_M75,"[0.003227, 0.942134]",75,150,0.1,max_proc,lowest_lower_bound,NO_PROFILING,all_to_shortest,greedy,6446,536,2001,43.05967712402344,0.1827758816837315,False,5267.826666666667,75,-1,5267.826666666667
Uniform1-5000_Seed148_J150_M75,"[0.003227, 0.942134]",75,150,0.05,max_proc,lowest_lower_bound,PRUNE,all_to_shortest,greedy,6452,1701,2001,45.418309450149536,0.18353585451539572,False,5531.0,94,-1,5267.826666666667
Uniform1-5000_Seed149_J150_M75,"[0.006535, 0.987436]",75,150,0.1,max_proc,lowest_lower_bound,NO_PROFILING,all_to_shortest,greedy,6167,901,2001,44.53553819656372,0.1812161504783526,False,5049.44,78,-1,5049.44
Uniform1-5000_Seed149_J150_M75,"[0.006535, 0.987436]",75,150,0.05,max_proc,lowest_lower_bound,PRUNE,all_to_shortest,greedy,5718,380,380,9.190842151641846,0.11692200069954536,True,5192.0,110,-1,5049.44
Uniform1-5000_Seed150_J150_M75,"[0.004229, 1.000000]",75,150,0.1,max_proc,lowest_lower_bound,NO_PROFILING,all_to_shortest,greedy,5446,92,92,1.8543293476104736,0.08813808299669482,True,4966.0,90,-1,4966.0
Uniform1-5000_Seed150_J150_M75,"[0.004229, 1.000000]",75,150,0.05,max_proc,lowest_lower_bound,PRUNE,all_to_shortest,greedy,5454,107,107,2.3781814575195312,0.08947561422808947,True,4966.0,105,-1,4966.0
Uniform1-5000_Seed151_J150_M75,"[0.002997, 0.935697]",75,150,0.1,max_proc,lowest_lower_bound,NO_PROFILING,all_to_shortest,greedy,6832,668,2001,49.63038206100464,0.21848165495706484,False,5339.333333333333,75,-1,5339.333333333333
Uniform1-5000_Seed151_J150_M75,"[0.002997, 0.935697]",75,150,0.05,max_proc,lowest_lower_bound,PRUNE,all_to_shortest,greedy,6312,254,254,6.103680849075317,0.1540980143641741,True,5760.0,99,-1,5339.333333333333
Uniform1-5000_Seed152_J150_M75,"[0.003406, 1.000000]",75,150,0.1,max_proc,lowest_lower_bound,NO_PROFILING,all_to_shortest,greedy,6264,898,2001,44.83555507659912,0.20322477650063858,False,4991.0,80,-1,4991.0
Uniform1-5000_Seed152_J150_M75,"[0.003406, 1.000000]",75,150,0.05,max_proc,lowest_lower_bound,PRUNE,all_to_shortest,greedy,6226,1015,2001,53.65515327453613,0.19836170896241567,False,5203.0,88,-1,4991.0
Uniform1-5000_Seed153_J150_M75,"[0.003590, 0.992314]",75,150,0.1,max_proc,lowest_lower_bound,NO_PROFILING,all_to_shortest,greedy,6437,813,2001,47.825867891311646,0.22113821138211376,False,5013.533333333334,75,-1,5013.533333333334
Uniform1-5000_Seed153_J150_M75,"[0.003590, 0.992314]",75,150,0.05,max_proc,lowest_lower_bound,PRUNE,all_to_shortest,greedy,6129,141,2001,52.01175403594971,0.18199815086746063,False,5273.0,89,-1,5013.533333333334
Uniform1-5000_Seed154_J150_M75,"[0.003799, 0.993211]",75,150,0.1,max_proc,lowest_lower_bound,NO_PROFILING,all_to_shortest,greedy,6084,1071,2001,46.55097436904907,0.17785009861932938,False,5001.96,93,-1,5001.96
Uniform1-5000_Seed154_J150_M75,"[0.003799, 0.993211]",75,150,0.05,max_proc,lowest_lower_bound,PRUNE,all_to_shortest,greedy,6050,1670,2001,50.34230351448059,0.17322975206611568,False,5098.0,93,-1,5001.96
Uniform1-5000_Seed155_J150_M75,"[0.000815, 1.000000]",75,150,0.1,max_proc,lowest_lower_bound,NO_PROFILING,all_to_shortest,greedy,5342,104,104,2.3084263801574707,0.08124298015724447,True,4908.0,102,-1,4908.0
Uniform1-5000_Seed155_J150_M75,"[0.000815, 1.000000]",75,150,0.05,max_proc,lowest_lower_bound,PRUNE,all_to_shortest,greedy,5372,106,106,2.4595935344696045,0.08637379002233805,True,4908.0,104,-1,4908.0
Uniform1-5000_Seed156_J150_M75,"[0.014921, 0.975845]",75,150,0.1,max_proc,lowest_lower_bound,NO_PROFILING,all_to_shortest,greedy,6067,316,2001,45.75777196884155,0.17151585077742987,False,5026.413333333333,90,-1,5026.413333333333
Uniform1-5000_Seed156_J150_M75,"[0.014921, 0.975845]",75,150,0.05,max_proc,lowest_lower_bound,PRUNE,all_to_shortest,greedy,6127,644,2001,49.55366635322571,0.17962896469180137,False,5032.0,90,-1,5026.413333333333
Uniform1-5000_Seed157_J150_M75,"[0.009839, 0.975815]",75,150,0.1,max_proc,lowest_lower_bound,NO_PROFILING,all_to_shortest,greedy,6478,722,2001,43.905542612075806,0.21551301842132345,False,5081.906666666667,75,-1,5081.906666666667
Uniform1-5000_Seed157_J150_M75,"[0.009839, 0.975815]",75,150,0.05,max_proc,lowest_lower_bound,PRUNE,all_to_shortest,greedy,5920,97,97,2.193629264831543,0.1415698198198198,True,5471.0,94,-1,5081.906666666667
Uniform1-5000_Seed158_J150_M75,"[0.002405, 1.000000]",75,150,0.1,max_proc,lowest_lower_bound,NO_PROFILING,all_to_shortest,greedy,5576,115,2001,44.024508237838745,0.10527259684361549,False,4989.0,113,-1,4989.0
Uniform1-5000_Seed158_J150_M75,"[0.002405, 1.000000]",75,150,0.05,max_proc,lowest_lower_bound,PRUNE,all_to_shortest,greedy,5705,1466,2001,43.26737403869629,0.1255039439088519,False,4989.0,109,-1,4989.0
Uniform1-5000_Seed159_J150_M75,"[0.002401, 1.000000]",75,150,0.1,max_proc,lowest_lower_bound,NO_PROFILING,all_to_shortest,greedy,5481,72,72,1.4251530170440674,0.08812260536398467,True,4998.0,70,-1,4998.0
Uniform1-5000_Seed159_J150_M75,"[0.002401, 1.000000]",75,150,0.05,max_proc,lowest_lower_bound,PRUNE,all_to_shortest,greedy,5419,82,82,1.7693307399749756,0.0776896106292674,True,4998.0,80,-1,4998.0
Uniform1-5000_Seed160_J150_M75,"[0.004334, 0.940209]",75,150,0.1,max_proc,lowest_lower_bound,NO_PROFILING,all_to_shortest,greedy,6614,1288,2001,44.178329944610596,0.1975607297651447,False,5307.333333333333,75,-1,5307.333333333333
Uniform1-5000_Seed160_J150_M75,"[0.004334, 0.940209]",75,150,0.05,max_proc,lowest_lower_bound,PRUNE,all_to_shortest,greedy,6478,1491,2001,50.90351414680481,0.18071421220541323,False,5628.0,89,-1,5307.333333333333
Uniform1-5000_Seed161_J150_M75,"[0.006684, 0.980544]",75,150,0.1,max_proc,lowest_lower_bound,NO_PROFILING,all_to_shortest,greedy,6212,661,2001,46.1707444190979,0.1811053874221936,False,5086.973333333333,88,-1,5086.973333333333
Uniform1-5000_Seed161_J150_M75,"[0.006684, 0.980544]",75,150,0.05,max_proc,lowest_lower_bound,PRUNE,all_to_shortest,greedy,6213,267,2001,51.33090949058533,0.18123719083641826,False,5228.0,89,-1,5086.973333333333
Uniform1-5000_Seed162_J150_M75,"[0.012657, 0.970286]",75,150,0.1,max_proc,lowest_lower_bound,NO_PROFILING,all_to_shortest,greedy,6551,1901,2001,44.318445682525635,0.21605861700503734,False,5135.6,75,-1,5135.6
Uniform1-5000_Seed162_J150_M75,"[0.012657, 0.970286]",75,150,0.05,max_proc,lowest_lower_bound,PRUNE,all_to_shortest,greedy,5937,874,2001,46.76560115814209,0.13498399865251803,False,5282.0,109,-1,5135.6
Uniform1-5000_Seed163_J150_M75,"[0.005105, 0.935536]",75,150,0.1,max_proc,lowest_lower_bound,NO_PROFILING,all_to_shortest,greedy,6888,473,2001,47.810301303863525,0.23215060007742933,False,5288.946666666667,75,-1,5288.946666666667
Uniform1-5000_Seed163_J150_M75,"[0.005105, 0.935536]",75,150,0.05,max_proc,lowest_lower_bound,PRUNE,all_to_shortest,greedy,6352,104,104,2.439915895462036,0.16735726280436608,True,5911.0,93,-1,5288.946666666667
Uniform1-5000_Seed164_J150_M75,"[0.007261, 0.954376]",75,150,0.1,max_proc,lowest_lower_bound,NO_PROFILING,all_to_shortest,greedy,6175,1790,2001,46.13960814476013,0.15242321187584343,False,5233.786666666667,98,-1,5233.786666666667
Uniform1-5000_Seed164_J150_M75,"[0.007261, 0.954376]",75,150,0.05,max_proc,lowest_lower_bound,PRUNE,all_to_shortest,greedy,6239,389,2001,50.13936114311218,0.161117700486189,False,5233.786666666667,96,-1,5233.786666666667
Uniform1-5000_Seed165_J150_M75,"[0.004881, 0.971493]",75,150,0.1,max_proc,lowest_lower_bound,NO_PROFILING,all_to_shortest,greedy,6366,676,2001,41.49757432937622,0.19541103780500577,False,5122.013333333333,75,-1,5122.013333333333
Uniform1-5000_Seed165_J150_M75,"[0.004881, 0.971493]",75,150,0.05,max_proc,lowest_lower_bound,PRUNE,all_to_shortest,greedy,5956,121,1131,25.86518669128418,0.140024625027983,True,5406.0,103,-1,5122.013333333333
Uniform1-5000_Seed166_J150_M75,"[0.001152, 0.951550]",75,150,0.1,max_proc,lowest_lower_bound,NO_PROFILING,all_to_shortest,greedy,6698,1378,2001,48.23006319999695,0.22240270727580377,False,5208.346666666666,75,-1,5208.346666666666
Uniform1-5000_Seed166_J150_M75,"[0.001152, 0.951550]",75,150,0.05,max_proc,lowest_lower_bound,PRUNE,all_to_shortest,greedy,6366,1875,2001,52.75507998466492,0.18184940831500684,False,5694.0,84,-1,5208.346666666666
Uniform1-5000_Seed167_J150_M75,"[0.001207, 1.000000]",75,150,0.1,max_proc,lowest_lower_bound,NO_PROFILING,all_to_shortest,greedy,5455,83,83,1.7045462131500244,0.08872593950504125,True,4971.0,81,-1,4971.0
Uniform1-5000_Seed167_J150_M75,"[0.001207, 1.000000]",75,150,0.05,max_proc,lowest_lower_bound,PRUNE,all_to_shortest,greedy,5453,104,104,2.307616949081421,0.08839171098477902,True,4971.0,93,-1,4971.0
Uniform1-5000_Seed168_J150_M75,"[0.008822, 0.929376]",75,150,0.1,max_proc,lowest_lower_bound,NO_PROFILING,all_to_shortest,greedy,6754,922,2001,50.52851343154907,0.2279755206791038,False,5214.253333333333,75,-1,5214.253333333333
Uniform1-5000_Seed168_J150_M75,"[0.008822, 0.929376]",75,150,0.05,max_proc,lowest_lower_bound,PRUNE,all_to_shortest,greedy,6101,412,412,10.667179107666016,0.14534447904715078,True,5627.0,98,-1,5214.253333333333
Uniform1-5000_Seed169_J150_M75,"[0.000401, 1.000000]",75,150,0.1,max_proc,lowest_lower_bound,NO_PROFILING,all_to_shortest,greedy,5430,85,85,1.744602918624878,0.08103130755064457,True,4990.0,83,-1,4990.0
Uniform1-5000_Seed169_J150_M75,"[0.000401, 1.000000]",75,150,0.05,max_proc,lowest_lower_bound,PRUNE,all_to_shortest,greedy,5492,98,98,2.139167070388794,0.09140568099053169,True,4990.0,96,-1,4990.0
Uniform1-5000_Seed170_J150_M75,"[0.001390, 0.991019]",75,150,0.1,max_proc,lowest_lower_bound,NO_PROFILING,all_to_shortest,greedy,6399,578,2001,45.64484095573425,0.21328124186070743,False,5034.213333333333,76,-1,5034.213333333333
Uniform1-5000_Seed170_J150_M75,"[0.001390, 0.991019]",75,150,0.05,max_proc,lowest_lower_bound,PRUNE,all_to_shortest,greedy,5857,592,592,14.619649171829224,0.14047919867964262,True,5318.0,98,-1,5034.213333333333
Uniform1-5000_Seed171_J150_M75,"[0.011041, 0.933811]",75,150,0.1,max_proc,lowest_lower_bound,NO_PROFILING,all_to_shortest,greedy,6752,1611,2001,47.484113454818726,0.20857622432859396,False,5343.693333333334,75,-1,5343.693333333334
Uniform1-5000_Seed171_J150_M75,"[0.011041, 0.933811]",75,150,0.05,max_proc,lowest_lower_bound,PRUNE,all_to_shortest,greedy,6626,93,93,2.180614471435547,0.19352651172150112,True,6033.0,90,-1,5343.693333333334
Uniform1-5000_Seed172_J150_M75,"[0.002615, 0.932370]",75,150,0.1,max_proc,lowest_lower_bound,NO_PROFILING,all_to_shortest,greedy,6598,1567,2001,46.78407287597656,0.18868950186925332,False,5353.026666666667,75,-1,5353.026666666667
Uniform1-5000_Seed172_J150_M75,"[0.002615, 0.932370]",75,150,0.05,max_proc,lowest_lower_bound,PRUNE,all_to_shortest,greedy,6190,946,946,23.96123504638672,0.1352137856758212,True,5666.0,103,-1,5353.026666666667
Uniform1-5000_Seed173_J150_M75,"[0.011838, 1.000000]",75,150,0.1,max_proc,lowest_lower_bound,NO_PROFILING,all_to_shortest,greedy,5421,105,105,2.231473684310913,0.08061243313041874,True,4984.0,103,-1,4984.0
Uniform1-5000_Seed173_J150_M75,"[0.011838, 1.000000]",75,150,0.05,max_proc,lowest_lower_bound,PRUNE,all_to_shortest,greedy,5452,113,113,2.555241584777832,0.08584005869405723,True,4984.0,111,-1,4984.0
Uniform1-5000_Seed174_J150_M75,"[0.001379, 0.982809]",75,150,0.1,max_proc,lowest_lower_bound,NO_PROFILING,all_to_shortest,greedy,6613,922,2001,49.8521466255188,0.23238066434800145,False,5076.266666666666,75,-1,5076.266666666666
Uniform1-5000_Seed174_J150_M75,"[0.001379, 0.982809]",75,150,0.05,max_proc,lowest_lower_bound,PRUNE,all_to_shortest,greedy,5876,102,102,2.4090566635131836,0.1361016564556388,True,5397.0,100,-1,5076.266666666666
Uniform1-5000_Seed175_J150_M75,"[0.014737, 0.987549]",75,150,0.1,max_proc,lowest_lower_bound,NO_PROFILING,all_to_shortest,greedy,6296,1257,2001,45.86086654663086,0.21320203303684876,False,4953.68,75,-1,4953.68
Uniform1-5000_Seed175_J150_M75,"[0.014737, 0.987549]",75,150,0.05,max_proc,lowest_lower_bound,PRUNE,all_to_shortest,greedy,5531,113,113,2.59443736076355,0.10437895498101604,True,5115.0,109,-1,4953.68
Uniform1-5000_Seed176_J150_M75,"[0.009336, 1.000000]",75,150,0.1,max_proc,lowest_lower_bound,NO_PROFILING,all_to_shortest,greedy,5965,607,2001,46.90488600730896,0.17401508801341156,False,4927.0,82,-1,4927.0
Uniform1-5000_Seed176_J150_M75,"[0.009336, 1.000000]",75,150,0.05,max_proc,lowest_lower_bound,PRUNE,all_to_shortest,greedy,5480,1826,1826,46.27201843261719,0.10091240875912409,True,5046.0,106,-1,4927.0
Uniform1-5000_Seed177_J150_M75,"[0.003225, 1.000000]",75,150,0.1,max_proc,lowest_lower_bound,NO_PROFILING,all_to_shortest,greedy,6167,966,2001,42.82283091545105,0.19539484352197178,False,4962.0,78,-1,4962.0
Uniform1-5000_Seed177_J150_M75,"[0.003225, 1.000000]",75,150,0.05,max_proc,lowest_lower_bound,PRUNE,all_to_shortest,greedy,5533,189,189,4.140076398849487,0.1031989878908368,True,5098.0,110,-1,4962.0
Uniform1-5000_Seed178_J150_M75,"[0.004041, 0.917479]",75,150,0.1,max_proc,lowest_lower_bound,NO_PROFILING,all_to_shortest,greedy,7113,62,2001,46.95116949081421,0.23460330849618075,False,5444.266666666666,75,-1,5444.266666666666
Uniform1-5000_Seed178_J150_M75,"[0.004041, 0.917479]",75,150,0.05,max_proc,lowest_lower_bound,PRUNE,all_to_shortest,greedy,6603,123,123,2.9186782836914062,0.17548589025190572,True,6103.0,85,-1,5444.266666666666
Uniform1-5000_Seed179_J150_M75,"[0.004862, 1.000000]",75,150,0.1,max_proc,lowest_lower_bound,NO_PROFILING,all_to_shortest,greedy,5341,102,102,2.2148571014404297,0.07582849653622917,True,4936.0,100,-1,4936.0
Uniform1-5000_Seed179_J150_M75,"[0.004862, 1.000000]",75,150,0.05,max_proc,lowest_lower_bound,PRUNE,all_to_shortest,greedy,5440,309,309,6.609983682632446,0.09264705882352942,True,4936.0,112,-1,4936.0
Uniform1-5000_Seed180_J150_M75,"[0.000589, 0.978890]",75,150,0.1,max_proc,lowest_lower_bound,NO_PROFILING,all_to_shortest,greedy,6463,1527,2001,42.125367164611816,0.21173655165299907,False,5094.546666666667,75,-1,5094.546666666667
Uniform1-5000_Seed180_J150_M75,"[0.000589, 0.978890]",75,150,0.05,max_proc,lowest_lower_bound,PRUNE,all_to_shortest,greedy,5993,109,109,2.317566156387329,0.14991712553534672,True,5460.0,88,-1,5094.546666666667
Uniform1-5000_Seed181_J150_M75,"[0.003812, 1.000000]",75,150,0.1,max_proc,lowest_lower_bound,NO_PROFILING,all_to_shortest,greedy,5637,480,2001,43.040361166000366,0.11584175980131275,False,4984.0,108,-1,4984.0
Uniform1-5000_Seed181_J150_M75,"[0.003812, 1.000000]",75,150,0.05,max_proc,lowest_lower_bound,PRUNE,all_to_shortest,greedy,5769,665,2001,50.23539161682129,0.1360721095510487,False,4984.0,100,-1,4984.0
Uniform1-5000_Seed182_J150_M75,"[0.012301, 1.000000]",75,150,0.1,max_proc,lowest_lower_bound,NO_PROFILING,all_to_shortest,greedy,5353,91,91,1.919860601425171,0.07360358677377171,True,4959.0,89,-1,4959.0
Uniform1-5000_Seed182_J150_M75,"[0.012301, 1.000000]",75,150,0.05,max_proc,lowest_lower_bound,PRUNE,all_to_shortest,greedy,5400,101,101,2.249457359313965,0.08166666666666667,True,4959.0,99,-1,4959.0
Uniform1-5000_Seed183_J150_M75,"[0.003699, 1.000000]",75,150,0.1,max_proc,lowest_lower_bound,NO_PROFILING,all_to_shortest,greedy,5315,73,73,1.4332411289215088,0.08447789275634995,True,4866.0,71,-1,4866.0
Uniform1-5000_Seed183_J150_M75,"[0.003699, 1.000000]",75,150,0.05,max_proc,lowest_lower_bound,PRUNE,all_to_shortest,greedy,5331,75,75,1.5935697555541992,0.08722566122678672,True,4866.0,73,-1,4866.0
Uniform1-5000_Seed184_J150_M75,"[0.028409, 0.939384]",75,150,0.1,max_proc,lowest_lower_bound,NO_PROFILING,all_to_shortest,greedy,6960,271,2001,50.212536096572876,0.23632375478927206,False,5315.1866666666665,75,-1,5315.1866666666665
Uniform1-5000_Seed184_J150_M75,"[0.028409, 0.939384]",75,150,0.05,max_proc,lowest_lower_bound,PRUNE,all_to_shortest,greedy,6317,96,96,2.2762560844421387,0.15859004801857424,True,5743.0,90,-1,5315.1866666666665
Uniform1-5000_Seed185_J150_M75,"[0.000595, 0.982242]",75,150,0.1,max_proc,lowest_lower_bound,NO_PROFILING,all_to_shortest,greedy,6480,1950,2001,47.19655084609985,0.22182921810699582,False,5042.546666666667,75,-1,5042.546666666667
Uniform1-5000_Seed185_J150_M75,"[0.000595, 0.982242]",75,150,0.05,max_proc,lowest_lower_bound,PRUNE,all_to_shortest,greedy,5585,119,119,2.7654619216918945,0.09712682781259319,True,5183.0,111,-1,5042.546666666667
Uniform1-5000_Seed186_J150_M75,"[0.000598, 0.994452]",75,150,0.1,max_proc,lowest_lower_bound,NO_PROFILING,all_to_shortest,greedy,6310,461,2001,45.741475343704224,0.2043021658742736,False,5020.8533333333335,75,-1,5020.8533333333335
Uniform1-5000_Seed186_J150_M75,"[0.000598, 0.994452]",75,150,0.05,max_proc,lowest_lower_bound,PRUNE,all_to_shortest,greedy,5748,121,121,2.7778127193450928,0.12650429134771513,True,5279.0,110,-1,5020.8533333333335
Uniform1-5000_Seed187_J150_M75,"[0.002945, 0.919900]",75,150,0.1,max_proc,lowest_lower_bound,NO_PROFILING,all_to_shortest,greedy,7002,1067,2001,48.02747678756714,0.22405027135104258,False,5433.2,75,-1,5433.2
Uniform1-5000_Seed187_J150_M75,"[0.002945, 0.919900]",75,150,0.05,max_proc,lowest_lower_bound,PRUNE,all_to_shortest,greedy,6321,234,2001,48.330442905426025,0.14045246005378897,False,5709.0,109,-1,5433.2
Uniform1-5000_Seed188_J150_M75,"[0.009627, 1.000000]",75,150,0.1,max_proc,lowest_lower_bound,NO_PROFILING,all_to_shortest,greedy,5449,74,74,1.449998140335083,0.08496971921453478,True,4986.0,72,-1,4986.0
Uniform1-5000_Seed188_J150_M75,"[0.009627, 1.000000]",75,150,0.05,max_proc,lowest_lower_bound,PRUNE,all_to_shortest,greedy,5486,81,81,1.744091510772705,0.09114108640174991,True,4986.0,79,-1,4986.0
Uniform1-5000_Seed189_J150_M75,"[0.008226, 1.000000]",75,150,0.1,max_proc,lowest_lower_bound,NO_PROFILING,all_to_shortest,greedy,5362,110,110,2.4460484981536865,0.07049608355091384,True,4984.0,108,-1,4984.0
Uniform1-5000_Seed189_J150_M75,"[0.008226, 1.000000]",75,150,0.05,max_proc,lowest_lower_bound,PRUNE,all_to_shortest,greedy,5361,113,113,2.6317546367645264,0.07032270098862152,True,4984.0,111,-1,4984.0
Uniform1-5000_Seed190_J150_M75,"[0.006246, 1.000000]",75,150,0.1,max_proc,lowest_lower_bound,NO_PROFILING,all_to_shortest,greedy,6102,1045,2001,43.169291734695435,0.1866601114388725,False,4963.0,79,-1,4963.0
Uniform1-5000_Seed190_J150_M75,"[0.006246, 1.000000]",75,150,0.05,max_proc,lowest_lower_bound,PRUNE,all_to_shortest,greedy,5560,183,183,3.9960830211639404,0.10737410071942446,True,5055.0,114,-1,4963.0
Uniform1-5000_Seed191_J150_M75,"[0.000735, 0.915557]",75,150,0.1,max_proc,lowest_lower_bound,NO_PROFILING,all_to_shortest,greedy,7109,731,2001,47.562926292419434,0.2342551695034463,False,5443.68,75,-1,5443.68
Uniform1-5000_Seed191_J150_M75,"[0.000735, 0.915557]",75,150,0.05,max_proc,lowest_lower_bound,PRUNE,all_to_shortest,greedy,6324,105,105,2.488816976547241,0.1392030360531309,True,5883.0,96,-1,5443.68
Uniform1-5000_Seed192_J150_M75,"[0.006667, 0.896435]",75,150,0.1,max_proc,lowest_lower_bound,NO_PROFILING,all_to_shortest,greedy,6982,941,2001,44.65038228034973,0.20513319965625892,False,5549.76,75,-1,5549.76
Uniform1-5000_Seed192_J150_M75,"[0.006667, 0.896435]",75,150,0.05,max_proc,lowest_lower_bound,PRUNE,all_to_shortest,greedy,6433,656,656,17.59881019592285,0.13729830561168968,True,5966.0,100,-1,5549.76
Uniform1-5000_Seed193_J150_M75,"[0.002156, 0.978599]",75,150,0.1,max_proc,lowest_lower_bound,NO_PROFILING,all_to_shortest,greedy,6360,90,2001,45.637927293777466,0.19760796645702308,False,5103.213333333333,89,-1,5103.213333333333
Uniform1-5000_Seed193_J150_M75,"[0.002156, 0.978599]",75,150,0.05,max_proc,lowest_lower_bound,PRUNE,all_to_shortest,greedy,6105,735,2001,47.455551624298096,0.1640928200928201,False,5225.0,103,-1,5103.213333333333
Uniform1-5000_Seed194_J150_M75,"[0.001113, 0.923475]",75,150,0.1,max_proc,lowest_lower_bound,NO_PROFILING,all_to_shortest,greedy,6748,1309,2001,45.88040471076965,0.20132977672396765,False,5389.426666666666,75,-1,5389.426666666666
Uniform1-5000_Seed194_J150_M75,"[0.001113, 0.923475]",75,150,0.05,max_proc,lowest_lower_bound,PRUNE,all_to_shortest,greedy,6171,1800,1800,45.031049489974976,0.12665262248149955,True,5684.0,101,-1,5389.426666666666
Uniform1-5000_Seed195_J150_M75,"[0.011871, 0.968552]",75,150,0.1,max_proc,lowest_lower_bound,NO_PROFILING,all_to_shortest,greedy,6536,66,2001,47.662468671798706,0.21380048959608317,False,5138.6,75,-1,5138.6
Uniform1-5000_Seed195_J150_M75,"[0.011871, 0.968552]",75,150,0.05,max_proc,lowest_lower_bound,PRUNE,all_to_shortest,greedy,6086,107,107,2.47664213180542,0.15566874794610575,True,5546.0,95,-1,5138.6
Uniform1-5000_Seed196_J150_M75,"[0.011423, 0.934975]",75,150,0.1,max_proc,lowest_lower_bound,NO_PROFILING,all_to_shortest,greedy,6561,580,2001,44.54127764701843,0.19942894883909967,False,5252.546666666667,79,-1,5252.546666666667
Uniform1-5000_Seed196_J150_M75,"[0.011423, 0.934975]",75,150,0.05,max_proc,lowest_lower_bound,PRUNE,all_to_shortest,greedy,6113,359,2001,50.18797445297241,0.1407579475434865,False,5386.0,99,-1,5252.546666666667
Uniform1-5000_Seed197_J150_M75,"[0.003559, 0.934686]",75,150,0.1,max_proc,lowest_lower_bound,NO_PROFILING,all_to_shortest,greedy,6986,1034,2001,48.15321207046509,0.23580112606164708,False,5338.693333333334,75,-1,5338.693333333334
Uniform1-5000_Seed197_J150_M75,"[0.003559, 0.934686]",75,150,0.05,max_proc,lowest_lower_bound,PRUNE,all_to_shortest,greedy,6274,107,107,2.4491801261901855,0.14907661247476353,True,5723.0,97,-1,5338.693333333334
Uniform1-5000_Seed198_J150_M75,"[0.010426, 0.993437]",75,150,0.1,max_proc,lowest_lower_bound,NO_PROFILING,all_to_shortest,greedy,6345,547,2001,49.621641635894775,0.21391121618071968,False,4987.733333333334,84,-1,4987.733333333334
Uniform1-5000_Seed198_J150_M75,"[0.010426, 0.993437]",75,150,0.05,max_proc,lowest_lower_bound,PRUNE,all_to_shortest,greedy,6365,257,2001,51.82839298248291,0.21638125163655403,False,5183.0,87,-1,4987.733333333334
Uniform1-5000_Seed199_J150_M75,"[0.000775, 0.953885]",75,150,0.1,max_proc,lowest_lower_bound,NO_PROFILING,all_to_shortest,greedy,6654,365,2001,46.897589445114136,0.22390341649133355,False,5164.1466666666665,76,-1,5164.1466666666665
Uniform1-5000_Seed199_J150_M75,"[0.000775, 0.953885]",75,150,0.05,max_proc,lowest_lower_bound,PRUNE,all_to_shortest,greedy,6104,693,2001,47.162925004959106,0.15397335080821323,False,5355.0,93,-1,5164.1466666666665
Uniform1-5000_Seed200_J150_M75,"[0.003611, 1.000000]",75,150,0.1,max_proc,lowest_lower_bound,NO_PROFILING,all_to_shortest,greedy,5422,99,99,2.1674318313598633,0.08059756547399484,True,4985.0,97,-1,4985.0
Uniform1-5000_Seed200_J150_M75,"[0.003611, 1.000000]",75,150,0.05,max_proc,lowest_lower_bound,PRUNE,all_to_shortest,greedy,5588,973,2001,47.40851879119873,0.10790980672870437,False,4985.0,105,-1,4985.0
Uniform1-5000_Seed101_J200_M100,"[0.004434, 0.956095]",100,200,0.1,max_proc,lowest_lower_bound,NO_PROFILING,all_to_shortest,greedy,6395,258,2001,108.24565744400024,0.1887771696637998,False,5187.77,112,-1,5187.77
Uniform1-5000_Seed101_J200_M100,"[0.004434, 0.956095]",100,200,0.05,max_proc,lowest_lower_bound,PRUNE,all_to_shortest,greedy,6361,1370,2001,120.66685509681702,0.18444112560918088,False,5265.0,121,-1,5187.77
Uniform1-5000_Seed102_J200_M100,"[0.015462, 0.999229]",100,200,0.1,max_proc,lowest_lower_bound,NO_PROFILING,all_to_shortest,greedy,6097,1693,2001,102.61619973182678,0.183231097260948,False,4979.84,108,-1,4979.84
Uniform1-5000_Seed102_J200_M100,"[0.015462, 0.999229]",100,200,0.05,max_proc,lowest_lower_bound,PRUNE,all_to_shortest,greedy,5638,1929,1929,94.70312285423279,0.11673643135863779,True,5116.0,152,-1,4979.84
Uniform1-5000_Seed103_J200_M100,"[0.002206, 1.000000]",100,200,0.1,max_proc,lowest_lower_bound,NO_PROFILING,all_to_shortest,greedy,5485,117,117,5.19120454788208,0.09079307201458524,True,4987.0,115,-1,4987.0
Uniform1-5000_Seed103_J200_M100,"[0.002206, 1.000000]",100,200,0.05,max_proc,lowest_lower_bound,PRUNE,all_to_shortest,greedy,5459,144,144,6.873090028762817,0.08646272211027661,True,4987.0,142,-1,4987.0
Uniform1-5000_Seed104_J200_M100,"[0.001621, 0.999121]",100,200,0.1,max_proc,lowest_lower_bound,NO_PROFILING,all_to_shortest,greedy,6439,1859,2001,100.96570825576782,0.23336853548687683,False,4936.34,100,-1,4936.34
Uniform1-5000_Seed104_J200_M100,"[0.001621, 0.999121]",100,200,0.05,max_proc,lowest_lower_bound,PRUNE,all_to_shortest,greedy,5741,471,471,22.116616010665894,0.14016025082738195,True,5225.0,127,-1,4936.34
Uniform1-5000_Seed105_J200_M100,"[0.000200, 1.000000]",100,200,0.1,max_proc,lowest_lower_bound,NO_PROFILING,all_to_shortest,greedy,5458,112,112,5.00586462020874,0.0839135214364236,True,5000.0,110,-1,5000.0
Uniform1-5000_Seed105_J200_M100,"[0.000200, 1.000000]",100,200,0.05,max_proc,lowest_lower_bound,PRUNE,all_to_shortest,greedy,5440,150,150,7.479565858840942,0.08088235294117647,True,5000.0,148,-1,5000.0
Uniform1-5000_Seed106_J200_M100,"[0.001200, 1.000000]",100,200,0.1,max_proc,lowest_lower_bound,NO_PROFILING,all_to_shortest,greedy,5614,1674,2001,96.72099232673645,0.10954755967224795,False,4999.0,144,-1,4999.0
Uniform1-5000_Seed106_J200_M100,"[0.001200, 1.000000]",100,200,0.05,max_proc,lowest_lower_bound,PRUNE,all_to_shortest,greedy,5895,280,2001,89.66559386253357,0.15199321458863443,False,4999.0,130,-1,4999.0
Uniform1-5000_Seed107_J200_M100,"[0.000971, 0.950246]",100,200,0.1,max_proc,lowest_lower_bound,NO_PROFILING,all_to_shortest,greedy,6576,1459,2001,99.38805055618286,0.21729166666666663,False,5147.09,100,-1,5147.09
Uniform1-5000_Seed107_J200_M100,"[0.000971, 0.950246]",100,200,0.05,max_proc,lowest_lower_bound,PRUNE,all_to_shortest,greedy,6271,266,2001,110.93797850608826,0.17922340934460212,False,5431.0,120,-1,5147.09
Uniform1-5000_Seed108_J200_M100,"[0.017483, 0.980602]",100,200,0.1,max_proc,lowest_lower_bound,NO_PROFILING,all_to_shortest,greedy,6371,1460,2001,99.49158501625061,0.2009496154449851,False,5090.75,103,-1,5090.75
Uniform1-5000_Seed108_J200_M100,"[0.017483, 0.980602]",100,200,0.05,max_proc,lowest_lower_bound,PRUNE,all_to_shortest,greedy,6246,1281,2001,106.59802103042603,0.18495837335894974,False,5228.0,121,-1,5090.75
Uniform1-5000_Seed109_J200_M100,"[0.000976, 0.965057]",100,200,0.1,max_proc,lowest_lower_bound,NO_PROFILING,all_to_shortest,greedy,6510,662,2001,93.03893661499023,0.21289554531490013,False,5124.05,100,-1,5124.05
Uniform1-5000_Seed109_J200_M100,"[0.000976, 0.965057]",100,200,0.05,max_proc,lowest_lower_bound,PRUNE,all_to_shortest,greedy,6106,134,134,6.56772780418396,0.16081722895512607,True,5689.0,126,-1,5124.05
Uniform1-5000_Seed110_J200_M100,"[0.012995, 0.954530]",100,200,0.1,max_proc,lowest_lower_bound,NO_PROFILING,all_to_shortest,greedy,6358,595,2001,103.2334303855896,0.17695187165775408,False,5232.94,117,-1,5232.94
Uniform1-5000_Seed110_J200_M100,"[0.012995, 0.954530]",100,200,0.05,max_proc,lowest_lower_bound,PRUNE,all_to_shortest,greedy,6244,984,2001,115.32429122924805,0.16192504804612434,False,5291.0,124,-1,5232.94
Uniform1-5000_Seed111_J200_M100,"[0.015344, 1.000000]",100,200,0.1,max_proc,lowest_lower_bound,NO_PROFILING,all_to_shortest,greedy,5404,137,137,6.374093055725098,0.08345669874167283,True,4953.0,135,-1,4953.0
Uniform1-5000_Seed111_J200_M100,"[0.015344, 1.000000]",100,200,0.05,max_proc,lowest_lower_bound,PRUNE,all_to_shortest,greedy,5411,153,153,7.6084513664245605,0.08464239512104971,True,4953.0,151,-1,4953.0
Uniform1-5000_Seed112_J200_M100,"[0.000201, 1.000000]",100,200,0.1,max_proc,lowest_lower_bound,NO_PROFILING,all_to_shortest,greedy,6240,1825,2001,95.96834802627563,0.20112179487179488,False,4985.0,108,-1,4985.0
Uniform1-5000_Seed112_J200_M100,"[0.000201, 1.000000]",100,200,0.05,max_proc,lowest_lower_bound,PRUNE,all_to_shortest,greedy,5589,700,700,35.57800221443176,0.10806942207908392,True,5077.0,141,-1,4985.0
Uniform1-5000_Seed113_J200_M100,"[0.002200, 1.000000]",100,200,0.1,max_proc,lowest_lower_bound,NO_PROFILING,all_to_shortest,greedy,6312,1822,2001,91.85377645492554,0.20785804816223066,False,5000.0,100,-1,5000.0
Uniform1-5000_Seed113_J200_M100,"[0.002200, 1.000000]",100,200,0.05,max_proc,lowest_lower_bound,PRUNE,all_to_shortest,greedy,5572,151,151,7.368929624557495,0.10265613783201723,True,5335.0,131,-1,5000.0
Uniform1-5000_Seed114_J200_M100,"[0.007204, 1.000000]",100,200,0.1,max_proc,lowest_lower_bound,NO_PROFILING,all_to_shortest,greedy,5399,115,115,5.196362733840942,0.07445823300611225,True,4997.0,113,-1,4997.0
Uniform1-5000_Seed114_J200_M100,"[0.007204, 1.000000]",100,200,0.05,max_proc,lowest_lower_bound,PRUNE,all_to_shortest,greedy,5458,118,118,5.494619131088257,0.08446317332356175,True,4997.0,116,-1,4997.0
Uniform1-5000_Seed115_J200_M100,"[0.001197, 0.997335]",100,200,0.1,max_proc,lowest_lower_bound,NO_PROFILING,all_to_shortest,greedy,6275,1578,2001,94.67891454696655,0.20121752988047814,False,5012.36,102,-1,5012.36
Uniform1-5000_Seed115_J200_M100,"[0.001197, 0.997335]",100,200,0.05,max_proc,lowest_lower_bound,PRUNE,all_to_shortest,greedy,6074,526,2001,108.74915170669556,0.1747843266381298,False,5137.0,122,-1,5012.36
Uniform1-5000_Seed116_J200_M100,"[0.001681, 0.933911]",100,200,0.1,max_proc,lowest_lower_bound,NO_PROFILING,all_to_shortest,greedy,6692,274,2001,101.79420900344849,0.19996563060370592,False,5353.83,100,-1,5353.83
Uniform1-5000_Seed116_J200_M100,"[0.001681, 0.933911]",100,200,0.05,max_proc,lowest_lower_bound,PRUNE,all_to_shortest,greedy,6665,508,2001,121.67816853523254,0.1967246811702926,False,5507.0,121,-1,5353.83
Uniform1-5000_Seed117_J200_M100,"[0.001803, 1.000000]",100,200,0.1,max_proc,lowest_lower_bound,NO_PROFILING,all_to_shortest,greedy,5360,137,137,6.660323619842529,0.06847014925373135,True,4993.0,135,-1,4993.0
Uniform1-5000_Seed117_J200_M100,"[0.001803, 1.000000]",100,200,0.05,max_proc,lowest_lower_bound,PRUNE,all_to_shortest,greedy,5500,139,139,6.94779372215271,0.09218181818181818,True,4993.0,137,-1,4993.0
Uniform1-5000_Seed118_J200_M100,"[0.003821, 1.000000]",100,200,0.1,max_proc,lowest_lower_bound,NO_PROFILING,all_to_shortest,greedy,5437,138,138,6.413070917129517,0.08552510575685121,True,4972.0,136,-1,4972.0
Uniform1-5000_Seed118_J200_M100,"[0.003821, 1.000000]",100,200,0.05,max_proc,lowest_lower_bound,PRUNE,all_to_shortest,greedy,5466,182,182,8.91047739982605,0.09037687522868643,True,4972.0,150,-1,4972.0
Uniform1-5000_Seed119_J200_M100,"[0.000591, 0.980917]",100,200,0.1,max_proc,lowest_lower_bound,NO_PROFILING,all_to_shortest,greedy,6513,320,2001,102.49888586997986,0.22050053738676492,False,5076.88,105,-1,5076.88
Uniform1-5000_Seed119_J200_M100,"[0.000591, 0.980917]",100,200,0.05,max_proc,lowest_lower_bound,PRUNE,all_to_shortest,greedy,6352,234,2001,114.70586657524109,0.20074307304785893,False,5218.0,119,-1,5076.88
Uniform1-5000_Seed120_J200_M100,"[0.002160, 0.980177]",100,200,0.1,max_proc,lowest_lower_bound,NO_PROFILING,all_to_shortest,greedy,6724,348,2001,109.07967805862427,0.2425698988697204,False,5092.96,100,-1,5092.96
Uniform1-5000_Seed120_J200_M100,"[0.002160, 0.980177]",100,200,0.05,max_proc,lowest_lower_bound,PRUNE,all_to_shortest,greedy,6128,129,129,6.407992601394653,0.16890339425587467,True,5650.0,127,-1,5092.96
Uniform1-5000_Seed121_J200_M100,"[0.002800, 1.000000]",100,200,0.1,max_proc,lowest_lower_bound,NO_PROFILING,all_to_shortest,greedy,5460,146,146,6.836562871932983,0.08424908424908426,True,5000.0,144,-1,5000.0
Uniform1-5000_Seed121_J200_M100,"[0.002800, 1.000000]",100,200,0.05,max_proc,lowest_lower_bound,PRUNE,all_to_shortest,greedy,5460,148,148,7.254212379455566,0.08424908424908426,True,5000.0,146,-1,5000.0
Uniform1-5000_Seed122_J200_M100,"[0.010456, 1.000000]",100,200,0.1,max_proc,lowest_lower_bound,NO_PROFILING,all_to_shortest,greedy,6245,1288,2001,102.64295363426208,0.20368294635708567,False,4973.0,103,-1,4973.0
Uniform1-5000_Seed122_J200_M100,"[0.010456, 1.000000]",100,200,0.05,max_proc,lowest_lower_bound,PRUNE,all_to_shortest,greedy,5579,162,162,8.20992112159729,0.10862161677720021,True,5067.0,150,-1,4973.0
Uniform1-5000_Seed123_J200_M100,"[0.003547, 0.977228]",100,200,0.1,max_proc,lowest_lower_bound,NO_PROFILING,all_to_shortest,greedy,6590,1024,2001,101.22484469413757,0.22996054628224577,False,5074.56,100,-1,5074.56
Uniform1-5000_Seed123_J200_M100,"[0.003547, 0.977228]",100,200,0.05,max_proc,lowest_lower_bound,PRUNE,all_to_shortest,greedy,5905,253,253,12.533147096633911,0.14063336155800163,True,5376.0,128,-1,5074.56
Uniform1-5000_Seed124_J200_M100,"[0.005477, 1.000000]",100,200,0.1,max_proc,lowest_lower_bound,NO_PROFILING,all_to_shortest,greedy,5414,132,132,6.03816294670105,0.0893978574067233,True,4930.0,130,-1,4930.0
Uniform1-5000_Seed124_J200_M100,"[0.005477, 1.000000]",100,200,0.05,max_proc,lowest_lower_bound,PRUNE,all_to_shortest,greedy,5432,151,151,7.460699796676636,0.09241531664212077,True,4930.0,149,-1,4930.0
Uniform1-5000_Seed125_J200_M100,"[0.003148, 0.924436]",100,200,0.1,max_proc,lowest_lower_bound,NO_PROFILING,all_to_shortest,greedy,6960,1491,2001,107.1939868927002,0.22413074712643677,False,5400.05,100,-1,5400.05
Uniform1-5000_Seed125_J200_M100,"[0.003148, 0.924436]",100,200,0.05,max_proc,lowest_lower_bound,PRUNE,all_to_shortest,greedy,6234,162,162,8.157987594604492,0.13377446262431822,True,5711.0,140,-1,5400.05
Uniform1-5000_Seed126_J200_M100,"[0.000805, 1.000000]",100,200,0.1,max_proc,lowest_lower_bound,NO_PROFILING,all_to_shortest,greedy,5721,1227,2001,88.68869471549988,0.13179514070966614,False,4967.0,112,-1,4967.0
Uniform1-5000_Seed126_J200_M100,"[0.000805, 1.000000]",100,200,0.05,max_proc,lowest_lower_bound,PRUNE,all_to_shortest,greedy,5337,320,320,15.231728076934814,0.06932733745549935,True,4973.0,138,-1,4967.0
Uniform1-5000_Seed127_J200_M100,"[0.007282, 0.983601]",100,200,0.1,max_proc,lowest_lower_bound,NO_PROFILING,all_to_shortest,greedy,6486,1571,2001,98.12064909934998,0.2165695343817453,False,5081.33,100,-1,5081.33
Uniform1-5000_Seed127_J200_M100,"[0.007282, 0.983601]",100,200,0.05,max_proc,lowest_lower_bound,PRUNE,all_to_shortest,greedy,6528,294,2001,116.35038781166077,0.22160998774509805,False,5397.0,114,-1,5081.33
Uniform1-5000_Seed128_J200_M100,"[0.004039, 1.000000]",100,200,0.1,max_proc,lowest_lower_bound,NO_PROFILING,all_to_shortest,greedy,5304,130,130,6.130991697311401,0.06636500754147813,True,4952.0,128,-1,4952.0
Uniform1-5000_Seed128_J200_M100,"[0.004039, 1.000000]",100,200,0.05,max_proc,lowest_lower_bound,PRUNE,all_to_shortest,greedy,5343,136,136,6.734112977981567,0.07317986150102938,True,4952.0,134,-1,4952.0
Uniform1-5000_Seed129_J200_M100,"[0.004095, 0.971807]",100,200,0.1,max_proc,lowest_lower_bound,NO_PROFILING,all_to_shortest,greedy,6692,211,2001,99.88607120513916,0.2336237298266587,False,5128.59,100,-1,5128.59
Uniform1-5000_Seed129_J200_M100,"[0.004095, 0.971807]",100,200,0.05,max_proc,lowest_lower_bound,PRUNE,all_to_shortest,greedy,5778,136,136,6.856010675430298,0.11239356178608513,True,5435.0,134,-1,5128.59
Uniform1-5000_Seed130_J200_M100,"[0.010011, 0.924913]",100,200,0.1,max_proc,lowest_lower_bound,NO_PROFILING,all_to_shortest,greedy,6998,1403,2001,108.07308006286621,0.22920548728208054,False,5394.02,100,-1,5394.02
Uniform1-5000_Seed130_J200_M100,"[0.010011, 0.924913]",100,200,0.05,max_proc,lowest_lower_bound,PRUNE,all_to_shortest,greedy,6213,189,189,9.471129655838013,0.13181715757283108,True,5781.0,130,-1,5394.02
Uniform1-5000_Seed131_J200_M100,"[0.013029, 1.000000]",100,200,0.1,max_proc,lowest_lower_bound,NO_PROFILING,all_to_shortest,greedy,5655,1389,2001,94.6007936000824,0.11777188328912466,False,4989.0,143,-1,4989.0
Uniform1-5000_Seed131_J200_M100,"[0.013029, 1.000000]",100,200,0.05,max_proc,lowest_lower_bound,PRUNE,all_to_shortest,greedy,6056,1976,2001,93.56127190589905,0.17618890356671071,False,4989.0,124,-1,4989.0
Uniform1-5000_Seed132_J200_M100,"[0.001785, 0.987384]",100,200,0.1,max_proc,lowest_lower_bound,NO_PROFILING,all_to_shortest,greedy,6292,1948,2001,97.78484082221985,0.19856643356643358,False,5042.62,114,-1,5042.62
Uniform1-5000_Seed132_J200_M100,"[0.001785, 0.987384]",100,200,0.05,max_proc,lowest_lower_bound,PRUNE,all_to_shortest,greedy,6118,1658,2001,110.76486277580261,0.17577312847335733,False,5131.0,119,-1,5042.62
Uniform1-5000_Seed133_J200_M100,"[0.001200, 1.000000]",100,200,0.1,max_proc,lowest_lower_bound,NO_PROFILING,all_to_shortest,greedy,5482,118,118,5.428427219390869,0.08792411528639182,True,5000.0,116,-1,5000.0
Uniform1-5000_Seed133_J200_M100,"[0.001200, 1.000000]",100,200,0.05,max_proc,lowest_lower_bound,PRUNE,all_to_shortest,greedy,5460,126,126,6.134469032287598,0.08424908424908426,True,5000.0,124,-1,5000.0
Uniform1-5000_Seed134_J200_M100,"[0.010746, 1.000000]",100,200,0.1,max_proc,lowest_lower_bound,NO_PROFILING,all_to_shortest,greedy,5307,132,132,6.220104455947876,0.07066139061616733,True,4932.0,130,-1,4932.0
Uniform1-5000_Seed134_J200_M100,"[0.010746, 1.000000]",100,200,0.05,max_proc,lowest_lower_bound,PRUNE,all_to_shortest,greedy,5411,146,146,7.2856409549713135,0.08852337830345593,True,4932.0,131,-1,4932.0
Uniform1-5000_Seed135_J200_M100,"[0.010918, 0.946262]",100,200,0.1,max_proc,lowest_lower_bound,NO_PROFILING,all_to_shortest,greedy,6675,1178,2001,104.46255731582642,0.21789662921348316,False,5220.54,100,-1,5220.54
Uniform1-5000_Seed135_J200_M100,"[0.010918, 0.946262]",100,200,0.05,max_proc,lowest_lower_bound,PRUNE,all_to_shortest,greedy,6326,1821,2001,101.44068169593811,0.17474865633891876,False,5358.0,124,-1,5220.54
Uniform1-5000_Seed136_J200_M100,"[0.002419, 1.000000]",100,200,0.1,max_proc,lowest_lower_bound,NO_PROFILING,all_to_shortest,greedy,6209,1660,2001,103.67720222473145,0.20115960702206476,False,4960.0,102,-1,4960.0
Uniform1-5000_Seed136_J200_M100,"[0.002419, 1.000000]",100,200,0.05,max_proc,lowest_lower_bound,PRUNE,all_to_shortest,greedy,5956,1907,2001,106.72216606140137,0.16722632639355273,False,5056.0,130,-1,4960.0
Uniform1-5000_Seed137_J200_M100,"[0.001604, 0.995119]",100,200,0.1,max_proc,lowest_lower_bound,NO_PROFILING,all_to_shortest,greedy,6357,286,2001,101.99991774559021,0.21529809658644009,False,4988.35,107,-1,4988.35
Uniform1-5000_Seed137_J200_M100,"[0.001604, 0.995119]",100,200,0.05,max_proc,lowest_lower_bound,PRUNE,all_to_shortest,greedy,5996,1909,2001,106.78835248947144,0.16805370246831214,False,5080.0,122,-1,4988.35
Uniform1-5000_Seed138_J200_M100,"[0.005500, 1.000000]",100,200,0.1,max_proc,lowest_lower_bound,NO_PROFILING,all_to_shortest,greedy,5891,1282,2001,100.4264006614685,0.16669495841113563,False,4909.0,118,-1,4909.0
Uniform1-5000_Seed138_J200_M100,"[0.005500, 1.000000]",100,200,0.05,max_proc,lowest_lower_bound,PRUNE,all_to_shortest,greedy,5829,454,2001,101.32454228401184,0.15783153199519642,False,4982.0,123,-1,4909.0
Uniform1-5000_Seed139_J200_M100,"[0.005838, 0.961774]",100,200,0.1,max_proc,lowest_lower_bound,NO_PROFILING,all_to_shortest,greedy,6669,1604,2001,109.26942610740662,0.2295066726645674,False,5138.42,100,-1,5138.42
Uniform1-5000_Seed139_J200_M100,"[0.005838, 0.961774]",100,200,0.05,max_proc,lowest_lower_bound,PRUNE,all_to_shortest,greedy,6086,256,2001,102.11534094810486,0.15569832402234635,False,5286.0,134,-1,5138.42
Uniform1-5000_Seed140_J200_M100,"[0.000811, 1.000000]",100,200,0.1,max_proc,lowest_lower_bound,NO_PROFILING,all_to_shortest,greedy,5385,143,143,6.651839256286621,0.08393686165273909,True,4933.0,141,-1,4933.0
Uniform1-5000_Seed140_J200_M100,"[0.000811, 1.000000]",100,200,0.05,max_proc,lowest_lower_bound,PRUNE,all_to_shortest,greedy,5381,559,559,25.342712879180908,0.08325590039026204,True,4933.0,150,-1,4933.0
Uniform1-5000_Seed141_J200_M100,"[0.009406, 1.000000]",100,200,0.1,max_proc,lowest_lower_bound,NO_PROFILING,all_to_shortest,greedy,5473,413,413,19.523754835128784,0.08697241001279006,True,4997.0,160,-1,4997.0
Uniform1-5000_Seed141_J200_M100,"[0.009406, 1.000000]",100,200,0.05,max_proc,lowest_lower_bound,PRUNE,all_to_shortest,greedy,5871,875,2001,112.02104783058167,0.1488673139158576,False,4997.0,130,-1,4997.0
Uniform1-5000_Seed142_J200_M100,"[0.003263, 0.958364]",100,200,0.1,max_proc,lowest_lower_bound,NO_PROFILING,all_to_shortest,greedy,6403,684,2001,103.6801028251648,0.18633140715289706,False,5209.92,120,-1,5209.92
Uniform1-5000_Seed142_J200_M100,"[0.003263, 0.958364]",100,200,0.05,max_proc,lowest_lower_bound,PRUNE,all_to_shortest,greedy,6308,910,2001,110.04176807403564,0.17407736207989852,False,5320.0,124,-1,5209.92
Uniform1-5000_Seed143_J200_M100,"[0.006005, 1.000000]",100,200,0.1,max_proc,lowest_lower_bound,NO_PROFILING,all_to_shortest,greedy,6226,882,2001,100.73894238471985,0.19755862512046257,False,4996.0,102,-1,4996.0
Uniform1-5000_Seed143_J200_M100,"[0.006005, 1.000000]",100,200,0.05,max_proc,lowest_lower_bound,PRUNE,all_to_shortest,greedy,6100,114,2001,115.3795211315155,0.18098360655737705,False,5203.0,121,-1,4996.0
Uniform1-5000_Seed144_J200_M100,"[0.001409, 1.000000]",100,200,0.1,max_proc,lowest_lower_bound,NO_PROFILING,all_to_shortest,greedy,6249,745,2001,98.751229763031,0.2051528244519123,False,4967.0,100,-1,4967.0
Uniform1-5000_Seed144_J200_M100,"[0.001409, 1.000000]",100,200,0.05,max_proc,lowest_lower_bound,PRUNE,all_to_shortest,greedy,6273,453,2001,111.36849665641785,0.20819384664434878,False,5198.0,117,-1,4967.0
Uniform1-5000_Seed145_J200_M100,"[0.003423, 1.000000]",100,200,0.1,max_proc,lowest_lower_bound,NO_PROFILING,all_to_shortest,greedy,5438,144,144,6.880842447280884,0.08661272526664215,True,4967.0,142,-1,4967.0
Uniform1-5000_Seed145_J200_M100,"[0.003423, 1.000000]",100,200,0.05,max_proc,lowest_lower_bound,PRUNE,all_to_shortest,greedy,5706,1694,2001,99.5140631198883,0.12951279355064843,False,4997.0,133,-1,4967.0
Uniform1-5000_Seed146_J200_M100,"[0.000602, 1.000000]",100,200,0.1,max_proc,lowest_lower_bound,NO_PROFILING,all_to_shortest,greedy,5471,137,137,6.3472161293029785,0.0891975872783769,True,4983.0,135,-1,4983.0
Uniform1-5000_Seed146_J200_M100,"[0.000602, 1.000000]",100,200,0.05,max_proc,lowest_lower_bound,PRUNE,all_to_shortest,greedy,5488,153,153,7.357076168060303,0.09201895043731778,True,4983.0,151,-1,4983.0
Uniform1-5000_Seed147_J200_M100,"[0.002209, 1.000000]",100,200,0.1,max_proc,lowest_lower_bound,NO_PROFILING,all_to_shortest,greedy,6311,1615,2001,104.67780375480652,0.21106005387418791,False,4979.0,100,-1,4979.0
Uniform1-5000_Seed147_J200_M100,"[0.002209, 1.000000]",100,200,0.05,max_proc,lowest_lower_bound,PRUNE,all_to_shortest,greedy,5549,440,440,21.5298810005188,0.10272121102901424,True,5070.0,150,-1,4979.0
Uniform1-5000_Seed148_J200_M100,"[0.003315, 0.968655]",100,200,0.1,max_proc,lowest_lower_bound,NO_PROFILING,all_to_shortest,greedy,6474,329,2001,101.50100660324097,0.20795026258881688,False,5127.73,104,-1,5127.73
Uniform1-5000_Seed148_J200_M100,"[0.003315, 0.968655]",100,200,0.05,max_proc,lowest_lower_bound,PRUNE,all_to_shortest,greedy,6370,646,2001,118.01102757453918,0.19501883830455266,False,5279.0,120,-1,5127.73
Uniform1-5000_Seed149_J200_M100,"[0.006494, 0.981118]",100,200,0.1,max_proc,lowest_lower_bound,NO_PROFILING,all_to_shortest,greedy,6343,94,2001,99.19716334342957,0.1988081349519155,False,5081.96,100,-1,5081.96
Uniform1-5000_Seed149_J200_M100,"[0.006494, 0.981118]",100,200,0.05,max_proc,lowest_lower_bound,PRUNE,all_to_shortest,greedy,5890,317,317,15.329899787902832,0.13718845500848895,True,5348.0,142,-1,5081.96
Uniform1-5000_Seed150_J200_M100,"[0.002819, 1.000000]",100,200,0.1,max_proc,lowest_lower_bound,NO_PROFILING,all_to_shortest,greedy,5445,132,132,5.920896768569946,0.08797061524334251,True,4966.0,130,-1,4966.0
Uniform1-5000_Seed150_J200_M100,"[0.002819, 1.000000]",100,200,0.05,max_proc,lowest_lower_bound,PRUNE,all_to_shortest,greedy,5427,148,148,7.194601535797119,0.08494564215957251,True,4966.0,146,-1,4966.0
Uniform1-5000_Seed151_J200_M100,"[0.002169, 0.985025]",100,200,0.1,max_proc,lowest_lower_bound,NO_PROFILING,all_to_shortest,greedy,6553,91,2001,108.39774799346924,0.2260109873340455,False,5071.95,100,-1,5071.95
Uniform1-5000_Seed151_J200_M100,"[0.002169, 0.985025]",100,200,0.05,max_proc,lowest_lower_bound,PRUNE,all_to_shortest,greedy,5744,425,425,24.19308829307556,0.11700034818941507,True,5221.0,152,-1,5071.95
Uniform1-5000_Seed152_J200_M100,"[0.003307, 0.970887]",100,200,0.1,max_proc,lowest_lower_bound,NO_PROFILING,all_to_shortest,greedy,6673,285,2001,98.75806617736816,0.22963284879364607,False,5140.66,100,-1,5140.66
Uniform1-5000_Seed152_J200_M100,"[0.003307, 0.970887]",100,200,0.05,max_proc,lowest_lower_bound,PRUNE,all_to_shortest,greedy,6021,732,732,40.856725454330444,0.14621159275867798,True,5468.0,133,-1,5140.66
Uniform1-5000_Seed153_J200_M100,"[0.003533, 0.976614]",100,200,0.1,max_proc,lowest_lower_bound,NO_PROFILING,all_to_shortest,greedy,6680,563,2001,110.8189606666565,0.23740568862275446,False,5094.13,100,-1,5094.13
Uniform1-5000_Seed153_J200_M100,"[0.003533, 0.976614]",100,200,0.05,max_proc,lowest_lower_bound,PRUNE,all_to_shortest,greedy,5864,169,169,8.482872009277344,0.131287517053206,True,5351.0,143,-1,5094.13
Uniform1-5000_Seed154_J200_M100,"[0.003824, 1.000000]",100,200,0.1,max_proc,lowest_lower_bound,NO_PROFILING,all_to_shortest,greedy,5424,142,142,6.584431409835815,0.084070796460177,True,4968.0,140,-1,4968.0
Uniform1-5000_Seed154_J200_M100,"[0.003824, 1.000000]",100,200,0.05,max_proc,lowest_lower_bound,PRUNE,all_to_shortest,greedy,5414,275,275,13.19860577583313,0.0823790173623938,True,4968.0,151,-1,4968.0
Uniform1-5000_Seed155_J200_M100,"[0.000802, 1.000000]",100,200,0.1,max_proc,lowest_lower_bound,NO_PROFILING,all_to_shortest,greedy,5468,118,118,5.504741907119751,0.08741770299926847,True,4990.0,116,-1,4990.0
Uniform1-5000_Seed155_J200_M100,"[0.000802, 1.000000]",100,200,0.05,max_proc,lowest_lower_bound,PRUNE,all_to_shortest,greedy,5403,129,129,6.284430503845215,0.07643901536183602,True,4990.0,127,-1,4990.0
Uniform1-5000_Seed156_J200_M100,"[0.014639, 0.973013]",100,200,0.1,max_proc,lowest_lower_bound,NO_PROFILING,all_to_shortest,greedy,6252,1250,2001,102.61164021492004,0.18054062699936016,False,5123.26,119,-1,5123.26
Uniform1-5000_Seed156_J200_M100,"[0.014639, 0.973013]",100,200,0.05,max_proc,lowest_lower_bound,PRUNE,all_to_shortest,greedy,6321,1859,2001,102.8939254283905,0.18948584084796705,False,5150.0,118,-1,5123.26
Uniform1-5000_Seed157_J200_M100,"[0.009832, 0.975093]",100,200,0.1,max_proc,lowest_lower_bound,NO_PROFILING,all_to_shortest,greedy,6528,1208,2001,99.8409652709961,0.2209451593137255,False,5085.67,100,-1,5085.67
Uniform1-5000_Seed157_J200_M100,"[0.009832, 0.975093]",100,200,0.05,max_proc,lowest_lower_bound,PRUNE,all_to_shortest,greedy,5962,255,2001,106.5962176322937,0.14698591076819859,False,5351.0,135,-1,5085.67
Uniform1-5000_Seed158_J200_M100,"[0.002405, 1.000000]",100,200,0.1,max_proc,lowest_lower_bound,NO_PROFILING,all_to_shortest,greedy,6412,1976,2001,99.49057459831238,0.2219276356830942,False,4989.0,100,-1,4989.0
Uniform1-5000_Seed158_J200_M100,"[0.002405, 1.000000]",100,200,0.05,max_proc,lowest_lower_bound,PRUNE,all_to_shortest,greedy,5994,714,2001,95.94831538200378,0.16766766766766766,False,5036.0,129,-1,4989.0
Uniform1-5000_Seed159_J200_M100,"[0.002401, 1.000000]",100,200,0.1,max_proc,lowest_lower_bound,NO_PROFILING,all_to_shortest,greedy,5314,103,103,4.470734357833862,0.05946556266465939,True,4998.0,101,-1,4998.0
Uniform1-5000_Seed159_J200_M100,"[0.002401, 1.000000]",100,200,0.05,max_proc,lowest_lower_bound,PRUNE,all_to_shortest,greedy,5427,108,108,4.923439979553223,0.07904919845218353,True,4998.0,106,-1,4998.0
Uniform1-5000_Seed160_J200_M100,"[0.004319, 0.937028]",100,200,0.1,max_proc,lowest_lower_bound,NO_PROFILING,all_to_shortest,greedy,6921,723,2001,98.91995310783386,0.23055194336078597,False,5325.35,100,-1,5325.35
Uniform1-5000_Seed160_J200_M100,"[0.004319, 0.937028]",100,200,0.05,max_proc,lowest_lower_bound,PRUNE,all_to_shortest,greedy,6553,206,2001,112.07827734947205,0.1873416755684419,False,5724.0,116,-1,5325.35
Uniform1-5000_Seed161_J200_M100,"[0.005361, 0.990478]",100,200,0.1,max_proc,lowest_lower_bound,NO_PROFILING,all_to_shortest,greedy,6329,418,2001,101.16802406311035,0.20430557750039505,False,5035.95,105,-1,5035.95
Uniform1-5000_Seed161_J200_M100,"[0.005361, 0.990478]",100,200,0.05,max_proc,lowest_lower_bound,PRUNE,all_to_shortest,greedy,6150,1942,2001,114.87262749671936,0.18114634146341466,False,5183.0,121,-1,5035.95
Uniform1-5000_Seed162_J200_M100,"[0.011439, 1.000000]",100,200,0.1,max_proc,lowest_lower_bound,NO_PROFILING,all_to_shortest,greedy,6349,1844,2001,93.7251193523407,0.2151519924397543,False,4983.0,101,-1,4983.0
Uniform1-5000_Seed162_J200_M100,"[0.011439, 1.000000]",100,200,0.05,max_proc,lowest_lower_bound,PRUNE,all_to_shortest,greedy,5901,949,2001,106.48278999328613,0.15556685307574988,False,5083.0,129,-1,4983.0
Uniform1-5000_Seed163_J200_M100,"[0.005031, 0.922023]",100,200,0.1,max_proc,lowest_lower_bound,NO_PROFILING,all_to_shortest,greedy,7167,1688,2001,110.80894994735718,0.25122645458350773,False,5366.46,100,-1,5366.46
Uniform1-5000_Seed163_J200_M100,"[0.005031, 0.922023]",100,200,0.05,max_proc,lowest_lower_bound,PRUNE,all_to_shortest,greedy,6576,128,128,6.496600389480591,0.1839324817518248,True,5985.0,121,-1,5366.46
Uniform1-5000_Seed164_J200_M100,"[0.007063, 0.928347]",100,200,0.1,max_proc,lowest_lower_bound,NO_PROFILING,all_to_shortest,greedy,6386,781,2001,102.67689108848572,0.15744910742248672,False,5380.53,129,-1,5380.53
Uniform1-5000_Seed164_J200_M100,"[0.007063, 0.928347]",100,200,0.05,max_proc,lowest_lower_bound,PRUNE,all_to_shortest,greedy,6456,130,2001,114.38111901283264,0.16658457249070635,False,5380.53,129,-1,5380.53
Uniform1-5000_Seed165_J200_M100,"[0.002752, 0.978293]",100,200,0.1,max_proc,lowest_lower_bound,NO_PROFILING,all_to_shortest,greedy,6343,555,2001,89.34891676902771,0.19810657417625732,False,5086.41,100,-1,5086.41
Uniform1-5000_Seed165_J200_M100,"[0.002752, 0.978293]",100,200,0.05,max_proc,lowest_lower_bound,PRUNE,all_to_shortest,greedy,5616,192,192,9.55321216583252,0.0943002136752137,True,5237.0,141,-1,5086.41
Uniform1-5000_Seed166_J200_M100,"[0.001169, 0.965786]",100,200,0.1,max_proc,lowest_lower_bound,NO_PROFILING,all_to_shortest,greedy,6591,1087,2001,105.4508547782898,0.22142770444545598,False,5131.57,100,-1,5131.57
Uniform1-5000_Seed166_J200_M100,"[0.001169, 0.965786]",100,200,0.05,max_proc,lowest_lower_bound,PRUNE,all_to_shortest,greedy,6391,113,2001,120.68781447410583,0.19706305742450325,False,5395.0,112,-1,5131.57
Uniform1-5000_Seed167_J200_M100,"[0.001207, 1.000000]",100,200,0.1,max_proc,lowest_lower_bound,NO_PROFILING,all_to_shortest,greedy,5414,143,143,6.820926904678345,0.08182489841152567,True,4971.0,141,-1,4971.0
Uniform1-5000_Seed167_J200_M100,"[0.001207, 1.000000]",100,200,0.05,max_proc,lowest_lower_bound,PRUNE,all_to_shortest,greedy,5448,152,152,7.491837024688721,0.08755506607929515,True,4971.0,149,-1,4971.0
Uniform1-5000_Seed168_J200_M100,"[0.008904, 0.943610]",100,200,0.1,max_proc,lowest_lower_bound,NO_PROFILING,all_to_shortest,greedy,6769,136,2001,114.30669617652893,0.23676613975476438,False,5166.33,100,-1,5166.33
Uniform1-5000_Seed168_J200_M100,"[0.008904, 0.943610]",100,200,0.05,max_proc,lowest_lower_bound,PRUNE,all_to_shortest,greedy,6066,162,162,8.463124752044678,0.14831355093966372,True,5520.0,129,-1,5166.33
Uniform1-5000_Seed169_J200_M100,"[0.000401, 1.000000]",100,200,0.1,max_proc,lowest_lower_bound,NO_PROFILING,all_to_shortest,greedy,5423,128,128,5.748126983642578,0.07984510418587498,True,4990.0,126,-1,4990.0
Uniform1-5000_Seed169_J200_M100,"[0.000401, 1.000000]",100,200,0.05,max_proc,lowest_lower_bound,PRUNE,all_to_shortest,greedy,5425,153,153,7.470753192901611,0.08018433179723503,True,4990.0,136,-1,4990.0
Uniform1-5000_Seed170_J200_M100,"[0.001351, 0.962533]",100,200,0.1,max_proc,lowest_lower_bound,NO_PROFILING,all_to_shortest,greedy,6616,652,2001,96.17057085037231,0.21656590084643293,False,5183.2,100,-1,5183.2
Uniform1-5000_Seed170_J200_M100,"[0.001351, 0.962533]",100,200,0.05,max_proc,lowest_lower_bound,PRUNE,all_to_shortest,greedy,6567,108,2001,116.3941719532013,0.21072026800670018,False,5502.0,116,-1,5183.2
Uniform1-5000_Seed171_J200_M100,"[0.011063, 0.935673]",100,200,0.1,max_proc,lowest_lower_bound,NO_PROFILING,all_to_shortest,greedy,6761,234,2001,104.69923257827759,0.21120248483952073,False,5333.06,100,-1,5333.06
Uniform1-5000_Seed171_J200_M100,"[0.011063, 0.935673]",100,200,0.05,max_proc,lowest_lower_bound,PRUNE,all_to_shortest,greedy,6611,126,126,6.4356701374053955,0.19330509756466488,True,6022.0,121,-1,5333.06
Uniform1-5000_Seed172_J200_M100,"[0.002638, 0.940499]",100,200,0.1,max_proc,lowest_lower_bound,NO_PROFILING,all_to_shortest,greedy,6777,351,2001,106.84554767608643,0.21694555112881803,False,5306.76,100,-1,5306.76
Uniform1-5000_Seed172_J200_M100,"[0.002638, 0.940499]",100,200,0.05,max_proc,lowest_lower_bound,PRUNE,all_to_shortest,greedy,6471,129,2001,112.92844748497009,0.17991655076495128,False,5571.0,130,-1,5306.76
Uniform1-5000_Seed173_J200_M100,"[0.011693, 0.987789]",100,200,0.1,max_proc,lowest_lower_bound,NO_PROFILING,all_to_shortest,greedy,5982,200,2001,98.86741971969604,0.15653460381143436,False,5045.61,129,-1,5045.61
Uniform1-5000_Seed173_J200_M100,"[0.011693, 0.987789]",100,200,0.05,max_proc,lowest_lower_bound,PRUNE,all_to_shortest,greedy,6061,296,2001,113.03870558738708,0.1675284606500578,False,5045.61,129,-1,5045.61
Uniform1-5000_Seed174_J200_M100,"[0.001389, 0.990034]",100,200,0.1,max_proc,lowest_lower_bound,NO_PROFILING,all_to_shortest,greedy,6629,1554,2001,107.85204100608826,0.23982199426761197,False,5039.22,100,-1,5039.22
Uniform1-5000_Seed174_J200_M100,"[0.001389, 0.990034]",100,200,0.05,max_proc,lowest_lower_bound,PRUNE,all_to_shortest,greedy,5774,145,145,7.421079874038696,0.1272566678212677,True,5306.0,136,-1,5039.22
Uniform1-5000_Seed175_J200_M100,"[0.014588, 0.977622]",100,200,0.1,max_proc,lowest_lower_bound,NO_PROFILING,all_to_shortest,greedy,6416,646,2001,100.72696661949158,0.22007793017456365,False,5003.98,100,-1,5003.98
Uniform1-5000_Seed175_J200_M100,"[0.014588, 0.977622]",100,200,0.05,max_proc,lowest_lower_bound,PRUNE,all_to_shortest,greedy,5849,127,127,6.282987117767334,0.14447255941186535,True,5328.0,125,-1,5003.98
Uniform1-5000_Seed176_J200_M100,"[0.009189, 0.998752]",100,200,0.1,max_proc,lowest_lower_bound,NO_PROFILING,all_to_shortest,greedy,6326,461,2001,105.12346959114075,0.2086231425861524,False,5006.25,104,-1,5006.25
Uniform1-5000_Seed176_J200_M100,"[0.009189, 0.998752]",100,200,0.05,max_proc,lowest_lower_bound,PRUNE,all_to_shortest,greedy,6213,1666,2001,115.87782406806946,0.19422984065668758,False,5147.0,118,-1,5006.25
Uniform1-5000_Seed177_J200_M100,"[0.003225, 1.000000]",100,200,0.1,max_proc,lowest_lower_bound,NO_PROFILING,all_to_shortest,greedy,5880,183,2001,99.62392544746399,0.15612244897959185,False,4962.0,128,-1,4962.0
Uniform1-5000_Seed177_J200_M100,"[0.003225, 1.000000]",100,200,0.05,max_proc,lowest_lower_bound,PRUNE,all_to_shortest,greedy,5905,154,2001,113.50722908973694,0.15969517358171043,False,4962.0,120,-1,4962.0
Uniform1-5000_Seed178_J200_M100,"[0.004138, 0.939498]",100,200,0.1,max_proc,lowest_lower_bound,NO_PROFILING,all_to_shortest,greedy,6786,221,2001,94.3962984085083,0.21652372531682876,False,5316.67,100,-1,5316.67
Uniform1-5000_Seed178_J200_M100,"[0.004138, 0.939498]",100,200,0.05,max_proc,lowest_lower_bound,PRUNE,all_to_shortest,greedy,6248,135,135,6.7919981479644775,0.14906049935979512,True,5730.0,131,-1,5316.67
Uniform1-5000_Seed179_J200_M100,"[0.004842, 1.000000]",100,200,0.1,max_proc,lowest_lower_bound,NO_PROFILING,all_to_shortest,greedy,5448,138,138,6.592341899871826,0.09012481644640236,True,4957.0,136,-1,4957.0
Uniform1-5000_Seed179_J200_M100,"[0.004842, 1.000000]",100,200,0.05,max_proc,lowest_lower_bound,PRUNE,all_to_shortest,greedy,5409,178,178,9.005514860153198,0.0835644296542799,True,4957.0,152,-1,4957.0
Uniform1-5000_Seed180_J200_M100,"[0.000577, 0.959158]",100,200,0.1,max_proc,lowest_lower_bound,NO_PROFILING,all_to_shortest,greedy,6660,1995,2001,95.02017259597778,0.21931681681681675,False,5199.35,100,-1,5199.35
Uniform1-5000_Seed180_J200_M100,"[0.000577, 0.959158]",100,200,0.05,max_proc,lowest_lower_bound,PRUNE,all_to_shortest,greedy,6054,133,133,6.498050212860107,0.14117112652791536,True,5588.0,121,-1,5199.35
Uniform1-5000_Seed181_J200_M100,"[0.003776, 0.991807]",100,200,0.1,max_proc,lowest_lower_bound,NO_PROFILING,all_to_shortest,greedy,5814,444,2001,101.13714218139648,0.13446336429308572,False,5032.23,142,-1,5032.23
Uniform1-5000_Seed181_J200_M100,"[0.003776, 0.991807]",100,200,0.05,max_proc,lowest_lower_bound,PRUNE,all_to_shortest,greedy,5950,172,2001,113.97205090522766,0.1542470588235295,False,5032.23,136,-1,5032.23
Uniform1-5000_Seed182_J200_M100,"[0.012232, 1.000000]",100,200,0.1,max_proc,lowest_lower_bound,NO_PROFILING,all_to_shortest,greedy,5439,140,140,6.699625015258789,0.08310351167494025,True,4987.0,138,-1,4987.0
Uniform1-5000_Seed182_J200_M100,"[0.012232, 1.000000]",100,200,0.05,max_proc,lowest_lower_bound,PRUNE,all_to_shortest,greedy,5480,148,148,7.327855110168457,0.08996350364963504,True,4987.0,146,-1,4987.0
Uniform1-5000_Seed183_J200_M100,"[0.003627, 1.000000]",100,200,0.1,max_proc,lowest_lower_bound,NO_PROFILING,all_to_shortest,greedy,5423,98,98,4.234875679016113,0.08482389821132215,True,4963.0,96,-1,4963.0
Uniform1-5000_Seed183_J200_M100,"[0.003627, 1.000000]",100,200,0.05,max_proc,lowest_lower_bound,PRUNE,all_to_shortest,greedy,5466,102,102,4.646271467208862,0.0920234174899378,True,4963.0,100,-1,4963.0
Uniform1-5000_Seed184_J200_M100,"[0.006526, 0.958406]",100,200,0.1,max_proc,lowest_lower_bound,NO_PROFILING,all_to_shortest,greedy,6794,731,2001,110.3029088973999,0.23319252281424793,False,5209.69,100,-1,5209.69
Uniform1-5000_Seed184_J200_M100,"[0.006526, 0.958406]",100,200,0.05,max_proc,lowest_lower_bound,PRUNE,all_to_shortest,greedy,6106,189,189,9.914196014404297,0.14679168031444487,True,5565.0,138,-1,5209.69
Uniform1-5000_Seed185_J200_M100,"[0.000600, 1.000000]",100,200,0.1,max_proc,lowest_lower_bound,NO_PROFILING,all_to_shortest,greedy,5639,640,2001,94.60238313674927,0.11384997339953892,False,4997.0,144,-1,4997.0
Uniform1-5000_Seed185_J200_M100,"[0.000600, 1.000000]",100,200,0.05,max_proc,lowest_lower_bound,PRUNE,all_to_shortest,greedy,5644,1289,2001,109.86253261566162,0.11463501063075833,False,5052.0,145,-1,4997.0
Uniform1-5000_Seed186_J200_M100,"[0.000601, 1.000000]",100,200,0.1,max_proc,lowest_lower_bound,NO_PROFILING,all_to_shortest,greedy,6387,1827,2001,94.41160321235657,0.21825583215907313,False,4993.0,100,-1,4993.0
Uniform1-5000_Seed186_J200_M100,"[0.000601, 1.000000]",100,200,0.05,max_proc,lowest_lower_bound,PRUNE,all_to_shortest,greedy,5802,139,139,6.926737308502197,0.13943467769734574,True,5280.0,124,-1,4993.0
Uniform1-5000_Seed187_J200_M100,"[0.003012, 0.940719]",100,200,0.1,max_proc,lowest_lower_bound,NO_PROFILING,all_to_shortest,greedy,6958,799,2001,110.02098298072815,0.236424259844783,False,5312.96,100,-1,5312.96
Uniform1-5000_Seed187_J200_M100,"[0.003012, 0.940719]",100,200,0.05,max_proc,lowest_lower_bound,PRUNE,all_to_shortest,greedy,6089,1048,2001,104.54122352600098,0.1274494990967318,False,5522.0,152,-1,5312.96
Uniform1-5000_Seed188_J200_M100,"[0.009627, 1.000000]",100,200,0.1,max_proc,lowest_lower_bound,NO_PROFILING,all_to_shortest,greedy,5390,111,111,4.9701690673828125,0.07495361781076067,True,4986.0,109,-1,4986.0
Uniform1-5000_Seed188_J200_M100,"[0.009627, 1.000000]",100,200,0.05,max_proc,lowest_lower_bound,PRUNE,all_to_shortest,greedy,5462,130,130,6.294875621795654,0.0871475649945075,True,4986.0,128,-1,4986.0
Uniform1-5000_Seed189_J200_M100,"[0.008226, 1.000000]",100,200,0.1,max_proc,lowest_lower_bound,NO_PROFILING,all_to_shortest,greedy,5947,991,2001,96.79821395874023,0.16193038506810156,False,4984.0,116,-1,4984.0
Uniform1-5000_Seed189_J200_M100,"[0.008226, 1.000000]",100,200,0.05,max_proc,lowest_lower_bound,PRUNE,all_to_shortest,greedy,5629,783,2001,113.8094847202301,0.11458518386924853,False,5016.0,146,-1,4984.0
Uniform1-5000_Seed190_J200_M100,"[0.006246, 1.000000]",100,200,0.1,max_proc,lowest_lower_bound,NO_PROFILING,all_to_shortest,greedy,5458,151,151,7.464973211288452,0.09069256137779406,True,4963.0,149,-1,4963.0
Uniform1-5000_Seed190_J200_M100,"[0.006246, 1.000000]",100,200,0.05,max_proc,lowest_lower_bound,PRUNE,all_to_shortest,greedy,5528,379,2001,109.03799986839294,0.10220694645441389,False,4972.0,154,-1,4963.0
Uniform1-5000_Seed191_J200_M100,"[0.000755, 0.941073]",100,200,0.1,max_proc,lowest_lower_bound,NO_PROFILING,all_to_shortest,greedy,6992,440,2001,105.23684930801392,0.24255148741418767,False,5296.08,100,-1,5296.08
Uniform1-5000_Seed191_J200_M100,"[0.000755, 0.941073]",100,200,0.05,max_proc,lowest_lower_bound,PRUNE,all_to_shortest,greedy,6251,138,138,6.948227405548096,0.15276275795872662,True,5717.0,126,-1,5296.08
Uniform1-5000_Seed192_J200_M100,"[0.006877, 0.924675]",100,200,0.1,max_proc,lowest_lower_bound,NO_PROFILING,all_to_shortest,greedy,6831,811,2001,100.60461926460266,0.212374469330991,False,5380.27,100,-1,5380.27
Uniform1-5000_Seed192_J200_M100,"[0.006877, 0.924675]",100,200,0.05,max_proc,lowest_lower_bound,PRUNE,all_to_shortest,greedy,6284,170,170,9.02510690689087,0.14381444939528956,True,5726.0,130,-1,5380.27
Uniform1-5000_Seed193_J200_M100,"[0.002203, 1.000000]",100,200,0.1,max_proc,lowest_lower_bound,NO_PROFILING,all_to_shortest,greedy,6441,852,2001,96.37134027481079,0.22465455674584692,False,4994.0,100,-1,4994.0
Uniform1-5000_Seed193_J200_M100,"[0.002203, 1.000000]",100,200,0.05,max_proc,lowest_lower_bound,PRUNE,all_to_shortest,greedy,5687,1014,2001,104.22546005249023,0.1218568665377176,False,5101.0,145,-1,4994.0
Uniform1-5000_Seed194_J200_M100,"[0.001116, 0.927240]",100,200,0.1,max_proc,lowest_lower_bound,NO_PROFILING,all_to_shortest,greedy,6893,1890,2001,102.06097531318665,0.22021035833454228,False,5375.09,100,-1,5375.09
Uniform1-5000_Seed194_J200_M100,"[0.001116, 0.927240]",100,200,0.05,max_proc,lowest_lower_bound,PRUNE,all_to_shortest,greedy,6638,1738,2001,112.93298292160034,0.19025459475745704,False,5673.0,119,-1,5375.09
Uniform1-5000_Seed195_J200_M100,"[0.002756, 0.979802]",100,200,0.1,max_proc,lowest_lower_bound,NO_PROFILING,all_to_shortest,greedy,6696,1347,2001,111.61144185066223,0.24139784946236553,False,5079.6,100,-1,5079.6
Uniform1-5000_Seed195_J200_M100,"[0.002756, 0.979802]",100,200,0.05,max_proc,lowest_lower_bound,PRUNE,all_to_shortest,greedy,5904,142,142,7.115036249160767,0.13963414634146334,True,5458.0,126,-1,5079.6
Uniform1-5000_Seed196_J200_M100,"[0.004828, 0.988191]",100,200,0.1,max_proc,lowest_lower_bound,NO_PROFILING,all_to_shortest,greedy,5768,1967,2001,102.66635775566101,0.13822815533980587,False,4970.7,137,-1,4970.7
Uniform1-5000_Seed196_J200_M100,"[0.004828, 0.988191]",100,200,0.05,max_proc,lowest_lower_bound,PRUNE,all_to_shortest,greedy,5915,549,2001,119.3001503944397,0.15964497041420123,False,4970.7,128,-1,4970.7
Uniform1-5000_Seed197_J200_M100,"[0.003612, 0.948496]",100,200,0.1,max_proc,lowest_lower_bound,NO_PROFILING,all_to_shortest,greedy,6632,1800,2001,98.73389959335327,0.2067310012062726,False,5260.96,100,-1,5260.96
Uniform1-5000_Seed197_J200_M100,"[0.003612, 0.948496]",100,200,0.05,max_proc,lowest_lower_bound,PRUNE,all_to_shortest,greedy,6250,150,2001,111.21631002426147,0.15824639999999998,False,5411.0,131,-1,5260.96
Uniform1-5000_Seed198_J200_M100,"[0.000201, 0.999924]",100,200,0.1,max_proc,lowest_lower_bound,NO_PROFILING,all_to_shortest,greedy,6359,1019,2001,108.13892149925232,0.21727001100802013,False,4977.38,112,-1,4977.38
Uniform1-5000_Seed198_J200_M100,"[0.000201, 0.999924]",100,200,0.05,max_proc,lowest_lower_bound,PRUNE,all_to_shortest,greedy,6265,1393,2001,117.02599668502808,0.20552593774940142,False,5104.0,115,-1,4977.38
Uniform1-5000_Seed199_J200_M100,"[0.000769, 0.958041]",100,200,0.1,max_proc,lowest_lower_bound,NO_PROFILING,all_to_shortest,greedy,6648,1252,2001,107.95684671401978,0.2174669073405536,False,5202.28,105,-1,5202.28
Uniform1-5000_Seed199_J200_M100,"[0.000769, 0.958041]",100,200,0.05,max_proc,lowest_lower_bound,PRUNE,all_to_shortest,greedy,6355,385,2001,108.95370960235596,0.18138788355625496,False,5343.0,124,-1,5202.28
Uniform1-5000_Seed200_J200_M100,"[0.003611, 1.000000]",100,200,0.1,max_proc,lowest_lower_bound,NO_PROFILING,all_to_shortest,greedy,5339,131,131,6.056396245956421,0.06630455141412249,True,4985.0,129,-1,4985.0
Uniform1-5000_Seed200_J200_M100,"[0.003611, 1.000000]",100,200,0.05,max_proc,lowest_lower_bound,PRUNE,all_to_shortest,greedy,5489,156,156,7.779168367385864,0.09182000364365094,True,4985.0,152,-1,4985.0
