instance,epsilon_range,n_machines,n_jobs,epsilon,branching_rule,node_selection,profiling_mode,rounding_rule,lower_bound,best_solution,nodes_to_best_solution,nodes_explored,runtime,opt_gap,terminate,best_bound,depth,number_of_nodes_for_optimality,optimal_solution
Uniform1-5000_Seed1_J20_M10,"[0.030127, 0.990048]",10,20,0.02,max_proc,lowest_lower_bound,NO_PROFILING,all_to_shortest,greedy,5679,264,2001,0.8490967750549316,0.15250924458531437,False,4812.9,10,-1,4812.9
Uniform1-5000_Seed1_J20_M10,"[0.030127, 0.990048]",10,20,0.01,max_proc,lowest_lower_bound,PRUNE,all_to_shortest,greedy,5562,16,16,0.008325815200805664,0.13468176914778862,True,5562.0,12,-1,4812.9
Uniform1-5000_Seed2_J20_M10,"[0.021704, 0.866251]",10,20,0.02,max_proc,lowest_lower_bound,NO_PROFILING,all_to_shortest,greedy,6429,442,2001,1.1717002391815186,0.10416861098149009,False,5759.3,11,-1,5759.3
Uniform1-5000_Seed2_J20_M10,"[0.021704, 0.866251]",10,20,0.01,max_proc,lowest_lower_bound,PRUNE,all_to_shortest,greedy,6335,28,28,0.014210224151611328,0.0908760852407261,True,6335.0,14,-1,5759.3
Uniform1-5000_Seed3_J20_M10,"[0.158241, 0.949043]",10,20,0.02,max_proc,lowest_lower_bound,NO_PROFILING,all_to_shortest,greedy,5884,66,2001,1.331758975982666,0.1515295717199185,False,4992.4,10,-1,4992.4
Uniform1-5000_Seed3_J20_M10,"[0.158241, 0.949043]",10,20,0.01,max_proc,lowest_lower_bound,PRUNE,all_to_shortest,greedy,5336,19,19,0.0,0.06439280359820097,True,5240.0,17,-1,4992.4
Uniform1-5000_Seed4_J20_M10,"[0.012695, 1.000000]",10,20,0.02,max_proc,lowest_lower_bound,NO_PROFILING,all_to_shortest,greedy,4490,8,8,0.002005338668823242,0.1297995545657016,True,4490.0,6,-1,3907.2
Uniform1-5000_Seed4_J20_M10,"[0.012695, 1.000000]",10,20,0.01,max_proc,lowest_lower_bound,PRUNE,all_to_shortest,greedy,4490,9,9,0.004076242446899414,0.1297995545657016,True,4490.0,7,-1,3907.2
Uniform1-5000_Seed5_J20_M10,"[0.040653, 0.848775]",10,20,0.02,max_proc,lowest_lower_bound,NO_PROFILING,all_to_shortest,greedy,5859,48,2001,1.1974470615386963,0.1351254480286738,False,5067.3,10,-1,5067.3
Uniform1-5000_Seed5_J20_M10,"[0.040653, 0.848775]",10,20,0.01,max_proc,lowest_lower_bound,PRUNE,all_to_shortest,greedy,5392,20,20,0.009237527847290039,0.060218842729970294,True,5392.0,15,-1,5067.3
Uniform1-5000_Seed6_J20_M10,"[0.045337, 0.937562]",10,20,0.02,max_proc,lowest_lower_bound,NO_PROFILING,all_to_shortest,greedy,5487,592,2001,1.1055512428283691,0.08347002004738473,False,5029.0,11,-1,5029.0
Uniform1-5000_Seed6_J20_M10,"[0.045337, 0.937562]",10,20,0.01,max_proc,lowest_lower_bound,PRUNE,all_to_shortest,greedy,5360,60,60,0.019549131393432617,0.06175373134328358,True,5360.0,15,-1,5029.0
Uniform1-5000_Seed7_J20_M10,"[0.076509, 0.871067]",10,20,0.02,max_proc,lowest_lower_bound,NO_PROFILING,all_to_shortest,greedy,6019,23,2001,1.0095224380493164,0.1487622528659245,False,5123.6,10,-1,5123.6
Uniform1-5000_Seed7_J20_M10,"[0.076509, 0.871067]",10,20,0.01,max_proc,lowest_lower_bound,PRUNE,all_to_shortest,greedy,5645,24,24,0.011128902435302734,0.09236492471213457,True,5539.0,13,-1,5123.6
Uniform1-5000_Seed8_J20_M10,"[0.050602, 0.919615]",10,20,0.02,max_proc,lowest_lower_bound,NO_PROFILING,all_to_shortest,greedy,5873,54,2001,0.8930087089538574,0.08811510301379193,False,5355.5,11,-1,5355.5
Uniform1-5000_Seed8_J20_M10,"[0.050602, 0.919615]",10,20,0.01,max_proc,lowest_lower_bound,PRUNE,all_to_shortest,greedy,5810,22,22,0.008805513381958008,0.07822719449225474,True,5785.0,13,-1,5355.5
Uniform1-5000_Seed9_J20_M10,"[0.046849, 0.916201]",10,20,0.02,max_proc,lowest_lower_bound,NO_PROFILING,all_to_shortest,greedy,5558,1388,2001,0.7636644840240479,0.08213386110111551,False,5101.5,10,-1,5101.5
Uniform1-5000_Seed9_J20_M10,"[0.046849, 0.916201]",10,20,0.01,max_proc,lowest_lower_bound,PRUNE,all_to_shortest,greedy,5621,16,16,0.006894588470458984,0.0924212773527842,True,5558.0,12,-1,5101.5
Uniform1-5000_Seed10_J20_M10,"[0.048832, 0.982746]",10,20,0.02,max_proc,lowest_lower_bound,NO_PROFILING,all_to_shortest,greedy,5367,761,2001,0.9026689529418945,0.08425563629588222,False,4914.8,13,-1,4914.8
Uniform1-5000_Seed10_J20_M10,"[0.048832, 0.982746]",10,20,0.01,max_proc,lowest_lower_bound,PRUNE,all_to_shortest,greedy,5235,447,528,0.1817615032196045,0.061165234001910186,True,5141.0,16,-1,4914.8
Uniform1-5000_Seed11_J20_M10,"[0.028217, 1.000000]",10,20,0.02,max_proc,lowest_lower_bound,NO_PROFILING,all_to_shortest,greedy,5070,478,478,0.15221047401428223,0.014398422090729782,True,4997.0,13,-1,4997.0
Uniform1-5000_Seed11_J20_M10,"[0.028217, 1.000000]",10,20,0.01,max_proc,lowest_lower_bound,PRUNE,all_to_shortest,greedy,5032,24,24,0.010096073150634766,0.006955484896661367,True,5021.0,13,-1,4997.0
Uniform1-5000_Seed12_J20_M10,"[0.010681, 0.976225]",10,20,0.02,max_proc,lowest_lower_bound,NO_PROFILING,all_to_shortest,greedy,5046,53,2001,0.8051550388336182,0.07227506936187075,False,4681.3,10,-1,4681.3
Uniform1-5000_Seed12_J20_M10,"[0.010681, 0.976225]",10,20,0.01,max_proc,lowest_lower_bound,PRUNE,all_to_shortest,greedy,5010,37,37,0.012673616409301758,0.0656087824351297,True,5010.0,14,-1,4681.3
Uniform1-5000_Seed13_J20_M10,"[0.015182, 1.000000]",10,20,0.02,max_proc,lowest_lower_bound,NO_PROFILING,all_to_shortest,greedy,4949,2,2,0.0012133121490478516,0.0018185492018589614,True,4940.0,0,-1,4940.0
Uniform1-5000_Seed13_J20_M10,"[0.015182, 1.000000]",10,20,0.01,max_proc,lowest_lower_bound,PRUNE,all_to_shortest,greedy,4949,2,2,0.0007205009460449219,0.0018185492018589614,True,4940.0,0,-1,4940.0
Uniform1-5000_Seed14_J20_M10,"[0.047904, 1.000000]",10,20,0.02,max_proc,lowest_lower_bound,NO_PROFILING,all_to_shortest,greedy,4937,130,130,0.041977882385253906,0.019039902774964552,True,4843.0,13,-1,4843.0
Uniform1-5000_Seed14_J20_M10,"[0.047904, 1.000000]",10,20,0.01,max_proc,lowest_lower_bound,PRUNE,all_to_shortest,greedy,4972,22,42,0.010956287384033203,0.025945293644408687,True,4889.0,13,-1,4843.0
Uniform1-5000_Seed15_J20_M10,"[0.004024, 1.000000]",10,20,0.02,max_proc,lowest_lower_bound,NO_PROFILING,all_to_shortest,greedy,4970,5,5,0.0010669231414794922,0.0,True,4970.0,3,5,4970.0
Uniform1-5000_Seed15_J20_M10,"[0.004024, 1.000000]",10,20,0.01,max_proc,lowest_lower_bound,PRUNE,all_to_shortest,greedy,4970,5,5,0.001990795135498047,0.0,True,4970.0,3,5,4970.0
Uniform1-5000_Seed16_J20_M10,"[0.067705, 0.833378]",10,20,0.02,max_proc,lowest_lower_bound,NO_PROFILING,all_to_shortest,greedy,7107,364,2001,0.813326358795166,0.20612072604474457,False,5642.1,10,-1,5642.1
Uniform1-5000_Seed16_J20_M10,"[0.067705, 0.833378]",10,20,0.01,max_proc,lowest_lower_bound,PRUNE,all_to_shortest,greedy,6965,13,13,0.004723787307739258,0.18993539124192385,True,6965.0,11,-1,5642.1
Uniform1-5000_Seed17_J20_M10,"[0.045283, 0.943849]",10,20,0.02,max_proc,lowest_lower_bound,NO_PROFILING,all_to_shortest,greedy,5628,1055,2001,0.9938008785247803,0.0975124378109453,False,5079.2,10,-1,5079.2
Uniform1-5000_Seed17_J20_M10,"[0.045283, 0.943849]",10,20,0.01,max_proc,lowest_lower_bound,PRUNE,all_to_shortest,greedy,5499,27,27,0.015128135681152344,0.07634115293689765,True,5499.0,16,-1,5079.2
Uniform1-5000_Seed18_J20_M10,"[0.117562, 0.934701]",10,20,0.02,max_proc,lowest_lower_bound,NO_PROFILING,all_to_shortest,greedy,5737,154,2001,1.0086872577667236,0.12818546278542786,False,5001.6,11,-1,5001.6
Uniform1-5000_Seed18_J20_M10,"[0.117562, 0.934701]",10,20,0.01,max_proc,lowest_lower_bound,PRUNE,all_to_shortest,greedy,5213,24,24,0.010287284851074219,0.040552464991367665,True,5213.0,16,-1,5001.6
Uniform1-5000_Seed19_J20_M10,"[0.049351, 0.817715]",10,20,0.02,max_proc,lowest_lower_bound,NO_PROFILING,all_to_shortest,greedy,6341,407,2001,0.9102070331573486,0.14679072701466647,False,5410.2,10,-1,5410.2
Uniform1-5000_Seed19_J20_M10,"[0.049351, 0.817715]",10,20,0.01,max_proc,lowest_lower_bound,PRUNE,all_to_shortest,greedy,6020,14,14,0.0061931610107421875,0.10129568106312295,True,6020.0,12,-1,5410.2
Uniform1-5000_Seed20_J20_M10,"[0.083669, 0.858185]",10,20,0.02,max_proc,lowest_lower_bound,NO_PROFILING,all_to_shortest,greedy,6728,492,2001,1.2626113891601562,0.1561979785969084,False,5677.1,10,-1,5677.1
Uniform1-5000_Seed20_J20_M10,"[0.083669, 0.858185]",10,20,0.01,max_proc,lowest_lower_bound,PRUNE,all_to_shortest,greedy,6047,18,18,0.004040718078613281,0.0611708285100049,True,6047.0,15,-1,5677.1
Uniform1-5000_Seed21_J20_M10,"[0.010410, 1.000000]",10,20,0.02,max_proc,lowest_lower_bound,NO_PROFILING,all_to_shortest,greedy,4726,2,2,0.0,0.004020313161235718,True,4707.0,0,-1,4707.0
Uniform1-5000_Seed21_J20_M10,"[0.010410, 1.000000]",10,20,0.01,max_proc,lowest_lower_bound,PRUNE,all_to_shortest,greedy,4726,2,2,0.000698089599609375,0.004020313161235718,True,4707.0,0,-1,4707.0
Uniform1-5000_Seed22_J20_M10,"[0.054374, 0.964754]",10,20,0.02,max_proc,lowest_lower_bound,NO_PROFILING,all_to_shortest,greedy,5916,111,2001,1.1021413803100586,0.12956389452332656,False,5149.5,10,-1,5149.5
Uniform1-5000_Seed22_J20_M10,"[0.054374, 0.964754]",10,20,0.01,max_proc,lowest_lower_bound,PRUNE,all_to_shortest,greedy,5789,15,15,0.006175041198730469,0.11046812921057178,True,5789.0,11,-1,5149.5
Uniform1-5000_Seed23_J20_M10,"[0.008266, 1.000000]",10,20,0.02,max_proc,lowest_lower_bound,NO_PROFILING,all_to_shortest,greedy,5188,235,2001,0.7544023990631104,0.06727062451811873,False,4839.0,11,-1,4839.0
Uniform1-5000_Seed23_J20_M10,"[0.008266, 1.000000]",10,20,0.01,max_proc,lowest_lower_bound,PRUNE,all_to_shortest,greedy,5015,17,17,0.006543397903442383,0.03509471585244267,True,5015.0,13,-1,4839.0
Uniform1-5000_Seed24_J20_M10,"[0.062394, 0.971406]",10,20,0.02,max_proc,lowest_lower_bound,NO_PROFILING,all_to_shortest,greedy,5054,1716,2001,0.8248004913330078,0.08035219628017419,False,4647.9,10,-1,4647.9
Uniform1-5000_Seed24_J20_M10,"[0.062394, 0.971406]",10,20,0.01,max_proc,lowest_lower_bound,PRUNE,all_to_shortest,greedy,4864,18,25,0.008509635925292969,0.044428453947368496,True,4783.0,16,-1,4647.9
Uniform1-5000_Seed25_J20_M10,"[0.049670, 0.960225]",10,20,0.02,max_proc,lowest_lower_bound,NO_PROFILING,all_to_shortest,greedy,5627,25,2001,0.8504273891448975,0.08405900124400213,False,5154.0,13,-1,5154.0
Uniform1-5000_Seed25_J20_M10,"[0.049670, 0.960225]",10,20,0.01,max_proc,lowest_lower_bound,PRUNE,all_to_shortest,greedy,5425,312,312,0.11257147789001465,0.04995391705069124,True,5425.0,16,-1,5154.0
Uniform1-5000_Seed26_J20_M10,"[0.222182, 0.992453]",10,20,0.02,max_proc,lowest_lower_bound,NO_PROFILING,all_to_shortest,greedy,5218,13,2001,0.9676334857940674,0.05032579532387895,False,4955.4,17,-1,4955.4
Uniform1-5000_Seed26_J20_M10,"[0.222182, 0.992453]",10,20,0.01,max_proc,lowest_lower_bound,PRUNE,all_to_shortest,greedy,5100,1628,1628,0.5109419822692871,0.02835294117647066,True,5036.0,19,-1,4955.4
Uniform1-5000_Seed27_J20_M10,"[0.046608, 1.000000]",10,20,0.02,max_proc,lowest_lower_bound,NO_PROFILING,all_to_shortest,greedy,4940,13,13,0.0050013065338134766,0.018421052631578946,True,4849.0,11,-1,4849.0
Uniform1-5000_Seed27_J20_M10,"[0.046608, 1.000000]",10,20,0.01,max_proc,lowest_lower_bound,PRUNE,all_to_shortest,greedy,4849,14,14,0.005998373031616211,0.0,True,4849.0,12,14,4849.0
Uniform1-5000_Seed28_J20_M10,"[0.009781, 1.000000]",10,20,0.02,max_proc,lowest_lower_bound,NO_PROFILING,all_to_shortest,greedy,4731,7,7,0.003000974655151367,0.005918410484041429,True,4703.0,5,-1,4703.0
Uniform1-5000_Seed28_J20_M10,"[0.009781, 1.000000]",10,20,0.01,max_proc,lowest_lower_bound,PRUNE,all_to_shortest,greedy,4720,7,7,0.002904176712036133,0.0036016949152542373,True,4703.0,5,-1,4703.0
Uniform1-5000_Seed29_J20_M10,"[0.049825, 0.979411]",10,20,0.02,max_proc,lowest_lower_bound,NO_PROFILING,all_to_shortest,greedy,5711,1379,2001,1.0367193222045898,0.14953598319033445,False,4857.0,10,-1,4857.0
Uniform1-5000_Seed29_J20_M10,"[0.049825, 0.979411]",10,20,0.01,max_proc,lowest_lower_bound,PRUNE,all_to_shortest,greedy,5141,16,16,0.006448507308959961,0.055242170783894186,True,5141.0,14,-1,4857.0
Uniform1-5000_Seed30_J20_M10,"[0.009322, 0.990698]",10,20,0.02,max_proc,lowest_lower_bound,NO_PROFILING,all_to_shortest,greedy,5830,11,2001,0.7478644847869873,0.13518010291595203,False,5041.9,10,-1,5041.9
Uniform1-5000_Seed30_J20_M10,"[0.009322, 0.990698]",10,20,0.01,max_proc,lowest_lower_bound,PRUNE,all_to_shortest,greedy,5830,13,13,0.004908323287963867,0.13518010291595203,True,5830.0,11,-1,5041.9
Uniform1-5000_Seed31_J20_M10,"[0.006004, 1.000000]",10,20,0.02,max_proc,lowest_lower_bound,NO_PROFILING,all_to_shortest,greedy,5130,107,2001,0.7239842414855957,0.05847953216374269,False,4830.0,15,-1,4830.0
Uniform1-5000_Seed31_J20_M10,"[0.006004, 1.000000]",10,20,0.01,max_proc,lowest_lower_bound,PRUNE,all_to_shortest,greedy,5130,10,416,0.11403393745422363,0.05847953216374269,True,5040.0,15,-1,4830.0
Uniform1-5000_Seed32_J20_M10,"[0.002045, 1.000000]",10,20,0.02,max_proc,lowest_lower_bound,NO_PROFILING,all_to_shortest,greedy,4889,5,5,0.0020017623901367188,0.0,True,4889.0,3,5,4889.0
Uniform1-5000_Seed32_J20_M10,"[0.002045, 1.000000]",10,20,0.01,max_proc,lowest_lower_bound,PRUNE,all_to_shortest,greedy,4913,9,9,0.003998756408691406,0.004884998982291879,True,4889.0,7,-1,4889.0
Uniform1-5000_Seed33_J20_M10,"[0.011813, 1.000000]",10,20,0.02,max_proc,lowest_lower_bound,NO_PROFILING,all_to_shortest,greedy,4952,5,5,0.002998828887939453,0.008481421647819063,True,4910.0,3,-1,4910.0
Uniform1-5000_Seed33_J20_M10,"[0.011813, 1.000000]",10,20,0.01,max_proc,lowest_lower_bound,PRUNE,all_to_shortest,greedy,4910,7,7,0.003999233245849609,0.0,True,4910.0,5,7,4910.0
Uniform1-5000_Seed34_J20_M10,"[0.062959, 0.954457]",10,20,0.02,max_proc,lowest_lower_bound,NO_PROFILING,all_to_shortest,greedy,5699,1028,2001,1.0056214332580566,0.09420951044042808,False,5162.1,11,-1,5162.1
Uniform1-5000_Seed34_J20_M10,"[0.062959, 0.954457]",10,20,0.01,max_proc,lowest_lower_bound,PRUNE,all_to_shortest,greedy,5426,15,15,0.0060062408447265625,0.04863619609288604,True,5325.0,13,-1,5162.1
Uniform1-5000_Seed35_J20_M10,"[0.087125, 0.854047]",10,20,0.02,max_proc,lowest_lower_bound,NO_PROFILING,all_to_shortest,greedy,6544,-1,2001,1.3517944812774658,0.16512836185819077,False,5463.4,10,-1,5463.4
Uniform1-5000_Seed35_J20_M10,"[0.087125, 0.854047]",10,20,0.01,max_proc,lowest_lower_bound,PRUNE,all_to_shortest,greedy,5853,16,16,0.007322072982788086,0.06656415513411931,True,5801.0,14,-1,5463.4
Uniform1-5000_Seed36_J20_M10,"[0.051455, 1.000000]",10,20,0.02,max_proc,lowest_lower_bound,NO_PROFILING,all_to_shortest,greedy,4742,7,7,0.001997709274291992,0.0,True,4742.0,5,7,4742.0
Uniform1-5000_Seed36_J20_M10,"[0.051455, 1.000000]",10,20,0.01,max_proc,lowest_lower_bound,PRUNE,all_to_shortest,greedy,4757,10,10,0.005002737045288086,0.003153247845280639,True,4742.0,8,-1,4742.0
Uniform1-5000_Seed37_J20_M10,"[0.069955, 0.892471]",10,20,0.02,max_proc,lowest_lower_bound,NO_PROFILING,all_to_shortest,greedy,6175,75,2001,0.8199405670166016,0.10179757085020248,False,5546.4,11,-1,5546.4
Uniform1-5000_Seed37_J20_M10,"[0.069955, 0.892471]",10,20,0.01,max_proc,lowest_lower_bound,PRUNE,all_to_shortest,greedy,6135,14,14,0.006128072738647461,0.0959413202933986,True,6020.0,12,-1,5546.4
Uniform1-5000_Seed38_J20_M10,"[0.124760, 0.794454]",10,20,0.02,max_proc,lowest_lower_bound,NO_PROFILING,all_to_shortest,greedy,7067,179,2001,1.2422890663146973,0.12439507570397627,False,6187.9,11,-1,6187.9
Uniform1-5000_Seed38_J20_M10,"[0.124760, 0.794454]",10,20,0.01,max_proc,lowest_lower_bound,PRUNE,all_to_shortest,greedy,6789,15,15,0.0069730281829833984,0.08854028575637066,True,6702.0,13,-1,6187.9
Uniform1-5000_Seed39_J20_M10,"[0.014456, 0.959255]",10,20,0.02,max_proc,lowest_lower_bound,NO_PROFILING,all_to_shortest,greedy,6043,11,2001,0.6633105278015137,0.198692702300182,False,4842.3,10,-1,4842.3
Uniform1-5000_Seed39_J20_M10,"[0.014456, 0.959255]",10,20,0.01,max_proc,lowest_lower_bound,PRUNE,all_to_shortest,greedy,6065,14,14,0.006381988525390625,0.2015993404781533,True,6065.0,11,-1,4842.3
Uniform1-5000_Seed40_J20_M10,"[0.077773, 0.839917]",10,20,0.02,max_proc,lowest_lower_bound,NO_PROFILING,all_to_shortest,greedy,6824,9,2001,1.0080718994140625,0.1634085580304807,False,5708.9,10,-1,5708.9
Uniform1-5000_Seed40_J20_M10,"[0.077773, 0.839917]",10,20,0.01,max_proc,lowest_lower_bound,PRUNE,all_to_shortest,greedy,6669,14,14,0.007267475128173828,0.14396461238566508,True,6563.0,12,-1,5708.9
Uniform1-5000_Seed41_J20_M10,"[0.054855, 0.779046]",10,20,0.02,max_proc,lowest_lower_bound,NO_PROFILING,all_to_shortest,greedy,7224,1325,2001,1.352445125579834,0.18743078626799556,False,5870.0,10,-1,5870.0
Uniform1-5000_Seed41_J20_M10,"[0.054855, 0.779046]",10,20,0.01,max_proc,lowest_lower_bound,PRUNE,all_to_shortest,greedy,6322,16,16,0.0075452327728271484,0.07149636191078773,True,6322.0,13,-1,5870.0
Uniform1-5000_Seed42_J20_M10,"[0.025666, 0.949060]",10,20,0.02,max_proc,lowest_lower_bound,NO_PROFILING,all_to_shortest,greedy,5825,317,2001,0.7298412322998047,0.12377682403433476,False,5104.0,10,-1,5104.0
Uniform1-5000_Seed42_J20_M10,"[0.025666, 0.949060]",10,20,0.01,max_proc,lowest_lower_bound,PRUNE,all_to_shortest,greedy,5825,14,14,0.006018400192260742,0.12377682403433476,True,5825.0,12,-1,5104.0
Uniform1-5000_Seed43_J20_M10,"[0.061684, 0.981335]",10,20,0.02,max_proc,lowest_lower_bound,NO_PROFILING,all_to_shortest,greedy,5458,58,2001,0.7285125255584717,0.0851593990472701,False,4993.2,11,-1,4993.2
Uniform1-5000_Seed43_J20_M10,"[0.061684, 0.981335]",10,20,0.01,max_proc,lowest_lower_bound,PRUNE,all_to_shortest,greedy,5458,14,14,0.006429195404052734,0.0851593990472701,True,5458.0,12,-1,4993.2
Uniform1-5000_Seed44_J20_M10,"[0.023368, 0.887970]",10,20,0.02,max_proc,lowest_lower_bound,NO_PROFILING,all_to_shortest,greedy,5750,779,2001,0.9184985160827637,0.09946086956521732,False,5178.1,10,-1,5178.1
Uniform1-5000_Seed44_J20_M10,"[0.023368, 0.887970]",10,20,0.01,max_proc,lowest_lower_bound,PRUNE,all_to_shortest,greedy,5609,16,16,0.007578134536743164,0.07682296309502579,True,5609.0,14,-1,5178.1
Uniform1-5000_Seed45_J20_M10,"[0.031731, 0.947295]",10,20,0.02,max_proc,lowest_lower_bound,NO_PROFILING,all_to_shortest,greedy,6321,254,2001,0.6662294864654541,0.1823445657332701,False,5168.4,10,-1,5168.4
Uniform1-5000_Seed45_J20_M10,"[0.031731, 0.947295]",10,20,0.01,max_proc,lowest_lower_bound,PRUNE,all_to_shortest,greedy,6321,14,14,0.0061609745025634766,0.1823445657332701,True,6321.0,11,-1,5168.4
Uniform1-5000_Seed46_J20_M10,"[0.105908, 0.956082]",10,20,0.02,max_proc,lowest_lower_bound,NO_PROFILING,all_to_shortest,greedy,5794,1543,2001,1.1003637313842773,0.11183983431135658,False,5146.0,10,-1,5146.0
Uniform1-5000_Seed46_J20_M10,"[0.105908, 0.956082]",10,20,0.01,max_proc,lowest_lower_bound,PRUNE,all_to_shortest,greedy,5597,35,35,0.014001846313476562,0.08057888154368412,True,5597.0,14,-1,5146.0
Uniform1-5000_Seed47_J20_M10,"[0.105664, 0.923389]",10,20,0.02,max_proc,lowest_lower_bound,NO_PROFILING,all_to_shortest,greedy,5954,63,2001,1.377131700515747,0.10510581121934837,False,5328.2,10,-1,5328.2
Uniform1-5000_Seed47_J20_M10,"[0.105664, 0.923389]",10,20,0.01,max_proc,lowest_lower_bound,PRUNE,all_to_shortest,greedy,5636,821,821,0.22884035110473633,0.05461320085166788,True,5636.0,16,-1,5328.2
Uniform1-5000_Seed48_J20_M10,"[0.060895, 0.979075]",10,20,0.02,max_proc,lowest_lower_bound,NO_PROFILING,all_to_shortest,greedy,5292,10,2001,1.1672472953796387,0.12492441421012856,False,4630.9,10,-1,4630.9
Uniform1-5000_Seed48_J20_M10,"[0.060895, 0.979075]",10,20,0.01,max_proc,lowest_lower_bound,PRUNE,all_to_shortest,greedy,4997,45,68,0.023435115814208984,0.07326395837502508,True,4918.0,14,-1,4630.9
Uniform1-5000_Seed49_J20_M10,"[0.037322, 0.827555]",10,20,0.02,max_proc,lowest_lower_bound,NO_PROFILING,all_to_shortest,greedy,6980,10,2001,0.8050589561462402,0.1363037249283667,False,6028.6,10,-1,6028.6
Uniform1-5000_Seed49_J20_M10,"[0.037322, 0.827555]",10,20,0.01,max_proc,lowest_lower_bound,PRUNE,all_to_shortest,greedy,6980,11,14,0.006001710891723633,0.1363037249283667,True,6980.0,11,-1,6028.6
Uniform1-5000_Seed50_J20_M10,"[0.015385, 1.000000]",10,20,0.02,max_proc,lowest_lower_bound,NO_PROFILING,all_to_shortest,greedy,5235,13,2001,0.891005277633667,0.11843361986628462,False,4615.0,11,-1,4615.0
Uniform1-5000_Seed50_J20_M10,"[0.015385, 1.000000]",10,20,0.01,max_proc,lowest_lower_bound,PRUNE,all_to_shortest,greedy,5152,17,18,0.007578611373901367,0.10423136645962733,True,5051.0,13,-1,4615.0
Uniform1-5000_Seed51_J20_M10,"[0.090301, 0.969274]",10,20,0.02,max_proc,lowest_lower_bound,NO_PROFILING,all_to_shortest,greedy,5483,12,2001,0.719548225402832,0.06689768374977205,False,5116.2,11,-1,5116.2
Uniform1-5000_Seed51_J20_M10,"[0.090301, 0.969274]",10,20,0.01,max_proc,lowest_lower_bound,PRUNE,all_to_shortest,greedy,5483,14,14,0.004999637603759766,0.06689768374977205,True,5483.0,12,-1,5116.2
Uniform1-5000_Seed52_J20_M10,"[0.003269, 0.945907]",10,20,0.02,max_proc,lowest_lower_bound,NO_PROFILING,all_to_shortest,greedy,6064,18,2001,0.931462287902832,0.14243073878627965,False,5200.3,10,-1,5200.3
Uniform1-5000_Seed52_J20_M10,"[0.003269, 0.945907]",10,20,0.01,max_proc,lowest_lower_bound,PRUNE,all_to_shortest,greedy,5870,18,18,0.0069580078125,0.11408858603066437,True,5870.0,13,-1,5200.3
Uniform1-5000_Seed53_J20_M10,"[0.007313, 1.000000]",10,20,0.02,max_proc,lowest_lower_bound,NO_PROFILING,all_to_shortest,greedy,4923,11,11,0.003998994827270508,0.0,True,4923.0,9,11,4923.0
Uniform1-5000_Seed53_J20_M10,"[0.007313, 1.000000]",10,20,0.01,max_proc,lowest_lower_bound,PRUNE,all_to_shortest,greedy,4923,14,14,0.00600123405456543,0.0,True,4923.0,12,14,4923.0
Uniform1-5000_Seed54_J20_M10,"[0.146680, 0.783978]",10,20,0.02,max_proc,lowest_lower_bound,NO_PROFILING,all_to_shortest,greedy,6783,493,2001,1.0732982158660889,0.09641751437417072,False,6129.0,10,-1,6129.0
Uniform1-5000_Seed54_J20_M10,"[0.146680, 0.783978]",10,20,0.01,max_proc,lowest_lower_bound,PRUNE,all_to_shortest,greedy,6547,19,19,0.008001565933227539,0.06384603635252788,True,6547.0,17,-1,6129.0
Uniform1-5000_Seed55_J20_M10,"[0.098771, 0.779758]",10,20,0.02,max_proc,lowest_lower_bound,NO_PROFILING,all_to_shortest,greedy,7056,512,2001,1.0912213325500488,0.1290391156462585,False,6145.5,10,-1,6145.5
Uniform1-5000_Seed55_J20_M10,"[0.098771, 0.779758]",10,20,0.01,max_proc,lowest_lower_bound,PRUNE,all_to_shortest,greedy,6843,15,15,0.006999015808105469,0.10192897851819377,True,6843.0,13,-1,6145.5
Uniform1-5000_Seed56_J20_M10,"[0.016030, 0.906441]",10,20,0.02,max_proc,lowest_lower_bound,NO_PROFILING,all_to_shortest,greedy,6192,5,2001,0.7669637203216553,0.1134366925064599,False,5489.6,10,-1,5489.6
Uniform1-5000_Seed56_J20_M10,"[0.016030, 0.906441]",10,20,0.01,max_proc,lowest_lower_bound,PRUNE,all_to_shortest,greedy,6011,15,15,0.006000995635986328,0.08674097487938773,True,6011.0,13,-1,5489.6
Uniform1-5000_Seed57_J20_M10,"[0.061541, 0.877111]",10,20,0.02,max_proc,lowest_lower_bound,NO_PROFILING,all_to_shortest,greedy,5961,3,2001,0.9786639213562012,0.13588324106693508,False,5151.0,10,-1,5151.0
Uniform1-5000_Seed57_J20_M10,"[0.061541, 0.877111]",10,20,0.01,max_proc,lowest_lower_bound,PRUNE,all_to_shortest,greedy,5833,14,14,0.0069959163665771484,0.116920966912395,True,5821.0,12,-1,5151.0
Uniform1-5000_Seed58_J20_M10,"[0.115689, 0.809638]",10,20,0.02,max_proc,lowest_lower_bound,NO_PROFILING,all_to_shortest,greedy,6291,352,2001,0.9468989372253418,0.13574948338896836,False,5437.0,10,-1,5437.0
Uniform1-5000_Seed58_J20_M10,"[0.115689, 0.809638]",10,20,0.01,max_proc,lowest_lower_bound,PRUNE,all_to_shortest,greedy,5977,16,16,0.0069980621337890625,0.09034632758909152,True,5977.0,12,-1,5437.0
Uniform1-5000_Seed59_J20_M10,"[0.001064, 1.000000]",10,20,0.02,max_proc,lowest_lower_bound,NO_PROFILING,all_to_shortest,greedy,4786,10,10,0.004035472869873047,0.01817801922273297,True,4699.0,8,-1,4699.0
Uniform1-5000_Seed59_J20_M10,"[0.001064, 1.000000]",10,20,0.01,max_proc,lowest_lower_bound,PRUNE,all_to_shortest,greedy,4699,11,11,0.004996061325073242,0.0,True,4699.0,9,11,4699.0
Uniform1-5000_Seed60_J20_M10,"[0.009117, 0.916348]",10,20,0.02,max_proc,lowest_lower_bound,NO_PROFILING,all_to_shortest,greedy,5392,1128,2001,0.9367132186889648,0.0845882789317508,False,4935.9,11,-1,4935.9
Uniform1-5000_Seed60_J20_M10,"[0.009117, 0.916348]",10,20,0.01,max_proc,lowest_lower_bound,PRUNE,all_to_shortest,greedy,5382,18,58,0.017998695373535156,0.08288740245261991,True,5281.0,16,-1,4935.9
Uniform1-5000_Seed61_J20_M10,"[0.058089, 0.869996]",10,20,0.02,max_proc,lowest_lower_bound,NO_PROFILING,all_to_shortest,greedy,5905,16,2001,0.9802136421203613,0.11082133784928021,False,5250.6,10,-1,5250.6
Uniform1-5000_Seed61_J20_M10,"[0.058089, 0.869996]",10,20,0.01,max_proc,lowest_lower_bound,PRUNE,all_to_shortest,greedy,5599,18,18,0.008002042770385742,0.062225397392391434,True,5505.0,14,-1,5250.6
Uniform1-5000_Seed62_J20_M10,"[0.018908, 0.926508]",10,20,0.02,max_proc,lowest_lower_bound,NO_PROFILING,all_to_shortest,greedy,6172,45,2001,0.960878849029541,0.16025599481529493,False,5182.9,10,-1,5182.9
Uniform1-5000_Seed62_J20_M10,"[0.018908, 0.926508]",10,20,0.01,max_proc,lowest_lower_bound,PRUNE,all_to_shortest,greedy,5994,15,15,0.008002519607543945,0.1353186519853187,True,5994.0,13,-1,5182.9
Uniform1-5000_Seed63_J20_M10,"[0.029885, 0.797703]",10,20,0.02,max_proc,lowest_lower_bound,NO_PROFILING,all_to_shortest,greedy,5262,979,2001,1.1134116649627686,0.10971113645001904,False,4684.7,10,-1,4684.7
Uniform1-5000_Seed63_J20_M10,"[0.029885, 0.797703]",10,20,0.01,max_proc,lowest_lower_bound,PRUNE,all_to_shortest,greedy,5069,20,20,0.009000301361083984,0.07581376997435395,True,5069.0,15,-1,4684.7
Uniform1-5000_Seed64_J20_M10,"[0.011869, 1.000000]",10,20,0.02,max_proc,lowest_lower_bound,NO_PROFILING,all_to_shortest,greedy,4635,4,4,0.002031087875366211,0.0002157497303128371,True,4634.0,2,-1,4634.0
Uniform1-5000_Seed64_J20_M10,"[0.011869, 1.000000]",10,20,0.01,max_proc,lowest_lower_bound,PRUNE,all_to_shortest,greedy,4635,4,4,0.002000093460083008,0.0002157497303128371,True,4634.0,2,-1,4634.0
Uniform1-5000_Seed65_J20_M10,"[0.025683, 0.900020]",10,20,0.02,max_proc,lowest_lower_bound,NO_PROFILING,all_to_shortest,greedy,6174,12,2001,0.8574962615966797,0.12340459993521212,False,5412.1,10,-1,5412.1
Uniform1-5000_Seed65_J20_M10,"[0.025683, 0.900020]",10,20,0.01,max_proc,lowest_lower_bound,PRUNE,all_to_shortest,greedy,6078,13,13,0.0059661865234375,0.10955906548206641,True,6078.0,11,-1,5412.1
Uniform1-5000_Seed66_J20_M10,"[0.010809, 1.000000]",10,20,0.02,max_proc,lowest_lower_bound,NO_PROFILING,all_to_shortest,greedy,4811,15,15,0.005030155181884766,0.0,True,4811.0,13,15,4811.0
Uniform1-5000_Seed66_J20_M10,"[0.010809, 1.000000]",10,20,0.01,max_proc,lowest_lower_bound,PRUNE,all_to_shortest,greedy,4811,14,14,0.006392240524291992,0.0,True,4811.0,12,14,4811.0
Uniform1-5000_Seed67_J20_M10,"[0.073404, 1.000000]",10,20,0.02,max_proc,lowest_lower_bound,NO_PROFILING,all_to_shortest,greedy,4918,11,11,0.004998207092285156,0.0,True,4918.0,9,11,4918.0
Uniform1-5000_Seed67_J20_M10,"[0.073404, 1.000000]",10,20,0.01,max_proc,lowest_lower_bound,PRUNE,all_to_shortest,greedy,4918,15,15,0.007003068923950195,0.0,True,4918.0,13,15,4918.0
Uniform1-5000_Seed68_J20_M10,"[0.029437, 1.000000]",10,20,0.02,max_proc,lowest_lower_bound,NO_PROFILING,all_to_shortest,greedy,4837,11,11,0.004247903823852539,0.01674591689063469,True,4756.0,9,-1,4756.0
Uniform1-5000_Seed68_J20_M10,"[0.029437, 1.000000]",10,20,0.01,max_proc,lowest_lower_bound,PRUNE,all_to_shortest,greedy,4756,57,57,0.01879429817199707,0.0,True,4756.0,17,57,4756.0
Uniform1-5000_Seed69_J20_M10,"[0.052059, 0.961589]",10,20,0.02,max_proc,lowest_lower_bound,NO_PROFILING,all_to_shortest,greedy,5469,24,2001,0.8813736438751221,0.09030901444505388,False,4975.1,11,-1,4975.1
Uniform1-5000_Seed69_J20_M10,"[0.052059, 0.961589]",10,20,0.01,max_proc,lowest_lower_bound,PRUNE,all_to_shortest,greedy,5235,32,32,0.011281490325927734,0.04964660936007634,True,5199.0,16,-1,4975.1
Uniform1-5000_Seed70_J20_M10,"[0.049741, 0.872593]",10,20,0.02,max_proc,lowest_lower_bound,NO_PROFILING,all_to_shortest,greedy,6557,766,2001,0.9942808151245117,0.1414976361140766,False,5629.2,10,-1,5629.2
Uniform1-5000_Seed70_J20_M10,"[0.049741, 0.872593]",10,20,0.01,max_proc,lowest_lower_bound,PRUNE,all_to_shortest,greedy,6437,14,16,0.006997585296630859,0.12549324219356847,True,6347.0,12,-1,5629.2
Uniform1-5000_Seed71_J20_M10,"[0.033752, 1.000000]",10,20,0.02,max_proc,lowest_lower_bound,NO_PROFILING,all_to_shortest,greedy,4886,74,2001,0.6488785743713379,0.05403192795742939,False,4622.0,10,-1,4622.0
Uniform1-5000_Seed71_J20_M10,"[0.033752, 1.000000]",10,20,0.01,max_proc,lowest_lower_bound,PRUNE,all_to_shortest,greedy,4942,14,14,0.005876064300537109,0.06475111290975313,True,4886.0,10,-1,4622.0
Uniform1-5000_Seed72_J20_M10,"[0.064515, 0.858174]",10,20,0.02,max_proc,lowest_lower_bound,NO_PROFILING,all_to_shortest,greedy,6438,11,2001,0.8682048320770264,0.13084808946877907,False,5595.6,10,-1,5595.6
Uniform1-5000_Seed72_J20_M10,"[0.064515, 0.858174]",10,20,0.01,max_proc,lowest_lower_bound,PRUNE,all_to_shortest,greedy,6346,16,16,0.00699925422668457,0.11824771509612349,True,6263.0,12,-1,5595.6
Uniform1-5000_Seed73_J20_M10,"[0.030924, 0.945809]",10,20,0.02,max_proc,lowest_lower_bound,NO_PROFILING,all_to_shortest,greedy,5348,87,2001,0.8486611843109131,0.11114435302916971,False,4753.6,10,-1,4753.6
Uniform1-5000_Seed73_J20_M10,"[0.030924, 0.945809]",10,20,0.01,max_proc,lowest_lower_bound,PRUNE,all_to_shortest,greedy,5238,17,17,0.006998777389526367,0.09247804505536457,True,5238.0,12,-1,4753.6
Uniform1-5000_Seed74_J20_M10,"[0.043294, 0.854836]",10,20,0.02,max_proc,lowest_lower_bound,NO_PROFILING,all_to_shortest,greedy,6678,11,2001,1.0787301063537598,0.13183587900569027,False,5797.6,10,-1,5797.6
Uniform1-5000_Seed74_J20_M10,"[0.043294, 0.854836]",10,20,0.01,max_proc,lowest_lower_bound,PRUNE,all_to_shortest,greedy,6467,77,185,0.0520021915435791,0.10351012834389975,True,6419.0,15,-1,5797.6
Uniform1-5000_Seed75_J20_M10,"[0.046030, 1.000000]",10,20,0.02,max_proc,lowest_lower_bound,NO_PROFILING,all_to_shortest,greedy,4345,5,5,0.0013086795806884766,0.0,True,4345.0,3,5,4345.0
Uniform1-5000_Seed75_J20_M10,"[0.046030, 1.000000]",10,20,0.01,max_proc,lowest_lower_bound,PRUNE,all_to_shortest,greedy,4345,6,6,0.0035085678100585938,0.0,True,4345.0,4,6,4345.0
Uniform1-5000_Seed76_J20_M10,"[0.020525, 0.880029]",10,20,0.02,max_proc,lowest_lower_bound,NO_PROFILING,all_to_shortest,greedy,6352,1243,2001,1.4640517234802246,0.13326511335012595,False,5505.5,11,-1,5505.5
Uniform1-5000_Seed76_J20_M10,"[0.020525, 0.880029]",10,20,0.01,max_proc,lowest_lower_bound,PRUNE,all_to_shortest,greedy,5789,238,238,0.07293200492858887,0.04897218863361548,True,5739.0,17,-1,5505.5
Uniform1-5000_Seed77_J20_M10,"[0.032005, 0.933476]",10,20,0.02,max_proc,lowest_lower_bound,NO_PROFILING,all_to_shortest,greedy,5813,517,2001,1.0169501304626465,0.09698950627902979,False,5249.2,10,-1,5249.2
Uniform1-5000_Seed77_J20_M10,"[0.032005, 0.933476]",10,20,0.01,max_proc,lowest_lower_bound,PRUNE,all_to_shortest,greedy,5621,25,27,0.011000633239746094,0.0661448140900196,True,5519.0,14,-1,5249.2
Uniform1-5000_Seed78_J20_M10,"[0.028684, 0.899990]",10,20,0.02,max_proc,lowest_lower_bound,NO_PROFILING,all_to_shortest,greedy,5886,10,2001,0.6862742900848389,0.11748216106014271,False,5194.5,10,-1,5194.5
Uniform1-5000_Seed78_J20_M10,"[0.028684, 0.899990]",10,20,0.01,max_proc,lowest_lower_bound,PRUNE,all_to_shortest,greedy,5886,13,13,0.004994392395019531,0.11748216106014271,True,5886.0,10,-1,5194.5
Uniform1-5000_Seed79_J20_M10,"[0.035993, 0.910349]",10,20,0.02,max_proc,lowest_lower_bound,NO_PROFILING,all_to_shortest,greedy,6032,668,2001,0.7786049842834473,0.10184018567639261,False,5417.7,13,-1,5417.7
Uniform1-5000_Seed79_J20_M10,"[0.035993, 0.910349]",10,20,0.01,max_proc,lowest_lower_bound,PRUNE,all_to_shortest,greedy,6034,27,27,0.010107040405273438,0.10213788531653964,True,6032.0,14,-1,5417.7
Uniform1-5000_Seed80_J20_M10,"[0.028279, 1.000000]",10,20,0.02,max_proc,lowest_lower_bound,NO_PROFILING,all_to_shortest,greedy,4938,14,14,0.00503230094909668,0.011745646010530578,True,4880.0,12,-1,4880.0
Uniform1-5000_Seed80_J20_M10,"[0.028279, 1.000000]",10,20,0.01,max_proc,lowest_lower_bound,PRUNE,all_to_shortest,greedy,4884,17,17,0.007734537124633789,0.000819000819000819,True,4880.0,12,-1,4880.0
Uniform1-5000_Seed81_J20_M10,"[0.018898, 0.938604]",10,20,0.02,max_proc,lowest_lower_bound,NO_PROFILING,all_to_shortest,greedy,5329,5,2001,0.6989915370941162,0.16590354663163828,False,4444.9,10,-1,4444.9
Uniform1-5000_Seed81_J20_M10,"[0.018898, 0.938604]",10,20,0.01,max_proc,lowest_lower_bound,PRUNE,all_to_shortest,greedy,5329,12,12,0.00509333610534668,0.16590354663163828,True,5329.0,10,-1,4444.9
Uniform1-5000_Seed82_J20_M10,"[0.025937, 0.893461]",10,20,0.02,max_proc,lowest_lower_bound,NO_PROFILING,all_to_shortest,greedy,5844,302,2001,0.9553205966949463,0.12915811088295692,False,5089.2,10,-1,5089.2
Uniform1-5000_Seed82_J20_M10,"[0.025937, 0.893461]",10,20,0.01,max_proc,lowest_lower_bound,PRUNE,all_to_shortest,greedy,5475,18,18,0.008037328720092773,0.07046575342465757,True,5459.0,16,-1,5089.2
Uniform1-5000_Seed83_J20_M10,"[0.048174, 0.872977]",10,20,0.02,max_proc,lowest_lower_bound,NO_PROFILING,all_to_shortest,greedy,6368,34,2001,0.944617748260498,0.11334798994974878,False,5646.2,10,-1,5646.2
Uniform1-5000_Seed83_J20_M10,"[0.048174, 0.872977]",10,20,0.01,max_proc,lowest_lower_bound,PRUNE,all_to_shortest,greedy,6182,14,14,0.006028652191162109,0.08667098026528634,True,6179.0,12,-1,5646.2
Uniform1-5000_Seed84_J20_M10,"[0.053931, 0.881761]",10,20,0.02,max_proc,lowest_lower_bound,NO_PROFILING,all_to_shortest,greedy,6782,9,2001,0.6818521022796631,0.1715865526393394,False,5618.3,10,-1,5618.3
Uniform1-5000_Seed84_J20_M10,"[0.053931, 0.881761]",10,20,0.01,max_proc,lowest_lower_bound,PRUNE,all_to_shortest,greedy,6907,13,13,0.01893472671508789,0.1865788330679021,True,6782.0,11,-1,5618.3
Uniform1-5000_Seed85_J20_M10,"[0.066961, 1.000000]",10,20,0.02,max_proc,lowest_lower_bound,NO_PROFILING,all_to_shortest,greedy,4764,6,6,0.002379894256591797,0.0,True,4764.0,4,6,4764.0
Uniform1-5000_Seed85_J20_M10,"[0.066961, 1.000000]",10,20,0.01,max_proc,lowest_lower_bound,PRUNE,all_to_shortest,greedy,4764,6,6,0.0036122798919677734,0.0,True,4764.0,4,6,4764.0
Uniform1-5000_Seed86_J20_M10,"[0.071309, 0.930435]",10,20,0.02,max_proc,lowest_lower_bound,NO_PROFILING,all_to_shortest,greedy,5998,809,2001,1.0630669593811035,0.12090696898966319,False,5272.8,10,-1,5272.8
Uniform1-5000_Seed86_J20_M10,"[0.071309, 0.930435]",10,20,0.01,max_proc,lowest_lower_bound,PRUNE,all_to_shortest,greedy,5840,14,14,0.006997108459472656,0.09712328767123285,True,5762.0,12,-1,5272.8
Uniform1-5000_Seed87_J20_M10,"[0.013279, 1.000000]",10,20,0.02,max_proc,lowest_lower_bound,NO_PROFILING,all_to_shortest,greedy,5035,1724,2001,0.8466341495513916,0.07269116186693148,False,4669.0,11,-1,4669.0
Uniform1-5000_Seed87_J20_M10,"[0.013279, 1.000000]",10,20,0.01,max_proc,lowest_lower_bound,PRUNE,all_to_shortest,greedy,4815,17,17,0.006992816925048828,0.03032191069574247,True,4775.0,13,-1,4669.0
Uniform1-5000_Seed88_J20_M10,"[0.001571, 0.969320]",10,20,0.02,max_proc,lowest_lower_bound,NO_PROFILING,all_to_shortest,greedy,5647,197,2001,0.8789076805114746,0.09842394191606166,False,5091.2,11,-1,5091.2
Uniform1-5000_Seed88_J20_M10,"[0.001571, 0.969320]",10,20,0.01,max_proc,lowest_lower_bound,PRUNE,all_to_shortest,greedy,5297,16,16,0.00699925422668457,0.03885218047951674,True,5297.0,14,-1,5091.2
Uniform1-5000_Seed89_J20_M10,"[0.050606, 1.000000]",10,20,0.02,max_proc,lowest_lower_bound,NO_PROFILING,all_to_shortest,greedy,4782,4,4,0.0010290145874023438,0.0,True,4782.0,2,4,4782.0
Uniform1-5000_Seed89_J20_M10,"[0.050606, 1.000000]",10,20,0.01,max_proc,lowest_lower_bound,PRUNE,all_to_shortest,greedy,4782,4,4,0.002029895782470703,0.0,True,4782.0,2,4,4782.0
Uniform1-5000_Seed90_J20_M10,"[0.022032, 1.000000]",10,20,0.02,max_proc,lowest_lower_bound,NO_PROFILING,all_to_shortest,greedy,5004,1289,2001,0.8387024402618408,0.02038369304556355,False,4902.0,10,-1,4902.0
Uniform1-5000_Seed90_J20_M10,"[0.022032, 1.000000]",10,20,0.01,max_proc,lowest_lower_bound,PRUNE,all_to_shortest,greedy,5004,13,13,0.0070590972900390625,0.02038369304556355,True,5004.0,11,-1,4902.0
Uniform1-5000_Seed91_J20_M10,"[0.031164, 0.988130]",10,20,0.02,max_proc,lowest_lower_bound,NO_PROFILING,all_to_shortest,greedy,5426,264,2001,0.8553707599639893,0.07154441577589381,False,5037.8,12,-1,5037.8
Uniform1-5000_Seed91_J20_M10,"[0.031164, 0.988130]",10,20,0.01,max_proc,lowest_lower_bound,PRUNE,all_to_shortest,greedy,5353,39,88,0.027002334594726562,0.05888286941901734,True,5250.0,16,-1,5037.8
Uniform1-5000_Seed92_J20_M10,"[0.008839, 0.932168]",10,20,0.02,max_proc,lowest_lower_bound,NO_PROFILING,all_to_shortest,greedy,6130,791,2001,0.8126964569091797,0.15106035889070146,False,5204.0,10,-1,5204.0
Uniform1-5000_Seed92_J20_M10,"[0.008839, 0.932168]",10,20,0.01,max_proc,lowest_lower_bound,PRUNE,all_to_shortest,greedy,5796,13,14,0.005564212799072266,0.10213940648723258,True,5702.0,11,-1,5204.0
Uniform1-5000_Seed93_J20_M10,"[0.040605, 0.801870]",10,20,0.02,max_proc,lowest_lower_bound,NO_PROFILING,all_to_shortest,greedy,6681,11,2001,1.0833280086517334,0.12269121389013618,False,5861.3,11,-1,5861.3
Uniform1-5000_Seed93_J20_M10,"[0.040605, 0.801870]",10,20,0.01,max_proc,lowest_lower_bound,PRUNE,all_to_shortest,greedy,6335,23,23,0.00859975814819336,0.07477505919494867,True,6247.0,14,-1,5861.3
Uniform1-5000_Seed94_J20_M10,"[0.045161, 0.872650]",10,20,0.02,max_proc,lowest_lower_bound,NO_PROFILING,all_to_shortest,greedy,5571,345,2001,1.0297541618347168,0.1017232094776521,False,5004.3,11,-1,5004.3
Uniform1-5000_Seed94_J20_M10,"[0.045161, 0.872650]",10,20,0.01,max_proc,lowest_lower_bound,PRUNE,all_to_shortest,greedy,5248,94,94,0.031033992767333984,0.04643673780487802,True,5248.0,15,-1,5004.3
Uniform1-5000_Seed95_J20_M10,"[0.063753, 0.803684]",10,20,0.02,max_proc,lowest_lower_bound,NO_PROFILING,all_to_shortest,greedy,6503,872,2001,0.9679834842681885,0.14854682454251883,False,5537.0,10,-1,5537.0
Uniform1-5000_Seed95_J20_M10,"[0.063753, 0.803684]",10,20,0.01,max_proc,lowest_lower_bound,PRUNE,all_to_shortest,greedy,6343,14,14,0.007005214691162109,0.1270692101529245,True,6343.0,12,-1,5537.0
Uniform1-5000_Seed96_J20_M10,"[0.083278, 0.842368]",10,20,0.02,max_proc,lowest_lower_bound,NO_PROFILING,all_to_shortest,greedy,5248,739,2001,1.2187292575836182,0.10535442073170725,False,4695.1,11,-1,4695.1
Uniform1-5000_Seed96_J20_M10,"[0.083278, 0.842368]",10,20,0.01,max_proc,lowest_lower_bound,PRUNE,all_to_shortest,greedy,5036,125,125,0.047188520431518555,0.06769261318506745,True,5036.0,15,-1,4695.1
Uniform1-5000_Seed97_J20_M10,"[0.021115, 0.985817]",10,20,0.02,max_proc,lowest_lower_bound,NO_PROFILING,all_to_shortest,greedy,5235,293,2001,0.990936279296875,0.04103151862464187,False,5020.2,12,-1,5020.2
Uniform1-5000_Seed97_J20_M10,"[0.021115, 0.985817]",10,20,0.01,max_proc,lowest_lower_bound,PRUNE,all_to_shortest,greedy,5215,49,49,0.023271560668945312,0.0373537871524449,True,5215.0,17,-1,5020.2
Uniform1-5000_Seed98_J20_M10,"[0.000551, 0.884611]",10,20,0.02,max_proc,lowest_lower_bound,NO_PROFILING,all_to_shortest,greedy,6816,37,2001,1.2014760971069336,0.2012617370892019,False,5444.2,10,-1,5444.2
Uniform1-5000_Seed98_J20_M10,"[0.000551, 0.884611]",10,20,0.01,max_proc,lowest_lower_bound,PRUNE,all_to_shortest,greedy,6655,15,15,0.007108926773071289,0.1819383921863261,True,6655.0,11,-1,5444.2
Uniform1-5000_Seed99_J20_M10,"[0.011419, 1.000000]",10,20,0.02,max_proc,lowest_lower_bound,NO_PROFILING,all_to_shortest,greedy,4977,7,7,0.004970550537109375,0.014667470363672896,True,4904.0,5,-1,4904.0
Uniform1-5000_Seed99_J20_M10,"[0.011419, 1.000000]",10,20,0.01,max_proc,lowest_lower_bound,PRUNE,all_to_shortest,greedy,4977,8,8,0.0049898624420166016,0.014667470363672896,True,4904.0,6,-1,4904.0
Uniform1-5000_Seed100_J20_M10,"[0.015744, 0.982819]",10,20,0.02,max_proc,lowest_lower_bound,NO_PROFILING,all_to_shortest,greedy,5495,1831,2001,1.098825454711914,0.07528662420382162,False,5081.3,13,-1,5081.3
Uniform1-5000_Seed100_J20_M10,"[0.015744, 0.982819]",10,20,0.01,max_proc,lowest_lower_bound,PRUNE,all_to_shortest,greedy,5491,123,218,0.08034944534301758,0.0746130030959752,True,5396.0,15,-1,5081.3
Uniform1-5000_Seed1_J50_M25,"[0.029116, 1.000000]",25,50,0.02,max_proc,lowest_lower_bound,NO_PROFILING,all_to_shortest,greedy,6133,1988,2001,8.986411809921265,0.20712212620251097,False,4980.0,25,-1,4862.72
Uniform1-5000_Seed1_J50_M25,"[0.029116, 1.000000]",25,50,0.01,max_proc,lowest_lower_bound,PRUNE,all_to_shortest,greedy,5403,40,40,0.126845121383667,0.09999629835276694,True,5326.0,35,-1,4862.72
Uniform1-5000_Seed2_J50_M25,"[0.005658, 0.882078]",25,50,0.02,max_proc,lowest_lower_bound,NO_PROFILING,all_to_shortest,greedy,6728,1114,2001,14.39432430267334,0.1593400713436385,False,5655.96,25,-1,5655.96
Uniform1-5000_Seed2_J50_M25,"[0.005658, 0.882078]",25,50,0.01,max_proc,lowest_lower_bound,PRUNE,all_to_shortest,greedy,6160,486,486,1.5782933235168457,0.08182467532467531,True,6142.0,35,-1,5655.96
Uniform1-5000_Seed3_J50_M25,"[0.051701, 0.937018]",25,50,0.02,max_proc,lowest_lower_bound,NO_PROFILING,all_to_shortest,greedy,6410,1515,2001,11.443960428237915,0.1702028081123245,False,5319.0,25,-1,5319.0
Uniform1-5000_Seed3_J50_M25,"[0.051701, 0.937018]",25,50,0.01,max_proc,lowest_lower_bound,PRUNE,all_to_shortest,greedy,5597,55,55,0.17719244956970215,0.049669465785242096,True,5492.0,41,-1,5319.0
Uniform1-5000_Seed4_J50_M25,"[0.011811, 1.000000]",25,50,0.02,max_proc,lowest_lower_bound,NO_PROFILING,all_to_shortest,greedy,5667,813,2001,8.783080577850342,0.14857243691547556,False,4826.0,30,-1,4825.04
Uniform1-5000_Seed4_J50_M25,"[0.011811, 1.000000]",25,50,0.01,max_proc,lowest_lower_bound,PRUNE,all_to_shortest,greedy,5127,444,2001,5.915460109710693,0.05889604056953385,False,4990.0,40,-1,4825.04
Uniform1-5000_Seed5_J50_M25,"[0.008319, 0.989756]",25,50,0.02,max_proc,lowest_lower_bound,NO_PROFILING,all_to_shortest,greedy,5880,207,2001,8.809162378311157,0.1413741496598639,False,5048.72,25,-1,5048.72
Uniform1-5000_Seed5_J50_M25,"[0.008319, 0.989756]",25,50,0.01,max_proc,lowest_lower_bound,PRUNE,all_to_shortest,greedy,5565,595,2001,4.624942302703857,0.09277268643306374,False,5302.0,36,-1,5048.72
Uniform1-5000_Seed6_J50_M25,"[0.044728, 0.980877]",25,50,0.02,max_proc,lowest_lower_bound,NO_PROFILING,all_to_shortest,greedy,5986,852,2001,9.217395544052124,0.14843301035750092,False,5097.48,25,-1,5097.48
Uniform1-5000_Seed6_J50_M25,"[0.044728, 0.980877]",25,50,0.01,max_proc,lowest_lower_bound,PRUNE,all_to_shortest,greedy,6010,41,2001,8.01770281791687,0.15183361064891854,False,5332.0,34,-1,5097.48
Uniform1-5000_Seed7_J50_M25,"[0.019115, 0.998931]",25,50,0.02,max_proc,lowest_lower_bound,NO_PROFILING,all_to_shortest,greedy,6009,799,2001,8.21020770072937,0.1903478116159095,False,4865.2,25,-1,4865.2
Uniform1-5000_Seed7_J50_M25,"[0.019115, 0.998931]",25,50,0.01,max_proc,lowest_lower_bound,PRUNE,all_to_shortest,greedy,5261,44,44,0.13646864891052246,0.07523284546664136,True,5184.0,39,-1,4865.2
Uniform1-5000_Seed8_J50_M25,"[0.050595, 0.919481]",25,50,0.02,max_proc,lowest_lower_bound,NO_PROFILING,all_to_shortest,greedy,6443,1639,2001,8.397260665893555,0.16866677013813444,False,5356.28,26,-1,5356.28
Uniform1-5000_Seed8_J50_M25,"[0.050595, 0.919481]",25,50,0.01,max_proc,lowest_lower_bound,PRUNE,all_to_shortest,greedy,5636,746,746,2.0204765796661377,0.049630943931866615,True,5577.0,41,-1,5356.28
Uniform1-5000_Seed9_J50_M25,"[0.046328, 0.918230]",25,50,0.02,max_proc,lowest_lower_bound,NO_PROFILING,all_to_shortest,greedy,6215,707,2001,8.124594926834106,0.1699372485921158,False,5158.84,25,-1,5158.84
Uniform1-5000_Seed9_J50_M25,"[0.046328, 0.918230]",25,50,0.01,max_proc,lowest_lower_bound,PRUNE,all_to_shortest,greedy,6203,30,2001,6.672453165054321,0.16833145252297274,False,5583.0,33,-1,5158.84
Uniform1-5000_Seed10_J50_M25,"[0.018634, 1.000000]",25,50,0.02,max_proc,lowest_lower_bound,NO_PROFILING,all_to_shortest,greedy,4830,37,37,0.09490132331848145,0.04580538302277428,True,4830.0,35,-1,4608.76
Uniform1-5000_Seed10_J50_M25,"[0.018634, 1.000000]",25,50,0.01,max_proc,lowest_lower_bound,PRUNE,all_to_shortest,greedy,4923,165,165,0.41141343116760254,0.0638309973593337,True,4830.0,40,-1,4608.76
Uniform1-5000_Seed11_J50_M25,"[0.025872, 0.964798]",25,50,0.02,max_proc,lowest_lower_bound,NO_PROFILING,all_to_shortest,greedy,6439,1698,2001,7.89388370513916,0.19563286224569038,False,5179.32,25,-1,5179.32
Uniform1-5000_Seed11_J50_M25,"[0.025872, 0.964798]",25,50,0.01,max_proc,lowest_lower_bound,PRUNE,all_to_shortest,greedy,5863,30,30,0.0953209400177002,0.11660924441412251,True,5782.0,28,-1,5179.32
Uniform1-5000_Seed12_J50_M25,"[0.009864, 0.956644]",25,50,0.02,max_proc,lowest_lower_bound,NO_PROFILING,all_to_shortest,greedy,5686,231,2001,6.069387435913086,0.10855434400281389,False,5068.76,26,-1,5068.76
Uniform1-5000_Seed12_J50_M25,"[0.009864, 0.956644]",25,50,0.01,max_proc,lowest_lower_bound,PRUNE,all_to_shortest,greedy,5463,43,43,0.12411952018737793,0.07216547684422475,True,5444.0,38,-1,5068.76
Uniform1-5000_Seed13_J50_M25,"[0.002429, 1.000000]",25,50,0.02,max_proc,lowest_lower_bound,NO_PROFILING,all_to_shortest,greedy,4940,23,23,0.05857682228088379,0.13940080971659927,True,4940.0,21,-1,4251.36
Uniform1-5000_Seed13_J50_M25,"[0.002429, 1.000000]",25,50,0.01,max_proc,lowest_lower_bound,PRUNE,all_to_shortest,greedy,4985,26,26,0.0740811824798584,0.1471695085255768,True,4940.0,24,-1,4251.36
Uniform1-5000_Seed14_J50_M25,"[0.005782, 1.000000]",25,50,0.02,max_proc,lowest_lower_bound,NO_PROFILING,all_to_shortest,greedy,4896,35,35,0.08660221099853516,0.01082516339869281,True,4843.0,33,-1,4843.0
Uniform1-5000_Seed14_J50_M25,"[0.005782, 1.000000]",25,50,0.01,max_proc,lowest_lower_bound,PRUNE,all_to_shortest,greedy,4843,40,40,0.11642646789550781,0.0,True,4843.0,38,40,4843.0
Uniform1-5000_Seed15_J50_M25,"[0.003977, 0.988323]",25,50,0.02,max_proc,lowest_lower_bound,NO_PROFILING,all_to_shortest,greedy,6168,671,2001,8.387884855270386,0.18470817120622565,False,5028.72,25,-1,5028.72
Uniform1-5000_Seed15_J50_M25,"[0.003977, 0.988323]",25,50,0.01,max_proc,lowest_lower_bound,PRUNE,all_to_shortest,greedy,5349,40,40,0.11884927749633789,0.05987661245092536,True,5248.0,38,-1,5028.72
Uniform1-5000_Seed16_J50_M25,"[0.026656, 1.000000]",25,50,0.02,max_proc,lowest_lower_bound,NO_PROFILING,all_to_shortest,greedy,5586,441,2001,6.031264305114746,0.14035087719298245,False,4802.0,28,-1,4802.0
Uniform1-5000_Seed16_J50_M25,"[0.026656, 1.000000]",25,50,0.01,max_proc,lowest_lower_bound,PRUNE,all_to_shortest,greedy,5074,118,118,0.3211071491241455,0.05360662199448167,True,4981.0,33,-1,4802.0
Uniform1-5000_Seed17_J50_M25,"[0.032289, 0.928275]",25,50,0.02,max_proc,lowest_lower_bound,NO_PROFILING,all_to_shortest,greedy,6035,1508,2001,9.42748236656189,0.14300579950289974,False,5171.96,25,-1,5171.96
Uniform1-5000_Seed17_J50_M25,"[0.032289, 0.928275]",25,50,0.01,max_proc,lowest_lower_bound,PRUNE,all_to_shortest,greedy,5909,590,2001,5.763227701187134,0.12473176510407852,False,5289.0,38,-1,5171.96
Uniform1-5000_Seed18_J50_M25,"[0.030071, 0.956919]",25,50,0.02,max_proc,lowest_lower_bound,NO_PROFILING,all_to_shortest,greedy,6517,631,2001,8.801310539245605,0.19887678379622525,False,5220.92,25,-1,5220.92
Uniform1-5000_Seed18_J50_M25,"[0.030071, 0.956919]",25,50,0.01,max_proc,lowest_lower_bound,PRUNE,all_to_shortest,greedy,5663,40,40,0.1376645565032959,0.07806463005474129,True,5663.0,38,-1,5220.92
Uniform1-5000_Seed19_J50_M25,"[0.010676, 0.930993]",25,50,0.02,max_proc,lowest_lower_bound,NO_PROFILING,all_to_shortest,greedy,6205,1108,2001,7.60630202293396,0.18484448025785657,False,5058.04,25,-1,5058.04
Uniform1-5000_Seed19_J50_M25,"[0.010676, 0.930993]",25,50,0.01,max_proc,lowest_lower_bound,PRUNE,all_to_shortest,greedy,5602,36,36,0.1283881664276123,0.09710103534451982,True,5602.0,34,-1,5058.04
Uniform1-5000_Seed20_J50_M25,"[0.008086, 0.895391]",25,50,0.02,max_proc,lowest_lower_bound,NO_PROFILING,all_to_shortest,greedy,6414,1978,2001,6.555404424667358,0.15166822575615843,False,5441.2,25,-1,5441.2
Uniform1-5000_Seed20_J50_M25,"[0.008086, 0.895391]",25,50,0.01,max_proc,lowest_lower_bound,PRUNE,all_to_shortest,greedy,6091,32,32,0.10626626014709473,0.10668198982104747,True,6047.0,30,-1,5441.2
Uniform1-5000_Seed21_J50_M25,"[0.009889, 1.000000]",25,50,0.02,max_proc,lowest_lower_bound,NO_PROFILING,all_to_shortest,greedy,5035,28,28,0.07872366905212402,0.015888778550148957,True,4955.0,26,-1,4955.0
Uniform1-5000_Seed21_J50_M25,"[0.009889, 1.000000]",25,50,0.01,max_proc,lowest_lower_bound,PRUNE,all_to_shortest,greedy,5029,47,47,0.14324259757995605,0.014714655000994234,True,4955.0,29,-1,4955.0
Uniform1-5000_Seed22_J50_M25,"[0.056361, 1.000000]",25,50,0.02,max_proc,lowest_lower_bound,NO_PROFILING,all_to_shortest,greedy,4997,27,27,0.0744481086730957,0.005803482089253552,True,4968.0,25,-1,4968.0
Uniform1-5000_Seed22_J50_M25,"[0.056361, 1.000000]",25,50,0.01,max_proc,lowest_lower_bound,PRUNE,all_to_shortest,greedy,5022,29,29,0.1196143627166748,0.010752688172043012,True,4968.0,27,-1,4968.0
Uniform1-5000_Seed23_J50_M25,"[0.008266, 1.000000]",25,50,0.02,max_proc,lowest_lower_bound,NO_PROFILING,all_to_shortest,greedy,5355,380,2001,7.718806743621826,0.09635854341736695,False,4839.0,31,-1,4839.0
Uniform1-5000_Seed23_J50_M25,"[0.008266, 1.000000]",25,50,0.01,max_proc,lowest_lower_bound,PRUNE,all_to_shortest,greedy,5493,252,2001,7.27021598815918,0.1190606226105953,False,4839.0,31,-1,4839.0
Uniform1-5000_Seed24_J50_M25,"[0.019773, 0.898219]",25,50,0.02,max_proc,lowest_lower_bound,NO_PROFILING,all_to_shortest,greedy,6754,1024,2001,8.996763229370117,0.19130589280426413,False,5461.92,25,-1,5461.92
Uniform1-5000_Seed24_J50_M25,"[0.019773, 0.898219]",25,50,0.01,max_proc,lowest_lower_bound,PRUNE,all_to_shortest,greedy,6449,32,32,0.11256814002990723,0.15305938905256627,True,6449.0,30,-1,5461.92
Uniform1-5000_Seed25_J50_M25,"[0.003031, 1.000000]",25,50,0.02,max_proc,lowest_lower_bound,NO_PROFILING,all_to_shortest,greedy,4949,140,140,0.3479585647583008,0.0,True,4949.0,41,140,4949.0
Uniform1-5000_Seed25_J50_M25,"[0.003031, 1.000000]",25,50,0.01,max_proc,lowest_lower_bound,PRUNE,all_to_shortest,greedy,4987,1010,1010,2.6312122344970703,0.007619811509925807,True,4949.0,41,-1,4949.0
Uniform1-5000_Seed26_J50_M25,"[0.004463, 0.888560]",25,50,0.02,max_proc,lowest_lower_bound,NO_PROFILING,all_to_shortest,greedy,6262,1587,2001,8.113290309906006,0.10552539124880232,False,5601.2,39,-1,5601.2
Uniform1-5000_Seed26_J50_M25,"[0.004463, 0.888560]",25,50,0.01,max_proc,lowest_lower_bound,PRUNE,all_to_shortest,greedy,6446,946,2001,6.500615835189819,0.13105802047781573,False,5601.2,39,-1,5601.2
Uniform1-5000_Seed27_J50_M25,"[0.041635, 0.893305]",25,50,0.02,max_proc,lowest_lower_bound,NO_PROFILING,all_to_shortest,greedy,6505,1602,2001,8.483262777328491,0.16554035357417374,False,5428.16,25,-1,5428.16
Uniform1-5000_Seed27_J50_M25,"[0.041635, 0.893305]",25,50,0.01,max_proc,lowest_lower_bound,PRUNE,all_to_shortest,greedy,6109,44,44,0.1685934066772461,0.11144868227205765,True,6039.0,31,-1,5428.16
Uniform1-5000_Seed28_J50_M25,"[0.009291, 1.000000]",25,50,0.02,max_proc,lowest_lower_bound,NO_PROFILING,all_to_shortest,greedy,4951,30,30,0.1322498321533203,0.0,True,4951.0,28,30,4951.0
Uniform1-5000_Seed28_J50_M25,"[0.009291, 1.000000]",25,50,0.01,max_proc,lowest_lower_bound,PRUNE,all_to_shortest,greedy,4995,33,33,0.1128997802734375,0.00880880880880881,True,4951.0,31,-1,4951.0
Uniform1-5000_Seed29_J50_M25,"[0.004210, 1.000000]",25,50,0.02,max_proc,lowest_lower_bound,NO_PROFILING,all_to_shortest,greedy,5745,1330,2001,8.68653917312622,0.1317667536988686,False,4988.0,27,-1,4988.0
Uniform1-5000_Seed29_J50_M25,"[0.004210, 1.000000]",25,50,0.01,max_proc,lowest_lower_bound,PRUNE,all_to_shortest,greedy,5428,1909,1909,6.238932132720947,0.08106116433308769,True,5378.0,32,-1,4988.0
Uniform1-5000_Seed30_J50_M25,"[0.009409, 1.000000]",25,50,0.02,max_proc,lowest_lower_bound,NO_PROFILING,all_to_shortest,greedy,6027,194,2001,6.8894429206848145,0.1712294673967148,False,4995.0,25,-1,4995.0
Uniform1-5000_Seed30_J50_M25,"[0.009409, 1.000000]",25,50,0.01,max_proc,lowest_lower_bound,PRUNE,all_to_shortest,greedy,5467,32,32,0.09904623031616211,0.08633619901225535,True,5382.0,30,-1,4995.0
Uniform1-5000_Seed31_J50_M25,"[0.005914, 0.985047]",25,50,0.02,max_proc,lowest_lower_bound,NO_PROFILING,all_to_shortest,greedy,6192,919,2001,7.44037652015686,0.20812015503875975,False,4903.32,25,-1,4903.32
Uniform1-5000_Seed31_J50_M25,"[0.005914, 0.985047]",25,50,0.01,max_proc,lowest_lower_bound,PRUNE,all_to_shortest,greedy,5522,28,28,0.07942557334899902,0.11203911626222389,True,5471.0,26,-1,4903.32
Uniform1-5000_Seed32_J50_M25,"[0.002037, 1.000000]",25,50,0.02,max_proc,lowest_lower_bound,NO_PROFILING,all_to_shortest,greedy,4930,36,36,0.09499597549438477,0.004462474645030426,True,4908.0,34,-1,4908.0
Uniform1-5000_Seed32_J50_M25,"[0.002037, 1.000000]",25,50,0.01,max_proc,lowest_lower_bound,PRUNE,all_to_shortest,greedy,4959,42,42,0.11155319213867188,0.0102843315184513,True,4908.0,40,-1,4908.0
Uniform1-5000_Seed33_J50_M25,"[0.011405, 1.000000]",25,50,0.02,max_proc,lowest_lower_bound,NO_PROFILING,all_to_shortest,greedy,4928,27,27,0.057665109634399414,0.0036525974025974025,True,4910.0,25,-1,4910.0
Uniform1-5000_Seed33_J50_M25,"[0.011405, 1.000000]",25,50,0.01,max_proc,lowest_lower_bound,PRUNE,all_to_shortest,greedy,4943,35,35,0.13377141952514648,0.006676107626947198,True,4910.0,33,-1,4910.0
Uniform1-5000_Seed34_J50_M25,"[0.059335, 0.911205]",25,50,0.02,max_proc,lowest_lower_bound,NO_PROFILING,all_to_shortest,greedy,6673,410,2001,8.144605875015259,0.1791757830061442,False,5477.36,26,-1,5477.36
Uniform1-5000_Seed34_J50_M25,"[0.059335, 0.911205]",25,50,0.01,max_proc,lowest_lower_bound,PRUNE,all_to_shortest,greedy,5939,423,423,1.348003625869751,0.07773025761912786,True,5836.0,35,-1,5477.36
Uniform1-5000_Seed35_J50_M25,"[0.086617, 0.901657]",25,50,0.02,max_proc,lowest_lower_bound,NO_PROFILING,all_to_shortest,greedy,6473,1007,2001,9.412488460540771,0.15102116483856023,False,5495.44,25,-1,5495.44
Uniform1-5000_Seed35_J50_M25,"[0.086617, 0.901657]",25,50,0.01,max_proc,lowest_lower_bound,PRUNE,all_to_shortest,greedy,6063,939,2001,6.156323194503784,0.09361042388256645,False,5656.0,39,-1,5495.44
Uniform1-5000_Seed36_J50_M25,"[0.004546, 0.979914]",25,50,0.02,max_proc,lowest_lower_bound,NO_PROFILING,all_to_shortest,greedy,5771,46,2001,11.67148756980896,0.16146248483798306,False,4839.2,25,-1,4839.2
Uniform1-5000_Seed36_J50_M25,"[0.004546, 0.979914]",25,50,0.01,max_proc,lowest_lower_bound,PRUNE,all_to_shortest,greedy,5314,39,39,0.1882920265197754,0.08934888972525408,True,5314.0,37,-1,4839.2
Uniform1-5000_Seed37_J50_M25,"[0.002959, 0.916001]",25,50,0.02,max_proc,lowest_lower_bound,NO_PROFILING,all_to_shortest,greedy,6251,741,2001,7.600275993347168,0.13498640217565192,False,5407.2,27,-1,5407.2
Uniform1-5000_Seed37_J50_M25,"[0.002959, 0.916001]",25,50,0.01,max_proc,lowest_lower_bound,PRUNE,all_to_shortest,greedy,5811,77,77,0.2551751136779785,0.06948890036138361,True,5811.0,37,-1,5407.2
Uniform1-5000_Seed38_J50_M25,"[0.000198, 0.990262]",25,50,0.02,max_proc,lowest_lower_bound,NO_PROFILING,all_to_shortest,greedy,5786,108,2001,6.562615633010864,0.12891807811959904,False,5040.08,34,-1,5040.08
Uniform1-5000_Seed38_J50_M25,"[0.000198, 0.990262]",25,50,0.01,max_proc,lowest_lower_bound,PRUNE,all_to_shortest,greedy,5786,184,2001,5.757754802703857,0.12891807811959904,False,5040.08,34,-1,5040.08
Uniform1-5000_Seed39_J50_M25,"[0.013800, 0.982746]",25,50,0.02,max_proc,lowest_lower_bound,NO_PROFILING,all_to_shortest,greedy,6412,1978,2001,8.245810747146606,0.20890205864004985,False,5072.52,25,-1,5072.52
Uniform1-5000_Seed39_J50_M25,"[0.013800, 0.982746]",25,50,0.01,max_proc,lowest_lower_bound,PRUNE,all_to_shortest,greedy,5949,36,36,0.12729907035827637,0.14733232476046387,True,5863.0,31,-1,5072.52
Uniform1-5000_Seed40_J50_M25,"[0.082190, 0.887614]",25,50,0.02,max_proc,lowest_lower_bound,NO_PROFILING,all_to_shortest,greedy,6565,622,2001,7.430862665176392,0.17713328255902516,False,5402.12,25,-1,5402.12
Uniform1-5000_Seed40_J50_M25,"[0.082190, 0.887614]",25,50,0.01,max_proc,lowest_lower_bound,PRUNE,all_to_shortest,greedy,6177,32,32,0.11108064651489258,0.12544600938967138,True,6093.0,30,-1,5402.12
Uniform1-5000_Seed41_J50_M25,"[0.022505, 0.900731]",25,50,0.02,max_proc,lowest_lower_bound,NO_PROFILING,all_to_shortest,greedy,6804,135,2001,8.85638427734375,0.19671369782480888,False,5465.56,25,-1,5465.56
Uniform1-5000_Seed41_J50_M25,"[0.022505, 0.900731]",25,50,0.01,max_proc,lowest_lower_bound,PRUNE,all_to_shortest,greedy,6324,34,34,0.11115908622741699,0.1357432005060088,True,6225.0,30,-1,5465.56
Uniform1-5000_Seed42_J50_M25,"[0.027044, 1.000000]",25,50,0.02,max_proc,lowest_lower_bound,NO_PROFILING,all_to_shortest,greedy,4867,36,36,0.10170984268188477,0.004725703718923361,True,4844.0,34,-1,4844.0
Uniform1-5000_Seed42_J50_M25,"[0.027044, 1.000000]",25,50,0.01,max_proc,lowest_lower_bound,PRUNE,all_to_shortest,greedy,4844,43,43,0.1328260898590088,0.0,True,4844.0,39,43,4844.0
Uniform1-5000_Seed43_J50_M25,"[0.006631, 1.000000]",25,50,0.02,max_proc,lowest_lower_bound,NO_PROFILING,all_to_shortest,greedy,5984,1947,2001,6.283859729766846,0.16828208556149732,False,4977.0,29,-1,4977.0
Uniform1-5000_Seed43_J50_M25,"[0.006631, 1.000000]",25,50,0.01,max_proc,lowest_lower_bound,PRUNE,all_to_shortest,greedy,5535,639,820,1.8261921405792236,0.1008130081300813,True,5458.0,31,-1,4977.0
Uniform1-5000_Seed44_J50_M25,"[0.024943, 1.000000]",25,50,0.02,max_proc,lowest_lower_bound,NO_PROFILING,all_to_shortest,greedy,5584,754,2001,6.93051815032959,0.1312679083094556,False,4851.0,28,-1,4851.0
Uniform1-5000_Seed44_J50_M25,"[0.024943, 1.000000]",25,50,0.01,max_proc,lowest_lower_bound,PRUNE,all_to_shortest,greedy,5015,155,155,0.39644837379455566,0.032701894317048855,True,5015.0,34,-1,4851.0
Uniform1-5000_Seed45_J50_M25,"[0.030446, 0.908915]",25,50,0.02,max_proc,lowest_lower_bound,NO_PROFILING,all_to_shortest,greedy,6481,43,2001,6.617446422576904,0.16885665792315996,False,5386.64,25,-1,5386.64
Uniform1-5000_Seed45_J50_M25,"[0.030446, 0.908915]",25,50,0.01,max_proc,lowest_lower_bound,PRUNE,all_to_shortest,greedy,5956,69,69,0.22142481803894043,0.09559435862995293,True,5873.0,35,-1,5386.64
Uniform1-5000_Seed46_J50_M25,"[0.003455, 1.000000]",25,50,0.02,max_proc,lowest_lower_bound,NO_PROFILING,all_to_shortest,greedy,4928,34,34,0.1258559226989746,0.0016233766233766235,True,4920.0,32,-1,4920.0
Uniform1-5000_Seed46_J50_M25,"[0.003455, 1.000000]",25,50,0.01,max_proc,lowest_lower_bound,PRUNE,all_to_shortest,greedy,4920,39,39,0.17609310150146484,0.0,True,4920.0,37,39,4920.0
Uniform1-5000_Seed47_J50_M25,"[0.029914, 0.908500]",25,50,0.02,max_proc,lowest_lower_bound,NO_PROFILING,all_to_shortest,greedy,6342,75,2001,8.864548206329346,0.14608640807316298,False,5415.52,25,-1,5415.52
Uniform1-5000_Seed47_J50_M25,"[0.029914, 0.908500]",25,50,0.01,max_proc,lowest_lower_bound,PRUNE,all_to_shortest,greedy,5796,51,51,0.15721702575683594,0.06564527260179427,True,5748.0,41,-1,5415.52
Uniform1-5000_Seed48_J50_M25,"[0.009305, 0.897773]",25,50,0.02,max_proc,lowest_lower_bound,NO_PROFILING,all_to_shortest,greedy,6198,517,2001,6.791729927062988,0.1677444336882866,False,5158.32,25,-1,5158.32
Uniform1-5000_Seed48_J50_M25,"[0.009305, 0.897773]",25,50,0.01,max_proc,lowest_lower_bound,PRUNE,all_to_shortest,greedy,5691,90,90,0.2791292667388916,0.09360042171850295,True,5610.0,39,-1,5158.32
Uniform1-5000_Seed49_J50_M25,"[0.036019, 0.800260]",25,50,0.02,max_proc,lowest_lower_bound,NO_PROFILING,all_to_shortest,greedy,7627,357,2001,7.468299388885498,0.18097285957781561,False,6246.72,25,-1,6246.72
Uniform1-5000_Seed49_J50_M25,"[0.036019, 0.800260]",25,50,0.01,max_proc,lowest_lower_bound,PRUNE,all_to_shortest,greedy,7122,88,88,0.2856318950653076,0.12289806234203872,True,7066.0,32,-1,6246.72
Uniform1-5000_Seed50_J50_M25,"[0.010306, 0.977509]",25,50,0.02,max_proc,lowest_lower_bound,NO_PROFILING,all_to_shortest,greedy,5680,1224,2001,9.502593517303467,0.11171126760563388,False,5045.48,28,-1,5045.48
Uniform1-5000_Seed50_J50_M25,"[0.010306, 0.977509]",25,50,0.01,max_proc,lowest_lower_bound,PRUNE,all_to_shortest,greedy,5230,239,239,0.6884956359863281,0.03528107074569798,True,5168.0,39,-1,5045.48
Uniform1-5000_Seed51_J50_M25,"[0.010688, 1.000000]",25,50,0.02,max_proc,lowest_lower_bound,NO_PROFILING,all_to_shortest,greedy,4959,42,42,0.11251449584960938,0.0,True,4959.0,40,42,4959.0
Uniform1-5000_Seed51_J50_M25,"[0.010688, 1.000000]",25,50,0.01,max_proc,lowest_lower_bound,PRUNE,all_to_shortest,greedy,5020,45,45,0.16501140594482422,0.012151394422310757,True,4959.0,43,-1,4959.0
Uniform1-5000_Seed52_J50_M25,"[0.003390, 0.980850]",25,50,0.02,max_proc,lowest_lower_bound,NO_PROFILING,all_to_shortest,greedy,6206,590,2001,12.351342916488647,0.19190460844344184,False,5015.04,25,-1,5015.04
Uniform1-5000_Seed52_J50_M25,"[0.003390, 0.980850]",25,50,0.01,max_proc,lowest_lower_bound,PRUNE,all_to_shortest,greedy,5538,49,49,0.16915512084960938,0.09443120260021669,True,5432.0,36,-1,5015.04
Uniform1-5000_Seed53_J50_M25,"[0.007216, 0.986803]",25,50,0.02,max_proc,lowest_lower_bound,NO_PROFILING,all_to_shortest,greedy,6093,559,2001,9.36069941520691,0.18121779090759885,False,4988.84,25,-1,4988.84
Uniform1-5000_Seed53_J50_M25,"[0.007216, 0.986803]",25,50,0.01,max_proc,lowest_lower_bound,PRUNE,all_to_shortest,greedy,5524,40,40,0.13118982315063477,0.0968790731354091,True,5524.0,34,-1,4988.84
Uniform1-5000_Seed54_J50_M25,"[0.001790, 0.955458]",25,50,0.02,max_proc,lowest_lower_bound,NO_PROFILING,all_to_shortest,greedy,5810,989,2001,9.458170890808105,0.13442340791738383,False,5029.0,28,-1,5029.0
Uniform1-5000_Seed54_J50_M25,"[0.001790, 0.955458]",25,50,0.01,max_proc,lowest_lower_bound,PRUNE,all_to_shortest,greedy,5863,1239,2001,9.449929475784302,0.1422479959065325,False,5294.0,33,-1,5029.0
Uniform1-5000_Seed55_J50_M25,"[0.044144, 0.849549]",25,50,0.02,max_proc,lowest_lower_bound,NO_PROFILING,all_to_shortest,greedy,6908,200,2001,8.094619035720825,0.1834626519976838,False,5640.64,25,-1,5640.64
Uniform1-5000_Seed55_J50_M25,"[0.044144, 0.849549]",25,50,0.01,max_proc,lowest_lower_bound,PRUNE,all_to_shortest,greedy,6737,29,29,0.09009456634521484,0.16273712334867146,True,6737.0,27,-1,5640.64
Uniform1-5000_Seed56_J50_M25,"[0.017685, 1.000000]",25,50,0.02,max_proc,lowest_lower_bound,NO_PROFILING,all_to_shortest,greedy,4976,41,41,0.12749910354614258,0.0,True,4976.0,39,41,4976.0
Uniform1-5000_Seed56_J50_M25,"[0.017685, 1.000000]",25,50,0.01,max_proc,lowest_lower_bound,PRUNE,all_to_shortest,greedy,5040,45,45,0.12283873558044434,0.012698412698412698,True,4976.0,41,-1,4976.0
Uniform1-5000_Seed57_J50_M25,"[0.021027, 1.000000]",25,50,0.02,max_proc,lowest_lower_bound,NO_PROFILING,all_to_shortest,greedy,5339,408,2001,7.593365907669067,0.15377411500280952,False,4518.0,25,-1,4518.0
Uniform1-5000_Seed57_J50_M25,"[0.021027, 1.000000]",25,50,0.01,max_proc,lowest_lower_bound,PRUNE,all_to_shortest,greedy,4908,44,44,0.14136791229248047,0.07946210268948656,True,4908.0,35,-1,4518.0
Uniform1-5000_Seed58_J50_M25,"[0.005490, 0.922743]",25,50,0.02,max_proc,lowest_lower_bound,NO_PROFILING,all_to_shortest,greedy,6396,523,2001,9.071033000946045,0.1741588492808005,False,5282.08,25,-1,5282.08
Uniform1-5000_Seed58_J50_M25,"[0.005490, 0.922743]",25,50,0.01,max_proc,lowest_lower_bound,PRUNE,all_to_shortest,greedy,5645,40,40,0.14911603927612305,0.06429052258635962,True,5645.0,38,-1,5282.08
Uniform1-5000_Seed59_J50_M25,"[0.000957, 0.945470]",25,50,0.02,max_proc,lowest_lower_bound,NO_PROFILING,all_to_shortest,greedy,6150,667,2001,7.9168009757995605,0.1507642276422764,False,5222.8,29,-1,5222.8
Uniform1-5000_Seed59_J50_M25,"[0.000957, 0.945470]",25,50,0.01,max_proc,lowest_lower_bound,PRUNE,all_to_shortest,greedy,5639,1724,1724,5.092289686203003,0.07380741266181944,True,5604.0,35,-1,5222.8
Uniform1-5000_Seed60_J50_M25,"[0.007997, 0.877854]",25,50,0.02,max_proc,lowest_lower_bound,NO_PROFILING,all_to_shortest,greedy,7055,437,2001,11.219282865524292,0.20235861091424526,False,5627.36,25,-1,5627.36
Uniform1-5000_Seed60_J50_M25,"[0.007997, 0.877854]",25,50,0.01,max_proc,lowest_lower_bound,PRUNE,all_to_shortest,greedy,6114,274,274,0.9543907642364502,0.07959437356885841,True,6114.0,36,-1,5627.36
Uniform1-5000_Seed61_J50_M25,"[0.007835, 0.939870]",25,50,0.02,max_proc,lowest_lower_bound,NO_PROFILING,all_to_shortest,greedy,6503,1388,2001,9.599959373474121,0.19534983853606022,False,5232.64,25,-1,5232.64
Uniform1-5000_Seed61_J50_M25,"[0.007835, 0.939870]",25,50,0.01,max_proc,lowest_lower_bound,PRUNE,all_to_shortest,greedy,5833,37,37,0.11872720718383789,0.10292473855648888,True,5719.0,33,-1,5232.64
Uniform1-5000_Seed62_J50_M25,"[0.001729, 0.922468]",25,50,0.02,max_proc,lowest_lower_bound,NO_PROFILING,all_to_shortest,greedy,6497,1343,2001,10.585012674331665,0.19876866245959668,False,5205.6,25,-1,5205.6
Uniform1-5000_Seed62_J50_M25,"[0.001729, 0.922468]",25,50,0.01,max_proc,lowest_lower_bound,PRUNE,all_to_shortest,greedy,5912,37,37,0.12919306755065918,0.11948579161028411,True,5912.0,31,-1,5205.6
Uniform1-5000_Seed63_J50_M25,"[0.027185, 0.947401]",25,50,0.02,max_proc,lowest_lower_bound,NO_PROFILING,all_to_shortest,greedy,6087,388,2001,10.970653772354126,0.1539543288976507,False,5149.88,30,-1,5149.88
Uniform1-5000_Seed63_J50_M25,"[0.027185, 0.947401]",25,50,0.01,max_proc,lowest_lower_bound,PRUNE,all_to_shortest,greedy,6067,1034,2001,9.08639931678772,0.15116532058678092,False,5268.0,32,-1,5149.88
Uniform1-5000_Seed64_J50_M25,"[0.011509, 1.000000]",25,50,0.02,max_proc,lowest_lower_bound,NO_PROFILING,all_to_shortest,greedy,4868,24,24,0.07935166358947754,0.01828266228430567,True,4779.0,22,-1,4779.0
Uniform1-5000_Seed64_J50_M25,"[0.011509, 1.000000]",25,50,0.01,max_proc,lowest_lower_bound,PRUNE,all_to_shortest,greedy,4854,28,28,0.08794641494750977,0.015451174289245983,True,4779.0,26,-1,4779.0
Uniform1-5000_Seed65_J50_M25,"[0.013023, 1.000000]",25,50,0.02,max_proc,lowest_lower_bound,NO_PROFILING,all_to_shortest,greedy,5768,1772,2001,7.160042762756348,0.13470873786407767,False,4991.0,25,-1,4991.0
Uniform1-5000_Seed65_J50_M25,"[0.013023, 1.000000]",25,50,0.01,max_proc,lowest_lower_bound,PRUNE,all_to_shortest,greedy,5217,37,37,0.0962073802947998,0.04331991566034119,True,5167.0,35,-1,4991.0
Uniform1-5000_Seed66_J50_M25,"[0.009871, 0.917053]",25,50,0.02,max_proc,lowest_lower_bound,NO_PROFILING,all_to_shortest,greedy,6302,603,2001,8.90186333656311,0.16408124404950808,False,5267.96,25,-1,5267.96
Uniform1-5000_Seed66_J50_M25,"[0.009871, 0.917053]",25,50,0.01,max_proc,lowest_lower_bound,PRUNE,all_to_shortest,greedy,5898,41,2001,4.489210844039917,0.10682265174635469,False,5676.0,33,-1,5267.96
Uniform1-5000_Seed67_J50_M25,"[0.004677, 1.000000]",25,50,0.02,max_proc,lowest_lower_bound,NO_PROFILING,all_to_shortest,greedy,4918,32,32,0.07637500762939453,0.0,True,4918.0,30,32,4918.0
Uniform1-5000_Seed67_J50_M25,"[0.004677, 1.000000]",25,50,0.01,max_proc,lowest_lower_bound,PRUNE,all_to_shortest,greedy,4918,39,39,0.12667012214660645,0.0,True,4918.0,33,39,4918.0
Uniform1-5000_Seed68_J50_M25,"[0.028118, 1.000000]",25,50,0.02,max_proc,lowest_lower_bound,NO_PROFILING,all_to_shortest,greedy,5040,41,41,0.11168813705444336,0.012103174603174604,True,4979.0,39,-1,4979.0
Uniform1-5000_Seed68_J50_M25,"[0.028118, 1.000000]",25,50,0.01,max_proc,lowest_lower_bound,PRUNE,all_to_shortest,greedy,5198,935,2001,4.838744640350342,0.04213158907272028,False,4979.0,40,-1,4979.0
Uniform1-5000_Seed69_J50_M25,"[0.024578, 0.946237]",25,50,0.02,max_proc,lowest_lower_bound,NO_PROFILING,all_to_shortest,greedy,6023,284,2001,9.833161115646362,0.1353146272621617,False,5208.0,32,-1,5208.0
Uniform1-5000_Seed69_J50_M25,"[0.024578, 0.946237]",25,50,0.01,max_proc,lowest_lower_bound,PRUNE,all_to_shortest,greedy,5921,929,2001,8.228568315505981,0.12041884816753927,False,5293.0,36,-1,5208.0
Uniform1-5000_Seed70_J50_M25,"[0.005888, 0.841022]",25,50,0.02,max_proc,lowest_lower_bound,NO_PROFILING,all_to_shortest,greedy,6797,1643,2001,6.873120069503784,0.12550242754156246,False,5943.96,25,-1,5943.96
Uniform1-5000_Seed70_J50_M25,"[0.005888, 0.841022]",25,50,0.01,max_proc,lowest_lower_bound,PRUNE,all_to_shortest,greedy,6707,39,39,0.13191604614257812,0.11376770538243626,True,6707.0,32,-1,5943.96
Uniform1-5000_Seed71_J50_M25,"[0.024954, 0.948623]",25,50,0.02,max_proc,lowest_lower_bound,NO_PROFILING,all_to_shortest,greedy,6371,1709,2001,8.224712371826172,0.18857322241406366,False,5169.6,25,-1,5169.6
Uniform1-5000_Seed71_J50_M25,"[0.024954, 0.948623]",25,50,0.01,max_proc,lowest_lower_bound,PRUNE,all_to_shortest,greedy,5602,36,36,0.10027647018432617,0.07718671902891817,True,5518.0,34,-1,5169.6
Uniform1-5000_Seed72_J50_M25,"[0.044358, 0.911900]",25,50,0.02,max_proc,lowest_lower_bound,NO_PROFILING,all_to_shortest,greedy,6684,549,2001,11.28787088394165,0.18377618192698977,False,5455.64,25,-1,5455.64
Uniform1-5000_Seed72_J50_M25,"[0.044358, 0.911900]",25,50,0.01,max_proc,lowest_lower_bound,PRUNE,all_to_shortest,greedy,6076,33,33,0.10953903198242188,0.10210006583278468,True,6076.0,31,-1,5455.64
Uniform1-5000_Seed73_J50_M25,"[0.032696, 1.000000]",25,50,0.02,max_proc,lowest_lower_bound,NO_PROFILING,all_to_shortest,greedy,5478,651,2001,7.069414138793945,0.17926250456370937,False,4496.0,25,-1,4496.0
Uniform1-5000_Seed73_J50_M25,"[0.032696, 1.000000]",25,50,0.01,max_proc,lowest_lower_bound,PRUNE,all_to_shortest,greedy,4907,34,34,0.1140892505645752,0.0837578968820053,True,4856.0,32,-1,4496.0
Uniform1-5000_Seed74_J50_M25,"[0.019702, 0.910501]",25,50,0.02,max_proc,lowest_lower_bound,NO_PROFILING,all_to_shortest,greedy,6317,265,2001,8.635293006896973,0.13224631945543766,False,5481.6,27,-1,5481.6
Uniform1-5000_Seed74_J50_M25,"[0.019702, 0.910501]",25,50,0.01,max_proc,lowest_lower_bound,PRUNE,all_to_shortest,greedy,6373,205,2001,6.390269041061401,0.13987133218264547,False,5584.0,35,-1,5481.6
Uniform1-5000_Seed75_J50_M25,"[0.026328, 0.970552]",25,50,0.02,max_proc,lowest_lower_bound,NO_PROFILING,all_to_shortest,greedy,6052,237,2001,9.46269941329956,0.1715730337078651,False,5013.64,30,-1,5013.64
Uniform1-5000_Seed75_J50_M25,"[0.026328, 0.970552]",25,50,0.01,max_proc,lowest_lower_bound,PRUNE,all_to_shortest,greedy,5219,1593,1593,4.161633491516113,0.03934853420195433,True,5132.0,44,-1,5013.64
Uniform1-5000_Seed76_J50_M25,"[0.005616, 0.948987]",25,50,0.02,max_proc,lowest_lower_bound,NO_PROFILING,all_to_shortest,greedy,6234,933,2001,8.596617221832275,0.17173564324671164,False,5163.4,25,-1,5163.4
Uniform1-5000_Seed76_J50_M25,"[0.005616, 0.948987]",25,50,0.01,max_proc,lowest_lower_bound,PRUNE,all_to_shortest,greedy,5559,137,137,0.4306187629699707,0.07116387839539492,True,5473.0,37,-1,5163.4
Uniform1-5000_Seed77_J50_M25,"[0.033782, 1.000000]",25,50,0.02,max_proc,lowest_lower_bound,NO_PROFILING,all_to_shortest,greedy,4973,36,36,0.09861373901367188,0.0,True,4973.0,34,36,4973.0
Uniform1-5000_Seed77_J50_M25,"[0.033782, 1.000000]",25,50,0.01,max_proc,lowest_lower_bound,PRUNE,all_to_shortest,greedy,5021,38,38,0.13460087776184082,0.009559848635729935,True,4973.0,36,-1,4973.0
Uniform1-5000_Seed78_J50_M25,"[0.020444, 0.954446]",25,50,0.02,max_proc,lowest_lower_bound,NO_PROFILING,all_to_shortest,greedy,5998,255,2001,10.106635808944702,0.16817605868622879,False,4989.28,28,-1,4989.28
Uniform1-5000_Seed78_J50_M25,"[0.020444, 0.954446]",25,50,0.01,max_proc,lowest_lower_bound,PRUNE,all_to_shortest,greedy,5323,174,174,0.5427823066711426,0.06269396956603424,True,5286.0,35,-1,4989.28
Uniform1-5000_Seed79_J50_M25,"[0.031537, 0.997040]",25,50,0.02,max_proc,lowest_lower_bound,NO_PROFILING,all_to_shortest,greedy,6095,1763,2001,10.383334875106812,0.18841017227235435,False,4946.64,25,-1,4946.64
Uniform1-5000_Seed79_J50_M25,"[0.031537, 0.997040]",25,50,0.01,max_proc,lowest_lower_bound,PRUNE,all_to_shortest,greedy,5334,53,53,0.15980029106140137,0.07262092238470184,True,5259.0,39,-1,4946.64
Uniform1-5000_Seed80_J50_M25,"[0.004303, 1.000000]",25,50,0.02,max_proc,lowest_lower_bound,NO_PROFILING,all_to_shortest,greedy,4967,23,23,0.06344461441040039,0.017515602979665795,True,4880.0,21,-1,4880.0
Uniform1-5000_Seed80_J50_M25,"[0.004303, 1.000000]",25,50,0.01,max_proc,lowest_lower_bound,PRUNE,all_to_shortest,greedy,4940,30,30,0.09414434432983398,0.012145748987854251,True,4880.0,28,-1,4880.0
Uniform1-5000_Seed81_J50_M25,"[0.017784, 0.987221]",25,50,0.02,max_proc,lowest_lower_bound,NO_PROFILING,all_to_shortest,greedy,5721,1543,2001,8.183902740478516,0.1743821010312883,False,4723.36,26,-1,4723.36
Uniform1-5000_Seed81_J50_M25,"[0.017784, 0.987221]",25,50,0.01,max_proc,lowest_lower_bound,PRUNE,all_to_shortest,greedy,5058,183,2001,5.415120840072632,0.06616053776196132,False,4868.0,42,-1,4723.36
Uniform1-5000_Seed82_J50_M25,"[0.020997, 0.936005]",25,50,0.02,max_proc,lowest_lower_bound,NO_PROFILING,all_to_shortest,greedy,5719,25,2001,6.546162843704224,0.15057177828291657,False,4857.88,25,-1,4857.88
Uniform1-5000_Seed82_J50_M25,"[0.020997, 0.936005]",25,50,0.01,max_proc,lowest_lower_bound,PRUNE,all_to_shortest,greedy,5459,42,42,0.15616464614868164,0.11011540575196921,True,5459.0,34,-1,4857.88
Uniform1-5000_Seed83_J50_M25,"[0.028709, 0.989560]",25,50,0.02,max_proc,lowest_lower_bound,NO_PROFILING,all_to_shortest,greedy,5809,1041,2001,9.37967824935913,0.14253744190049922,False,4981.0,25,-1,4981.0
Uniform1-5000_Seed83_J50_M25,"[0.028709, 0.989560]",25,50,0.01,max_proc,lowest_lower_bound,PRUNE,all_to_shortest,greedy,5118,46,46,0.1430501937866211,0.026768268855021492,True,5103.0,44,-1,4981.0
Uniform1-5000_Seed84_J50_M25,"[0.027571, 0.968683]",25,50,0.02,max_proc,lowest_lower_bound,NO_PROFILING,all_to_shortest,greedy,6326,1294,2001,7.0763795375823975,0.1915649699652229,False,5114.16,25,-1,5114.16
Uniform1-5000_Seed84_J50_M25,"[0.027571, 0.968683]",25,50,0.01,max_proc,lowest_lower_bound,PRUNE,all_to_shortest,greedy,6120,28,28,0.0936272144317627,0.16435294117647062,True,6120.0,26,-1,5114.16
Uniform1-5000_Seed85_J50_M25,"[0.023929, 1.000000]",25,50,0.02,max_proc,lowest_lower_bound,NO_PROFILING,all_to_shortest,greedy,4764,38,38,0.11506009101867676,0.0,True,4764.0,36,38,4764.0
Uniform1-5000_Seed85_J50_M25,"[0.023929, 1.000000]",25,50,0.01,max_proc,lowest_lower_bound,PRUNE,all_to_shortest,greedy,4852,68,68,0.18390917778015137,0.018136850783182192,True,4764.0,39,-1,4764.0
Uniform1-5000_Seed86_J50_M25,"[0.034651, 1.000000]",25,50,0.02,max_proc,lowest_lower_bound,NO_PROFILING,all_to_shortest,greedy,4919,42,42,0.11533379554748535,0.002642813579995934,True,4906.0,40,-1,4906.0
Uniform1-5000_Seed86_J50_M25,"[0.034651, 1.000000]",25,50,0.01,max_proc,lowest_lower_bound,PRUNE,all_to_shortest,greedy,4968,45,45,0.14905571937561035,0.01247987117552335,True,4906.0,43,-1,4906.0
Uniform1-5000_Seed87_J50_M25,"[0.013279, 1.000000]",25,50,0.02,max_proc,lowest_lower_bound,NO_PROFILING,all_to_shortest,greedy,5220,1320,2001,6.6528050899505615,0.10555555555555556,False,4669.0,25,-1,4669.0
Uniform1-5000_Seed87_J50_M25,"[0.013279, 1.000000]",25,50,0.01,max_proc,lowest_lower_bound,PRUNE,all_to_shortest,greedy,4752,45,45,0.12514376640319824,0.017466329966329967,True,4685.0,40,-1,4669.0
Uniform1-5000_Seed88_J50_M25,"[0.001505, 0.929431]",25,50,0.02,max_proc,lowest_lower_bound,NO_PROFILING,all_to_shortest,greedy,6544,1014,2001,8.850101947784424,0.18779339853300733,False,5315.08,25,-1,5315.08
Uniform1-5000_Seed88_J50_M25,"[0.001505, 0.929431]",25,50,0.01,max_proc,lowest_lower_bound,PRUNE,all_to_shortest,greedy,5933,35,35,0.12147402763366699,0.10414967132985001,True,5933.0,33,-1,5315.08
Uniform1-5000_Seed89_J50_M25,"[0.006539, 1.000000]",25,50,0.02,max_proc,lowest_lower_bound,NO_PROFILING,all_to_shortest,greedy,4894,12,12,0.03154277801513672,0.0,True,4894.0,10,12,4894.0
Uniform1-5000_Seed89_J50_M25,"[0.006539, 1.000000]",25,50,0.01,max_proc,lowest_lower_bound,PRUNE,all_to_shortest,greedy,4894,12,12,0.031893253326416016,0.0,True,4894.0,10,12,4894.0
Uniform1-5000_Seed90_J50_M25,"[0.021565, 0.981391]",25,50,0.02,max_proc,lowest_lower_bound,NO_PROFILING,all_to_shortest,greedy,5770,621,2001,8.800791263580322,0.13202772963604856,False,5008.2,25,-1,5008.2
Uniform1-5000_Seed90_J50_M25,"[0.021565, 0.981391]",25,50,0.01,max_proc,lowest_lower_bound,PRUNE,all_to_shortest,greedy,5609,39,2001,6.452754974365234,0.1071135674808344,False,5165.0,37,-1,5008.2
Uniform1-5000_Seed91_J50_M25,"[0.016519, 0.978973]",25,50,0.02,max_proc,lowest_lower_bound,NO_PROFILING,all_to_shortest,greedy,5805,545,2001,6.951258420944214,0.12404478897502152,False,5084.92,34,-1,5084.92
Uniform1-5000_Seed91_J50_M25,"[0.016519, 0.978973]",25,50,0.01,max_proc,lowest_lower_bound,PRUNE,all_to_shortest,greedy,5814,143,2001,5.574476718902588,0.12540075679394563,False,5084.92,34,-1,5084.92
Uniform1-5000_Seed92_J50_M25,"[0.008489, 0.902947]",25,50,0.02,max_proc,lowest_lower_bound,NO_PROFILING,all_to_shortest,greedy,6551,458,2001,8.526458501815796,0.17281025797588154,False,5418.92,25,-1,5418.92
Uniform1-5000_Seed92_J50_M25,"[0.008489, 0.902947]",25,50,0.01,max_proc,lowest_lower_bound,PRUNE,all_to_shortest,greedy,5701,118,118,0.392803430557251,0.049479038765128915,True,5701.0,41,-1,5418.92
Uniform1-5000_Seed93_J50_M25,"[0.043561, 0.891795]",25,50,0.02,max_proc,lowest_lower_bound,NO_PROFILING,all_to_shortest,greedy,6277,26,2001,8.121927261352539,0.1478795602995061,False,5348.76,31,-1,5348.76
Uniform1-5000_Seed93_J50_M25,"[0.043561, 0.891795]",25,50,0.01,max_proc,lowest_lower_bound,PRUNE,all_to_shortest,greedy,6097,1489,2001,5.387232542037964,0.12272265048384448,False,5505.0,36,-1,5348.76
Uniform1-5000_Seed94_J50_M25,"[0.019186, 0.970838]",25,50,0.02,max_proc,lowest_lower_bound,NO_PROFILING,all_to_shortest,greedy,6109,1371,2001,10.933337211608887,0.163863152725487,False,5107.96,32,-1,5107.96
Uniform1-5000_Seed94_J50_M25,"[0.019186, 0.970838]",25,50,0.01,max_proc,lowest_lower_bound,PRUNE,all_to_shortest,greedy,6120,640,2001,6.706795692443848,0.1653660130718954,False,5154.0,34,-1,5107.96
Uniform1-5000_Seed95_J50_M25,"[0.028009, 0.944656]",25,50,0.02,max_proc,lowest_lower_bound,NO_PROFILING,all_to_shortest,greedy,6204,278,2001,7.715402841567993,0.17705351386202445,False,5105.56,25,-1,5105.56
Uniform1-5000_Seed95_J50_M25,"[0.028009, 0.944656]",25,50,0.01,max_proc,lowest_lower_bound,PRUNE,all_to_shortest,greedy,5440,39,39,0.1417996883392334,0.06147794117647051,True,5355.0,37,-1,5105.56
Uniform1-5000_Seed96_J50_M25,"[0.022992, 0.919291]",25,50,0.02,max_proc,lowest_lower_bound,NO_PROFILING,all_to_shortest,greedy,6358,84,2001,11.270704984664917,0.17910663730732937,False,5219.24,25,-1,5219.24
Uniform1-5000_Seed96_J50_M25,"[0.022992, 0.919291]",25,50,0.01,max_proc,lowest_lower_bound,PRUNE,all_to_shortest,greedy,6107,200,2001,7.854463338851929,0.1453676109382676,False,5657.0,32,-1,5219.24
Uniform1-5000_Seed97_J50_M25,"[0.001616, 1.000000]",25,50,0.02,max_proc,lowest_lower_bound,NO_PROFILING,all_to_shortest,greedy,4949,35,35,0.10741472244262695,0.0,True,4949.0,33,35,4949.0
Uniform1-5000_Seed97_J50_M25,"[0.001616, 1.000000]",25,50,0.01,max_proc,lowest_lower_bound,PRUNE,all_to_shortest,greedy,4981,35,35,0.13441967964172363,0.0064244127685203775,True,4949.0,33,-1,4949.0
Uniform1-5000_Seed98_J50_M25,"[0.000623, 1.000000]",25,50,0.02,max_proc,lowest_lower_bound,NO_PROFILING,all_to_shortest,greedy,5879,1685,2001,7.199228048324585,0.18081306344616432,False,4816.0,25,-1,4816.0
Uniform1-5000_Seed98_J50_M25,"[0.000623, 1.000000]",25,50,0.01,max_proc,lowest_lower_bound,PRUNE,all_to_shortest,greedy,5341,40,40,0.12160921096801758,0.0982961992136304,True,5297.0,31,-1,4816.0
Uniform1-5000_Seed99_J50_M25,"[0.002447, 1.000000]",25,50,0.02,max_proc,lowest_lower_bound,NO_PROFILING,all_to_shortest,greedy,4904,40,40,0.1374506950378418,0.0,True,4904.0,38,40,4904.0
Uniform1-5000_Seed99_J50_M25,"[0.002447, 1.000000]",25,50,0.01,max_proc,lowest_lower_bound,PRUNE,all_to_shortest,greedy,4969,50,50,0.15196847915649414,0.013081102837593077,True,4904.0,44,-1,4904.0
Uniform1-5000_Seed100_J50_M25,"[0.000542, 0.902846]",25,50,0.02,max_proc,lowest_lower_bound,NO_PROFILING,all_to_shortest,greedy,6618,524,2001,8.529034614562988,0.16418857660924757,False,5531.4,25,-1,5531.4
Uniform1-5000_Seed100_J50_M25,"[0.000542, 0.902846]",25,50,0.01,max_proc,lowest_lower_bound,PRUNE,all_to_shortest,greedy,5909,1863,1863,6.44679856300354,0.0639025215772551,True,5880.0,36,-1,5531.4
Uniform1-5000_Seed1_J100_M50,"[0.003213, 1.000000]",50,100,0.02,max_proc,lowest_lower_bound,NO_PROFILING,all_to_shortest,greedy,5686,1363,2001,33.78517460823059,0.1596799155821315,False,4980.0,50,-1,4778.06
Uniform1-5000_Seed1_J100_M50,"[0.003213, 1.000000]",50,100,0.01,max_proc,lowest_lower_bound,PRUNE,all_to_shortest,greedy,5096,89,89,1.5255064964294434,0.06239010989010981,True,5079.0,85,-1,4778.06
Uniform1-5000_Seed2_J100_M50,"[0.003757, 0.937091]",50,100,0.02,max_proc,lowest_lower_bound,NO_PROFILING,all_to_shortest,greedy,6781,212,2001,47.844874143600464,0.21487686181979057,False,5323.92,50,-1,5323.92
Uniform1-5000_Seed2_J100_M50,"[0.003757, 0.937091]",50,100,0.01,max_proc,lowest_lower_bound,PRUNE,all_to_shortest,greedy,6621,241,2001,41.631404399871826,0.1959039420027186,False,5765.0,61,-1,5323.92
Uniform1-5000_Seed3_J100_M50,"[0.035621, 0.970141]",50,100,0.02,max_proc,lowest_lower_bound,NO_PROFILING,all_to_shortest,greedy,5901,70,2001,41.32817792892456,0.12940179630571097,False,5137.4,71,-1,5137.4
Uniform1-5000_Seed3_J100_M50,"[0.035621, 0.970141]",50,100,0.01,max_proc,lowest_lower_bound,PRUNE,all_to_shortest,greedy,5865,808,2001,39.18594288825989,0.12405797101449281,False,5137.4,71,-1,5137.4
Uniform1-5000_Seed4_J100_M50,"[0.002064, 1.000000]",50,100,0.02,max_proc,lowest_lower_bound,NO_PROFILING,all_to_shortest,greedy,5620,588,2001,35.83055806159973,0.14083985765124563,False,4846.0,63,-1,4828.48
Uniform1-5000_Seed4_J100_M50,"[0.002064, 1.000000]",50,100,0.01,max_proc,lowest_lower_bound,PRUNE,all_to_shortest,greedy,5672,69,2001,38.061716079711914,0.14871650211565593,False,4846.0,63,-1,4828.48
Uniform1-5000_Seed5_J100_M50,"[0.008083, 0.961635]",50,100,0.02,max_proc,lowest_lower_bound,NO_PROFILING,all_to_shortest,greedy,6742,32,2001,44.70681428909302,0.22925541382379122,False,5196.36,50,-1,5196.36
Uniform1-5000_Seed5_J100_M50,"[0.008083, 0.961635]",50,100,0.01,max_proc,lowest_lower_bound,PRUNE,all_to_shortest,greedy,6025,70,2001,36.1341438293457,0.13753360995850628,False,5487.0,67,-1,5196.36
Uniform1-5000_Seed6_J100_M50,"[0.015600, 1.000000]",50,100,0.02,max_proc,lowest_lower_bound,NO_PROFILING,all_to_shortest,greedy,5776,257,2001,36.73570966720581,0.14225415512465373,False,5000.0,67,-1,4954.34
Uniform1-5000_Seed6_J100_M50,"[0.015600, 1.000000]",50,100,0.01,max_proc,lowest_lower_bound,PRUNE,all_to_shortest,greedy,5864,685,2001,30.621321439743042,0.15512619372442016,False,5000.0,67,-1,4954.34
Uniform1-5000_Seed7_J100_M50,"[0.006587, 0.953979]",50,100,0.02,max_proc,lowest_lower_bound,NO_PROFILING,all_to_shortest,greedy,6611,51,2001,41.243486642837524,0.21924973528966873,False,5161.54,50,-1,5161.54
Uniform1-5000_Seed7_J100_M50,"[0.006587, 0.953979]",50,100,0.01,max_proc,lowest_lower_bound,PRUNE,all_to_shortest,greedy,5618,70,70,1.1752970218658447,0.08124955500178,True,5538.0,68,-1,5161.54
Uniform1-5000_Seed8_J100_M50,"[0.005232, 0.892719]",50,100,0.02,max_proc,lowest_lower_bound,NO_PROFILING,all_to_shortest,greedy,7115,499,2001,42.55926060676575,0.2209950808151792,False,5542.62,50,-1,5542.62
Uniform1-5000_Seed8_J100_M50,"[0.005232, 0.892719]",50,100,0.01,max_proc,lowest_lower_bound,PRUNE,all_to_shortest,greedy,6125,77,2001,35.27376055717468,0.09508244897959185,False,5701.0,77,-1,5542.62
Uniform1-5000_Seed9_J100_M50,"[0.027296, 0.932961]",50,100,0.02,max_proc,lowest_lower_bound,NO_PROFILING,all_to_shortest,greedy,6561,1080,2001,42.532761096954346,0.19034903215973176,False,5312.12,50,-1,5312.12
Uniform1-5000_Seed9_J100_M50,"[0.027296, 0.932961]",50,100,0.01,max_proc,lowest_lower_bound,PRUNE,all_to_shortest,greedy,6257,63,2001,40.548917293548584,0.15101166693303503,False,5597.0,63,-1,5312.12
Uniform1-5000_Seed10_J100_M50,"[0.009218, 1.000000]",50,100,0.02,max_proc,lowest_lower_bound,NO_PROFILING,all_to_shortest,greedy,4940,85,85,1.2711756229400635,0.03757489878542508,True,4882.0,83,-1,4754.38
Uniform1-5000_Seed10_J100_M50,"[0.009218, 1.000000]",50,100,0.01,max_proc,lowest_lower_bound,PRUNE,all_to_shortest,greedy,5312,731,2001,35.83472299575806,0.10497364457831324,False,4882.0,80,-1,4754.38
Uniform1-5000_Seed11_J100_M50,"[0.004002, 1.000000]",50,100,0.02,max_proc,lowest_lower_bound,NO_PROFILING,all_to_shortest,greedy,4997,80,80,1.3281631469726562,0.0,True,4997.0,78,80,4997.0
Uniform1-5000_Seed11_J100_M50,"[0.004002, 1.000000]",50,100,0.01,max_proc,lowest_lower_bound,PRUNE,all_to_shortest,greedy,5000,864,864,13.716190099716187,0.0006,True,5000.0,78,-1,4997.0
Uniform1-5000_Seed12_J100_M50,"[0.010028, 1.000000]",50,100,0.02,max_proc,lowest_lower_bound,NO_PROFILING,all_to_shortest,greedy,5080,82,82,1.4815137386322021,0.018503937007874015,True,4986.0,80,-1,4986.0
Uniform1-5000_Seed12_J100_M50,"[0.010028, 1.000000]",50,100,0.01,max_proc,lowest_lower_bound,PRUNE,all_to_shortest,greedy,5403,431,2001,33.19422650337219,0.07717934480843976,False,4986.0,78,-1,4986.0
Uniform1-5000_Seed13_J100_M50,"[0.002429, 1.000000]",50,100,0.02,max_proc,lowest_lower_bound,NO_PROFILING,all_to_shortest,greedy,4994,60,60,0.9947538375854492,0.09659191029235084,True,4940.0,58,-1,4511.62
Uniform1-5000_Seed13_J100_M50,"[0.002429, 1.000000]",50,100,0.01,max_proc,lowest_lower_bound,PRUNE,all_to_shortest,greedy,5031,72,72,1.1487479209899902,0.10323593718942559,True,4940.0,70,-1,4511.62
Uniform1-5000_Seed14_J100_M50,"[0.005537, 0.981191]",50,100,0.02,max_proc,lowest_lower_bound,NO_PROFILING,all_to_shortest,greedy,5925,1459,2001,39.589179277420044,0.1464776371308017,False,5057.12,59,-1,5057.12
Uniform1-5000_Seed14_J100_M50,"[0.005537, 0.981191]",50,100,0.01,max_proc,lowest_lower_bound,PRUNE,all_to_shortest,greedy,5977,74,2001,35.86773943901062,0.15390329596787689,False,5057.12,59,-1,5057.12
Uniform1-5000_Seed15_J100_M50,"[0.003952, 0.983770]",50,100,0.02,max_proc,lowest_lower_bound,NO_PROFILING,all_to_shortest,greedy,6373,29,2001,47.03888010978699,0.2058465400910089,False,5061.14,50,-1,5061.14
Uniform1-5000_Seed15_J100_M50,"[0.003952, 0.983770]",50,100,0.01,max_proc,lowest_lower_bound,PRUNE,all_to_shortest,greedy,5812,72,2001,39.997846603393555,0.12919132828630414,False,5161.0,71,-1,5061.14
Uniform1-5000_Seed16_J100_M50,"[0.004724, 0.978802]",50,100,0.02,max_proc,lowest_lower_bound,NO_PROFILING,all_to_shortest,greedy,6317,442,2001,40.45065498352051,0.1957099889187906,False,5080.7,51,-1,5080.7
Uniform1-5000_Seed16_J100_M50,"[0.004724, 0.978802]",50,100,0.01,max_proc,lowest_lower_bound,PRUNE,all_to_shortest,greedy,5941,834,2001,40.84298801422119,0.14480727150311398,False,5332.0,60,-1,5080.7
Uniform1-5000_Seed17_J100_M50,"[0.031212, 0.911867]",50,100,0.02,max_proc,lowest_lower_bound,NO_PROFILING,all_to_shortest,greedy,6638,1730,2001,42.46862745285034,0.1939499849352214,False,5350.56,50,-1,5350.56
Uniform1-5000_Seed17_J100_M50,"[0.031212, 0.911867]",50,100,0.01,max_proc,lowest_lower_bound,PRUNE,all_to_shortest,greedy,6230,89,2001,41.57947492599487,0.14116211878009624,False,5468.0,72,-1,5350.56
Uniform1-5000_Seed18_J100_M50,"[0.019397, 0.959503]",50,100,0.02,max_proc,lowest_lower_bound,NO_PROFILING,all_to_shortest,greedy,6572,200,2001,40.815592527389526,0.20772063298843585,False,5206.86,50,-1,5206.86
Uniform1-5000_Seed18_J100_M50,"[0.019397, 0.959503]",50,100,0.01,max_proc,lowest_lower_bound,PRUNE,all_to_shortest,greedy,5737,71,71,1.252180576324463,0.09240718145372151,True,5735.0,69,-1,5206.86
Uniform1-5000_Seed19_J100_M50,"[0.001112, 0.926760]",50,100,0.02,max_proc,lowest_lower_bound,NO_PROFILING,all_to_shortest,greedy,6843,275,2001,44.98417520523071,0.21174046470846114,False,5394.06,50,-1,5394.06
Uniform1-5000_Seed19_J100_M50,"[0.001112, 0.926760]",50,100,0.01,max_proc,lowest_lower_bound,PRUNE,all_to_shortest,greedy,6647,88,2001,33.1145966053009,0.1884970663457198,False,5603.0,61,-1,5394.06
Uniform1-5000_Seed20_J100_M50,"[0.008175, 0.919079]",50,100,0.02,max_proc,lowest_lower_bound,NO_PROFILING,all_to_shortest,greedy,6706,415,2001,40.726518869400024,0.19735162541008047,False,5382.56,50,-1,5382.56
Uniform1-5000_Seed20_J100_M50,"[0.008175, 0.919079]",50,100,0.01,max_proc,lowest_lower_bound,PRUNE,all_to_shortest,greedy,5949,84,84,1.4630968570709229,0.09521600268952758,True,5863.0,72,-1,5382.56
Uniform1-5000_Seed21_J100_M50,"[0.001816, 1.000000]",50,100,0.02,max_proc,lowest_lower_bound,NO_PROFILING,all_to_shortest,greedy,5053,52,52,0.808586597442627,0.019394419156936474,True,4955.0,50,-1,4955.0
Uniform1-5000_Seed21_J100_M50,"[0.001816, 1.000000]",50,100,0.01,max_proc,lowest_lower_bound,PRUNE,all_to_shortest,greedy,4966,69,69,1.1891200542449951,0.0022150624244865083,True,4955.0,67,-1,4955.0
Uniform1-5000_Seed22_J100_M50,"[0.018921, 1.000000]",50,100,0.02,max_proc,lowest_lower_bound,NO_PROFILING,all_to_shortest,greedy,5041,68,68,1.1106960773468018,0.0144812537195001,True,4968.0,66,-1,4968.0
Uniform1-5000_Seed22_J100_M50,"[0.018921, 1.000000]",50,100,0.01,max_proc,lowest_lower_bound,PRUNE,all_to_shortest,greedy,4968,72,72,1.2187366485595703,0.0,True,4968.0,70,72,4968.0
Uniform1-5000_Seed23_J100_M50,"[0.008112, 1.000000]",50,100,0.02,max_proc,lowest_lower_bound,NO_PROFILING,all_to_shortest,greedy,5728,180,2001,36.53896713256836,0.13914106145251395,False,4931.0,57,-1,4931.0
Uniform1-5000_Seed23_J100_M50,"[0.008112, 1.000000]",50,100,0.01,max_proc,lowest_lower_bound,PRUNE,all_to_shortest,greedy,5726,143,2001,31.963733673095703,0.1388403772266853,False,4931.0,57,-1,4931.0
Uniform1-5000_Seed24_J100_M50,"[0.007457, 1.000000]",50,100,0.02,max_proc,lowest_lower_bound,NO_PROFILING,all_to_shortest,greedy,6483,364,2001,37.57824754714966,0.23461360481258678,False,4962.0,50,-1,4962.0
Uniform1-5000_Seed24_J100_M50,"[0.007457, 1.000000]",50,100,0.01,max_proc,lowest_lower_bound,PRUNE,all_to_shortest,greedy,5585,68,68,1.1427652835845947,0.11154879140555059,True,5585.0,62,-1,4962.0
Uniform1-5000_Seed25_J100_M50,"[0.003027, 0.998588]",50,100,0.02,max_proc,lowest_lower_bound,NO_PROFILING,all_to_shortest,greedy,6187,1942,2001,40.626325845718384,0.19896557297559397,False,4956.0,50,-1,4956.0
Uniform1-5000_Seed25_J100_M50,"[0.003027, 0.998588]",50,100,0.01,max_proc,lowest_lower_bound,PRUNE,all_to_shortest,greedy,5713,903,2001,43.94936680793762,0.13250481358305619,False,5039.0,70,-1,4956.0
Uniform1-5000_Seed26_J100_M50,"[0.004505, 0.896808]",50,100,0.02,max_proc,lowest_lower_bound,NO_PROFILING,all_to_shortest,greedy,6756,381,2001,46.800527811050415,0.17855535820011836,False,5549.68,50,-1,5549.68
Uniform1-5000_Seed26_J100_M50,"[0.004505, 0.896808]",50,100,0.01,max_proc,lowest_lower_bound,PRUNE,all_to_shortest,greedy,6506,129,2001,35.3245849609375,0.14699047033507526,False,5669.0,77,-1,5549.68
Uniform1-5000_Seed27_J100_M50,"[0.025779, 1.000000]",50,100,0.02,max_proc,lowest_lower_bound,NO_PROFILING,all_to_shortest,greedy,5904,1298,2001,37.92859220504761,0.17869241192411925,False,4849.0,50,-1,4849.0
Uniform1-5000_Seed27_J100_M50,"[0.025779, 1.000000]",50,100,0.01,max_proc,lowest_lower_bound,PRUNE,all_to_shortest,greedy,5332,74,74,1.2505061626434326,0.09058514628657165,True,5332.0,68,-1,4849.0
Uniform1-5000_Seed28_J100_M50,"[0.009252, 1.000000]",50,100,0.02,max_proc,lowest_lower_bound,NO_PROFILING,all_to_shortest,greedy,4972,70,70,1.078275442123413,0.0,True,4972.0,68,70,4972.0
Uniform1-5000_Seed28_J100_M50,"[0.009252, 1.000000]",50,100,0.01,max_proc,lowest_lower_bound,PRUNE,all_to_shortest,greedy,4972,73,73,1.1237742900848389,0.0,True,4972.0,71,73,4972.0
Uniform1-5000_Seed29_J100_M50,"[0.004201, 1.000000]",50,100,0.02,max_proc,lowest_lower_bound,NO_PROFILING,all_to_shortest,greedy,5069,80,80,1.2429814338684082,0.013809429867824028,True,4999.0,78,-1,4999.0
Uniform1-5000_Seed29_J100_M50,"[0.004201, 1.000000]",50,100,0.01,max_proc,lowest_lower_bound,PRUNE,all_to_shortest,greedy,5068,401,401,5.985464096069336,0.01361483820047356,True,4999.0,87,-1,4999.0
Uniform1-5000_Seed30_J100_M50,"[0.009409, 1.000000]",50,100,0.02,max_proc,lowest_lower_bound,NO_PROFILING,all_to_shortest,greedy,6312,1571,2001,35.28789186477661,0.20865019011406843,False,4995.0,50,-1,4995.0
Uniform1-5000_Seed30_J100_M50,"[0.009409, 1.000000]",50,100,0.01,max_proc,lowest_lower_bound,PRUNE,all_to_shortest,greedy,5307,84,84,1.4041733741760254,0.058790276992651214,True,5249.0,67,-1,4995.0
Uniform1-5000_Seed31_J100_M50,"[0.005697, 0.979764]",50,100,0.02,max_proc,lowest_lower_bound,NO_PROFILING,all_to_shortest,greedy,6625,1278,2001,44.57969927787781,0.23169811320754716,False,5090.0,50,-1,5090.0
Uniform1-5000_Seed31_J100_M50,"[0.005697, 0.979764]",50,100,0.01,max_proc,lowest_lower_bound,PRUNE,all_to_shortest,greedy,5662,77,77,1.2488741874694824,0.10102437301306959,True,5574.0,71,-1,5090.0
Uniform1-5000_Seed32_J100_M50,"[0.001998, 0.997431]",50,100,0.02,max_proc,lowest_lower_bound,NO_PROFILING,all_to_shortest,greedy,5778,1612,2001,35.11818337440491,0.1336344755970925,False,5005.86,66,-1,5005.86
Uniform1-5000_Seed32_J100_M50,"[0.001998, 0.997431]",50,100,0.01,max_proc,lowest_lower_bound,PRUNE,all_to_shortest,greedy,5793,1897,2001,31.550204515457153,0.13587778353184884,False,5005.86,66,-1,5005.86
Uniform1-5000_Seed33_J100_M50,"[0.011405, 1.000000]",50,100,0.02,max_proc,lowest_lower_bound,NO_PROFILING,all_to_shortest,greedy,4958,66,66,1.140279769897461,0.009681323114158934,True,4910.0,64,-1,4910.0
Uniform1-5000_Seed33_J100_M50,"[0.011405, 1.000000]",50,100,0.01,max_proc,lowest_lower_bound,PRUNE,all_to_shortest,greedy,4933,77,77,1.5954720973968506,0.004662477194405028,True,4910.0,75,-1,4910.0
Uniform1-5000_Seed34_J100_M50,"[0.029177, 0.970823]",50,100,0.02,max_proc,lowest_lower_bound,NO_PROFILING,all_to_shortest,greedy,6326,1008,2001,41.151581048965454,0.18732216250395195,False,5141.0,62,-1,5141.0
Uniform1-5000_Seed34_J100_M50,"[0.029177, 0.970823]",50,100,0.01,max_proc,lowest_lower_bound,PRUNE,all_to_shortest,greedy,6395,104,2001,42.57443690299988,0.19609069585613761,False,5154.0,62,-1,5141.0
Uniform1-5000_Seed35_J100_M50,"[0.008699, 0.884843]",50,100,0.02,max_proc,lowest_lower_bound,NO_PROFILING,all_to_shortest,greedy,7284,562,2001,49.52725791931152,0.226710598572213,False,5632.64,50,-1,5632.64
Uniform1-5000_Seed35_J100_M50,"[0.008699, 0.884843]",50,100,0.01,max_proc,lowest_lower_bound,PRUNE,all_to_shortest,greedy,6242,368,2001,36.30878496170044,0.09762255687279713,False,5776.0,76,-1,5632.64
Uniform1-5000_Seed36_J100_M50,"[0.002283, 0.945231]",50,100,0.02,max_proc,lowest_lower_bound,NO_PROFILING,all_to_shortest,greedy,6603,836,2001,41.77383089065552,0.20401938512797219,False,5255.86,51,-1,5255.86
Uniform1-5000_Seed36_J100_M50,"[0.002283, 0.945231]",50,100,0.01,max_proc,lowest_lower_bound,PRUNE,all_to_shortest,greedy,5580,165,165,2.9489846229553223,0.05808960573476708,True,5520.0,79,-1,5255.86
Uniform1-5000_Seed37_J100_M50,"[0.002924, 0.905203]",50,100,0.02,max_proc,lowest_lower_bound,NO_PROFILING,all_to_shortest,greedy,6932,454,2001,39.850446939468384,0.21066070398153494,False,5471.7,50,-1,5471.7
Uniform1-5000_Seed37_J100_M50,"[0.002924, 0.905203]",50,100,0.01,max_proc,lowest_lower_bound,PRUNE,all_to_shortest,greedy,5931,391,391,9.036174297332764,0.07744056651492164,True,5931.0,74,-1,5471.7
Uniform1-5000_Seed38_J100_M50,"[0.000200, 1.000000]",50,100,0.02,max_proc,lowest_lower_bound,NO_PROFILING,all_to_shortest,greedy,5429,1348,2001,30.35613489151001,0.08067784122306133,False,4991.0,71,-1,4991.0
Uniform1-5000_Seed38_J100_M50,"[0.000200, 1.000000]",50,100,0.01,max_proc,lowest_lower_bound,PRUNE,all_to_shortest,greedy,5500,165,2001,28.46977972984314,0.09254545454545454,False,4991.0,70,-1,4991.0
Uniform1-5000_Seed39_J100_M50,"[0.003410, 1.000000]",50,100,0.02,max_proc,lowest_lower_bound,NO_PROFILING,all_to_shortest,greedy,6315,689,2001,34.54337120056152,0.21060965954077593,False,4985.0,50,-1,4985.0
Uniform1-5000_Seed39_J100_M50,"[0.003410, 1.000000]",50,100,0.01,max_proc,lowest_lower_bound,PRUNE,all_to_shortest,greedy,5624,88,88,1.4284300804138184,0.11362019914651493,True,5550.0,63,-1,4985.0
Uniform1-5000_Seed40_J100_M50,"[0.020870, 0.888064]",50,100,0.02,max_proc,lowest_lower_bound,NO_PROFILING,all_to_shortest,greedy,7098,164,2001,48.43443846702576,0.21693998309382928,False,5558.16,50,-1,5558.16
Uniform1-5000_Seed40_J100_M50,"[0.020870, 0.888064]",50,100,0.01,max_proc,lowest_lower_bound,PRUNE,all_to_shortest,greedy,6358,75,75,1.4384076595306396,0.12580056621579117,True,6246.0,69,-1,5558.16
Uniform1-5000_Seed41_J100_M50,"[0.019664, 0.998050]",50,100,0.02,max_proc,lowest_lower_bound,NO_PROFILING,all_to_shortest,greedy,6248,546,2001,45.860267639160156,0.20234955185659406,False,4983.72,51,-1,4983.72
Uniform1-5000_Seed41_J100_M50,"[0.019664, 0.998050]",50,100,0.01,max_proc,lowest_lower_bound,PRUNE,all_to_shortest,greedy,5961,1180,2001,35.307215452194214,0.16394564670357317,False,5215.0,59,-1,4983.72
Uniform1-5000_Seed42_J100_M50,"[0.007125, 1.000000]",50,100,0.02,max_proc,lowest_lower_bound,NO_PROFILING,all_to_shortest,greedy,6170,254,2001,39.6711905002594,0.2038897893030794,False,4912.0,50,-1,4912.0
Uniform1-5000_Seed42_J100_M50,"[0.007125, 1.000000]",50,100,0.01,max_proc,lowest_lower_bound,PRUNE,all_to_shortest,greedy,5076,113,113,1.90092134475708,0.03230890464933018,True,5014.0,84,-1,4912.0
Uniform1-5000_Seed43_J100_M50,"[0.006631, 1.000000]",50,100,0.02,max_proc,lowest_lower_bound,NO_PROFILING,all_to_shortest,greedy,6158,1407,2001,35.55197334289551,0.19178304644365055,False,4977.0,53,-1,4977.0
Uniform1-5000_Seed43_J100_M50,"[0.006631, 1.000000]",50,100,0.01,max_proc,lowest_lower_bound,PRUNE,all_to_shortest,greedy,6169,1993,2001,37.00539994239807,0.19322418544334577,False,5130.0,60,-1,4977.0
Uniform1-5000_Seed44_J100_M50,"[0.020556, 1.000000]",50,100,0.02,max_proc,lowest_lower_bound,NO_PROFILING,all_to_shortest,greedy,6210,1799,2001,40.57827877998352,0.20096618357487922,False,4962.0,50,-1,4962.0
Uniform1-5000_Seed44_J100_M50,"[0.020556, 1.000000]",50,100,0.01,max_proc,lowest_lower_bound,PRUNE,all_to_shortest,greedy,5610,1936,2001,40.65937685966492,0.11550802139037433,False,5108.0,69,-1,4962.0
Uniform1-5000_Seed45_J100_M50,"[0.013956, 0.981248]",50,100,0.02,max_proc,lowest_lower_bound,NO_PROFILING,all_to_shortest,greedy,6278,342,2001,41.76832294464111,0.18964638419878949,False,5087.4,50,-1,5087.4
Uniform1-5000_Seed45_J100_M50,"[0.013956, 0.981248]",50,100,0.01,max_proc,lowest_lower_bound,PRUNE,all_to_shortest,greedy,5470,676,676,11.603615283966064,0.06994515539305309,True,5380.0,76,-1,5087.4
Uniform1-5000_Seed46_J100_M50,"[0.003412, 1.000000]",50,100,0.02,max_proc,lowest_lower_bound,NO_PROFILING,all_to_shortest,greedy,5905,577,2001,36.50149989128113,0.1561388653683319,False,4983.0,51,-1,4983.0
Uniform1-5000_Seed46_J100_M50,"[0.003412, 1.000000]",50,100,0.01,max_proc,lowest_lower_bound,PRUNE,all_to_shortest,greedy,5097,91,91,1.4750068187713623,0.022366097704532076,True,5003.0,85,-1,4983.0
Uniform1-5000_Seed47_J100_M50,"[0.025390, 0.911820]",50,100,0.02,max_proc,lowest_lower_bound,NO_PROFILING,all_to_shortest,greedy,6861,1005,2001,45.518303871154785,0.21355487538259726,False,5395.8,50,-1,5395.8
Uniform1-5000_Seed47_J100_M50,"[0.025390, 0.911820]",50,100,0.01,max_proc,lowest_lower_bound,PRUNE,all_to_shortest,greedy,5930,107,107,1.8675637245178223,0.09008431703204044,True,5891.0,78,-1,5395.8
Uniform1-5000_Seed48_J100_M50,"[0.009350, 0.967734]",50,100,0.02,max_proc,lowest_lower_bound,NO_PROFILING,all_to_shortest,greedy,6293,293,2001,42.74224901199341,0.18423009693310022,False,5133.64,50,-1,5133.64
Uniform1-5000_Seed48_J100_M50,"[0.009350, 0.967734]",50,100,0.01,max_proc,lowest_lower_bound,PRUNE,all_to_shortest,greedy,6125,70,2001,41.552579402923584,0.16185469387755097,False,5203.0,65,-1,5133.64
Uniform1-5000_Seed49_J100_M50,"[0.032679, 0.868944]",50,100,0.02,max_proc,lowest_lower_bound,NO_PROFILING,all_to_shortest,greedy,7519,1738,2001,44.48182773590088,0.2348769783215853,False,5752.96,50,-1,5752.96
Uniform1-5000_Seed49_J100_M50,"[0.032679, 0.868944]",50,100,0.01,max_proc,lowest_lower_bound,PRUNE,all_to_shortest,greedy,6454,72,72,1.4310481548309326,0.1086210102262163,True,6418.0,66,-1,5752.96
Uniform1-5000_Seed50_J100_M50,"[0.010543, 1.000000]",50,100,0.02,max_proc,lowest_lower_bound,NO_PROFILING,all_to_shortest,greedy,5025,74,74,1.2583496570587158,0.018507462686567163,True,4932.0,72,-1,4932.0
Uniform1-5000_Seed50_J100_M50,"[0.010543, 1.000000]",50,100,0.01,max_proc,lowest_lower_bound,PRUNE,all_to_shortest,greedy,5026,85,85,1.3916490077972412,0.01870274572224433,True,4932.0,83,-1,4932.0
Uniform1-5000_Seed51_J100_M50,"[0.000605, 1.000000]",50,100,0.02,max_proc,lowest_lower_bound,NO_PROFILING,all_to_shortest,greedy,5035,901,901,13.198817253112793,0.01509433962264151,True,4959.0,85,-1,4959.0
Uniform1-5000_Seed51_J100_M50,"[0.000605, 1.000000]",50,100,0.01,max_proc,lowest_lower_bound,PRUNE,all_to_shortest,greedy,5261,117,2001,34.473925828933716,0.05740353544953431,False,4959.0,84,-1,4959.0
Uniform1-5000_Seed52_J100_M50,"[0.003165, 0.927777]",50,100,0.02,max_proc,lowest_lower_bound,NO_PROFILING,all_to_shortest,greedy,6987,1366,2001,51.29805302619934,0.23130098754830405,False,5370.9,50,-1,5370.9
Uniform1-5000_Seed52_J100_M50,"[0.003165, 0.927777]",50,100,0.01,max_proc,lowest_lower_bound,PRUNE,all_to_shortest,greedy,5783,1163,1163,20.519246101379395,0.07126059138855272,True,5707.0,77,-1,5370.9
Uniform1-5000_Seed53_J100_M50,"[0.007100, 0.983524]",50,100,0.02,max_proc,lowest_lower_bound,NO_PROFILING,all_to_shortest,greedy,6674,1619,2001,44.52537560462952,0.24025471980821098,False,5070.54,50,-1,5070.54
Uniform1-5000_Seed53_J100_M50,"[0.007100, 0.983524]",50,100,0.01,max_proc,lowest_lower_bound,PRUNE,all_to_shortest,greedy,5538,667,667,10.637637615203857,0.084409534127844,True,5446.0,65,-1,5070.54
Uniform1-5000_Seed54_J100_M50,"[0.001806, 1.000000]",50,100,0.02,max_proc,lowest_lower_bound,NO_PROFILING,all_to_shortest,greedy,6215,129,2001,43.62424349784851,0.19806918744971844,False,4984.0,55,-1,4984.0
Uniform1-5000_Seed54_J100_M50,"[0.001806, 1.000000]",50,100,0.01,max_proc,lowest_lower_bound,PRUNE,all_to_shortest,greedy,6110,1023,2001,33.89736843109131,0.18428805237315876,False,5072.0,61,-1,4984.0
Uniform1-5000_Seed55_J100_M50,"[0.000764, 0.946804]",50,100,0.02,max_proc,lowest_lower_bound,NO_PROFILING,all_to_shortest,greedy,6759,234,2001,39.37926173210144,0.2250895102825862,False,5237.62,50,-1,5237.62
Uniform1-5000_Seed55_J100_M50,"[0.000764, 0.946804]",50,100,0.01,max_proc,lowest_lower_bound,PRUNE,all_to_shortest,greedy,5956,70,70,1.1826119422912598,0.1206145063801209,True,5956.0,65,-1,5237.62
Uniform1-5000_Seed56_J100_M50,"[0.016896, 0.957285]",50,100,0.02,max_proc,lowest_lower_bound,NO_PROFILING,all_to_shortest,greedy,6421,1132,2001,46.34636068344116,0.18883662980844113,False,5208.48,50,-1,5208.48
Uniform1-5000_Seed56_J100_M50,"[0.016896, 0.957285]",50,100,0.01,max_proc,lowest_lower_bound,PRUNE,all_to_shortest,greedy,5482,86,86,2.0603578090667725,0.0498941991973733,True,5482.0,84,-1,5208.48
Uniform1-5000_Seed57_J100_M50,"[0.017328, 1.000000]",50,100,0.02,max_proc,lowest_lower_bound,NO_PROFILING,all_to_shortest,greedy,5386,1657,2001,37.82873010635376,0.15354623096917935,False,4559.0,55,-1,4559.0
Uniform1-5000_Seed57_J100_M50,"[0.017328, 1.000000]",50,100,0.01,max_proc,lowest_lower_bound,PRUNE,all_to_shortest,greedy,5431,1592,2001,33.27938222885132,0.16055974958571165,False,4691.0,57,-1,4559.0
Uniform1-5000_Seed58_J100_M50,"[0.005453, 0.916444]",50,100,0.02,max_proc,lowest_lower_bound,NO_PROFILING,all_to_shortest,greedy,6805,856,2001,47.328763484954834,0.21845995591476855,False,5318.38,50,-1,5318.38
Uniform1-5000_Seed58_J100_M50,"[0.005453, 0.916444]",50,100,0.01,max_proc,lowest_lower_bound,PRUNE,all_to_shortest,greedy,5607,82,82,1.8572766780853271,0.05147494203673977,True,5607.0,78,-1,5318.38
Uniform1-5000_Seed59_J100_M50,"[0.000953, 0.941263]",50,100,0.02,max_proc,lowest_lower_bound,NO_PROFILING,all_to_shortest,greedy,6501,299,2001,41.17371988296509,0.19302568835563755,False,5246.14,55,-1,5246.14
Uniform1-5000_Seed59_J100_M50,"[0.000953, 0.941263]",50,100,0.01,max_proc,lowest_lower_bound,PRUNE,all_to_shortest,greedy,6377,207,2001,42.373003244400024,0.17733416967225962,False,5466.0,59,-1,5246.14
Uniform1-5000_Seed60_J100_M50,"[0.006912, 0.929420]",50,100,0.02,max_proc,lowest_lower_bound,NO_PROFILING,all_to_shortest,greedy,6688,1064,2001,42.889660120010376,0.1996411483253588,False,5352.8,50,-1,5352.8
Uniform1-5000_Seed60_J100_M50,"[0.006912, 0.929420]",50,100,0.01,max_proc,lowest_lower_bound,PRUNE,all_to_shortest,greedy,5735,83,83,1.4387688636779785,0.06664341761115951,True,5636.0,76,-1,5352.8
Uniform1-5000_Seed61_J100_M50,"[0.008023, 0.970355]",50,100,0.02,max_proc,lowest_lower_bound,NO_PROFILING,all_to_shortest,greedy,6508,306,2001,45.576197385787964,0.21473570989551322,False,5110.5,50,-1,5110.5
Uniform1-5000_Seed61_J100_M50,"[0.008023, 0.970355]",50,100,0.01,max_proc,lowest_lower_bound,PRUNE,all_to_shortest,greedy,5951,160,2001,40.821016788482666,0.14123676692992773,False,5236.0,66,-1,5110.5
Uniform1-5000_Seed62_J100_M50,"[0.001781, 0.966531]",50,100,0.02,max_proc,lowest_lower_bound,NO_PROFILING,all_to_shortest,greedy,6434,42,2001,47.25151801109314,0.21446067764998447,False,5054.16,50,-1,5054.16
Uniform1-5000_Seed62_J100_M50,"[0.001781, 0.966531]",50,100,0.01,max_proc,lowest_lower_bound,PRUNE,all_to_shortest,greedy,5705,84,84,1.5656845569610596,0.11408238387379495,True,5644.0,69,-1,5054.16
Uniform1-5000_Seed63_J100_M50,"[0.003643, 0.951112]",50,100,0.02,max_proc,lowest_lower_bound,NO_PROFILING,all_to_shortest,greedy,6348,1063,2001,44.24534893035889,0.17832388153749212,False,5216.0,50,-1,5216.0
Uniform1-5000_Seed63_J100_M50,"[0.003643, 0.951112]",50,100,0.01,max_proc,lowest_lower_bound,PRUNE,all_to_shortest,greedy,6294,185,2001,36.368236780166626,0.17127422942484907,False,5389.0,62,-1,5216.0
Uniform1-5000_Seed64_J100_M50,"[0.004784, 1.000000]",50,100,0.02,max_proc,lowest_lower_bound,NO_PROFILING,all_to_shortest,greedy,5732,1895,2001,35.90343713760376,0.1612002791346825,False,4808.0,50,-1,4808.0
Uniform1-5000_Seed64_J100_M50,"[0.004784, 1.000000]",50,100,0.01,max_proc,lowest_lower_bound,PRUNE,all_to_shortest,greedy,4869,88,88,1.4491307735443115,0.01252823988498665,True,4869.0,83,-1,4808.0
Uniform1-5000_Seed65_J100_M50,"[0.013023, 1.000000]",50,100,0.02,max_proc,lowest_lower_bound,NO_PROFILING,all_to_shortest,greedy,4991,83,83,1.3549597263336182,0.0,True,4991.0,81,83,4991.0
Uniform1-5000_Seed65_J100_M50,"[0.013023, 1.000000]",50,100,0.01,max_proc,lowest_lower_bound,PRUNE,all_to_shortest,greedy,5475,1672,2001,35.096938371658325,0.08840182648401826,False,4991.0,72,-1,4991.0
Uniform1-5000_Seed66_J100_M50,"[0.008422, 0.968522]",50,100,0.02,max_proc,lowest_lower_bound,NO_PROFILING,all_to_shortest,greedy,6285,868,2001,45.92655420303345,0.18763404932378674,False,5105.72,50,-1,5105.72
Uniform1-5000_Seed66_J100_M50,"[0.008422, 0.968522]",50,100,0.01,max_proc,lowest_lower_bound,PRUNE,all_to_shortest,greedy,5396,85,85,1.422428846359253,0.05379540400296511,True,5396.0,77,-1,5105.72
Uniform1-5000_Seed67_J100_M50,"[0.001830, 1.000000]",50,100,0.02,max_proc,lowest_lower_bound,NO_PROFILING,all_to_shortest,greedy,5126,82,2001,29.812163591384888,0.04057744830277019,False,4918.0,82,-1,4918.0
Uniform1-5000_Seed67_J100_M50,"[0.001830, 1.000000]",50,100,0.01,max_proc,lowest_lower_bound,PRUNE,all_to_shortest,greedy,5202,231,2001,34.35171818733215,0.05459438677431757,False,4918.0,82,-1,4918.0
Uniform1-5000_Seed68_J100_M50,"[0.018826, 1.000000]",50,100,0.02,max_proc,lowest_lower_bound,NO_PROFILING,all_to_shortest,greedy,5377,1478,2001,34.331796646118164,0.07141528733494514,False,4993.0,78,-1,4993.0
Uniform1-5000_Seed68_J100_M50,"[0.018826, 1.000000]",50,100,0.01,max_proc,lowest_lower_bound,PRUNE,all_to_shortest,greedy,5629,886,2001,36.157734394073486,0.11298632083851483,False,4993.0,77,-1,4993.0
Uniform1-5000_Seed69_J100_M50,"[0.003789, 0.941673]",50,100,0.02,max_proc,lowest_lower_bound,NO_PROFILING,all_to_shortest,greedy,6280,376,2001,39.50982308387756,0.1595796178343949,False,5277.84,50,-1,5277.84
Uniform1-5000_Seed69_J100_M50,"[0.003789, 0.941673]",50,100,0.01,max_proc,lowest_lower_bound,PRUNE,all_to_shortest,greedy,6168,64,2001,43.07001209259033,0.1443190661478599,False,5346.0,65,-1,5277.84
Uniform1-5000_Seed70_J100_M50,"[0.006452, 0.921512]",50,100,0.02,max_proc,lowest_lower_bound,NO_PROFILING,all_to_shortest,greedy,6668,1501,2001,41.15818953514099,0.18644571085782846,False,5424.78,50,-1,5424.78
Uniform1-5000_Seed70_J100_M50,"[0.006452, 0.921512]",50,100,0.01,max_proc,lowest_lower_bound,PRUNE,all_to_shortest,greedy,6089,76,2001,39.089595079422,0.10908523567088196,False,5510.0,67,-1,5424.78
Uniform1-5000_Seed71_J100_M50,"[0.016621, 0.968349]",50,100,0.02,max_proc,lowest_lower_bound,NO_PROFILING,all_to_shortest,greedy,6493,488,2001,43.33230423927307,0.21240412752194676,False,5113.86,50,-1,5113.86
Uniform1-5000_Seed71_J100_M50,"[0.016621, 0.968349]",50,100,0.01,max_proc,lowest_lower_bound,PRUNE,all_to_shortest,greedy,5340,85,85,1.3997454643249512,0.042348314606741634,True,5301.0,83,-1,5113.86
Uniform1-5000_Seed72_J100_M50,"[0.012602, 0.949910]",50,100,0.02,max_proc,lowest_lower_bound,NO_PROFILING,all_to_shortest,greedy,6491,555,2001,43.25888133049011,0.19313819134185795,False,5237.34,50,-1,5237.34
Uniform1-5000_Seed72_J100_M50,"[0.012602, 0.949910]",50,100,0.01,max_proc,lowest_lower_bound,PRUNE,all_to_shortest,greedy,5870,71,71,1.2632980346679688,0.10777853492333898,True,5824.0,69,-1,5237.34
Uniform1-5000_Seed73_J100_M50,"[0.007238, 1.000000]",50,100,0.02,max_proc,lowest_lower_bound,NO_PROFILING,all_to_shortest,greedy,5697,135,2001,34.68671417236328,0.12690889942074776,False,4974.0,54,-1,4974.0
Uniform1-5000_Seed73_J100_M50,"[0.007238, 1.000000]",50,100,0.01,max_proc,lowest_lower_bound,PRUNE,all_to_shortest,greedy,5082,128,128,2.1357526779174805,0.021251475796930343,True,4983.0,76,-1,4974.0
Uniform1-5000_Seed74_J100_M50,"[0.020545, 0.949466]",50,100,0.02,max_proc,lowest_lower_bound,NO_PROFILING,all_to_shortest,greedy,6712,1186,2001,49.19359278678894,0.21682955899880807,False,5256.64,51,-1,5256.64
Uniform1-5000_Seed74_J100_M50,"[0.020545, 0.949466]",50,100,0.01,max_proc,lowest_lower_bound,PRUNE,all_to_shortest,greedy,6371,1534,2001,31.599693059921265,0.17491131690472447,False,5455.0,56,-1,5256.64
Uniform1-5000_Seed75_J100_M50,"[0.003611, 0.988095]",50,100,0.02,max_proc,lowest_lower_bound,NO_PROFILING,all_to_shortest,greedy,6164,175,2001,42.87399125099182,0.19137897469175857,False,4984.34,50,-1,4984.34
Uniform1-5000_Seed75_J100_M50,"[0.003611, 0.988095]",50,100,0.01,max_proc,lowest_lower_bound,PRUNE,all_to_shortest,greedy,5841,545,2001,39.27001667022705,0.14666324259544597,False,5012.0,67,-1,4984.34
Uniform1-5000_Seed76_J100_M50,"[0.005590, 0.959159]",50,100,0.02,max_proc,lowest_lower_bound,NO_PROFILING,all_to_shortest,greedy,6288,750,2001,39.32795190811157,0.17495547073791348,False,5187.88,50,-1,5187.88
Uniform1-5000_Seed76_J100_M50,"[0.005590, 0.959159]",50,100,0.01,max_proc,lowest_lower_bound,PRUNE,all_to_shortest,greedy,5563,87,87,1.4501848220825195,0.06743124213553836,True,5454.0,82,-1,5187.88
Uniform1-5000_Seed77_J100_M50,"[0.025618, 0.987588]",50,100,0.02,max_proc,lowest_lower_bound,NO_PROFILING,all_to_shortest,greedy,5888,1829,2001,38.71173167228699,0.14478600543478262,False,5035.5,64,-1,5035.5
Uniform1-5000_Seed77_J100_M50,"[0.025618, 0.987588]",50,100,0.01,max_proc,lowest_lower_bound,PRUNE,all_to_shortest,greedy,5937,61,2001,39.7493941783905,0.151844365841334,False,5039.0,64,-1,5035.5
Uniform1-5000_Seed78_J100_M50,"[0.004547, 0.920631]",50,100,0.02,max_proc,lowest_lower_bound,NO_PROFILING,all_to_shortest,greedy,6647,398,2001,45.32694482803345,0.20597261922671886,False,5277.9,50,-1,5277.9
Uniform1-5000_Seed78_J100_M50,"[0.004547, 0.920631]",50,100,0.01,max_proc,lowest_lower_bound,PRUNE,all_to_shortest,greedy,6259,79,2001,42.84139442443848,0.15675027959737983,False,5548.0,67,-1,5277.9
Uniform1-5000_Seed79_J100_M50,"[0.001168, 0.972143]",50,100,0.02,max_proc,lowest_lower_bound,NO_PROFILING,all_to_shortest,greedy,6575,917,2001,49.73442721366882,0.2183787072243346,False,5139.16,50,-1,5139.16
Uniform1-5000_Seed79_J100_M50,"[0.001168, 0.972143]",50,100,0.01,max_proc,lowest_lower_bound,PRUNE,all_to_shortest,greedy,5547,1851,1851,41.81616473197937,0.07352442761853256,True,5440.0,82,-1,5139.16
Uniform1-5000_Seed80_J100_M50,"[0.004269, 0.992047]",50,100,0.02,max_proc,lowest_lower_bound,NO_PROFILING,all_to_shortest,greedy,6201,1774,2001,47.12027955055237,0.2067214965328173,False,4919.12,50,-1,4919.12
Uniform1-5000_Seed80_J100_M50,"[0.004269, 0.992047]",50,100,0.01,max_proc,lowest_lower_bound,PRUNE,all_to_shortest,greedy,5300,478,478,8.364355087280273,0.07186415094339625,True,5203.0,74,-1,4919.12
Uniform1-5000_Seed81_J100_M50,"[0.006404, 1.000000]",50,100,0.02,max_proc,lowest_lower_bound,NO_PROFILING,all_to_shortest,greedy,4997,71,71,1.060293197631836,0.0,True,4997.0,69,71,4997.0
Uniform1-5000_Seed81_J100_M50,"[0.006404, 1.000000]",50,100,0.01,max_proc,lowest_lower_bound,PRUNE,all_to_shortest,greedy,5010,85,85,1.3121380805969238,0.002594810379241517,True,4997.0,83,-1,4997.0
Uniform1-5000_Seed82_J100_M50,"[0.020652, 1.000000]",50,100,0.02,max_proc,lowest_lower_bound,NO_PROFILING,all_to_shortest,greedy,5694,1617,2001,41.40994453430176,0.1325957147874956,False,4939.0,57,-1,4939.0
Uniform1-5000_Seed82_J100_M50,"[0.020652, 1.000000]",50,100,0.01,max_proc,lowest_lower_bound,PRUNE,all_to_shortest,greedy,5637,55,2001,43.31001877784729,0.12382472946602803,False,4939.0,57,-1,4939.0
Uniform1-5000_Seed83_J100_M50,"[0.014304, 0.993029]",50,100,0.02,max_proc,lowest_lower_bound,NO_PROFILING,all_to_shortest,greedy,6123,633,2001,43.877054929733276,0.18935162502041478,False,4963.6,50,-1,4963.6
Uniform1-5000_Seed83_J100_M50,"[0.014304, 0.993029]",50,100,0.01,max_proc,lowest_lower_bound,PRUNE,all_to_shortest,greedy,6259,1462,2001,51.30045509338379,0.20696596900463327,False,5166.0,59,-1,4963.6
Uniform1-5000_Seed84_J100_M50,"[0.001963, 0.972398]",50,100,0.02,max_proc,lowest_lower_bound,NO_PROFILING,all_to_shortest,greedy,6451,778,2001,36.56487202644348,0.21025887459308637,False,5094.62,50,-1,5094.62
Uniform1-5000_Seed84_J100_M50,"[0.001963, 0.972398]",50,100,0.01,max_proc,lowest_lower_bound,PRUNE,all_to_shortest,greedy,5549,106,106,1.679917812347412,0.0818850243287079,True,5549.0,75,-1,5094.62
Uniform1-5000_Seed85_J100_M50,"[0.003038, 1.000000]",50,100,0.02,max_proc,lowest_lower_bound,NO_PROFILING,all_to_shortest,greedy,4950,79,79,1.2752223014831543,0.0026262626262626263,True,4937.0,77,-1,4937.0
Uniform1-5000_Seed85_J100_M50,"[0.003038, 1.000000]",50,100,0.01,max_proc,lowest_lower_bound,PRUNE,all_to_shortest,greedy,4985,169,169,2.5652520656585693,0.00962888665997994,True,4937.0,88,-1,4937.0
Uniform1-5000_Seed86_J100_M50,"[0.012026, 1.000000]",50,100,0.02,max_proc,lowest_lower_bound,NO_PROFILING,all_to_shortest,greedy,4906,55,55,0.8689935207366943,0.0,True,4906.0,53,55,4906.0
Uniform1-5000_Seed86_J100_M50,"[0.012026, 1.000000]",50,100,0.01,max_proc,lowest_lower_bound,PRUNE,all_to_shortest,greedy,5000,70,70,1.1215882301330566,0.0188,True,4906.0,68,-1,4906.0
Uniform1-5000_Seed87_J100_M50,"[0.012563, 1.000000]",50,100,0.02,max_proc,lowest_lower_bound,NO_PROFILING,all_to_shortest,greedy,4962,62,62,1.0759944915771484,0.005441354292623942,True,4935.0,60,-1,4935.0
Uniform1-5000_Seed87_J100_M50,"[0.012563, 1.000000]",50,100,0.01,max_proc,lowest_lower_bound,PRUNE,all_to_shortest,greedy,4990,76,76,1.1920101642608643,0.011022044088176353,True,4935.0,74,-1,4935.0
Uniform1-5000_Seed88_J100_M50,"[0.001507, 0.931858]",50,100,0.02,max_proc,lowest_lower_bound,NO_PROFILING,all_to_shortest,greedy,6640,1012,2001,41.81019425392151,0.2003283132530121,False,5309.82,50,-1,5309.82
Uniform1-5000_Seed88_J100_M50,"[0.001507, 0.931858]",50,100,0.01,max_proc,lowest_lower_bound,PRUNE,all_to_shortest,greedy,6464,746,2001,40.95008730888367,0.17855507425742578,False,5550.0,67,-1,5309.82
Uniform1-5000_Seed89_J100_M50,"[0.006529, 1.000000]",50,100,0.02,max_proc,lowest_lower_bound,NO_PROFILING,all_to_shortest,greedy,4901,42,42,0.6236598491668701,0.0,True,4901.0,40,42,4901.0
Uniform1-5000_Seed89_J100_M50,"[0.006529, 1.000000]",50,100,0.01,max_proc,lowest_lower_bound,PRUNE,all_to_shortest,greedy,4901,48,48,0.7641811370849609,0.0,True,4901.0,46,48,4901.0
Uniform1-5000_Seed90_J100_M50,"[0.006568, 0.957753]",50,100,0.02,max_proc,lowest_lower_bound,NO_PROFILING,all_to_shortest,greedy,6499,1990,2001,43.43733048439026,0.20346207108785969,False,5176.7,56,-1,5176.7
Uniform1-5000_Seed90_J100_M50,"[0.006568, 0.957753]",50,100,0.01,max_proc,lowest_lower_bound,PRUNE,all_to_shortest,greedy,6078,1707,2001,42.30961585044861,0.1482889108259296,False,5259.0,59,-1,5176.7
Uniform1-5000_Seed91_J100_M50,"[0.009220, 0.936714]",50,100,0.02,max_proc,lowest_lower_bound,NO_PROFILING,all_to_shortest,greedy,6371,1203,2001,42.6294150352478,0.16585779312509816,False,5314.32,63,-1,5314.32
Uniform1-5000_Seed91_J100_M50,"[0.009220, 0.936714]",50,100,0.01,max_proc,lowest_lower_bound,PRUNE,all_to_shortest,greedy,6209,315,2001,38.283226013183594,0.14409405701401196,False,5317.0,63,-1,5314.32
Uniform1-5000_Seed92_J100_M50,"[0.003913, 0.924321]",50,100,0.02,max_proc,lowest_lower_bound,NO_PROFILING,all_to_shortest,greedy,6765,151,2001,44.89905095100403,0.20678492239467844,False,5366.1,50,-1,5366.1
Uniform1-5000_Seed92_J100_M50,"[0.003913, 0.924321]",50,100,0.01,max_proc,lowest_lower_bound,PRUNE,all_to_shortest,greedy,5731,86,86,1.4669291973114014,0.06367126155993712,True,5650.0,84,-1,5366.1
Uniform1-5000_Seed93_J100_M50,"[0.009845, 0.935698]",50,100,0.02,max_proc,lowest_lower_bound,NO_PROFILING,all_to_shortest,greedy,6607,1091,2001,45.947378158569336,0.20060239140305738,False,5281.62,52,-1,5281.62
Uniform1-5000_Seed93_J100_M50,"[0.009845, 0.935698]",50,100,0.01,max_proc,lowest_lower_bound,PRUNE,all_to_shortest,greedy,6254,70,2001,42.644760608673096,0.1554812919731372,False,5395.0,70,-1,5281.62
Uniform1-5000_Seed94_J100_M50,"[0.018543, 0.938334]",50,100,0.02,max_proc,lowest_lower_bound,NO_PROFILING,all_to_shortest,greedy,6268,1049,2001,43.85632348060608,0.15684428844926618,False,5284.9,64,-1,5284.9
Uniform1-5000_Seed94_J100_M50,"[0.018543, 0.938334]",50,100,0.01,max_proc,lowest_lower_bound,PRUNE,all_to_shortest,greedy,6213,61,2001,45.419782638549805,0.14938033156285213,False,5284.9,64,-1,5284.9
Uniform1-5000_Seed95_J100_M50,"[0.000829, 1.000000]",50,100,0.02,max_proc,lowest_lower_bound,NO_PROFILING,all_to_shortest,greedy,5612,1278,2001,37.47788953781128,0.14059158945117606,False,4823.0,65,-1,4823.0
Uniform1-5000_Seed95_J100_M50,"[0.000829, 1.000000]",50,100,0.01,max_proc,lowest_lower_bound,PRUNE,all_to_shortest,greedy,5634,1192,2001,40.92186522483826,0.14394746183883564,False,4823.0,65,-1,4823.0
Uniform1-5000_Seed96_J100_M50,"[0.001787, 0.992816]",50,100,0.02,max_proc,lowest_lower_bound,NO_PROFILING,all_to_shortest,greedy,6165,994,2001,47.76525259017944,0.18310137875101373,False,5036.18,52,-1,5036.18
Uniform1-5000_Seed96_J100_M50,"[0.001787, 0.992816]",50,100,0.01,max_proc,lowest_lower_bound,PRUNE,all_to_shortest,greedy,6062,65,2001,41.858006715774536,0.1692213790828109,False,5161.0,62,-1,5036.18
Uniform1-5000_Seed97_J100_M50,"[0.001580, 0.977669]",50,100,0.02,max_proc,lowest_lower_bound,NO_PROFILING,all_to_shortest,greedy,6295,1245,2001,45.68702936172485,0.19586338363780778,False,5062.04,50,-1,5062.04
Uniform1-5000_Seed97_J100_M50,"[0.001580, 0.977669]",50,100,0.01,max_proc,lowest_lower_bound,PRUNE,all_to_shortest,greedy,6040,1022,2001,42.50546622276306,0.1619139072847682,False,5261.0,60,-1,5062.04
Uniform1-5000_Seed98_J100_M50,"[0.000593, 0.987693]",50,100,0.02,max_proc,lowest_lower_bound,NO_PROFILING,all_to_shortest,greedy,6533,135,2001,43.38246941566467,0.22511862850145412,False,5062.3,50,-1,5062.3
Uniform1-5000_Seed98_J100_M50,"[0.000593, 0.987693]",50,100,0.01,max_proc,lowest_lower_bound,PRUNE,all_to_shortest,greedy,5602,73,73,1.2539794445037842,0.09634059264548372,True,5506.0,68,-1,5062.3
Uniform1-5000_Seed99_J100_M50,"[0.002298, 0.942045]",50,100,0.02,max_proc,lowest_lower_bound,NO_PROFILING,all_to_shortest,greedy,6810,1610,2001,43.57751274108887,0.233086637298091,False,5222.68,50,-1,5222.68
Uniform1-5000_Seed99_J100_M50,"[0.002298, 0.942045]",50,100,0.01,max_proc,lowest_lower_bound,PRUNE,all_to_shortest,greedy,5756,77,77,1.2942793369293213,0.09265462126476715,True,5655.0,71,-1,5222.68
Uniform1-5000_Seed100_J100_M50,"[0.000563, 0.937862]",50,100,0.02,max_proc,lowest_lower_bound,NO_PROFILING,all_to_shortest,greedy,6737,855,2001,42.375667572021484,0.20960664984414426,False,5324.88,50,-1,5324.88
Uniform1-5000_Seed100_J100_M50,"[0.000563, 0.937862]",50,100,0.01,max_proc,lowest_lower_bound,PRUNE,all_to_shortest,greedy,5652,1280,1280,22.873208045959473,0.05787685774946919,True,5589.0,80,-1,5324.88
Uniform1-5000_Seed1_J150_M75,"[0.003213, 1.000000]",75,150,0.02,max_proc,lowest_lower_bound,NO_PROFILING,all_to_shortest,greedy,5064,100,100,4.1345086097717285,0.08796998420221161,True,4980.0,98,-1,4618.52
Uniform1-5000_Seed1_J150_M75,"[0.003213, 1.000000]",75,150,0.01,max_proc,lowest_lower_bound,PRUNE,all_to_shortest,greedy,4981,120,120,5.484747648239136,0.07277253563541448,True,4980.0,118,-1,4618.52
Uniform1-5000_Seed2_J150_M75,"[0.003794, 0.947552]",75,150,0.02,max_proc,lowest_lower_bound,NO_PROFILING,all_to_shortest,greedy,6708,279,2001,106.4100091457367,0.21415026833631493,False,5271.48,75,-1,5271.48
Uniform1-5000_Seed2_J150_M75,"[0.003794, 0.947552]",75,150,0.01,max_proc,lowest_lower_bound,PRUNE,all_to_shortest,greedy,5719,287,287,14.125808954238892,0.07825144255988817,True,5719.0,111,-1,5271.48
Uniform1-5000_Seed3_J150_M75,"[0.002809, 1.000000]",75,150,0.02,max_proc,lowest_lower_bound,NO_PROFILING,all_to_shortest,greedy,5064,365,365,16.686967134475708,0.03203264876250654,True,4984.0,137,-1,4901.786666666667
Uniform1-5000_Seed3_J150_M75,"[0.002809, 1.000000]",75,150,0.01,max_proc,lowest_lower_bound,PRUNE,all_to_shortest,greedy,5693,1970,2001,93.31513500213623,0.1389800339598337,False,4984.0,108,-1,4901.786666666667
Uniform1-5000_Seed4_J150_M75,"[0.001967, 0.962073]",75,150,0.02,max_proc,lowest_lower_bound,NO_PROFILING,all_to_shortest,greedy,6249,1253,2001,98.47984099388123,0.18629327359044112,False,5084.8533333333335,75,-1,5084.8533333333335
Uniform1-5000_Seed4_J150_M75,"[0.001967, 0.962073]",75,150,0.01,max_proc,lowest_lower_bound,PRUNE,all_to_shortest,greedy,6041,205,2001,114.73753952980042,0.15827622358329194,False,5222.0,101,-1,5084.8533333333335
Uniform1-5000_Seed5_J150_M75,"[0.007316, 0.988091]",75,150,0.02,max_proc,lowest_lower_bound,NO_PROFILING,all_to_shortest,greedy,6665,291,2001,105.40251183509827,0.24122630657664418,False,5057.2266666666665,75,-1,5057.2266666666665
Uniform1-5000_Seed5_J150_M75,"[0.007316, 0.988091]",75,150,0.01,max_proc,lowest_lower_bound,PRUNE,all_to_shortest,greedy,5475,117,117,5.507725238800049,0.07630563165905635,True,5392.0,115,-1,5057.2266666666665
Uniform1-5000_Seed6_J150_M75,"[0.015600, 1.000000]",75,150,0.02,max_proc,lowest_lower_bound,NO_PROFILING,all_to_shortest,greedy,5456,1376,2001,105.39629578590393,0.08831622678396875,False,5000.0,117,-1,4974.1466666666665
Uniform1-5000_Seed6_J150_M75,"[0.015600, 1.000000]",75,150,0.01,max_proc,lowest_lower_bound,PRUNE,all_to_shortest,greedy,5771,467,2001,99.28781080245972,0.1380789002483683,False,5000.0,106,-1,4974.1466666666665
Uniform1-5000_Seed7_J150_M75,"[0.006841, 1.000000]",75,150,0.02,max_proc,lowest_lower_bound,NO_PROFILING,all_to_shortest,greedy,6153,331,2001,91.84346842765808,0.19451324557126606,False,4970.0,75,-1,4956.16
Uniform1-5000_Seed7_J150_M75,"[0.006841, 1.000000]",75,150,0.01,max_proc,lowest_lower_bound,PRUNE,all_to_shortest,greedy,5614,125,2001,100.20420408248901,0.11717848236551481,False,5038.0,103,-1,4956.16
Uniform1-5000_Seed8_J150_M75,"[0.005296, 0.903619]",75,150,0.02,max_proc,lowest_lower_bound,NO_PROFILING,all_to_shortest,greedy,7129,234,2001,115.30756044387817,0.23190349277598538,False,5475.76,75,-1,5475.76
Uniform1-5000_Seed8_J150_M75,"[0.005296, 0.903619]",75,150,0.01,max_proc,lowest_lower_bound,PRUNE,all_to_shortest,greedy,6749,92,2001,121.41329312324524,0.1886560971995851,False,5609.0,87,-1,5475.76
Uniform1-5000_Seed9_J150_M75,"[0.000188, 0.932472]",75,150,0.02,max_proc,lowest_lower_bound,NO_PROFILING,all_to_shortest,greedy,6690,618,2001,107.8518488407135,0.20554459392127553,False,5314.906666666667,75,-1,5314.906666666667
Uniform1-5000_Seed9_J150_M75,"[0.000188, 0.932472]",75,150,0.01,max_proc,lowest_lower_bound,PRUNE,all_to_shortest,greedy,5722,142,142,7.019711017608643,0.07114528719561923,True,5707.0,118,-1,5314.906666666667
Uniform1-5000_Seed10_J150_M75,"[0.008928, 0.986816]",75,150,0.02,max_proc,lowest_lower_bound,NO_PROFILING,all_to_shortest,greedy,6456,1490,2001,110.42598295211792,0.21926063610078486,False,5040.453333333333,75,-1,5040.453333333333
Uniform1-5000_Seed10_J150_M75,"[0.008928, 0.986816]",75,150,0.01,max_proc,lowest_lower_bound,PRUNE,all_to_shortest,greedy,6064,99,2001,120.8159532546997,0.16879067722075644,False,5116.0,97,-1,5040.453333333333
Uniform1-5000_Seed11_J150_M75,"[0.003935, 0.983109]",75,150,0.02,max_proc,lowest_lower_bound,NO_PROFILING,all_to_shortest,greedy,6659,1341,2001,104.94184684753418,0.23669419832807728,False,5082.8533333333335,75,-1,5082.8533333333335
Uniform1-5000_Seed11_J150_M75,"[0.003935, 0.983109]",75,150,0.01,max_proc,lowest_lower_bound,PRUNE,all_to_shortest,greedy,5460,160,160,7.700873613357544,0.06907448107448105,True,5374.0,120,-1,5082.8533333333335
Uniform1-5000_Seed12_J150_M75,"[0.010028, 1.000000]",75,150,0.02,max_proc,lowest_lower_bound,NO_PROFILING,all_to_shortest,greedy,5467,369,2001,97.72390365600586,0.08798244009511615,False,4986.0,118,-1,4986.0
Uniform1-5000_Seed12_J150_M75,"[0.010028, 1.000000]",75,150,0.01,max_proc,lowest_lower_bound,PRUNE,all_to_shortest,greedy,5507,129,2001,110.75924062728882,0.09460686399128382,False,4986.0,118,-1,4986.0
Uniform1-5000_Seed13_J150_M75,"[0.002409, 1.000000]",75,150,0.02,max_proc,lowest_lower_bound,NO_PROFILING,all_to_shortest,greedy,4981,117,117,5.207300662994385,0.037486448504316455,True,4981.0,115,-1,4794.28
Uniform1-5000_Seed13_J150_M75,"[0.002409, 1.000000]",75,150,0.01,max_proc,lowest_lower_bound,PRUNE,all_to_shortest,greedy,5078,155,155,7.221417665481567,0.055872390705002016,True,4981.0,119,-1,4794.28
Uniform1-5000_Seed14_J150_M75,"[0.005281, 0.935890]",75,150,0.02,max_proc,lowest_lower_bound,NO_PROFILING,all_to_shortest,greedy,6689,1021,2001,109.8013436794281,0.2073693128021129,False,5301.906666666667,75,-1,5301.906666666667
Uniform1-5000_Seed14_J150_M75,"[0.005281, 0.935890]",75,150,0.01,max_proc,lowest_lower_bound,PRUNE,all_to_shortest,greedy,6425,700,2001,102.48347449302673,0.17480051880674446,False,5391.0,95,-1,5301.906666666667
Uniform1-5000_Seed15_J150_M75,"[0.004017, 1.000000]",75,150,0.02,max_proc,lowest_lower_bound,NO_PROFILING,all_to_shortest,greedy,5919,1219,2001,97.20235586166382,0.158810609900321,False,4979.0,75,-1,4979.0
Uniform1-5000_Seed15_J150_M75,"[0.004017, 1.000000]",75,150,0.01,max_proc,lowest_lower_bound,PRUNE,all_to_shortest,greedy,5890,103,2001,110.38714623451233,0.15466893039049237,False,5045.0,99,-1,4979.0
Uniform1-5000_Seed16_J150_M75,"[0.001369, 0.974397]",75,150,0.02,max_proc,lowest_lower_bound,NO_PROFILING,all_to_shortest,greedy,6639,138,2001,100.7337396144867,0.22971331023748556,False,5113.933333333333,75,-1,5113.933333333333
Uniform1-5000_Seed16_J150_M75,"[0.001369, 0.974397]",75,150,0.01,max_proc,lowest_lower_bound,PRUNE,all_to_shortest,greedy,6384,854,2001,116.23769354820251,0.19894527986633248,False,5314.0,88,-1,5113.933333333333
Uniform1-5000_Seed17_J150_M75,"[0.030961, 0.922905]",75,150,0.02,max_proc,lowest_lower_bound,NO_PROFILING,all_to_shortest,greedy,6902,73,2001,110.43534660339355,0.21851057664445087,False,5393.84,75,-1,5393.84
Uniform1-5000_Seed17_J150_M75,"[0.030961, 0.922905]",75,150,0.01,max_proc,lowest_lower_bound,PRUNE,all_to_shortest,greedy,5742,402,402,20.602673292160034,0.06063392546151164,True,5673.0,123,-1,5393.84
Uniform1-5000_Seed18_J150_M75,"[0.009192, 0.977069]",75,150,0.02,max_proc,lowest_lower_bound,NO_PROFILING,all_to_shortest,greedy,6591,69,2001,109.76340866088867,0.2242067465736105,False,5113.253333333333,75,-1,5113.253333333333
Uniform1-5000_Seed18_J150_M75,"[0.009192, 0.977069]",75,150,0.01,max_proc,lowest_lower_bound,PRUNE,all_to_shortest,greedy,5353,137,137,6.796917200088501,0.04478734665919427,True,5353.0,133,-1,5113.253333333333
Uniform1-5000_Seed19_J150_M75,"[0.001074, 0.894598]",75,150,0.02,max_proc,lowest_lower_bound,NO_PROFILING,all_to_shortest,greedy,7177,65,2001,108.43678641319275,0.22140355766104686,False,5587.986666666667,75,-1,5587.986666666667
Uniform1-5000_Seed19_J150_M75,"[0.001074, 0.894598]",75,150,0.01,max_proc,lowest_lower_bound,PRUNE,all_to_shortest,greedy,7029,93,2001,125.02986574172974,0.20500972162943995,False,5728.0,85,-1,5587.986666666667
Uniform1-5000_Seed20_J150_M75,"[0.008651, 0.972624]",75,150,0.02,max_proc,lowest_lower_bound,NO_PROFILING,all_to_shortest,greedy,6485,71,2001,107.35622334480286,0.21569159599074791,False,5086.24,75,-1,5086.24
Uniform1-5000_Seed20_J150_M75,"[0.008651, 0.972624]",75,150,0.01,max_proc,lowest_lower_bound,PRUNE,all_to_shortest,greedy,6151,1460,2001,102.4920802116394,0.1731035603966835,False,5225.0,86,-1,5086.24
Uniform1-5000_Seed21_J150_M75,"[0.001806, 1.000000]",75,150,0.02,max_proc,lowest_lower_bound,NO_PROFILING,all_to_shortest,greedy,5061,87,87,3.516737937927246,0.015411973918197985,True,4983.0,85,-1,4983.0
Uniform1-5000_Seed21_J150_M75,"[0.001806, 1.000000]",75,150,0.01,max_proc,lowest_lower_bound,PRUNE,all_to_shortest,greedy,5077,120,120,6.302902698516846,0.01851487098680323,True,4983.0,118,-1,4983.0
Uniform1-5000_Seed22_J150_M75,"[0.002004, 1.000000]",75,150,0.02,max_proc,lowest_lower_bound,NO_PROFILING,all_to_shortest,greedy,6393,745,2001,110.93202304840088,0.21945878304395433,False,4990.0,75,-1,4990.0
Uniform1-5000_Seed22_J150_M75,"[0.002004, 1.000000]",75,150,0.01,max_proc,lowest_lower_bound,PRUNE,all_to_shortest,greedy,5576,110,110,5.3415162563323975,0.10509325681492108,True,5502.0,108,-1,4990.0
Uniform1-5000_Seed23_J150_M75,"[0.008027, 1.000000]",75,150,0.02,max_proc,lowest_lower_bound,NO_PROFILING,all_to_shortest,greedy,5949,164,2001,100.16825723648071,0.16238023197175996,False,4983.0,88,-1,4983.0
Uniform1-5000_Seed23_J150_M75,"[0.008027, 1.000000]",75,150,0.01,max_proc,lowest_lower_bound,PRUNE,all_to_shortest,greedy,6007,130,2001,95.72155022621155,0.17046778758115533,False,4983.0,88,-1,4983.0
Uniform1-5000_Seed24_J150_M75,"[0.007279, 0.976147]",75,150,0.02,max_proc,lowest_lower_bound,NO_PROFILING,all_to_shortest,greedy,6528,431,2001,97.92912817001343,0.22131535947712422,False,5083.253333333333,75,-1,5083.253333333333
Uniform1-5000_Seed24_J150_M75,"[0.007279, 0.976147]",75,150,0.01,max_proc,lowest_lower_bound,PRUNE,all_to_shortest,greedy,6383,1715,2001,124.12581324577332,0.20362629902344773,False,5528.0,85,-1,5083.253333333333
Uniform1-5000_Seed25_J150_M75,"[0.003031, 1.000000]",75,150,0.02,max_proc,lowest_lower_bound,NO_PROFILING,all_to_shortest,greedy,5029,124,124,5.55211329460144,0.015907735136209984,True,4949.0,122,-1,4949.0
Uniform1-5000_Seed25_J150_M75,"[0.003031, 1.000000]",75,150,0.01,max_proc,lowest_lower_bound,PRUNE,all_to_shortest,greedy,5514,1469,2001,110.71661138534546,0.1024664490388103,False,4949.0,110,-1,4949.0
Uniform1-5000_Seed26_J150_M75,"[0.004533, 0.905445]",75,150,0.02,max_proc,lowest_lower_bound,NO_PROFILING,all_to_shortest,greedy,6973,880,2001,118.57192635536194,0.20901763946651364,False,5515.52,75,-1,5515.52
Uniform1-5000_Seed26_J150_M75,"[0.004533, 0.905445]",75,150,0.01,max_proc,lowest_lower_bound,PRUNE,all_to_shortest,greedy,6853,374,2001,104.50822496414185,0.19516708011090028,False,5714.0,88,-1,5515.52
Uniform1-5000_Seed27_J150_M75,"[0.025779, 1.000000]",75,150,0.02,max_proc,lowest_lower_bound,NO_PROFILING,all_to_shortest,greedy,6385,64,2001,109.53528046607971,0.24056382145653876,False,4849.0,75,-1,4849.0
Uniform1-5000_Seed27_J150_M75,"[0.025779, 1.000000]",75,150,0.01,max_proc,lowest_lower_bound,PRUNE,all_to_shortest,greedy,5327,109,109,5.7031943798065186,0.08973155622301483,True,5327.0,106,-1,4849.0
Uniform1-5000_Seed28_J150_M75,"[0.009252, 1.000000]",75,150,0.02,max_proc,lowest_lower_bound,NO_PROFILING,all_to_shortest,greedy,4988,105,105,4.0935468673706055,0.0032076984763432237,True,4972.0,103,-1,4972.0
Uniform1-5000_Seed28_J150_M75,"[0.009252, 1.000000]",75,150,0.01,max_proc,lowest_lower_bound,PRUNE,all_to_shortest,greedy,5071,112,112,5.08511757850647,0.019522776572668113,True,4972.0,110,-1,4972.0
Uniform1-5000_Seed29_J150_M75,"[0.004201, 1.000000]",75,150,0.02,max_proc,lowest_lower_bound,NO_PROFILING,all_to_shortest,greedy,5961,539,2001,105.02147173881531,0.16138231840295253,False,4999.0,88,-1,4999.0
Uniform1-5000_Seed29_J150_M75,"[0.004201, 1.000000]",75,150,0.01,max_proc,lowest_lower_bound,PRUNE,all_to_shortest,greedy,6075,73,2001,128.81040239334106,0.177119341563786,False,4999.0,88,-1,4999.0
Uniform1-5000_Seed30_J150_M75,"[0.009405, 0.999525]",75,150,0.02,max_proc,lowest_lower_bound,NO_PROFILING,all_to_shortest,greedy,6375,312,2001,100.58864164352417,0.21609830065359484,False,4997.373333333333,76,-1,4997.373333333333
Uniform1-5000_Seed30_J150_M75,"[0.009405, 0.999525]",75,150,0.01,max_proc,lowest_lower_bound,PRUNE,all_to_shortest,greedy,6405,1185,2001,127.18445563316345,0.21976997137652882,False,5152.0,82,-1,4997.373333333333
Uniform1-5000_Seed31_J150_M75,"[0.002807, 1.000000]",75,150,0.02,max_proc,lowest_lower_bound,NO_PROFILING,all_to_shortest,greedy,6352,1211,2001,95.7637529373169,0.21489294710327456,False,4987.0,75,-1,4987.0
Uniform1-5000_Seed31_J150_M75,"[0.002807, 1.000000]",75,150,0.01,max_proc,lowest_lower_bound,PRUNE,all_to_shortest,greedy,5433,107,107,4.99503755569458,0.08209092582367017,True,5339.0,105,-1,4987.0
Uniform1-5000_Seed32_J150_M75,"[0.001978, 0.987727]",75,150,0.02,max_proc,lowest_lower_bound,NO_PROFILING,all_to_shortest,greedy,5980,384,2001,102.02387762069702,0.15467558528428094,False,5055.04,100,-1,5055.04
Uniform1-5000_Seed32_J150_M75,"[0.001978, 0.987727]",75,150,0.01,max_proc,lowest_lower_bound,PRUNE,all_to_shortest,greedy,6084,99,2001,116.57672309875488,0.16912557527942143,False,5055.04,100,-1,5055.04
Uniform1-5000_Seed33_J150_M75,"[0.005851, 1.000000]",75,150,0.02,max_proc,lowest_lower_bound,NO_PROFILING,all_to_shortest,greedy,5017,103,103,3.9674487113952637,0.012158660554116005,True,4956.0,101,-1,4956.0
Uniform1-5000_Seed33_J150_M75,"[0.005851, 1.000000]",75,150,0.01,max_proc,lowest_lower_bound,PRUNE,all_to_shortest,greedy,5004,117,117,5.112826824188232,0.009592326139088728,True,4956.0,115,-1,4956.0
Uniform1-5000_Seed34_J150_M75,"[0.028819, 0.958893]",75,150,0.02,max_proc,lowest_lower_bound,NO_PROFILING,all_to_shortest,greedy,6629,1095,2001,107.28907775878906,0.21481973148287825,False,5204.96,78,-1,5204.96
Uniform1-5000_Seed34_J150_M75,"[0.028819, 0.958893]",75,150,0.01,max_proc,lowest_lower_bound,PRUNE,all_to_shortest,greedy,6432,107,2001,121.8253664970398,0.19077114427860695,False,5219.0,90,-1,5204.96
Uniform1-5000_Seed35_J150_M75,"[0.005963, 0.903003]",75,150,0.02,max_proc,lowest_lower_bound,NO_PROFILING,all_to_shortest,greedy,6961,1314,2001,110.40144205093384,0.2050337595173107,False,5533.76,75,-1,5533.76
Uniform1-5000_Seed35_J150_M75,"[0.005963, 0.903003]",75,150,0.01,max_proc,lowest_lower_bound,PRUNE,all_to_shortest,greedy,5758,184,184,8.812425136566162,0.038944077804793295,True,5758.0,129,-1,5533.76
Uniform1-5000_Seed36_J150_M75,"[0.002368, 0.984830]",75,150,0.02,max_proc,lowest_lower_bound,NO_PROFILING,all_to_shortest,greedy,5924,1061,2001,101.91101026535034,0.14451721809588114,False,5067.88,99,-1,5067.88
Uniform1-5000_Seed36_J150_M75,"[0.002368, 0.984830]",75,150,0.01,max_proc,lowest_lower_bound,PRUNE,all_to_shortest,greedy,5963,435,2001,110.12709736824036,0.1501123595505618,False,5067.88,99,-1,5067.88
Uniform1-5000_Seed37_J150_M75,"[0.003106, 0.961476]",75,150,0.02,max_proc,lowest_lower_bound,NO_PROFILING,all_to_shortest,greedy,6598,77,2001,98.67952179908752,0.21924017379003743,False,5151.453333333333,75,-1,5151.453333333333
Uniform1-5000_Seed37_J150_M75,"[0.003106, 0.961476]",75,150,0.01,max_proc,lowest_lower_bound,PRUNE,all_to_shortest,greedy,6093,118,2001,113.81032538414001,0.1545292412057553,False,5354.0,91,-1,5151.453333333333
Uniform1-5000_Seed38_J150_M75,"[0.000200, 1.000000]",75,150,0.02,max_proc,lowest_lower_bound,NO_PROFILING,all_to_shortest,greedy,5053,115,115,5.3974385261535645,0.012269938650306749,True,4991.0,113,-1,4991.0
Uniform1-5000_Seed38_J150_M75,"[0.000200, 1.000000]",75,150,0.01,max_proc,lowest_lower_bound,PRUNE,all_to_shortest,greedy,5237,1022,2001,99.98359942436218,0.04697345808669085,False,4991.0,122,-1,4991.0
Uniform1-5000_Seed39_J150_M75,"[0.003387, 0.993049]",75,150,0.02,max_proc,lowest_lower_bound,NO_PROFILING,all_to_shortest,greedy,6454,238,2001,101.79119181632996,0.2222043177357711,False,5019.893333333333,75,-1,5019.893333333333
Uniform1-5000_Seed39_J150_M75,"[0.003387, 0.993049]",75,150,0.01,max_proc,lowest_lower_bound,PRUNE,all_to_shortest,greedy,5611,330,330,16.224977731704712,0.10534782866987463,True,5550.0,99,-1,5019.893333333333
Uniform1-5000_Seed40_J150_M75,"[0.011888, 0.955241]",75,150,0.02,max_proc,lowest_lower_bound,NO_PROFILING,all_to_shortest,greedy,6622,75,2001,103.92232871055603,0.21240712775596501,False,5215.44,75,-1,5215.44
Uniform1-5000_Seed40_J150_M75,"[0.011888, 0.955241]",75,150,0.01,max_proc,lowest_lower_bound,PRUNE,all_to_shortest,greedy,5436,158,158,8.55477499961853,0.04057395143487866,True,5436.0,125,-1,5215.44
Uniform1-5000_Seed41_J150_M75,"[0.001407, 1.000000]",75,150,0.02,max_proc,lowest_lower_bound,NO_PROFILING,all_to_shortest,greedy,5428,221,2001,93.72701668739319,0.08364038319823139,False,4974.0,111,-1,4974.0
Uniform1-5000_Seed41_J150_M75,"[0.001407, 1.000000]",75,150,0.01,max_proc,lowest_lower_bound,PRUNE,all_to_shortest,greedy,5455,113,2001,104.04009914398193,0.08817598533455545,False,4974.0,111,-1,4974.0
Uniform1-5000_Seed42_J150_M75,"[0.007125, 1.000000]",75,150,0.02,max_proc,lowest_lower_bound,NO_PROFILING,all_to_shortest,greedy,6056,139,2001,100.4471116065979,0.18890356671070013,False,4912.0,75,-1,4912.0
Uniform1-5000_Seed42_J150_M75,"[0.007125, 1.000000]",75,150,0.01,max_proc,lowest_lower_bound,PRUNE,all_to_shortest,greedy,5302,1993,2001,103.01036953926086,0.07355714824594492,False,5018.0,129,-1,4912.0
Uniform1-5000_Seed43_J150_M75,"[0.006180, 0.932039]",75,150,0.02,max_proc,lowest_lower_bound,NO_PROFILING,all_to_shortest,greedy,6786,773,2001,97.51877450942993,0.21309951861676,False,5339.906666666667,75,-1,5339.906666666667
Uniform1-5000_Seed43_J150_M75,"[0.006180, 0.932039]",75,150,0.01,max_proc,lowest_lower_bound,PRUNE,all_to_shortest,greedy,6559,116,2001,114.61089444160461,0.18586573156477104,False,5742.0,95,-1,5339.906666666667
Uniform1-5000_Seed44_J150_M75,"[0.018138, 1.000000]",75,150,0.02,max_proc,lowest_lower_bound,NO_PROFILING,all_to_shortest,greedy,5040,106,106,4.705188274383545,0.015476190476190477,True,4962.0,104,-1,4962.0
Uniform1-5000_Seed44_J150_M75,"[0.018138, 1.000000]",75,150,0.01,max_proc,lowest_lower_bound,PRUNE,all_to_shortest,greedy,5022,128,128,6.405778884887695,0.011947431302270013,True,4962.0,126,-1,4962.0
Uniform1-5000_Seed45_J150_M75,"[0.013717, 0.964461]",75,150,0.02,max_proc,lowest_lower_bound,NO_PROFILING,all_to_shortest,greedy,6511,142,2001,105.59313893318176,0.20504581989453743,False,5175.946666666667,75,-1,5175.946666666667
Uniform1-5000_Seed45_J150_M75,"[0.013717, 0.964461]",75,150,0.01,max_proc,lowest_lower_bound,PRUNE,all_to_shortest,greedy,5479,310,310,16.525160789489746,0.05531179655654924,True,5416.0,115,-1,5175.946666666667
Uniform1-5000_Seed46_J150_M75,"[0.003374, 0.988957]",75,150,0.02,max_proc,lowest_lower_bound,NO_PROFILING,all_to_shortest,greedy,6485,76,2001,108.2346785068512,0.2230316114109483,False,5038.64,75,-1,5038.64
Uniform1-5000_Seed46_J150_M75,"[0.003374, 0.988957]",75,150,0.01,max_proc,lowest_lower_bound,PRUNE,all_to_shortest,greedy,5345,1661,2001,102.40677261352539,0.05731711880261921,False,5165.0,133,-1,5038.64
Uniform1-5000_Seed47_J150_M75,"[0.025814, 0.938525]",75,150,0.02,max_proc,lowest_lower_bound,NO_PROFILING,all_to_shortest,greedy,6802,1947,2001,107.23363161087036,0.21974909340390084,False,5307.266666666666,75,-1,5307.266666666666
Uniform1-5000_Seed47_J150_M75,"[0.025814, 0.938525]",75,150,0.01,max_proc,lowest_lower_bound,PRUNE,all_to_shortest,greedy,5819,242,242,13.414085388183594,0.08794179985106265,True,5738.0,110,-1,5307.266666666666
Uniform1-5000_Seed48_J150_M75,"[0.009629, 0.996640]",75,150,0.02,max_proc,lowest_lower_bound,NO_PROFILING,all_to_shortest,greedy,5892,256,2001,110.2987220287323,0.15398053858338986,False,4984.746666666667,100,-1,4984.746666666667
Uniform1-5000_Seed48_J150_M75,"[0.009629, 0.996640]",75,150,0.01,max_proc,lowest_lower_bound,PRUNE,all_to_shortest,greedy,5935,1152,2001,102.93103075027466,0.16011008143779834,False,4984.746666666667,100,-1,4984.746666666667
Uniform1-5000_Seed49_J150_M75,"[0.000184, 0.918742]",75,150,0.02,max_proc,lowest_lower_bound,NO_PROFILING,all_to_shortest,greedy,6846,794,2001,101.1703667640686,0.20520985490310645,False,5441.133333333333,75,-1,5441.133333333333
Uniform1-5000_Seed49_J150_M75,"[0.000184, 0.918742]",75,150,0.01,max_proc,lowest_lower_bound,PRUNE,all_to_shortest,greedy,5806,196,196,9.791888236999512,0.06284303593983238,True,5796.0,114,-1,5441.133333333333
Uniform1-5000_Seed50_J150_M75,"[0.006285, 1.000000]",75,150,0.02,max_proc,lowest_lower_bound,NO_PROFILING,all_to_shortest,greedy,5002,113,113,5.6565210819244385,0.013994402239104359,True,4932.0,111,-1,4932.0
Uniform1-5000_Seed50_J150_M75,"[0.006285, 1.000000]",75,150,0.01,max_proc,lowest_lower_bound,PRUNE,all_to_shortest,greedy,5012,162,162,7.418503999710083,0.01596169193934557,True,4932.0,128,-1,4932.0
Uniform1-5000_Seed51_J150_M75,"[0.000605, 1.000000]",75,150,0.02,max_proc,lowest_lower_bound,NO_PROFILING,all_to_shortest,greedy,5052,131,131,5.668194770812988,0.01840855106888361,True,4959.0,129,-1,4959.0
Uniform1-5000_Seed51_J150_M75,"[0.000605, 1.000000]",75,150,0.01,max_proc,lowest_lower_bound,PRUNE,all_to_shortest,greedy,5303,1465,2001,106.2302975654602,0.06486894210824062,False,4959.0,124,-1,4959.0
Uniform1-5000_Seed52_J150_M75,"[0.003352, 0.982528]",75,150,0.02,max_proc,lowest_lower_bound,NO_PROFILING,all_to_shortest,greedy,6294,247,2001,106.15055584907532,0.19421459591145,False,5071.613333333334,76,-1,5071.613333333334
Uniform1-5000_Seed52_J150_M75,"[0.003352, 0.982528]",75,150,0.01,max_proc,lowest_lower_bound,PRUNE,all_to_shortest,greedy,6237,90,2001,127.99635314941406,0.18685051573940456,False,5104.0,89,-1,5071.613333333334
Uniform1-5000_Seed53_J150_M75,"[0.007149, 0.990273]",75,150,0.02,max_proc,lowest_lower_bound,NO_PROFILING,all_to_shortest,greedy,6106,133,2001,100.6621630191803,0.17523965498416857,False,5035.986666666667,87,-1,5035.986666666667
Uniform1-5000_Seed53_J150_M75,"[0.007149, 0.990273]",75,150,0.01,max_proc,lowest_lower_bound,PRUNE,all_to_shortest,greedy,6171,109,2001,90.6481523513794,0.18392697023713067,False,5035.986666666667,87,-1,5035.986666666667
Uniform1-5000_Seed54_J150_M75,"[0.001805, 1.000000]",75,150,0.02,max_proc,lowest_lower_bound,NO_PROFILING,all_to_shortest,greedy,6121,1731,2001,108.28225469589233,0.1854272177748734,False,4986.0,80,-1,4986.0
Uniform1-5000_Seed54_J150_M75,"[0.001805, 1.000000]",75,150,0.01,max_proc,lowest_lower_bound,PRUNE,all_to_shortest,greedy,6140,75,2001,133.32023811340332,0.18794788273615634,False,5071.0,82,-1,4986.0
Uniform1-5000_Seed55_J150_M75,"[0.000797, 0.988090]",75,150,0.02,max_proc,lowest_lower_bound,NO_PROFILING,all_to_shortest,greedy,6425,764,2001,104.41201138496399,0.21886796368352784,False,5018.7733333333335,75,-1,5018.7733333333335
Uniform1-5000_Seed55_J150_M75,"[0.000797, 0.988090]",75,150,0.01,max_proc,lowest_lower_bound,PRUNE,all_to_shortest,greedy,6244,80,2001,133.75169110298157,0.196224642323297,False,5131.0,85,-1,5018.7733333333335
Uniform1-5000_Seed56_J150_M75,"[0.016236, 0.919892]",75,150,0.02,max_proc,lowest_lower_bound,NO_PROFILING,all_to_shortest,greedy,6792,706,2001,117.7090425491333,0.2019729093050648,False,5420.2,75,-1,5420.2
Uniform1-5000_Seed56_J150_M75,"[0.016236, 0.919892]",75,150,0.01,max_proc,lowest_lower_bound,PRUNE,all_to_shortest,greedy,6306,138,2001,110.17880177497864,0.14046939422771967,False,5615.0,105,-1,5420.2
Uniform1-5000_Seed57_J150_M75,"[0.016421, 1.000000]",75,150,0.02,max_proc,lowest_lower_bound,NO_PROFILING,all_to_shortest,greedy,5634,1020,2001,90.47989130020142,0.1460773872914448,False,4811.0,75,-1,4811.0
Uniform1-5000_Seed57_J150_M75,"[0.016421, 1.000000]",75,150,0.01,max_proc,lowest_lower_bound,PRUNE,all_to_shortest,greedy,4870,149,149,7.120245933532715,0.012114989733059548,True,4870.0,117,-1,4811.0
Uniform1-5000_Seed58_J150_M75,"[0.005463, 0.936243]",75,150,0.02,max_proc,lowest_lower_bound,NO_PROFILING,all_to_shortest,greedy,6788,909,2001,108.21275496482849,0.21796503633863687,False,5308.453333333333,75,-1,5308.453333333333
Uniform1-5000_Seed58_J150_M75,"[0.005463, 0.936243]",75,150,0.01,max_proc,lowest_lower_bound,PRUNE,all_to_shortest,greedy,5525,219,219,10.91032099723816,0.039193966817496304,True,5514.0,134,-1,5308.453333333333
Uniform1-5000_Seed59_J150_M75,"[0.000971, 0.970587]",75,150,0.02,max_proc,lowest_lower_bound,NO_PROFILING,all_to_shortest,greedy,6388,1319,2001,102.61575412750244,0.19356293049467746,False,5151.52,83,-1,5151.52
Uniform1-5000_Seed59_J150_M75,"[0.000971, 0.970587]",75,150,0.01,max_proc,lowest_lower_bound,PRUNE,all_to_shortest,greedy,6453,1661,2001,97.87056922912598,0.201686037501937,False,5151.52,83,-1,5151.52
Uniform1-5000_Seed60_J150_M75,"[0.006871, 0.923808]",75,150,0.02,max_proc,lowest_lower_bound,NO_PROFILING,all_to_shortest,greedy,6598,954,2001,109.29608869552612,0.18379508942103673,False,5385.32,83,-1,5385.32
Uniform1-5000_Seed60_J150_M75,"[0.006871, 0.923808]",75,150,0.01,max_proc,lowest_lower_bound,PRUNE,all_to_shortest,greedy,6662,1537,2001,126.0642261505127,0.19163614530171125,False,5423.0,91,-1,5385.32
Uniform1-5000_Seed61_J150_M75,"[0.008268, 1.000000]",75,150,0.02,max_proc,lowest_lower_bound,NO_PROFILING,all_to_shortest,greedy,6053,1465,2001,100.81817555427551,0.18073682471501734,False,4959.0,75,-1,4959.0
Uniform1-5000_Seed61_J150_M75,"[0.008268, 1.000000]",75,150,0.01,max_proc,lowest_lower_bound,PRUNE,all_to_shortest,greedy,5130,293,293,13.570271015167236,0.03333333333333333,True,5044.0,133,-1,4959.0
Uniform1-5000_Seed62_J150_M75,"[0.001842, 1.000000]",75,150,0.02,max_proc,lowest_lower_bound,NO_PROFILING,all_to_shortest,greedy,6266,1976,2001,114.01743412017822,0.22039578678582827,False,4885.0,75,-1,4885.0
Uniform1-5000_Seed62_J150_M75,"[0.001842, 1.000000]",75,150,0.01,max_proc,lowest_lower_bound,PRUNE,all_to_shortest,greedy,5229,126,126,6.364788055419922,0.06578695735322242,True,5186.0,120,-1,4885.0
Uniform1-5000_Seed63_J150_M75,"[0.003635, 0.949040]",75,150,0.02,max_proc,lowest_lower_bound,NO_PROFILING,all_to_shortest,greedy,6546,178,2001,118.35766458511353,0.2014380283124555,False,5227.386666666666,75,-1,5227.386666666666
Uniform1-5000_Seed63_J150_M75,"[0.003635, 0.949040]",75,150,0.01,max_proc,lowest_lower_bound,PRUNE,all_to_shortest,greedy,6655,75,2001,111.74522042274475,0.21451740545955428,False,5324.0,83,-1,5227.386666666666
Uniform1-5000_Seed64_J150_M75,"[0.004731, 1.000000]",75,150,0.02,max_proc,lowest_lower_bound,NO_PROFILING,all_to_shortest,greedy,6104,1333,2001,95.01594400405884,0.20347313237221495,False,4862.0,75,-1,4862.0
Uniform1-5000_Seed64_J150_M75,"[0.004731, 1.000000]",75,150,0.01,max_proc,lowest_lower_bound,PRUNE,all_to_shortest,greedy,5190,1026,2001,96.77981519699097,0.06319845857418112,False,4932.0,125,-1,4862.0
Uniform1-5000_Seed65_J150_M75,"[0.012493, 0.959254]",75,150,0.02,max_proc,lowest_lower_bound,NO_PROFILING,all_to_shortest,greedy,6301,1366,2001,104.9927909374237,0.17425805427709887,False,5203.0,93,-1,5203.0
Uniform1-5000_Seed65_J150_M75,"[0.012493, 0.959254]",75,150,0.01,max_proc,lowest_lower_bound,PRUNE,all_to_shortest,greedy,6370,135,2001,95.56925582885742,0.18320251177394034,False,5203.0,93,-1,5203.0
Uniform1-5000_Seed66_J150_M75,"[0.008566, 0.985146]",75,150,0.02,max_proc,lowest_lower_bound,NO_PROFILING,all_to_shortest,greedy,6303,1387,2001,108.51253986358643,0.20362367126765027,False,5019.56,75,-1,5019.56
Uniform1-5000_Seed66_J150_M75,"[0.008566, 0.985146]",75,150,0.01,max_proc,lowest_lower_bound,PRUNE,all_to_shortest,greedy,5373,914,914,47.92587995529175,0.06578075563000178,True,5270.0,123,-1,5019.56
Uniform1-5000_Seed67_J150_M75,"[0.001830, 1.000000]",75,150,0.02,max_proc,lowest_lower_bound,NO_PROFILING,all_to_shortest,greedy,4950,110,110,4.610250949859619,0.006464646464646465,True,4918.0,108,-1,4918.0
Uniform1-5000_Seed67_J150_M75,"[0.001830, 1.000000]",75,150,0.01,max_proc,lowest_lower_bound,PRUNE,all_to_shortest,greedy,4974,124,124,5.630900621414185,0.011258544431041415,True,4918.0,122,-1,4918.0
Uniform1-5000_Seed68_J150_M75,"[0.006609, 1.000000]",75,150,0.02,max_proc,lowest_lower_bound,NO_PROFILING,all_to_shortest,greedy,5515,119,2001,92.15071058273315,0.09465095194922937,False,4993.0,116,-1,4993.0
Uniform1-5000_Seed68_J150_M75,"[0.006609, 1.000000]",75,150,0.01,max_proc,lowest_lower_bound,PRUNE,all_to_shortest,greedy,5704,108,2001,107.3001036643982,0.12464936886395511,False,4993.0,109,-1,4993.0
Uniform1-5000_Seed69_J150_M75,"[0.003673, 0.918184]",75,150,0.02,max_proc,lowest_lower_bound,NO_PROFILING,all_to_shortest,greedy,7095,1047,2001,108.62498617172241,0.23248296922715522,False,5445.533333333334,75,-1,5445.533333333334
Uniform1-5000_Seed69_J150_M75,"[0.003673, 0.918184]",75,150,0.01,max_proc,lowest_lower_bound,PRUNE,all_to_shortest,greedy,5849,123,123,5.846873044967651,0.0689804524990026,True,5803.0,118,-1,5445.533333333334
Uniform1-5000_Seed70_J150_M75,"[0.006494, 0.927483]",75,150,0.02,max_proc,lowest_lower_bound,NO_PROFILING,all_to_shortest,greedy,6802,1767,2001,106.01964354515076,0.2076075664020386,False,5389.8533333333335,75,-1,5389.8533333333335
Uniform1-5000_Seed70_J150_M75,"[0.006494, 0.927483]",75,150,0.01,max_proc,lowest_lower_bound,PRUNE,all_to_shortest,greedy,6174,211,2001,94.49213194847107,0.1270078825180866,False,5450.0,105,-1,5389.8533333333335
Uniform1-5000_Seed71_J150_M75,"[0.011392, 0.961786]",75,150,0.02,max_proc,lowest_lower_bound,NO_PROFILING,all_to_shortest,greedy,6673,1443,2001,112.16365218162537,0.2239012937709176,False,5178.906666666667,75,-1,5178.906666666667
Uniform1-5000_Seed71_J150_M75,"[0.011392, 0.961786]",75,150,0.01,max_proc,lowest_lower_bound,PRUNE,all_to_shortest,greedy,6397,886,2001,115.7866735458374,0.19041634099317387,False,5472.0,85,-1,5178.906666666667
Uniform1-5000_Seed72_J150_M75,"[0.006918, 0.983277]",75,150,0.02,max_proc,lowest_lower_bound,NO_PROFILING,all_to_shortest,greedy,6412,220,2001,106.75382685661316,0.2109149511332917,False,5059.613333333334,75,-1,5059.613333333334
Uniform1-5000_Seed72_J150_M75,"[0.006918, 0.983277]",75,150,0.01,max_proc,lowest_lower_bound,PRUNE,all_to_shortest,greedy,5471,141,141,6.960022449493408,0.07519405349418137,True,5376.0,112,-1,5059.613333333334
Uniform1-5000_Seed73_J150_M75,"[0.007238, 1.000000]",75,150,0.02,max_proc,lowest_lower_bound,NO_PROFILING,all_to_shortest,greedy,5779,560,2001,91.87256050109863,0.1392974563073196,False,4974.0,81,-1,4974.0
Uniform1-5000_Seed73_J150_M75,"[0.007238, 1.000000]",75,150,0.01,max_proc,lowest_lower_bound,PRUNE,all_to_shortest,greedy,5051,390,390,18.073442697525024,0.015244506038408236,True,4983.0,119,-1,4974.0
Uniform1-5000_Seed74_J150_M75,"[0.021582, 0.997357]",75,150,0.02,max_proc,lowest_lower_bound,NO_PROFILING,all_to_shortest,greedy,6387,1303,2001,106.3192663192749,0.21649809508898285,False,5004.2266666666665,75,-1,5004.2266666666665
Uniform1-5000_Seed74_J150_M75,"[0.021582, 0.997357]",75,150,0.01,max_proc,lowest_lower_bound,PRUNE,all_to_shortest,greedy,6290,83,2001,122.56438541412354,0.20441547429782728,False,5092.0,86,-1,5004.2266666666665
Uniform1-5000_Seed75_J150_M75,"[0.003314, 0.917820]",75,150,0.02,max_proc,lowest_lower_bound,NO_PROFILING,all_to_shortest,greedy,6855,1571,2001,107.77204847335815,0.20768101142718215,False,5431.346666666666,75,-1,5431.346666666666
Uniform1-5000_Seed75_J150_M75,"[0.003314, 0.917820]",75,150,0.01,max_proc,lowest_lower_bound,PRUNE,all_to_shortest,greedy,6553,172,2001,113.34894609451294,0.17116638689658686,False,5669.0,91,-1,5431.346666666666
Uniform1-5000_Seed76_J150_M75,"[0.005535, 0.951619]",75,150,0.02,max_proc,lowest_lower_bound,NO_PROFILING,all_to_shortest,greedy,6686,669,2001,112.3946692943573,0.21634858909163432,False,5239.493333333333,77,-1,5239.493333333333
Uniform1-5000_Seed76_J150_M75,"[0.005535, 0.951619]",75,150,0.01,max_proc,lowest_lower_bound,PRUNE,all_to_shortest,greedy,6405,115,2001,117.33668088912964,0.18196825396825403,False,5279.0,92,-1,5239.493333333333
Uniform1-5000_Seed77_J150_M75,"[0.004343, 0.938933]",75,150,0.02,max_proc,lowest_lower_bound,NO_PROFILING,all_to_shortest,greedy,6782,1015,2001,107.68827843666077,0.2190445296372752,False,5296.44,75,-1,5296.44
Uniform1-5000_Seed77_J150_M75,"[0.004343, 0.938933]",75,150,0.01,max_proc,lowest_lower_bound,PRUNE,all_to_shortest,greedy,6626,137,2001,125.410475730896,0.2006580138846967,False,5499.0,82,-1,5296.44
Uniform1-5000_Seed78_J150_M75,"[0.004327, 0.876083]",75,150,0.02,max_proc,lowest_lower_bound,NO_PROFILING,all_to_shortest,greedy,6955,1463,2001,104.53404235839844,0.2025478073328541,False,5546.28,75,-1,5546.28
Uniform1-5000_Seed78_J150_M75,"[0.004327, 0.876083]",75,150,0.01,max_proc,lowest_lower_bound,PRUNE,all_to_shortest,greedy,5951,266,266,13.721739768981934,0.06800873802722236,True,5891.0,113,-1,5546.28
Uniform1-5000_Seed79_J150_M75,"[0.001201, 1.000000]",75,150,0.02,max_proc,lowest_lower_bound,NO_PROFILING,all_to_shortest,greedy,5866,1595,2001,93.6066026687622,0.14831230821684283,False,4996.0,75,-1,4996.0
Uniform1-5000_Seed79_J150_M75,"[0.001201, 1.000000]",75,150,0.01,max_proc,lowest_lower_bound,PRUNE,all_to_shortest,greedy,5134,110,110,4.975656270980835,0.026879626022594468,True,5076.0,105,-1,4996.0
Uniform1-5000_Seed80_J150_M75,"[0.004303, 1.000000]",75,150,0.02,max_proc,lowest_lower_bound,NO_PROFILING,all_to_shortest,greedy,5791,1388,2001,102.28895378112793,0.15731307200828873,False,4880.0,83,-1,4880.0
Uniform1-5000_Seed80_J150_M75,"[0.004303, 1.000000]",75,150,0.01,max_proc,lowest_lower_bound,PRUNE,all_to_shortest,greedy,5847,299,2001,116.03585529327393,0.16538395758508637,False,4880.0,83,-1,4880.0
Uniform1-5000_Seed81_J150_M75,"[0.002201, 1.000000]",75,150,0.02,max_proc,lowest_lower_bound,NO_PROFILING,all_to_shortest,greedy,5837,1925,2001,101.96148681640625,0.14390954257323968,False,4997.0,99,-1,4997.0
Uniform1-5000_Seed81_J150_M75,"[0.002201, 1.000000]",75,150,0.01,max_proc,lowest_lower_bound,PRUNE,all_to_shortest,greedy,5857,296,2001,119.75189256668091,0.14683284958169712,False,4997.0,99,-1,4997.0
Uniform1-5000_Seed82_J150_M75,"[0.007069, 1.000000]",75,150,0.02,max_proc,lowest_lower_bound,NO_PROFILING,all_to_shortest,greedy,4951,110,110,5.15378475189209,0.0,True,4951.0,108,110,4951.0
Uniform1-5000_Seed82_J150_M75,"[0.007069, 1.000000]",75,150,0.01,max_proc,lowest_lower_bound,PRUNE,all_to_shortest,greedy,5022,131,131,6.229327440261841,0.014137793707686181,True,4951.0,129,-1,4951.0
Uniform1-5000_Seed83_J150_M75,"[0.014223, 1.000000]",75,150,0.02,max_proc,lowest_lower_bound,NO_PROFILING,all_to_shortest,greedy,6190,992,2001,109.33823418617249,0.19353796445880453,False,4992.0,75,-1,4992.0
Uniform1-5000_Seed83_J150_M75,"[0.014223, 1.000000]",75,150,0.01,max_proc,lowest_lower_bound,PRUNE,all_to_shortest,greedy,6248,233,2001,128.0968894958496,0.20102432778489115,False,5125.0,83,-1,4992.0
Uniform1-5000_Seed84_J150_M75,"[0.001855, 0.927463]",75,150,0.02,max_proc,lowest_lower_bound,NO_PROFILING,all_to_shortest,greedy,7165,1766,2001,119.62318634986877,0.24773575250058152,False,5389.973333333333,75,-1,5389.973333333333
Uniform1-5000_Seed84_J150_M75,"[0.001855, 0.927463]",75,150,0.01,max_proc,lowest_lower_bound,PRUNE,all_to_shortest,greedy,6097,103,103,4.909959077835083,0.11596304193319118,True,6027.0,101,-1,5389.973333333333
Uniform1-5000_Seed85_J150_M75,"[0.002975, 0.979136]",75,150,0.02,max_proc,lowest_lower_bound,NO_PROFILING,all_to_shortest,greedy,6105,706,2001,105.21608281135559,0.17408681408681412,False,5042.2,94,-1,5042.2
Uniform1-5000_Seed85_J150_M75,"[0.002975, 0.979136]",75,150,0.01,max_proc,lowest_lower_bound,PRUNE,all_to_shortest,greedy,6153,109,2001,124.53126978874207,0.18052982285064198,False,5042.2,94,-1,5042.2
Uniform1-5000_Seed86_J150_M75,"[0.011807, 1.000000]",75,150,0.02,max_proc,lowest_lower_bound,NO_PROFILING,all_to_shortest,greedy,5061,128,128,5.8366100788116455,0.012645722189290654,True,4997.0,126,-1,4997.0
Uniform1-5000_Seed86_J150_M75,"[0.011807, 1.000000]",75,150,0.01,max_proc,lowest_lower_bound,PRUNE,all_to_shortest,greedy,5316,687,2001,100.0171275138855,0.06000752445447705,False,4997.0,127,-1,4997.0
Uniform1-5000_Seed87_J150_M75,"[0.000808, 1.000000]",75,150,0.02,max_proc,lowest_lower_bound,NO_PROFILING,all_to_shortest,greedy,4960,128,128,5.980053186416626,0.0016129032258064516,True,4952.0,126,-1,4952.0
Uniform1-5000_Seed87_J150_M75,"[0.000808, 1.000000]",75,150,0.01,max_proc,lowest_lower_bound,PRUNE,all_to_shortest,greedy,5008,140,140,7.561253786087036,0.011182108626198083,True,4952.0,136,-1,4952.0
Uniform1-5000_Seed88_J150_M75,"[0.001500, 0.935548]",75,150,0.02,max_proc,lowest_lower_bound,NO_PROFILING,all_to_shortest,greedy,7021,1299,2001,112.65789747238159,0.2403114466125433,False,5333.7733333333335,75,-1,5333.7733333333335
Uniform1-5000_Seed88_J150_M75,"[0.001500, 0.935548]",75,150,0.01,max_proc,lowest_lower_bound,PRUNE,all_to_shortest,greedy,5903,116,116,5.532019138336182,0.09643006380936243,True,5844.0,111,-1,5333.7733333333335
Uniform1-5000_Seed89_J150_M75,"[0.006412, 1.000000]",75,150,0.02,max_proc,lowest_lower_bound,NO_PROFILING,all_to_shortest,greedy,4998,91,91,3.4532320499420166,0.0014005602240896359,True,4991.0,89,-1,4991.0
Uniform1-5000_Seed89_J150_M75,"[0.006412, 1.000000]",75,150,0.01,max_proc,lowest_lower_bound,PRUNE,all_to_shortest,greedy,5090,106,106,4.740239143371582,0.01944990176817289,True,4991.0,104,-1,4991.0
Uniform1-5000_Seed90_J150_M75,"[0.006562, 0.956906]",75,150,0.02,max_proc,lowest_lower_bound,NO_PROFILING,all_to_shortest,greedy,6445,222,2001,105.77751159667969,0.19607757951900703,False,5181.28,79,-1,5181.28
Uniform1-5000_Seed90_J150_M75,"[0.006562, 0.956906]",75,150,0.01,max_proc,lowest_lower_bound,PRUNE,all_to_shortest,greedy,6489,88,2001,122.65500044822693,0.2015287409462167,False,5250.0,84,-1,5181.28
Uniform1-5000_Seed91_J150_M75,"[0.004435, 0.959862]",75,150,0.02,max_proc,lowest_lower_bound,NO_PROFILING,all_to_shortest,greedy,6108,402,2001,103.92476844787598,0.15092337917485268,False,5186.16,90,-1,5186.16
Uniform1-5000_Seed91_J150_M75,"[0.004435, 0.959862]",75,150,0.01,max_proc,lowest_lower_bound,PRUNE,all_to_shortest,greedy,6254,124,2001,97.27787637710571,0.17074512312120246,False,5186.16,90,-1,5186.16
Uniform1-5000_Seed92_J150_M75,"[0.000586, 0.969285]",75,150,0.02,max_proc,lowest_lower_bound,NO_PROFILING,all_to_shortest,greedy,6398,1514,2001,104.45266699790955,0.20019172658122333,False,5117.173333333333,75,-1,5117.173333333333
Uniform1-5000_Seed92_J150_M75,"[0.000586, 0.969285]",75,150,0.01,max_proc,lowest_lower_bound,PRUNE,all_to_shortest,greedy,5451,137,137,6.60035514831543,0.061241362441142325,True,5359.0,124,-1,5117.173333333333
Uniform1-5000_Seed93_J150_M75,"[0.003807, 0.940614]",75,150,0.02,max_proc,lowest_lower_bound,NO_PROFILING,all_to_shortest,greedy,6691,936,2001,111.47312521934509,0.21476411099486872,False,5254.013333333333,77,-1,5254.013333333333
Uniform1-5000_Seed93_J150_M75,"[0.003807, 0.940614]",75,150,0.01,max_proc,lowest_lower_bound,PRUNE,all_to_shortest,greedy,5720,463,2001,106.46544480323792,0.08146620046620047,False,5403.0,123,-1,5254.013333333333
Uniform1-5000_Seed94_J150_M75,"[0.002851, 0.948973]",75,150,0.02,max_proc,lowest_lower_bound,NO_PROFILING,all_to_shortest,greedy,6348,752,2001,109.11755180358887,0.17115942028985515,False,5261.48,95,-1,5261.48
Uniform1-5000_Seed94_J150_M75,"[0.002851, 0.948973]",75,150,0.01,max_proc,lowest_lower_bound,PRUNE,all_to_shortest,greedy,6369,478,2001,101.19948506355286,0.17389229078348256,False,5261.48,95,-1,5261.48
Uniform1-5000_Seed95_J150_M75,"[0.000818, 0.986533]",75,150,0.02,max_proc,lowest_lower_bound,NO_PROFILING,all_to_shortest,greedy,5859,180,2001,104.08981680870056,0.16558457074586105,False,4888.84,94,-1,4888.84
Uniform1-5000_Seed95_J150_M75,"[0.000818, 0.986533]",75,150,0.01,max_proc,lowest_lower_bound,PRUNE,all_to_shortest,greedy,5893,90,2001,119.65512371063232,0.17039877821143729,False,4888.84,94,-1,4888.84
Uniform1-5000_Seed96_J150_M75,"[0.001760, 0.977629]",75,150,0.02,max_proc,lowest_lower_bound,NO_PROFILING,all_to_shortest,greedy,6351,561,2001,107.72659063339233,0.1947073951608671,False,5114.413333333333,79,-1,5114.413333333333
Uniform1-5000_Seed96_J150_M75,"[0.001760, 0.977629]",75,150,0.01,max_proc,lowest_lower_bound,PRUNE,all_to_shortest,greedy,6347,957,2001,121.51623272895813,0.19419988445984987,False,5184.0,85,-1,5114.413333333333
Uniform1-5000_Seed97_J150_M75,"[0.001579, 0.976607]",75,150,0.02,max_proc,lowest_lower_bound,NO_PROFILING,all_to_shortest,greedy,6285,1295,2001,105.80437994003296,0.19370776982232824,False,5067.546666666667,75,-1,5067.546666666667
Uniform1-5000_Seed97_J150_M75,"[0.001579, 0.976607]",75,150,0.01,max_proc,lowest_lower_bound,PRUNE,all_to_shortest,greedy,6167,1985,2001,118.83015275001526,0.1782800929679476,False,5343.0,93,-1,5067.546666666667
Uniform1-5000_Seed98_J150_M75,"[0.000600, 1.000000]",75,150,0.02,max_proc,lowest_lower_bound,NO_PROFILING,all_to_shortest,greedy,5050,112,112,4.836797475814819,0.009900990099009901,True,5000.0,110,-1,5000.0
Uniform1-5000_Seed98_J150_M75,"[0.000600, 1.000000]",75,150,0.01,max_proc,lowest_lower_bound,PRUNE,all_to_shortest,greedy,5062,126,126,5.786796569824219,0.012248123271434215,True,5000.0,124,-1,5000.0
Uniform1-5000_Seed99_J150_M75,"[0.002282, 0.940488]",75,150,0.02,max_proc,lowest_lower_bound,NO_PROFILING,all_to_shortest,greedy,6711,718,2001,106.12472033500671,0.21652411463765955,False,5257.906666666667,75,-1,5257.906666666667
Uniform1-5000_Seed99_J150_M75,"[0.002282, 0.940488]",75,150,0.01,max_proc,lowest_lower_bound,PRUNE,all_to_shortest,greedy,5720,110,110,5.279236316680908,0.08078554778554776,True,5642.0,108,-1,5257.906666666667
Uniform1-5000_Seed100_J150_M75,"[0.000584, 0.972592]",75,150,0.02,max_proc,lowest_lower_bound,NO_PROFILING,all_to_shortest,greedy,6311,648,2001,100.46615529060364,0.18638356309089946,False,5134.733333333334,75,-1,5134.733333333334
Uniform1-5000_Seed100_J150_M75,"[0.000584, 0.972592]",75,150,0.01,max_proc,lowest_lower_bound,PRUNE,all_to_shortest,greedy,6161,93,2001,113.71498942375183,0.1665746902559108,False,5262.0,91,-1,5134.733333333334
Uniform1-5000_Seed1_J200_M100,"[0.003201, 1.000000]",100,200,0.02,max_proc,lowest_lower_bound,NO_PROFILING,all_to_shortest,greedy,4998,150,150,13.80460262298584,0.051500600240095964,True,4998.0,148,-1,4740.6
Uniform1-5000_Seed1_J200_M100,"[0.003201, 1.000000]",100,200,0.01,max_proc,lowest_lower_bound,PRUNE,all_to_shortest,greedy,5073,175,175,17.906898498535156,0.06552335895919567,True,4998.0,173,-1,4740.6
Uniform1-5000_Seed2_J200_M100,"[0.003881, 0.970069]",100,200,0.02,max_proc,lowest_lower_bound,NO_PROFILING,all_to_shortest,greedy,6581,673,2001,214.7323112487793,0.21695183102871907,False,5153.24,100,-1,5153.24
Uniform1-5000_Seed2_J200_M100,"[0.003881, 0.970069]",100,200,0.01,max_proc,lowest_lower_bound,PRUNE,all_to_shortest,greedy,5665,146,146,15.314860343933105,0.09033715798764347,True,5587.0,144,-1,5153.24
Uniform1-5000_Seed3_J200_M100,"[0.002802, 1.000000]",100,200,0.02,max_proc,lowest_lower_bound,NO_PROFILING,all_to_shortest,greedy,5907,1126,2001,212.67990946769714,0.1612730658540715,False,4997.0,137,-1,4954.36
Uniform1-5000_Seed3_J200_M100,"[0.002802, 1.000000]",100,200,0.01,max_proc,lowest_lower_bound,PRUNE,all_to_shortest,greedy,5960,1777,2001,248.98976182937622,0.16873154362416112,False,4997.0,132,-1,4954.36
Uniform1-5000_Seed4_J200_M100,"[0.001951, 0.954375]",100,200,0.02,max_proc,lowest_lower_bound,NO_PROFILING,all_to_shortest,greedy,6417,460,2001,217.91246151924133,0.20120461274738977,False,5125.87,100,-1,5125.87
Uniform1-5000_Seed4_J200_M100,"[0.001951, 0.954375]",100,200,0.01,max_proc,lowest_lower_bound,PRUNE,all_to_shortest,greedy,5740,158,2001,232.55476474761963,0.10699128919860629,False,5231.0,158,-1,5125.87
Uniform1-5000_Seed5_J200_M100,"[0.007365, 0.994646]",100,200,0.02,max_proc,lowest_lower_bound,NO_PROFILING,all_to_shortest,greedy,6668,398,2001,208.99450087547302,0.24656568686262753,False,5023.9,100,-1,5023.9
Uniform1-5000_Seed5_J200_M100,"[0.007365, 0.994646]",100,200,0.01,max_proc,lowest_lower_bound,PRUNE,all_to_shortest,greedy,5473,161,161,16.0900559425354,0.08205737255618498,True,5381.0,159,-1,5023.9
Uniform1-5000_Seed6_J200_M100,"[0.002000, 1.000000]",100,200,0.02,max_proc,lowest_lower_bound,NO_PROFILING,all_to_shortest,greedy,5000,158,158,14.948076963424683,0.038215999999999986,True,5000.0,156,-1,4808.92
Uniform1-5000_Seed6_J200_M100,"[0.002000, 1.000000]",100,200,0.01,max_proc,lowest_lower_bound,PRUNE,all_to_shortest,greedy,5086,237,237,24.455360889434814,0.05447896185607549,True,5000.0,175,-1,4808.92
Uniform1-5000_Seed7_J200_M100,"[0.002385, 0.987940]",100,200,0.02,max_proc,lowest_lower_bound,NO_PROFILING,all_to_shortest,greedy,6537,1815,2001,216.24147152900696,0.23043139054612205,False,5030.67,100,-1,5030.67
Uniform1-5000_Seed7_J200_M100,"[0.002385, 0.987940]",100,200,0.01,max_proc,lowest_lower_bound,PRUNE,all_to_shortest,greedy,6117,141,2001,214.8800151348114,0.17759195684158902,False,5153.0,119,-1,5030.67
Uniform1-5000_Seed8_J200_M100,"[0.005371, 0.916429]",100,200,0.02,max_proc,lowest_lower_bound,NO_PROFILING,all_to_shortest,greedy,7051,685,2001,249.13775539398193,0.23426180683590977,False,5399.22,100,-1,5399.22
Uniform1-5000_Seed8_J200_M100,"[0.005371, 0.916429]",100,200,0.01,max_proc,lowest_lower_bound,PRUNE,all_to_shortest,greedy,6748,132,2001,212.78561067581177,0.19987848251333726,False,5562.0,115,-1,5399.22
Uniform1-5000_Seed9_J200_M100,"[0.000194, 0.959768]",100,200,0.02,max_proc,lowest_lower_bound,NO_PROFILING,all_to_shortest,greedy,6558,498,2001,221.40643501281738,0.21260292772186642,False,5163.75,100,-1,5163.75
Uniform1-5000_Seed9_J200_M100,"[0.000194, 0.959768]",100,200,0.01,max_proc,lowest_lower_bound,PRUNE,all_to_shortest,greedy,6397,144,2001,257.20057678222656,0.1927856807878693,False,5414.0,123,-1,5163.75
Uniform1-5000_Seed10_J200_M100,"[0.008485, 0.937894]",100,200,0.02,max_proc,lowest_lower_bound,NO_PROFILING,all_to_shortest,greedy,6743,102,2001,221.445072889328,0.21349992584902863,False,5303.37,100,-1,5303.37
Uniform1-5000_Seed10_J200_M100,"[0.008485, 0.937894]",100,200,0.01,max_proc,lowest_lower_bound,PRUNE,all_to_shortest,greedy,6526,227,2001,248.52967405319214,0.18734753294514253,False,5414.0,116,-1,5303.37
Uniform1-5000_Seed11_J200_M100,"[0.000191, 0.954271]",100,200,0.02,max_proc,lowest_lower_bound,NO_PROFILING,all_to_shortest,greedy,6763,1863,2001,221.68811559677124,0.2257193553156883,False,5236.46,100,-1,5236.46
Uniform1-5000_Seed11_J200_M100,"[0.000191, 0.954271]",100,200,0.01,max_proc,lowest_lower_bound,PRUNE,all_to_shortest,greedy,5578,248,248,27.075199604034424,0.06122983148081749,True,5544.0,160,-1,5236.46
Uniform1-5000_Seed12_J200_M100,"[0.006217, 1.000000]",100,200,0.02,max_proc,lowest_lower_bound,NO_PROFILING,all_to_shortest,greedy,6353,814,2001,203.17958307266235,0.2151739335746891,False,4986.0,102,-1,4986.0
Uniform1-5000_Seed12_J200_M100,"[0.006217, 1.000000]",100,200,0.01,max_proc,lowest_lower_bound,PRUNE,all_to_shortest,greedy,6166,693,2001,202.92174577713013,0.1913720402205644,False,5054.0,112,-1,4986.0
Uniform1-5000_Seed13_J200_M100,"[0.002409, 1.000000]",100,200,0.02,max_proc,lowest_lower_bound,NO_PROFILING,all_to_shortest,greedy,5031,148,148,15.040242910385132,0.055968992248062004,True,4981.0,146,-1,4749.42
Uniform1-5000_Seed13_J200_M100,"[0.002409, 1.000000]",100,200,0.01,max_proc,lowest_lower_bound,PRUNE,all_to_shortest,greedy,5044,174,174,18.254684925079346,0.05840206185567009,True,4981.0,163,-1,4749.42
Uniform1-5000_Seed14_J200_M100,"[0.003062, 0.949669]",100,200,0.02,max_proc,lowest_lower_bound,NO_PROFILING,all_to_shortest,greedy,6634,1961,2001,217.473042011261,0.2123937292734399,False,5224.98,100,-1,5224.98
Uniform1-5000_Seed14_J200_M100,"[0.003062, 0.949669]",100,200,0.01,max_proc,lowest_lower_bound,PRUNE,all_to_shortest,greedy,6423,434,2001,255.895934343338,0.1865203176085942,False,5341.0,117,-1,5224.98
Uniform1-5000_Seed15_J200_M100,"[0.003979, 0.990649]",100,200,0.02,max_proc,lowest_lower_bound,NO_PROFILING,all_to_shortest,greedy,6420,298,2001,218.15988731384277,0.21713395638629285,False,5026.0,100,-1,5026.0
Uniform1-5000_Seed15_J200_M100,"[0.003979, 0.990649]",100,200,0.01,max_proc,lowest_lower_bound,PRUNE,all_to_shortest,greedy,6047,107,2001,243.22905349731445,0.16884405490325782,False,5137.0,137,-1,5026.0
Uniform1-5000_Seed16_J200_M100,"[0.001338, 0.952782]",100,200,0.02,max_proc,lowest_lower_bound,NO_PROFILING,all_to_shortest,greedy,6866,1074,2001,224.42505812644958,0.2382828429944655,False,5229.95,100,-1,5229.95
Uniform1-5000_Seed16_J200_M100,"[0.001338, 0.952782]",100,200,0.01,max_proc,lowest_lower_bound,PRUNE,all_to_shortest,greedy,5772,150,150,15.48361325263977,0.09391025641025644,True,5728.0,148,-1,5229.95
Uniform1-5000_Seed17_J200_M100,"[0.004269, 0.924004]",100,200,0.02,max_proc,lowest_lower_bound,NO_PROFILING,all_to_shortest,greedy,6929,1853,2001,242.57914924621582,0.22248232068119497,False,5387.42,100,-1,5387.42
Uniform1-5000_Seed17_J200_M100,"[0.004269, 0.924004]",100,200,0.01,max_proc,lowest_lower_bound,PRUNE,all_to_shortest,greedy,6798,110,2001,240.1473753452301,0.20749926448955575,False,5560.0,109,-1,5387.42
Uniform1-5000_Seed18_J200_M100,"[0.008959, 0.952323]",100,200,0.02,max_proc,lowest_lower_bound,NO_PROFILING,all_to_shortest,greedy,6704,180,2001,224.8530149459839,0.21746420047732698,False,5246.12,100,-1,5246.12
Uniform1-5000_Seed18_J200_M100,"[0.008959, 0.952323]",100,200,0.01,max_proc,lowest_lower_bound,PRUNE,all_to_shortest,greedy,5810,161,161,16.830080270767212,0.09705335628227196,True,5701.0,159,-1,5246.12
Uniform1-5000_Seed19_J200_M100,"[0.001075, 0.896040]",100,200,0.02,max_proc,lowest_lower_bound,NO_PROFILING,all_to_shortest,greedy,6954,336,2001,218.0744547843933,0.19772936439459307,False,5578.99,100,-1,5578.99
Uniform1-5000_Seed19_J200_M100,"[0.001075, 0.896040]",100,200,0.01,max_proc,lowest_lower_bound,PRUNE,all_to_shortest,greedy,7031,112,2001,268.3877785205841,0.2065154316597924,False,5748.0,111,-1,5578.99
Uniform1-5000_Seed20_J200_M100,"[0.008880, 0.998361]",100,200,0.02,max_proc,lowest_lower_bound,NO_PROFILING,all_to_shortest,greedy,6178,711,2001,215.27060437202454,0.19794108125606993,False,4955.12,108,-1,4955.12
Uniform1-5000_Seed20_J200_M100,"[0.008880, 0.998361]",100,200,0.01,max_proc,lowest_lower_bound,PRUNE,all_to_shortest,greedy,6227,213,2001,233.9499249458313,0.20425244901236553,False,4983.0,108,-1,4955.12
Uniform1-5000_Seed21_J200_M100,"[0.001806, 1.000000]",100,200,0.02,max_proc,lowest_lower_bound,NO_PROFILING,all_to_shortest,greedy,5035,119,119,11.26099157333374,0.010327706057596822,True,4983.0,117,-1,4983.0
Uniform1-5000_Seed21_J200_M100,"[0.001806, 1.000000]",100,200,0.01,max_proc,lowest_lower_bound,PRUNE,all_to_shortest,greedy,5058,163,163,17.10426115989685,0.01482799525504152,True,4983.0,161,-1,4983.0
Uniform1-5000_Seed22_J200_M100,"[0.002004, 1.000000]",100,200,0.02,max_proc,lowest_lower_bound,NO_PROFILING,all_to_shortest,greedy,6158,1159,2001,214.22673773765564,0.18967197141929198,False,4990.0,100,-1,4990.0
Uniform1-5000_Seed22_J200_M100,"[0.002004, 1.000000]",100,200,0.01,max_proc,lowest_lower_bound,PRUNE,all_to_shortest,greedy,5184,165,165,17.538212537765503,0.03742283950617284,True,5157.0,161,-1,4990.0
Uniform1-5000_Seed23_J200_M100,"[0.007859, 0.980997]",100,200,0.02,max_proc,lowest_lower_bound,NO_PROFILING,all_to_shortest,greedy,6373,112,2001,223.8203477859497,0.20136199592028867,False,5089.72,110,-1,5089.72
Uniform1-5000_Seed23_J200_M100,"[0.007859, 0.980997]",100,200,0.01,max_proc,lowest_lower_bound,PRUNE,all_to_shortest,greedy,6419,124,2001,226.88681411743164,0.20708521576569555,False,5089.72,110,-1,5089.72
Uniform1-5000_Seed24_J200_M100,"[0.003723, 0.972331]",100,200,0.02,max_proc,lowest_lower_bound,NO_PROFILING,all_to_shortest,greedy,6635,1483,2001,200.57599234580994,0.2308666164280332,False,5103.2,100,-1,5103.2
Uniform1-5000_Seed24_J200_M100,"[0.003723, 0.972331]",100,200,0.01,max_proc,lowest_lower_bound,PRUNE,all_to_shortest,greedy,5695,327,327,37.44831681251526,0.10391571553994736,True,5590.0,144,-1,5103.2
Uniform1-5000_Seed25_J200_M100,"[0.003031, 1.000000]",100,200,0.02,max_proc,lowest_lower_bound,NO_PROFILING,all_to_shortest,greedy,6196,909,2001,201.59611058235168,0.2012588766946417,False,4949.0,100,-1,4949.0
Uniform1-5000_Seed25_J200_M100,"[0.003031, 1.000000]",100,200,0.01,max_proc,lowest_lower_bound,PRUNE,all_to_shortest,greedy,5134,169,169,17.420222759246826,0.03603428126217374,True,5041.0,167,-1,4949.0
Uniform1-5000_Seed26_J200_M100,"[0.004634, 0.925734]",100,200,0.02,max_proc,lowest_lower_bound,NO_PROFILING,all_to_shortest,greedy,6764,316,2001,218.80928206443787,0.20244825547013598,False,5394.64,100,-1,5394.64
Uniform1-5000_Seed26_J200_M100,"[0.004634, 0.925734]",100,200,0.01,max_proc,lowest_lower_bound,PRUNE,all_to_shortest,greedy,5671,190,190,20.696331024169922,0.04873214600599536,True,5582.0,177,-1,5394.64
Uniform1-5000_Seed27_J200_M100,"[0.025288, 1.000000]",100,200,0.02,max_proc,lowest_lower_bound,NO_PROFILING,all_to_shortest,greedy,6132,250,2001,209.33476209640503,0.19390084801043705,False,4943.0,100,-1,4943.0
Uniform1-5000_Seed27_J200_M100,"[0.025288, 1.000000]",100,200,0.01,max_proc,lowest_lower_bound,PRUNE,all_to_shortest,greedy,5722,116,2001,244.5050401687622,0.13614120936735408,False,4977.0,114,-1,4943.0
Uniform1-5000_Seed28_J200_M100,"[0.009252, 1.000000]",100,200,0.02,max_proc,lowest_lower_bound,NO_PROFILING,all_to_shortest,greedy,4972,145,145,13.259310245513916,0.0,True,4972.0,143,145,4972.0
Uniform1-5000_Seed28_J200_M100,"[0.009252, 1.000000]",100,200,0.01,max_proc,lowest_lower_bound,PRUNE,all_to_shortest,greedy,5068,168,168,17.180374145507812,0.018942383583267563,True,4972.0,166,-1,4972.0
Uniform1-5000_Seed29_J200_M100,"[0.000800, 1.000000]",100,200,0.02,max_proc,lowest_lower_bound,NO_PROFILING,all_to_shortest,greedy,6107,459,2001,219.61921644210815,0.1814311445881775,False,4999.0,115,-1,4999.0
Uniform1-5000_Seed29_J200_M100,"[0.000800, 1.000000]",100,200,0.01,max_proc,lowest_lower_bound,PRUNE,all_to_shortest,greedy,6189,98,2001,271.6343834400177,0.19227661980933916,False,4999.0,115,-1,4999.0
Uniform1-5000_Seed30_J200_M100,"[0.001201, 1.000000]",100,200,0.02,max_proc,lowest_lower_bound,NO_PROFILING,all_to_shortest,greedy,5069,141,141,13.29703950881958,0.014598540145985401,True,4995.0,139,-1,4995.0
Uniform1-5000_Seed30_J200_M100,"[0.001201, 1.000000]",100,200,0.01,max_proc,lowest_lower_bound,PRUNE,all_to_shortest,greedy,5051,174,174,18.279289484024048,0.011086913482478717,True,4995.0,172,-1,4995.0
Uniform1-5000_Seed31_J200_M100,"[0.002806, 1.000000]",100,200,0.02,max_proc,lowest_lower_bound,NO_PROFILING,all_to_shortest,greedy,6312,151,2001,205.7140486240387,0.2094423320659062,False,4990.0,104,-1,4990.0
Uniform1-5000_Seed31_J200_M100,"[0.002806, 1.000000]",100,200,0.01,max_proc,lowest_lower_bound,PRUNE,all_to_shortest,greedy,5128,454,454,52.270365476608276,0.02691107644305772,True,5029.0,180,-1,4990.0
Uniform1-5000_Seed32_J200_M100,"[0.001979, 0.987981]",100,200,0.02,max_proc,lowest_lower_bound,NO_PROFILING,all_to_shortest,greedy,6100,1051,2001,210.06494545936584,0.1715180327868853,False,5053.74,122,-1,5053.74
Uniform1-5000_Seed32_J200_M100,"[0.001979, 0.987981]",100,200,0.01,max_proc,lowest_lower_bound,PRUNE,all_to_shortest,greedy,6128,124,2001,247.3057177066803,0.17530352480417757,False,5053.74,122,-1,5053.74
Uniform1-5000_Seed33_J200_M100,"[0.001614, 1.000000]",100,200,0.02,max_proc,lowest_lower_bound,NO_PROFILING,all_to_shortest,greedy,5045,136,136,12.064967632293701,0.017641228939544104,True,4956.0,134,-1,4956.0
Uniform1-5000_Seed33_J200_M100,"[0.001614, 1.000000]",100,200,0.01,max_proc,lowest_lower_bound,PRUNE,all_to_shortest,greedy,5034,158,158,15.8072669506073,0.015494636471990465,True,4956.0,156,-1,4956.0
Uniform1-5000_Seed34_J200_M100,"[0.016228, 0.975805]",100,200,0.02,max_proc,lowest_lower_bound,NO_PROFILING,all_to_shortest,greedy,6397,523,2001,218.04774641990662,0.20044552133812724,False,5114.75,115,-1,5114.75
Uniform1-5000_Seed34_J200_M100,"[0.016228, 0.975805]",100,200,0.01,max_proc,lowest_lower_bound,PRUNE,all_to_shortest,greedy,6432,642,2001,204.09184885025024,0.20479633084577115,False,5124.0,118,-1,5114.75
Uniform1-5000_Seed35_J200_M100,"[0.006065, 0.918328]",100,200,0.02,max_proc,lowest_lower_bound,NO_PROFILING,all_to_shortest,greedy,6910,1123,2001,214.22696685791016,0.21253111432706226,False,5441.41,100,-1,5441.41
Uniform1-5000_Seed35_J200_M100,"[0.006065, 0.918328]",100,200,0.01,max_proc,lowest_lower_bound,PRUNE,all_to_shortest,greedy,5652,860,860,104.23346042633057,0.037259377211606534,True,5652.0,170,-1,5441.41
Uniform1-5000_Seed36_J200_M100,"[0.002307, 0.959693]",100,200,0.02,max_proc,lowest_lower_bound,NO_PROFILING,all_to_shortest,greedy,6678,1295,2001,208.83839511871338,0.22123090745732257,False,5200.62,101,-1,5200.62
Uniform1-5000_Seed36_J200_M100,"[0.002307, 0.959693]",100,200,0.01,max_proc,lowest_lower_bound,PRUNE,all_to_shortest,greedy,6020,1611,2001,223.157883644104,0.13610963455149502,False,5471.0,141,-1,5200.62
Uniform1-5000_Seed37_J200_M100,"[0.003199, 0.990261]",100,200,0.02,max_proc,lowest_lower_bound,NO_PROFILING,all_to_shortest,greedy,5829,1998,2001,206.02043747901917,0.14192657402641962,False,5001.71,137,-1,5001.71
Uniform1-5000_Seed37_J200_M100,"[0.003199, 0.990261]",100,200,0.01,max_proc,lowest_lower_bound,PRUNE,all_to_shortest,greedy,5927,1549,2001,242.13521146774292,0.1561143917664923,False,5001.71,133,-1,5001.71
Uniform1-5000_Seed38_J200_M100,"[0.000200, 1.000000]",100,200,0.02,max_proc,lowest_lower_bound,NO_PROFILING,all_to_shortest,greedy,4991,174,174,17.373708248138428,0.0,True,4991.0,172,174,4991.0
Uniform1-5000_Seed38_J200_M100,"[0.000200, 1.000000]",100,200,0.01,max_proc,lowest_lower_bound,PRUNE,all_to_shortest,greedy,5635,144,2001,219.63573908805847,0.11428571428571428,False,4991.0,142,-1,4991.0
Uniform1-5000_Seed39_J200_M100,"[0.003410, 1.000000]",100,200,0.02,max_proc,lowest_lower_bound,NO_PROFILING,all_to_shortest,greedy,6271,802,2001,196.74594902992249,0.20507096156912774,False,4985.0,100,-1,4985.0
Uniform1-5000_Seed39_J200_M100,"[0.003410, 1.000000]",100,200,0.01,max_proc,lowest_lower_bound,PRUNE,all_to_shortest,greedy,5218,159,159,15.597072124481201,0.044653123802223076,True,5195.0,157,-1,4985.0
Uniform1-5000_Seed40_J200_M100,"[0.012206, 0.996924]",100,200,0.02,max_proc,lowest_lower_bound,NO_PROFILING,all_to_shortest,greedy,6415,1564,2001,210.51454186439514,0.2209867498051442,False,4997.37,100,-1,4997.37
Uniform1-5000_Seed40_J200_M100,"[0.012206, 0.996924]",100,200,0.01,max_proc,lowest_lower_bound,PRUNE,all_to_shortest,greedy,6097,115,2001,249.41928267478943,0.18035591274397247,False,5046.0,113,-1,4997.37
Uniform1-5000_Seed41_J200_M100,"[0.001407, 1.000000]",100,200,0.02,max_proc,lowest_lower_bound,NO_PROFILING,all_to_shortest,greedy,6019,1358,2001,209.76631903648376,0.1736168798803788,False,4974.0,114,-1,4974.0
Uniform1-5000_Seed41_J200_M100,"[0.001407, 1.000000]",100,200,0.01,max_proc,lowest_lower_bound,PRUNE,all_to_shortest,greedy,6050,395,2001,241.9613552093506,0.17785123966942148,False,4974.0,114,-1,4974.0
Uniform1-5000_Seed42_J200_M100,"[0.007046, 0.992868]",100,200,0.02,max_proc,lowest_lower_bound,NO_PROFILING,all_to_shortest,greedy,6333,1929,2001,218.63110899925232,0.215627664613927,False,4967.43,100,-1,4967.43
Uniform1-5000_Seed42_J200_M100,"[0.007046, 0.992868]",100,200,0.01,max_proc,lowest_lower_bound,PRUNE,all_to_shortest,greedy,5220,197,197,20.06195306777954,0.048385057471264314,True,5195.0,181,-1,4967.43
Uniform1-5000_Seed43_J200_M100,"[0.006405, 0.965924]",100,200,0.02,max_proc,lowest_lower_bound,NO_PROFILING,all_to_shortest,greedy,6743,485,2001,204.01499724388123,0.23586237579712296,False,5152.58,100,-1,5152.58
Uniform1-5000_Seed43_J200_M100,"[0.006405, 0.965924]",100,200,0.01,max_proc,lowest_lower_bound,PRUNE,all_to_shortest,greedy,6432,145,2001,231.69668817520142,0.1989148009950249,False,5489.0,115,-1,5152.58
Uniform1-5000_Seed44_J200_M100,"[0.012092, 1.000000]",100,200,0.02,max_proc,lowest_lower_bound,NO_PROFILING,all_to_shortest,greedy,4998,155,155,15.014098882675171,0.007202881152460984,True,4962.0,153,-1,4962.0
Uniform1-5000_Seed44_J200_M100,"[0.012092, 1.000000]",100,200,0.01,max_proc,lowest_lower_bound,PRUNE,all_to_shortest,greedy,5050,182,182,18.43046545982361,0.017425742574257427,True,4962.0,180,-1,4962.0
Uniform1-5000_Seed45_J200_M100,"[0.011404, 0.998746]",100,200,0.02,max_proc,lowest_lower_bound,NO_PROFILING,all_to_shortest,greedy,6472,900,2001,215.50337529182434,0.22770859085290476,False,4998.27,100,-1,4998.27
Uniform1-5000_Seed45_J200_M100,"[0.011404, 0.998746]",100,200,0.01,max_proc,lowest_lower_bound,PRUNE,all_to_shortest,greedy,5201,454,454,48.239940881729126,0.03897904249182841,True,5128.0,176,-1,4998.27
Uniform1-5000_Seed46_J200_M100,"[0.003288, 0.963910]",100,200,0.02,max_proc,lowest_lower_bound,NO_PROFILING,all_to_shortest,greedy,6636,515,2001,211.3845534324646,0.2209810126582279,False,5169.57,100,-1,5169.57
Uniform1-5000_Seed46_J200_M100,"[0.003288, 0.963910]",100,200,0.01,max_proc,lowest_lower_bound,PRUNE,all_to_shortest,greedy,6532,794,2001,248.35799622535706,0.20857777097366814,False,5322.0,113,-1,5169.57
Uniform1-5000_Seed47_J200_M100,"[0.012786, 0.950533]",100,200,0.02,max_proc,lowest_lower_bound,NO_PROFILING,all_to_shortest,greedy,6728,1955,2001,214.18076348304749,0.2211325802615933,False,5240.22,100,-1,5240.22
Uniform1-5000_Seed47_J200_M100,"[0.012786, 0.950533]",100,200,0.01,max_proc,lowest_lower_bound,PRUNE,all_to_shortest,greedy,5601,160,160,16.038530588150024,0.06441349758971608,True,5545.0,158,-1,5240.22
Uniform1-5000_Seed48_J200_M100,"[0.000793, 0.987892]",100,200,0.02,max_proc,lowest_lower_bound,NO_PROFILING,all_to_shortest,greedy,6039,605,2001,222.33644819259644,0.1649180327868852,False,5043.06,129,-1,5043.06
Uniform1-5000_Seed48_J200_M100,"[0.000793, 0.987892]",100,200,0.01,max_proc,lowest_lower_bound,PRUNE,all_to_shortest,greedy,6063,119,2001,237.23396706581116,0.16822365165759517,False,5043.06,118,-1,5043.06
Uniform1-5000_Seed49_J200_M100,"[0.000183, 0.914998]",100,200,0.02,max_proc,lowest_lower_bound,NO_PROFILING,all_to_shortest,greedy,7217,97,2001,216.92705178260803,0.24298184841346826,False,5463.4,100,-1,5463.4
Uniform1-5000_Seed49_J200_M100,"[0.000183, 0.914998]",100,200,0.01,max_proc,lowest_lower_bound,PRUNE,all_to_shortest,greedy,5904,158,158,15.763905048370361,0.0746273712737128,True,5815.0,156,-1,5463.4
Uniform1-5000_Seed50_J200_M100,"[0.006285, 1.000000]",100,200,0.02,max_proc,lowest_lower_bound,NO_PROFILING,all_to_shortest,greedy,4950,142,142,13.266894102096558,0.0036363636363636364,True,4932.0,140,-1,4932.0
Uniform1-5000_Seed50_J200_M100,"[0.006285, 1.000000]",100,200,0.01,max_proc,lowest_lower_bound,PRUNE,all_to_shortest,greedy,5002,175,175,18.010313987731934,0.013994402239104359,True,4932.0,173,-1,4932.0
Uniform1-5000_Seed51_J200_M100,"[0.000602, 1.000000]",100,200,0.02,max_proc,lowest_lower_bound,NO_PROFILING,all_to_shortest,greedy,5298,1061,2001,191.85894870758057,0.05870139675349188,False,4987.0,169,-1,4987.0
Uniform1-5000_Seed51_J200_M100,"[0.000602, 1.000000]",100,200,0.01,max_proc,lowest_lower_bound,PRUNE,all_to_shortest,greedy,5702,248,2001,205.96675324440002,0.12539459838653105,False,4987.0,144,-1,4987.0
Uniform1-5000_Seed52_J200_M100,"[0.001153, 0.959722]",100,200,0.02,max_proc,lowest_lower_bound,NO_PROFILING,all_to_shortest,greedy,6662,341,2001,222.38893723487854,0.21875863104172918,False,5204.63,100,-1,5204.63
Uniform1-5000_Seed52_J200_M100,"[0.001153, 0.959722]",100,200,0.01,max_proc,lowest_lower_bound,PRUNE,all_to_shortest,greedy,6052,278,2001,227.21758151054382,0.1400148711169861,False,5347.0,147,-1,5204.63
Uniform1-5000_Seed53_J200_M100,"[0.007095, 0.982867]",100,200,0.02,max_proc,lowest_lower_bound,NO_PROFILING,all_to_shortest,greedy,6171,1909,2001,201.26410913467407,0.1777783179387457,False,5073.93,114,-1,5073.93
Uniform1-5000_Seed53_J200_M100,"[0.007095, 0.982867]",100,200,0.01,max_proc,lowest_lower_bound,PRUNE,all_to_shortest,greedy,6199,706,2001,225.13747310638428,0.1814921761574447,False,5073.93,114,-1,5073.93
Uniform1-5000_Seed54_J200_M100,"[0.001805, 1.000000]",100,200,0.02,max_proc,lowest_lower_bound,NO_PROFILING,all_to_shortest,greedy,4986,167,167,17.226789951324463,0.0,True,4986.0,165,167,4986.0
Uniform1-5000_Seed54_J200_M100,"[0.001805, 1.000000]",100,200,0.01,max_proc,lowest_lower_bound,PRUNE,all_to_shortest,greedy,5021,177,177,18.734541654586792,0.006970722963553077,True,4986.0,175,-1,4986.0
Uniform1-5000_Seed55_J200_M100,"[0.000803, 0.995058]",100,200,0.02,max_proc,lowest_lower_bound,NO_PROFILING,all_to_shortest,greedy,6316,386,2001,199.44606971740723,0.21095155161494616,False,4983.63,100,-1,4983.63
Uniform1-5000_Seed55_J200_M100,"[0.000803, 0.995058]",100,200,0.01,max_proc,lowest_lower_bound,PRUNE,all_to_shortest,greedy,6244,117,2001,200.41254353523254,0.2018529788597053,False,5120.0,115,-1,4983.63
Uniform1-5000_Seed56_J200_M100,"[0.000932, 0.929291]",100,200,0.02,max_proc,lowest_lower_bound,NO_PROFILING,all_to_shortest,greedy,6797,770,2001,225.88720083236694,0.21062527585699573,False,5365.38,100,-1,5365.38
Uniform1-5000_Seed56_J200_M100,"[0.000932, 0.929291]",100,200,0.01,max_proc,lowest_lower_bound,PRUNE,all_to_shortest,greedy,6536,133,2001,232.9229199886322,0.1791034271725826,False,5497.0,122,-1,5365.38
Uniform1-5000_Seed57_J200_M100,"[0.007649, 1.000000]",100,200,0.02,max_proc,lowest_lower_bound,NO_PROFILING,all_to_shortest,greedy,6002,646,2001,206.09381413459778,0.19410196601132956,False,4837.0,100,-1,4837.0
Uniform1-5000_Seed57_J200_M100,"[0.007649, 1.000000]",100,200,0.01,max_proc,lowest_lower_bound,PRUNE,all_to_shortest,greedy,5058,167,167,16.575775384902954,0.04369315935152234,True,5058.0,161,-1,4837.0
Uniform1-5000_Seed58_J200_M100,"[0.005606, 0.960782]",100,200,0.02,max_proc,lowest_lower_bound,NO_PROFILING,all_to_shortest,greedy,6554,190,2001,222.1507875919342,0.21073085138846506,False,5172.87,100,-1,5172.87
Uniform1-5000_Seed58_J200_M100,"[0.005606, 0.960782]",100,200,0.01,max_proc,lowest_lower_bound,PRUNE,all_to_shortest,greedy,6127,1259,2001,246.9502193927765,0.1557254773951363,False,5256.0,137,-1,5172.87
Uniform1-5000_Seed59_J200_M100,"[0.000966, 0.965963]",100,200,0.02,max_proc,lowest_lower_bound,NO_PROFILING,all_to_shortest,greedy,6697,944,2001,201.85632634162903,0.227089741675377,False,5176.18,100,-1,5176.18
Uniform1-5000_Seed59_J200_M100,"[0.000966, 0.965963]",100,200,0.01,max_proc,lowest_lower_bound,PRUNE,all_to_shortest,greedy,6476,108,2001,205.11444902420044,0.20071340333539217,False,5314.0,116,-1,5176.18
Uniform1-5000_Seed60_J200_M100,"[0.001150, 0.953189]",100,200,0.02,max_proc,lowest_lower_bound,NO_PROFILING,all_to_shortest,greedy,6495,595,2001,229.2401201725006,0.196409545804465,False,5219.32,113,-1,5219.32
Uniform1-5000_Seed60_J200_M100,"[0.001150, 0.953189]",100,200,0.01,max_proc,lowest_lower_bound,PRUNE,all_to_shortest,greedy,6524,112,2001,256.56312227249146,0.1999816063764562,False,5242.0,114,-1,5219.32
Uniform1-5000_Seed61_J200_M100,"[0.008137, 0.984220]",100,200,0.02,max_proc,lowest_lower_bound,NO_PROFILING,all_to_shortest,greedy,6386,134,2001,210.00659012794495,0.21100689007203255,False,5038.51,100,-1,5038.51
Uniform1-5000_Seed61_J200_M100,"[0.008137, 0.984220]",100,200,0.01,max_proc,lowest_lower_bound,PRUNE,all_to_shortest,greedy,6049,329,2001,232.65593695640564,0.16705075219044466,False,5183.0,124,-1,5038.51
Uniform1-5000_Seed62_J200_M100,"[0.001842, 1.000000]",100,200,0.02,max_proc,lowest_lower_bound,NO_PROFILING,all_to_shortest,greedy,6387,1478,2001,227.98108339309692,0.235165179270393,False,4885.0,100,-1,4885.0
Uniform1-5000_Seed62_J200_M100,"[0.001842, 1.000000]",100,200,0.01,max_proc,lowest_lower_bound,PRUNE,all_to_shortest,greedy,5254,193,193,20.45916509628296,0.07023220403502094,True,5164.0,167,-1,4885.0
Uniform1-5000_Seed63_J200_M100,"[0.003677, 0.960159]",100,200,0.02,max_proc,lowest_lower_bound,NO_PROFILING,all_to_shortest,greedy,6640,576,2001,231.9452726840973,0.2218599397590361,False,5166.85,101,-1,5166.85
Uniform1-5000_Seed63_J200_M100,"[0.003677, 0.960159]",100,200,0.01,max_proc,lowest_lower_bound,PRUNE,all_to_shortest,greedy,6627,237,2001,207.47043108940125,0.22033348423117544,False,5229.0,110,-1,5166.85
Uniform1-5000_Seed64_J200_M100,"[0.001808, 1.000000]",100,200,0.02,max_proc,lowest_lower_bound,NO_PROFILING,all_to_shortest,greedy,5006,150,150,14.308744192123413,0.005393527766679984,True,4979.0,148,-1,4979.0
Uniform1-5000_Seed64_J200_M100,"[0.001808, 1.000000]",100,200,0.01,max_proc,lowest_lower_bound,PRUNE,all_to_shortest,greedy,5054,173,173,17.426080226898193,0.0148397309062129,True,4979.0,171,-1,4979.0
Uniform1-5000_Seed65_J200_M100,"[0.010004, 0.979046]",100,200,0.02,max_proc,lowest_lower_bound,NO_PROFILING,all_to_shortest,greedy,6030,606,2001,206.94964361190796,0.15459038142620238,False,5097.82,128,-1,5097.82
Uniform1-5000_Seed65_J200_M100,"[0.010004, 0.979046]",100,200,0.01,max_proc,lowest_lower_bound,PRUNE,all_to_shortest,greedy,6082,146,2001,230.9980444908142,0.16181848076290697,False,5097.82,128,-1,5097.82
Uniform1-5000_Seed66_J200_M100,"[0.008579, 0.986542]",100,200,0.02,max_proc,lowest_lower_bound,NO_PROFILING,all_to_shortest,greedy,6367,101,2001,225.8938925266266,0.21274383540128788,False,5012.46,100,-1,5012.46
Uniform1-5000_Seed66_J200_M100,"[0.008579, 0.986542]",100,200,0.01,max_proc,lowest_lower_bound,PRUNE,all_to_shortest,greedy,5966,220,2001,239.97064590454102,0.15982903117666777,False,5143.0,125,-1,5012.46
Uniform1-5000_Seed67_J200_M100,"[0.001804, 1.000000]",100,200,0.02,max_proc,lowest_lower_bound,NO_PROFILING,all_to_shortest,greedy,5087,121,121,10.91486120223999,0.01946137212502457,True,4988.0,119,-1,4988.0
Uniform1-5000_Seed67_J200_M100,"[0.001804, 1.000000]",100,200,0.01,max_proc,lowest_lower_bound,PRUNE,all_to_shortest,greedy,5066,152,152,14.984081983566284,0.015396762731938412,True,4988.0,150,-1,4988.0
Uniform1-5000_Seed68_J200_M100,"[0.003755, 0.986661]",100,200,0.02,max_proc,lowest_lower_bound,NO_PROFILING,all_to_shortest,greedy,6311,1577,2001,205.75960993766785,0.19814609412137538,False,5060.5,100,-1,5060.5
Uniform1-5000_Seed68_J200_M100,"[0.003755, 0.986661]",100,200,0.01,max_proc,lowest_lower_bound,PRUNE,all_to_shortest,greedy,6330,117,2001,199.37192273139954,0.2005529225908373,False,5132.0,109,-1,5060.5
Uniform1-5000_Seed69_J200_M100,"[0.003589, 0.897230]",100,200,0.02,max_proc,lowest_lower_bound,NO_PROFILING,all_to_shortest,greedy,7260,783,2001,214.56313490867615,0.2324090909090909,False,5572.71,100,-1,5572.71
Uniform1-5000_Seed69_J200_M100,"[0.003589, 0.897230]",100,200,0.01,max_proc,lowest_lower_bound,PRUNE,all_to_shortest,greedy,6160,156,156,16.17135739326477,0.09533928571428571,True,6042.0,150,-1,5572.71
Uniform1-5000_Seed70_J200_M100,"[0.003767, 0.896683]",100,200,0.02,max_proc,lowest_lower_bound,NO_PROFILING,all_to_shortest,greedy,7112,182,2001,215.36552691459656,0.21611501687289092,False,5574.99,100,-1,5574.99
Uniform1-5000_Seed70_J200_M100,"[0.003767, 0.896683]",100,200,0.01,max_proc,lowest_lower_bound,PRUNE,all_to_shortest,greedy,5883,172,172,18.674650192260742,0.052355940846506924,True,5806.0,170,-1,5574.99
Uniform1-5000_Seed71_J200_M100,"[0.003910, 0.977387]",100,200,0.02,max_proc,lowest_lower_bound,NO_PROFILING,all_to_shortest,greedy,6673,1132,2001,221.45005822181702,0.23337629252210396,False,5115.68,100,-1,5115.68
Uniform1-5000_Seed71_J200_M100,"[0.003910, 0.977387]",100,200,0.01,max_proc,lowest_lower_bound,PRUNE,all_to_shortest,greedy,5426,297,297,31.238152980804443,0.057191301142646464,True,5331.0,158,-1,5115.68
Uniform1-5000_Seed72_J200_M100,"[0.000804, 1.000000]",100,200,0.02,max_proc,lowest_lower_bound,NO_PROFILING,all_to_shortest,greedy,6163,100,2001,191.05402612686157,0.19276326464384227,False,4975.0,100,-1,4975.0
Uniform1-5000_Seed72_J200_M100,"[0.000804, 1.000000]",100,200,0.01,max_proc,lowest_lower_bound,PRUNE,all_to_shortest,greedy,6068,269,2001,239.85285305976868,0.18012524719841794,False,5140.0,109,-1,4975.0
Uniform1-5000_Seed73_J200_M100,"[0.007235, 1.000000]",100,200,0.02,max_proc,lowest_lower_bound,NO_PROFILING,all_to_shortest,greedy,4976,148,148,14.676323175430298,0.0,True,4976.0,146,148,4976.0
Uniform1-5000_Seed73_J200_M100,"[0.007235, 1.000000]",100,200,0.01,max_proc,lowest_lower_bound,PRUNE,all_to_shortest,greedy,5015,169,169,17.451424598693848,0.00777666999002991,True,4976.0,163,-1,4976.0
Uniform1-5000_Seed74_J200_M100,"[0.021639, 1.000000]",100,200,0.02,max_proc,lowest_lower_bound,NO_PROFILING,all_to_shortest,greedy,5043,156,156,15.904186487197876,0.010311322625421376,True,4991.0,154,-1,4991.0
Uniform1-5000_Seed74_J200_M100,"[0.021639, 1.000000]",100,200,0.01,max_proc,lowest_lower_bound,PRUNE,all_to_shortest,greedy,5199,1635,2001,224.41252183914185,0.04000769378726678,False,4991.0,174,-1,4991.0
Uniform1-5000_Seed75_J200_M100,"[0.003431, 0.950166]",100,200,0.02,max_proc,lowest_lower_bound,NO_PROFILING,all_to_shortest,greedy,6741,1772,2001,220.29151320457458,0.22171042871977453,False,5246.45,100,-1,5246.45
Uniform1-5000_Seed75_J200_M100,"[0.003431, 0.950166]",100,200,0.01,max_proc,lowest_lower_bound,PRUNE,all_to_shortest,greedy,6684,1481,2001,257.0060079097748,0.21507330939557154,False,5431.0,110,-1,5246.45
Uniform1-5000_Seed76_J200_M100,"[0.005737, 0.986307]",100,200,0.02,max_proc,lowest_lower_bound,NO_PROFILING,all_to_shortest,greedy,6420,976,2001,224.32016897201538,0.21258255451713393,False,5055.22,113,-1,5055.22
Uniform1-5000_Seed76_J200_M100,"[0.005737, 0.986307]",100,200,0.01,max_proc,lowest_lower_bound,PRUNE,all_to_shortest,greedy,5822,821,2001,193.2650339603424,0.13170388182755063,False,5056.0,142,-1,5055.22
Uniform1-5000_Seed77_J200_M100,"[0.000382, 0.949655]",100,200,0.02,max_proc,lowest_lower_bound,NO_PROFILING,all_to_shortest,greedy,6795,1353,2001,214.8937304019928,0.22933922001471665,False,5236.64,100,-1,5236.64
Uniform1-5000_Seed77_J200_M100,"[0.000382, 0.949655]",100,200,0.01,max_proc,lowest_lower_bound,PRUNE,all_to_shortest,greedy,6598,697,2001,235.8298933506012,0.20632919066383748,False,5379.0,111,-1,5236.64
Uniform1-5000_Seed78_J200_M100,"[0.004482, 0.918951]",100,200,0.02,max_proc,lowest_lower_bound,NO_PROFILING,all_to_shortest,greedy,6816,356,2001,214.1946051120758,0.21434565727699523,False,5355.02,100,-1,5355.02
Uniform1-5000_Seed78_J200_M100,"[0.004482, 0.918951]",100,200,0.01,max_proc,lowest_lower_bound,PRUNE,all_to_shortest,greedy,6816,98,2001,224.09320950508118,0.21434565727699523,False,5722.0,108,-1,5355.02
Uniform1-5000_Seed79_J200_M100,"[0.001201, 1.000000]",100,200,0.02,max_proc,lowest_lower_bound,NO_PROFILING,all_to_shortest,greedy,5049,142,142,13.391860723495483,0.010497128144186968,True,4996.0,140,-1,4996.0
Uniform1-5000_Seed79_J200_M100,"[0.001201, 1.000000]",100,200,0.01,max_proc,lowest_lower_bound,PRUNE,all_to_shortest,greedy,5035,155,155,15.600353479385376,0.007745779543197617,True,4996.0,153,-1,4996.0
Uniform1-5000_Seed80_J200_M100,"[0.004251, 1.000000]",100,200,0.02,max_proc,lowest_lower_bound,NO_PROFILING,all_to_shortest,greedy,4940,151,151,14.602178812026978,0.0,True,4940.0,149,151,4940.0
Uniform1-5000_Seed80_J200_M100,"[0.004251, 1.000000]",100,200,0.01,max_proc,lowest_lower_bound,PRUNE,all_to_shortest,greedy,4993,169,169,17.05576252937317,0.010614860805127179,True,4940.0,167,-1,4940.0
Uniform1-5000_Seed81_J200_M100,"[0.002181, 0.990869]",100,200,0.02,max_proc,lowest_lower_bound,NO_PROFILING,all_to_shortest,greedy,6383,462,2001,212.4895374774933,0.20992480025066582,False,5043.05,100,-1,5043.05
Uniform1-5000_Seed81_J200_M100,"[0.002181, 0.990869]",100,200,0.01,max_proc,lowest_lower_bound,PRUNE,all_to_shortest,greedy,6149,145,2001,240.73519897460938,0.1798585135794438,False,5121.0,125,-1,5043.05
Uniform1-5000_Seed82_J200_M100,"[0.007038, 1.000000]",100,200,0.02,max_proc,lowest_lower_bound,NO_PROFILING,all_to_shortest,greedy,5057,141,141,13.342187643051147,0.01661063871860787,True,4973.0,139,-1,4973.0
Uniform1-5000_Seed82_J200_M100,"[0.007038, 1.000000]",100,200,0.01,max_proc,lowest_lower_bound,PRUNE,all_to_shortest,greedy,5061,177,177,18.3945095539093,0.01738786801027465,True,4973.0,175,-1,4973.0
Uniform1-5000_Seed83_J200_M100,"[0.001603, 1.000000]",100,200,0.02,max_proc,lowest_lower_bound,NO_PROFILING,all_to_shortest,greedy,5049,168,168,16.8690345287323,0.0112893642305407,True,4992.0,166,-1,4992.0
Uniform1-5000_Seed83_J200_M100,"[0.001603, 1.000000]",100,200,0.01,max_proc,lowest_lower_bound,PRUNE,all_to_shortest,greedy,5238,1012,2001,223.89717721939087,0.046964490263459335,False,4992.0,175,-1,4992.0
Uniform1-5000_Seed84_J200_M100,"[0.001876, 0.937934]",100,200,0.02,max_proc,lowest_lower_bound,NO_PROFILING,all_to_shortest,greedy,7185,1629,2001,223.96660161018372,0.2582045929018789,False,5329.8,100,-1,5329.8
Uniform1-5000_Seed84_J200_M100,"[0.001876, 0.937934]",100,200,0.01,max_proc,lowest_lower_bound,PRUNE,all_to_shortest,greedy,6019,149,149,15.428727626800537,0.11450407044359526,True,5901.0,147,-1,5329.8
Uniform1-5000_Seed85_J200_M100,"[0.003023, 0.995042]",100,200,0.02,max_proc,lowest_lower_bound,NO_PROFILING,all_to_shortest,greedy,6433,1875,2001,211.63381171226501,0.2287268770402611,False,4961.6,100,-1,4961.6
Uniform1-5000_Seed85_J200_M100,"[0.003023, 0.995042]",100,200,0.01,max_proc,lowest_lower_bound,PRUNE,all_to_shortest,greedy,5789,138,2001,231.41330361366272,0.14292623941958882,False,5038.0,136,-1,4961.6
Uniform1-5000_Seed86_J200_M100,"[0.011807, 1.000000]",100,200,0.02,max_proc,lowest_lower_bound,NO_PROFILING,all_to_shortest,greedy,5082,142,142,13.457531690597534,0.01672569854388036,True,4997.0,140,-1,4997.0
Uniform1-5000_Seed86_J200_M100,"[0.011807, 1.000000]",100,200,0.01,max_proc,lowest_lower_bound,PRUNE,all_to_shortest,greedy,5055,175,175,17.90340495109558,0.011473788328387734,True,4997.0,173,-1,4997.0
Uniform1-5000_Seed87_J200_M100,"[0.000792, 0.985336]",100,200,0.02,max_proc,lowest_lower_bound,NO_PROFILING,all_to_shortest,greedy,6428,987,2001,217.38280129432678,0.21389234598630985,False,5053.1,100,-1,5053.1
Uniform1-5000_Seed87_J200_M100,"[0.000792, 0.985336]",100,200,0.01,max_proc,lowest_lower_bound,PRUNE,all_to_shortest,greedy,5682,160,2001,230.21915936470032,0.11068285814853918,False,5180.0,156,-1,5053.1
Uniform1-5000_Seed88_J200_M100,"[0.001493, 0.931839]",100,200,0.02,max_proc,lowest_lower_bound,NO_PROFILING,all_to_shortest,greedy,7073,739,2001,222.67064023017883,0.24244026579951927,False,5358.22,100,-1,5358.22
Uniform1-5000_Seed88_J200_M100,"[0.001493, 0.931839]",100,200,0.01,max_proc,lowest_lower_bound,PRUNE,all_to_shortest,greedy,5806,153,153,15.837033987045288,0.07712366517395793,True,5752.0,150,-1,5358.22
Uniform1-5000_Seed89_J200_M100,"[0.006412, 1.000000]",100,200,0.02,max_proc,lowest_lower_bound,NO_PROFILING,all_to_shortest,greedy,5087,110,110,9.401771783828735,0.018871633575781404,True,4991.0,108,-1,4991.0
Uniform1-5000_Seed89_J200_M100,"[0.006412, 1.000000]",100,200,0.01,max_proc,lowest_lower_bound,PRUNE,all_to_shortest,greedy,5029,138,138,13.248474836349487,0.007556174189699742,True,4991.0,136,-1,4991.0
Uniform1-5000_Seed90_J200_M100,"[0.006495, 0.947138]",100,200,0.02,max_proc,lowest_lower_bound,NO_PROFILING,all_to_shortest,greedy,6691,862,2001,217.82278060913086,0.21764758630996858,False,5234.72,100,-1,5234.72
Uniform1-5000_Seed90_J200_M100,"[0.006495, 0.947138]",100,200,0.01,max_proc,lowest_lower_bound,PRUNE,all_to_shortest,greedy,6578,235,2001,249.0755467414856,0.20420796594709634,False,5344.0,114,-1,5234.72
Uniform1-5000_Seed91_J200_M100,"[0.004620, 1.000000]",100,200,0.02,max_proc,lowest_lower_bound,NO_PROFILING,all_to_shortest,greedy,5036,159,159,14.920653820037842,0.011517077045274026,True,4978.0,157,-1,4978.0
Uniform1-5000_Seed91_J200_M100,"[0.004620, 1.000000]",100,200,0.01,max_proc,lowest_lower_bound,PRUNE,all_to_shortest,greedy,5546,1322,2001,225.63323998451233,0.10241615578795528,False,4978.0,145,-1,4978.0
Uniform1-5000_Seed92_J200_M100,"[0.000587, 0.971144]",100,200,0.02,max_proc,lowest_lower_bound,NO_PROFILING,all_to_shortest,greedy,6533,170,2001,214.1729714870453,0.21821827644267563,False,5107.38,100,-1,5107.38
Uniform1-5000_Seed92_J200_M100,"[0.000587, 0.971144]",100,200,0.01,max_proc,lowest_lower_bound,PRUNE,all_to_shortest,greedy,5483,166,166,16.595929384231567,0.06850629217581614,True,5413.0,163,-1,5107.38
Uniform1-5000_Seed93_J200_M100,"[0.003822, 0.954527]",100,200,0.02,max_proc,lowest_lower_bound,NO_PROFILING,all_to_shortest,greedy,6472,106,2001,228.12409663200378,0.19144622991347343,False,5232.96,107,-1,5232.96
Uniform1-5000_Seed93_J200_M100,"[0.003822, 0.954527]",100,200,0.01,max_proc,lowest_lower_bound,PRUNE,all_to_shortest,greedy,6529,120,2001,195.79113793373108,0.1985051309542043,False,5232.96,107,-1,5232.96
Uniform1-5000_Seed94_J200_M100,"[0.002899, 0.965142]",100,200,0.02,max_proc,lowest_lower_bound,NO_PROFILING,all_to_shortest,greedy,6289,290,2001,227.27200770378113,0.17740022261090796,False,5173.33,121,-1,5173.33
Uniform1-5000_Seed94_J200_M100,"[0.002899, 0.965142]",100,200,0.01,max_proc,lowest_lower_bound,PRUNE,all_to_shortest,greedy,6270,486,2001,244.64538955688477,0.17490749601275918,False,5173.33,121,-1,5173.33
Uniform1-5000_Seed95_J200_M100,"[0.000800, 0.999550]",100,200,0.02,max_proc,lowest_lower_bound,NO_PROFILING,all_to_shortest,greedy,6321,358,2001,211.25092363357544,0.20862996361335231,False,5002.25,100,-1,5002.25
Uniform1-5000_Seed95_J200_M100,"[0.000800, 0.999550]",100,200,0.01,max_proc,lowest_lower_bound,PRUNE,all_to_shortest,greedy,6120,282,2001,240.8008008003235,0.18263888888888888,False,5078.0,118,-1,5002.25
Uniform1-5000_Seed96_J200_M100,"[0.001770, 0.983342]",100,200,0.02,max_proc,lowest_lower_bound,NO_PROFILING,all_to_shortest,greedy,6293,765,2001,214.07384061813354,0.1920069918957572,False,5084.7,110,-1,5084.7
Uniform1-5000_Seed96_J200_M100,"[0.001770, 0.983342]",100,200,0.01,max_proc,lowest_lower_bound,PRUNE,all_to_shortest,greedy,6400,120,2001,227.2725315093994,0.20551562500000004,False,5093.0,110,-1,5084.7
Uniform1-5000_Seed97_J200_M100,"[0.001598, 0.988661]",100,200,0.02,max_proc,lowest_lower_bound,NO_PROFILING,all_to_shortest,greedy,6326,1490,2001,222.2457058429718,0.20870060069554217,False,5005.76,100,-1,5005.76
Uniform1-5000_Seed97_J200_M100,"[0.001598, 0.988661]",100,200,0.01,max_proc,lowest_lower_bound,PRUNE,all_to_shortest,greedy,6187,112,2001,242.76742219924927,0.1909229028608372,False,5159.0,119,-1,5005.76
Uniform1-5000_Seed98_J200_M100,"[0.000600, 1.000000]",100,200,0.02,max_proc,lowest_lower_bound,NO_PROFILING,all_to_shortest,greedy,6061,634,2001,189.1771342754364,0.17505362151460155,False,5000.0,104,-1,5000.0
Uniform1-5000_Seed98_J200_M100,"[0.000600, 1.000000]",100,200,0.01,max_proc,lowest_lower_bound,PRUNE,all_to_shortest,greedy,6030,166,2001,235.46877193450928,0.17081260364842454,False,5045.0,113,-1,5000.0
Uniform1-5000_Seed99_J200_M100,"[0.002273, 0.936768]",100,200,0.02,max_proc,lowest_lower_bound,NO_PROFILING,all_to_shortest,greedy,6811,1553,2001,226.0663423538208,0.22496109235060932,False,5278.79,100,-1,5278.79
Uniform1-5000_Seed99_J200_M100,"[0.002273, 0.936768]",100,200,0.01,max_proc,lowest_lower_bound,PRUNE,all_to_shortest,greedy,5655,164,164,17.456050872802734,0.06652696728558798,True,5655.0,162,-1,5278.79
Uniform1-5000_Seed100_J200_M100,"[0.000582, 0.968423]",100,200,0.02,max_proc,lowest_lower_bound,NO_PROFILING,all_to_shortest,greedy,6561,98,2001,208.67086815834045,0.21401615607376923,False,5156.84,100,-1,5156.84
Uniform1-5000_Seed100_J200_M100,"[0.000582, 0.968423]",100,200,0.01,max_proc,lowest_lower_bound,PRUNE,all_to_shortest,greedy,5469,165,165,17.24333357810974,0.057078076430791706,True,5435.0,158,-1,5156.84
