instance,epsilon_range,n_machines,n_jobs,epsilon,branching_rule,node_selection,profiling_mode,rounding_rule,lower_bound,best_solution,nodes_to_best_solution,nodes_explored,runtime,opt_gap,terminate,best_bound,depth,number_of_nodes_for_optimality,optimal_solution
Uniform1-5000_Seed101_J20_M10,"[0.009012, 0.894000]",10,20,0.1,max_proc,lowest_lower_bound,NO_PROFILING,all_to_shortest,greedy,6418,1065,2001,0.3950064182281494,0.1355406668744156,False,5548.1,10,-1,5548.1
Uniform1-5000_Seed101_J20_M10,"[0.009012, 0.894000]",10,20,0.05,max_proc,lowest_lower_bound,PRUNE,all_to_shortest,greedy,6360,14,14,0.0028584003448486,0.1276572327044024,True,5780.0,12,-1,5548.1
Uniform1-5000_Seed102_J20_M10,"[0.014668, 0.912358]",10,20,0.1,max_proc,lowest_lower_bound,NO_PROFILING,all_to_shortest,greedy,5984,88,88,0.0158650875091552,0.0885695187165775,True,5454.0,10,-1,5454.0
Uniform1-5000_Seed102_J20_M10,"[0.014668, 0.912358]",10,20,0.05,max_proc,lowest_lower_bound,PRUNE,all_to_shortest,greedy,6365,11,12,0.0026755332946777,0.1431264728986645,True,5924.0,10,-1,5454.0
Uniform1-5000_Seed103_J20_M10,"[0.001890, 0.835997]",10,20,0.1,max_proc,lowest_lower_bound,NO_PROFILING,all_to_shortest,greedy,6845,10,2001,0.3431873321533203,0.1498319941563185,False,5819.4,10,-1,5819.4
Uniform1-5000_Seed103_J20_M10,"[0.001890, 0.835997]",10,20,0.05,max_proc,lowest_lower_bound,PRUNE,all_to_shortest,greedy,7198,11,12,0.0023779869079589,0.1915254237288136,True,6839.0,10,-1,5819.4
Uniform1-5000_Seed104_J20_M10,"[0.014608, 1.000000]",10,20,0.1,max_proc,lowest_lower_bound,NO_PROFILING,all_to_shortest,greedy,4949,12,12,0.0019576549530029,0.0317235805213174,True,4792.0,10,-1,4792.0
Uniform1-5000_Seed104_J20_M10,"[0.014608, 1.000000]",10,20,0.05,max_proc,lowest_lower_bound,PRUNE,all_to_shortest,greedy,5054,11,11,0.0022299289703369,0.0518401266323704,True,4792.0,9,-1,4792.0
Uniform1-5000_Seed105_J20_M10,"[0.014357, 0.955319]",10,20,0.1,max_proc,lowest_lower_bound,NO_PROFILING,all_to_shortest,greedy,5666,7,7,0.0013892650604248,0.0903106247793857,True,5154.3,5,-1,5154.3
Uniform1-5000_Seed105_J20_M10,"[0.014357, 0.955319]",10,20,0.05,max_proc,lowest_lower_bound,PRUNE,all_to_shortest,greedy,5786,10,12,0.0023252964019775,0.1091773245765641,True,5592.0,10,-1,5154.3
Uniform1-5000_Seed106_J20_M10,"[0.001107, 0.915852]",10,20,0.1,max_proc,lowest_lower_bound,NO_PROFILING,all_to_shortest,greedy,6220,220,2001,0.392268419265747,0.1287781350482315,False,5419.0,11,-1,5419.0
Uniform1-5000_Seed106_J20_M10,"[0.001107, 0.915852]",10,20,0.05,max_proc,lowest_lower_bound,PRUNE,all_to_shortest,greedy,6338,15,16,0.0030066967010498,0.1449984222152098,True,5803.0,12,-1,5419.0
Uniform1-5000_Seed107_J20_M10,"[0.094764, 0.817126]",10,20,0.1,max_proc,lowest_lower_bound,NO_PROFILING,all_to_shortest,greedy,6961,1120,2001,0.4379065036773681,0.1601637695733371,False,5846.1,10,-1,5846.1
Uniform1-5000_Seed107_J20_M10,"[0.094764, 0.817126]",10,20,0.05,max_proc,lowest_lower_bound,PRUNE,all_to_shortest,greedy,6432,14,14,0.0028328895568847,0.0910914179104477,True,6263.0,12,-1,5846.1
Uniform1-5000_Seed108_J20_M10,"[0.028808, 0.976914]",10,20,0.1,max_proc,lowest_lower_bound,NO_PROFILING,all_to_shortest,greedy,5554,12,12,0.0021965503692626,0.0875045012603529,True,5068.0,10,-1,5068.0
Uniform1-5000_Seed108_J20_M10,"[0.028808, 0.976914]",10,20,0.05,max_proc,lowest_lower_bound,PRUNE,all_to_shortest,greedy,5578,37,37,0.0063297748565673,0.0914306202940122,True,5068.0,15,-1,5068.0
Uniform1-5000_Seed109_J20_M10,"[0.032539, 1.000000]",10,20,0.1,max_proc,lowest_lower_bound,NO_PROFILING,all_to_shortest,greedy,4772,7,7,0.0012803077697753,0.085498742665549,True,4364.0,5,-1,4364.0
Uniform1-5000_Seed109_J20_M10,"[0.032539, 1.000000]",10,20,0.05,max_proc,lowest_lower_bound,PRUNE,all_to_shortest,greedy,4580,7,7,0.001497745513916,0.0471615720524017,True,4364.0,5,-1,4364.0
Uniform1-5000_Seed110_J20_M10,"[0.105819, 1.000000]",10,20,0.1,max_proc,lowest_lower_bound,NO_PROFILING,all_to_shortest,greedy,5235,2,2,0.0003037452697753,0.0775549188156638,True,4829.0,0,-1,4829.0
Uniform1-5000_Seed110_J20_M10,"[0.105819, 1.000000]",10,20,0.05,max_proc,lowest_lower_bound,PRUNE,all_to_shortest,greedy,5235,2,2,0.0003435611724853,0.0775549188156638,True,4829.0,0,-1,4829.0
Uniform1-5000_Seed111_J20_M10,"[0.135878, 0.960512]",10,20,0.1,max_proc,lowest_lower_bound,NO_PROFILING,all_to_shortest,greedy,5438,71,71,0.0115385055541992,0.0770136079440971,True,5019.2,15,-1,5019.2
Uniform1-5000_Seed111_J20_M10,"[0.135878, 0.960512]",10,20,0.05,max_proc,lowest_lower_bound,PRUNE,all_to_shortest,greedy,5438,17,17,0.0032904148101806,0.0770136079440971,True,5019.2,15,-1,5019.2
Uniform1-5000_Seed112_J20_M10,"[0.010465, 1.000000]",10,20,0.1,max_proc,lowest_lower_bound,NO_PROFILING,all_to_shortest,greedy,5249,10,10,0.0018088817596435,0.0533434939988569,True,4969.0,8,-1,4969.0
Uniform1-5000_Seed112_J20_M10,"[0.010465, 1.000000]",10,20,0.05,max_proc,lowest_lower_bound,PRUNE,all_to_shortest,greedy,5341,8,8,0.0017707347869873,0.0696498782999438,True,4969.0,6,-1,4969.0
Uniform1-5000_Seed113_J20_M10,"[0.001897, 0.763370]",10,20,0.1,max_proc,lowest_lower_bound,NO_PROFILING,all_to_shortest,greedy,7183,876,2001,0.4656484127044678,0.1193234024780732,False,6325.9,10,-1,6325.9
Uniform1-5000_Seed113_J20_M10,"[0.001897, 0.763370]",10,20,0.05,max_proc,lowest_lower_bound,PRUNE,all_to_shortest,greedy,7398,11,13,0.0028688907623291,0.1449175452825088,True,6815.0,11,-1,6325.9
Uniform1-5000_Seed114_J20_M10,"[0.010128, 1.000000]",10,20,0.1,max_proc,lowest_lower_bound,NO_PROFILING,all_to_shortest,greedy,5304,8,8,0.0014441013336181,0.0878582202111613,True,4838.0,6,-1,4838.0
Uniform1-5000_Seed114_J20_M10,"[0.010128, 1.000000]",10,20,0.05,max_proc,lowest_lower_bound,PRUNE,all_to_shortest,greedy,4965,9,9,0.0019366741180419,0.0255790533736153,True,4838.0,7,-1,4838.0
Uniform1-5000_Seed115_J20_M10,"[0.028606, 1.000000]",10,20,0.1,max_proc,lowest_lower_bound,NO_PROFILING,all_to_shortest,greedy,5079,3,3,0.0005419254302978,0.0157511321126205,True,4999.0,1,-1,4999.0
Uniform1-5000_Seed115_J20_M10,"[0.028606, 1.000000]",10,20,0.05,max_proc,lowest_lower_bound,PRUNE,all_to_shortest,greedy,5079,3,3,0.0006091594696044,0.0157511321126205,True,4999.0,1,-1,4999.0
Uniform1-5000_Seed116_J20_M10,"[0.101981, 0.766010]",10,20,0.1,max_proc,lowest_lower_bound,NO_PROFILING,all_to_shortest,greedy,7654,173,2001,0.4298012256622314,0.1480533054611967,False,6520.8,10,-1,6520.8
Uniform1-5000_Seed116_J20_M10,"[0.101981, 0.766010]",10,20,0.05,max_proc,lowest_lower_bound,PRUNE,all_to_shortest,greedy,7802,10,12,0.0024964809417724,0.164214304024609,True,7169.0,10,-1,6520.8
Uniform1-5000_Seed117_J20_M10,"[0.033583, 1.000000]",10,20,0.1,max_proc,lowest_lower_bound,NO_PROFILING,all_to_shortest,greedy,5364,4,4,0.0007910728454589,0.0784862043251305,True,4943.0,2,-1,4943.0
Uniform1-5000_Seed117_J20_M10,"[0.033583, 1.000000]",10,20,0.05,max_proc,lowest_lower_bound,PRUNE,all_to_shortest,greedy,5600,11,12,0.0024161338806152,0.1173214285714285,True,5086.0,10,-1,4943.0
Uniform1-5000_Seed118_J20_M10,"[0.089228, 0.898774]",10,20,0.1,max_proc,lowest_lower_bound,NO_PROFILING,all_to_shortest,greedy,5138,286,2001,0.3660857677459717,0.1013234721681588,False,4617.4,12,-1,4617.4
Uniform1-5000_Seed118_J20_M10,"[0.089228, 0.898774]",10,20,0.05,max_proc,lowest_lower_bound,PRUNE,all_to_shortest,greedy,5278,14,15,0.002958059310913,0.1251610458507011,True,4827.0,12,-1,4617.4
Uniform1-5000_Seed119_J20_M10,"[0.000652, 1.000000]",10,20,0.1,max_proc,lowest_lower_bound,NO_PROFILING,all_to_shortest,greedy,4919,9,9,0.001706838607788,0.0640374059768245,True,4604.0,7,-1,4604.0
Uniform1-5000_Seed119_J20_M10,"[0.000652, 1.000000]",10,20,0.05,max_proc,lowest_lower_bound,PRUNE,all_to_shortest,greedy,4860,10,10,0.002131700515747,0.0526748971193415,True,4604.0,8,-1,4604.0
Uniform1-5000_Seed120_J20_M10,"[0.002333, 1.000000]",10,20,0.1,max_proc,lowest_lower_bound,NO_PROFILING,all_to_shortest,greedy,4882,4,4,0.0007774829864501,0.0344121261777959,True,4714.0,2,-1,4714.0
Uniform1-5000_Seed120_J20_M10,"[0.002333, 1.000000]",10,20,0.05,max_proc,lowest_lower_bound,PRUNE,all_to_shortest,greedy,4833,6,6,0.0013236999511718,0.0246223877508793,True,4714.0,4,-1,4714.0
Uniform1-5000_Seed121_J20_M10,"[0.010151, 0.935836]",10,20,0.1,max_proc,lowest_lower_bound,NO_PROFILING,all_to_shortest,greedy,5706,40,40,0.0075623989105224,0.0849982474588152,True,5221.0,11,-1,5221.0
Uniform1-5000_Seed121_J20_M10,"[0.010151, 0.935836]",10,20,0.05,max_proc,lowest_lower_bound,PRUNE,all_to_shortest,greedy,6183,10,18,0.0033280849456787,0.1555879023127931,True,5683.0,12,-1,5221.0
Uniform1-5000_Seed122_J20_M10,"[0.028554, 1.000000]",10,20,0.1,max_proc,lowest_lower_bound,NO_PROFILING,all_to_shortest,greedy,5451,11,11,0.0019347667694091,0.0876903320491652,True,4973.0,9,-1,4973.0
Uniform1-5000_Seed122_J20_M10,"[0.028554, 1.000000]",10,20,0.05,max_proc,lowest_lower_bound,PRUNE,all_to_shortest,greedy,5377,13,13,0.0025806427001953,0.0751348335503068,True,4973.0,10,-1,4973.0
Uniform1-5000_Seed123_J20_M10,"[0.008791, 0.999560]",10,20,0.1,max_proc,lowest_lower_bound,NO_PROFILING,all_to_shortest,greedy,4992,14,14,0.0025041103363037,0.0885416666666666,True,4550.0,12,-1,4550.0
Uniform1-5000_Seed123_J20_M10,"[0.008791, 0.999560]",10,20,0.05,max_proc,lowest_lower_bound,PRUNE,all_to_shortest,greedy,5027,14,14,0.0027663707733154,0.0948876069226178,True,4690.0,12,-1,4550.0
Uniform1-5000_Seed124_J20_M10,"[0.028541, 1.000000]",10,20,0.1,max_proc,lowest_lower_bound,NO_PROFILING,all_to_shortest,greedy,5017,4,4,0.0007514953613281,0.0502292206497907,True,4765.0,2,-1,4765.0
Uniform1-5000_Seed124_J20_M10,"[0.028541, 1.000000]",10,20,0.05,max_proc,lowest_lower_bound,PRUNE,all_to_shortest,greedy,5017,4,4,0.0008740425109863,0.0502292206497907,True,4765.0,2,-1,4765.0
Uniform1-5000_Seed125_J20_M10,"[0.041687, 0.904455]",10,20,0.1,max_proc,lowest_lower_bound,NO_PROFILING,all_to_shortest,greedy,5853,10,10,0.0019440650939941,0.081940885016231,True,5373.4,8,-1,5373.4
Uniform1-5000_Seed125_J20_M10,"[0.041687, 0.904455]",10,20,0.05,max_proc,lowest_lower_bound,PRUNE,all_to_shortest,greedy,5853,11,11,0.0023400783538818,0.081940885016231,True,5373.4,9,-1,5373.4
Uniform1-5000_Seed126_J20_M10,"[0.000949, 1.000000]",10,20,0.1,max_proc,lowest_lower_bound,NO_PROFILING,all_to_shortest,greedy,4613,254,254,0.0388543605804443,0.086277910253631,True,4215.0,10,-1,4215.0
Uniform1-5000_Seed126_J20_M10,"[0.000949, 1.000000]",10,20,0.05,max_proc,lowest_lower_bound,PRUNE,all_to_shortest,greedy,4739,12,12,0.0023500919342041,0.1105718506013927,True,4357.0,10,-1,4215.0
Uniform1-5000_Seed127_J20_M10,"[0.012614, 1.000000]",10,20,0.1,max_proc,lowest_lower_bound,NO_PROFILING,all_to_shortest,greedy,5241,12,12,0.0021224021911621,0.0772753291356611,True,4836.0,10,-1,4836.0
Uniform1-5000_Seed127_J20_M10,"[0.012614, 1.000000]",10,20,0.05,max_proc,lowest_lower_bound,PRUNE,all_to_shortest,greedy,5150,15,15,0.0029637813568115,0.0609708737864077,True,4836.0,11,-1,4836.0
Uniform1-5000_Seed128_J20_M10,"[0.036847, 1.000000]",10,20,0.1,max_proc,lowest_lower_bound,NO_PROFILING,all_to_shortest,greedy,5105,5,5,0.0009558200836181,0.0430950048971596,True,4885.0,3,-1,4885.0
Uniform1-5000_Seed128_J20_M10,"[0.036847, 1.000000]",10,20,0.05,max_proc,lowest_lower_bound,PRUNE,all_to_shortest,greedy,5131,6,6,0.0013167858123779,0.0479438705905281,True,4885.0,4,-1,4885.0
Uniform1-5000_Seed129_J20_M10,"[0.029268, 1.000000]",10,20,0.1,max_proc,lowest_lower_bound,NO_PROFILING,all_to_shortest,greedy,3895,6,6,0.0010442733764648,0.0,True,3895.0,4,6,3895.0
Uniform1-5000_Seed129_J20_M10,"[0.029268, 1.000000]",10,20,0.05,max_proc,lowest_lower_bound,PRUNE,all_to_shortest,greedy,3895,6,6,0.0012116432189941,0.0,True,3895.0,4,6,3895.0
Uniform1-5000_Seed130_J20_M10,"[0.055602, 1.000000]",10,20,0.1,max_proc,lowest_lower_bound,NO_PROFILING,all_to_shortest,greedy,4833,10,10,0.0017101764678955,0.0138630250362093,True,4766.0,8,-1,4766.0
Uniform1-5000_Seed130_J20_M10,"[0.055602, 1.000000]",10,20,0.05,max_proc,lowest_lower_bound,PRUNE,all_to_shortest,greedy,5133,11,11,0.0022106170654296,0.0714981492304695,True,4766.0,9,-1,4766.0
Uniform1-5000_Seed131_J20_M10,"[0.047288, 0.836234]",10,20,0.1,max_proc,lowest_lower_bound,NO_PROFILING,all_to_shortest,greedy,6384,846,2001,0.4127531051635742,0.1089285714285713,False,5688.6,10,-1,5688.6
Uniform1-5000_Seed131_J20_M10,"[0.047288, 0.836234]",10,20,0.05,max_proc,lowest_lower_bound,PRUNE,all_to_shortest,greedy,6341,19,19,0.0035781860351562,0.102885980129317,True,5776.0,12,-1,5688.6
Uniform1-5000_Seed132_J20_M10,"[0.108718, 0.888876]",10,20,0.1,max_proc,lowest_lower_bound,NO_PROFILING,all_to_shortest,greedy,5925,140,2001,0.3398036956787109,0.1089113924050633,False,5279.7,12,-1,5279.7
Uniform1-5000_Seed132_J20_M10,"[0.108718, 0.888876]",10,20,0.05,max_proc,lowest_lower_bound,PRUNE,all_to_shortest,greedy,5965,19,19,0.0034663677215576,0.1148868398994132,True,5644.0,12,-1,5279.7
Uniform1-5000_Seed133_J20_M10,"[0.017427, 1.000000]",10,20,0.1,max_proc,lowest_lower_bound,NO_PROFILING,all_to_shortest,greedy,4935,5,5,0.0009357929229736,0.0,True,4935.0,3,5,4935.0
Uniform1-5000_Seed133_J20_M10,"[0.017427, 1.000000]",10,20,0.05,max_proc,lowest_lower_bound,PRUNE,all_to_shortest,greedy,5126,7,7,0.0014810562133789,0.037261022239563,True,4935.0,5,-1,4935.0
Uniform1-5000_Seed134_J20_M10,"[0.091765, 0.958673]",10,20,0.1,max_proc,lowest_lower_bound,NO_PROFILING,all_to_shortest,greedy,5079,26,26,0.0046730041503906,0.0881275841701123,True,4631.4,15,-1,4631.4
Uniform1-5000_Seed134_J20_M10,"[0.091765, 0.958673]",10,20,0.05,max_proc,lowest_lower_bound,PRUNE,all_to_shortest,greedy,4975,56,56,0.0086164474487304,0.0690653266331659,True,4664.0,17,-1,4631.4
Uniform1-5000_Seed135_J20_M10,"[0.015676, 0.989542]",10,20,0.1,max_proc,lowest_lower_bound,NO_PROFILING,all_to_shortest,greedy,5363,575,2001,0.4537887573242187,0.1316986761141152,False,4656.7,11,-1,4656.7
Uniform1-5000_Seed135_J20_M10,"[0.015676, 0.989542]",10,20,0.05,max_proc,lowest_lower_bound,PRUNE,all_to_shortest,greedy,5414,14,18,0.0035614967346191,0.139878093830809,True,5047.0,12,-1,4656.7
Uniform1-5000_Seed136_J20_M10,"[0.075510, 0.981009]",10,20,0.1,max_proc,lowest_lower_bound,NO_PROFILING,all_to_shortest,greedy,5301,15,15,0.0025291442871093,0.0881343142803244,True,4833.8,13,-1,4833.8
Uniform1-5000_Seed136_J20_M10,"[0.075510, 0.981009]",10,20,0.05,max_proc,lowest_lower_bound,PRUNE,all_to_shortest,greedy,5301,60,60,0.0094022750854492,0.0881343142803244,True,4843.0,14,-1,4833.8
Uniform1-5000_Seed137_J20_M10,"[0.206629, 0.826164]",10,20,0.1,max_proc,lowest_lower_bound,NO_PROFILING,all_to_shortest,greedy,6151,542,542,0.1037449836730957,0.0778735165013818,True,5672.0,12,-1,5672.0
Uniform1-5000_Seed137_J20_M10,"[0.206629, 0.826164]",10,20,0.05,max_proc,lowest_lower_bound,PRUNE,all_to_shortest,greedy,6418,14,25,0.0048158168792724,0.1162355874104082,True,5859.0,12,-1,5672.0
Uniform1-5000_Seed138_J20_M10,"[0.068440, 0.960344]",10,20,0.1,max_proc,lowest_lower_bound,NO_PROFILING,all_to_shortest,greedy,4992,679,2001,0.3984360694885254,0.174599358974359,False,4120.4,10,-1,4120.4
Uniform1-5000_Seed138_J20_M10,"[0.068440, 0.960344]",10,20,0.05,max_proc,lowest_lower_bound,PRUNE,all_to_shortest,greedy,4903,13,13,0.0027089118957519,0.1596165612890068,True,4903.0,11,-1,4120.4
Uniform1-5000_Seed139_J20_M10,"[0.100293, 0.916800]",10,20,0.1,max_proc,lowest_lower_bound,NO_PROFILING,all_to_shortest,greedy,5822,134,134,0.0223674774169921,0.0906046032291308,True,5294.5,12,-1,5294.5
Uniform1-5000_Seed139_J20_M10,"[0.100293, 0.916800]",10,20,0.05,max_proc,lowest_lower_bound,PRUNE,all_to_shortest,greedy,5822,14,14,0.0027816295623779,0.0906046032291308,True,5294.5,12,-1,5294.5
Uniform1-5000_Seed140_J20_M10,"[0.024255, 1.000000]",10,20,0.1,max_proc,lowest_lower_bound,NO_PROFILING,all_to_shortest,greedy,5269,2,2,0.0003056526184082,0.076674890871133,True,4865.0,0,-1,4865.0
Uniform1-5000_Seed140_J20_M10,"[0.024255, 1.000000]",10,20,0.05,max_proc,lowest_lower_bound,PRUNE,all_to_shortest,greedy,5269,2,2,0.0003461837768554,0.076674890871133,True,4865.0,0,-1,4865.0
Uniform1-5000_Seed141_J20_M10,"[0.010140, 1.000000]",10,20,0.1,max_proc,lowest_lower_bound,NO_PROFILING,all_to_shortest,greedy,5304,8,8,0.0014421939849853,0.0703242835595776,True,4931.0,6,-1,4931.0
Uniform1-5000_Seed141_J20_M10,"[0.010140, 1.000000]",10,20,0.05,max_proc,lowest_lower_bound,PRUNE,all_to_shortest,greedy,5390,9,9,0.0018975734710693,0.0851576994434137,True,4931.0,7,-1,4931.0
Uniform1-5000_Seed142_J20_M10,"[0.026380, 1.000000]",10,20,0.1,max_proc,lowest_lower_bound,NO_PROFILING,all_to_shortest,greedy,4928,6,6,0.0011072158813476,0.0,True,4928.0,4,6,4928.0
Uniform1-5000_Seed142_J20_M10,"[0.026380, 1.000000]",10,20,0.05,max_proc,lowest_lower_bound,PRUNE,all_to_shortest,greedy,4928,8,8,0.0016548633575439,0.0,True,4928.0,6,8,4928.0
Uniform1-5000_Seed143_J20_M10,"[0.031082, 1.000000]",10,20,0.1,max_proc,lowest_lower_bound,NO_PROFILING,all_to_shortest,greedy,5296,2,2,0.0003197193145751,0.0887462235649546,True,4826.0,0,-1,4826.0
Uniform1-5000_Seed143_J20_M10,"[0.031082, 1.000000]",10,20,0.05,max_proc,lowest_lower_bound,PRUNE,all_to_shortest,greedy,5296,2,2,0.0003504753112792,0.0887462235649546,True,4826.0,0,-1,4826.0
Uniform1-5000_Seed144_J20_M10,"[0.001408, 0.998411]",10,20,0.1,max_proc,lowest_lower_bound,NO_PROFILING,all_to_shortest,greedy,5652,1972,2001,0.4831209182739258,0.1205060155697099,False,4970.9,10,-1,4970.9
Uniform1-5000_Seed144_J20_M10,"[0.001408, 0.998411]",10,20,0.05,max_proc,lowest_lower_bound,PRUNE,all_to_shortest,greedy,5604,29,29,0.005056619644165,0.1129728765167738,True,5113.0,14,-1,4970.9
Uniform1-5000_Seed145_J20_M10,"[0.007373, 0.990610]",10,20,0.1,max_proc,lowest_lower_bound,NO_PROFILING,all_to_shortest,greedy,5018,11,11,0.002032995223999,0.0810482263850139,True,4611.3,9,-1,4611.3
Uniform1-5000_Seed145_J20_M10,"[0.007373, 0.990610]",10,20,0.05,max_proc,lowest_lower_bound,PRUNE,all_to_shortest,greedy,5020,14,14,0.0029139518737792,0.081414342629482,True,4739.0,11,-1,4611.3
Uniform1-5000_Seed146_J20_M10,"[0.002265, 0.923126]",10,20,0.1,max_proc,lowest_lower_bound,NO_PROFILING,all_to_shortest,greedy,6057,1815,2001,0.5837719440460205,0.125260029717682,False,5298.3,10,-1,5298.3
Uniform1-5000_Seed146_J20_M10,"[0.002265, 0.923126]",10,20,0.05,max_proc,lowest_lower_bound,PRUNE,all_to_shortest,greedy,5934,14,14,0.0028026103973388,0.107128412537917,True,5934.0,12,-1,5298.3
Uniform1-5000_Seed147_J20_M10,"[0.043414, 1.000000]",10,20,0.1,max_proc,lowest_lower_bound,NO_PROFILING,all_to_shortest,greedy,5168,5,5,0.0011851787567138,0.0818498452012383,True,4745.0,3,-1,4745.0
Uniform1-5000_Seed147_J20_M10,"[0.043414, 1.000000]",10,20,0.05,max_proc,lowest_lower_bound,PRUNE,all_to_shortest,greedy,5168,13,13,0.002753734588623,0.0818498452012383,True,4745.0,11,-1,4745.0
Uniform1-5000_Seed148_J20_M10,"[0.003515, 1.000000]",10,20,0.1,max_proc,lowest_lower_bound,NO_PROFILING,all_to_shortest,greedy,5262,11,11,0.0021924972534179,0.080957810718358,True,4836.0,9,-1,4836.0
Uniform1-5000_Seed148_J20_M10,"[0.003515, 1.000000]",10,20,0.05,max_proc,lowest_lower_bound,PRUNE,all_to_shortest,greedy,5143,10,10,0.002063512802124,0.0596927863114913,True,4836.0,8,-1,4836.0
Uniform1-5000_Seed149_J20_M10,"[0.058543, 0.881274]",10,20,0.1,max_proc,lowest_lower_bound,NO_PROFILING,all_to_shortest,greedy,5539,14,14,0.0029878616333007,0.074851056147319,True,5124.4,12,-1,5124.4
Uniform1-5000_Seed149_J20_M10,"[0.058543, 0.881274]",10,20,0.05,max_proc,lowest_lower_bound,PRUNE,all_to_shortest,greedy,5642,15,15,0.0033125877380371,0.0917405175469692,True,5124.4,13,-1,5124.4
Uniform1-5000_Seed150_J20_M10,"[0.005236, 1.000000]",10,20,0.1,max_proc,lowest_lower_bound,NO_PROFILING,all_to_shortest,greedy,5429,-1,2,0.0003972053527832,0.0852827408362497,True,4966.0,0,-1,4966.0
Uniform1-5000_Seed150_J20_M10,"[0.005236, 1.000000]",10,20,0.05,max_proc,lowest_lower_bound,PRUNE,all_to_shortest,greedy,5429,-1,2,0.0003514289855957,0.0852827408362497,True,4966.0,0,-1,4966.0
Uniform1-5000_Seed151_J20_M10,"[0.048477, 0.795129]",10,20,0.1,max_proc,lowest_lower_bound,NO_PROFILING,all_to_shortest,greedy,7076,135,2001,0.4317240715026855,0.1516676088185415,False,6002.8,10,-1,6002.8
Uniform1-5000_Seed151_J20_M10,"[0.048477, 0.795129]",10,20,0.05,max_proc,lowest_lower_bound,PRUNE,all_to_shortest,greedy,7317,11,12,0.0025136470794677,0.1796091294246275,True,6718.0,10,-1,6002.8
Uniform1-5000_Seed152_J20_M10,"[0.021536, 0.838703]",10,20,0.1,max_proc,lowest_lower_bound,NO_PROFILING,all_to_shortest,greedy,6692,1390,2001,0.5552105903625488,0.1396144650328751,False,5757.7,11,-1,5757.7
Uniform1-5000_Seed152_J20_M10,"[0.021536, 0.838703]",10,20,0.05,max_proc,lowest_lower_bound,PRUNE,all_to_shortest,greedy,6692,14,16,0.0034689903259277,0.1396144650328751,True,6077.0,13,-1,5757.7
Uniform1-5000_Seed153_J20_M10,"[0.026194, 1.000000]",10,20,0.1,max_proc,lowest_lower_bound,NO_PROFILING,all_to_shortest,greedy,4635,7,7,0.0013329982757568,0.0692556634304207,True,4314.0,5,-1,4314.0
Uniform1-5000_Seed153_J20_M10,"[0.026194, 1.000000]",10,20,0.05,max_proc,lowest_lower_bound,PRUNE,all_to_shortest,greedy,4377,8,8,0.0017786026000976,0.0143934201507882,True,4314.0,6,-1,4314.0
Uniform1-5000_Seed154_J20_M10,"[0.057394, 0.934972]",10,20,0.1,max_proc,lowest_lower_bound,NO_PROFILING,all_to_shortest,greedy,6216,122,2001,0.3917088508605957,0.1506917631917631,False,5279.3,10,-1,5279.3
Uniform1-5000_Seed154_J20_M10,"[0.057394, 0.934972]",10,20,0.05,max_proc,lowest_lower_bound,PRUNE,all_to_shortest,greedy,5881,17,17,0.0032603740692138,0.1023125318823329,True,5421.0,11,-1,5279.3
Uniform1-5000_Seed155_J20_M10,"[0.000894, 1.000000]",10,20,0.1,max_proc,lowest_lower_bound,NO_PROFILING,all_to_shortest,greedy,4867,6,6,0.0011723041534423,0.0807478939798644,True,4474.0,4,-1,4474.0
Uniform1-5000_Seed155_J20_M10,"[0.000894, 1.000000]",10,20,0.05,max_proc,lowest_lower_bound,PRUNE,all_to_shortest,greedy,4748,7,7,0.0015132427215576,0.0577085088458298,True,4474.0,5,-1,4474.0
Uniform1-5000_Seed156_J20_M10,"[0.092587, 0.959137]",10,20,0.1,max_proc,lowest_lower_bound,NO_PROFILING,all_to_shortest,greedy,5394,14,14,0.0026772022247314,0.074916573971079,True,4989.9,12,-1,4989.9
Uniform1-5000_Seed156_J20_M10,"[0.092587, 0.959137]",10,20,0.05,max_proc,lowest_lower_bound,PRUNE,all_to_shortest,greedy,5552,14,14,0.0030980110168457,0.101242795389049,True,5083.0,12,-1,4989.9
Uniform1-5000_Seed157_J20_M10,"[0.029099, 0.966721]",10,20,0.1,max_proc,lowest_lower_bound,NO_PROFILING,all_to_shortest,greedy,5742,637,2001,0.4305403232574463,0.1082549634273772,False,5120.4,11,-1,5120.4
Uniform1-5000_Seed157_J20_M10,"[0.029099, 0.966721]",10,20,0.05,max_proc,lowest_lower_bound,PRUNE,all_to_shortest,greedy,5782,14,14,0.0029616355895996,0.1144240747146316,True,5392.0,12,-1,5120.4
Uniform1-5000_Seed158_J20_M10,"[0.046063, 0.915564]",10,20,0.1,max_proc,lowest_lower_bound,NO_PROFILING,all_to_shortest,greedy,5932,627,627,0.1245176792144775,0.0814059339177342,True,5449.1,13,-1,5449.1
Uniform1-5000_Seed158_J20_M10,"[0.046063, 0.915564]",10,20,0.05,max_proc,lowest_lower_bound,PRUNE,all_to_shortest,greedy,6053,27,27,0.0052769184112548,0.0997687097307119,True,5542.0,14,-1,5449.1
Uniform1-5000_Seed159_J20_M10,"[0.002520, 1.000000]",10,20,0.1,max_proc,lowest_lower_bound,NO_PROFILING,all_to_shortest,greedy,4762,6,6,0.0010876655578613,0.0,True,4762.0,4,6,4762.0
Uniform1-5000_Seed159_J20_M10,"[0.002520, 1.000000]",10,20,0.05,max_proc,lowest_lower_bound,PRUNE,all_to_shortest,greedy,4762,6,6,0.0012481212615966,0.0,True,4762.0,4,6,4762.0
Uniform1-5000_Seed160_J20_M10,"[0.150885, 0.905129]",10,20,0.1,max_proc,lowest_lower_bound,NO_PROFILING,all_to_shortest,greedy,5894,98,98,0.0170204639434814,0.0655751611808618,True,5507.5,13,-1,5507.5
Uniform1-5000_Seed160_J20_M10,"[0.150885, 0.905129]",10,20,0.05,max_proc,lowest_lower_bound,PRUNE,all_to_shortest,greedy,6103,19,19,0.0035533905029296,0.0975749631328854,True,5567.0,13,-1,5507.5
Uniform1-5000_Seed161_J20_M10,"[0.053615, 0.990420]",10,20,0.1,max_proc,lowest_lower_bound,NO_PROFILING,all_to_shortest,greedy,5253,25,25,0.0044701099395751,0.0839329906719968,True,4812.1,12,-1,4812.1
Uniform1-5000_Seed161_J20_M10,"[0.053615, 0.990420]",10,20,0.05,max_proc,lowest_lower_bound,PRUNE,all_to_shortest,greedy,5419,18,18,0.0034132003784179,0.1119948329950174,True,5001.0,13,-1,4812.1
Uniform1-5000_Seed162_J20_M10,"[0.030023, 0.811133]",10,20,0.1,max_proc,lowest_lower_bound,NO_PROFILING,all_to_shortest,greedy,6833,11,2001,0.2894277572631836,0.151822040099517,False,5795.6,10,-1,5795.6
Uniform1-5000_Seed162_J20_M10,"[0.030023, 0.811133]",10,20,0.05,max_proc,lowest_lower_bound,PRUNE,all_to_shortest,greedy,6833,12,12,0.0031511783599853,0.151822040099517,True,6833.0,10,-1,5795.6
Uniform1-5000_Seed163_J20_M10,"[0.012638, 0.821809]",10,20,0.1,max_proc,lowest_lower_bound,NO_PROFILING,all_to_shortest,greedy,6621,66,2001,0.3993353843688965,0.1634194230478779,False,5539.0,10,-1,5539.0
Uniform1-5000_Seed163_J20_M10,"[0.012638, 0.821809]",10,20,0.05,max_proc,lowest_lower_bound,PRUNE,all_to_shortest,greedy,6874,12,12,0.0025019645690917,0.1942100669188245,True,6469.0,10,-1,5539.0
Uniform1-5000_Seed164_J20_M10,"[0.022045, 0.944243]",10,20,0.1,max_proc,lowest_lower_bound,NO_PROFILING,all_to_shortest,greedy,5798,564,2001,0.3587331771850586,0.1159365298378751,False,5125.8,10,-1,5125.8
Uniform1-5000_Seed164_J20_M10,"[0.022045, 0.944243]",10,20,0.05,max_proc,lowest_lower_bound,PRUNE,all_to_shortest,greedy,6261,10,12,0.002406358718872,0.1813128893148059,True,5709.0,10,-1,5125.8
Uniform1-5000_Seed165_J20_M10,"[0.033905, 1.000000]",10,20,0.1,max_proc,lowest_lower_bound,NO_PROFILING,all_to_shortest,greedy,5279,543,543,0.0860543251037597,0.0837279787838605,True,4837.0,11,-1,4837.0
Uniform1-5000_Seed165_J20_M10,"[0.033905, 1.000000]",10,20,0.05,max_proc,lowest_lower_bound,PRUNE,all_to_shortest,greedy,5325,15,15,0.002852439880371,0.0916431924882629,True,4958.0,11,-1,4837.0
Uniform1-5000_Seed166_J20_M10,"[0.001177, 0.919132]",10,20,0.1,max_proc,lowest_lower_bound,NO_PROFILING,all_to_shortest,greedy,5812,145,2001,0.438957929611206,0.1229869236063317,False,5097.2,10,-1,5097.2
Uniform1-5000_Seed166_J20_M10,"[0.001177, 0.919132]",10,20,0.05,max_proc,lowest_lower_bound,PRUNE,all_to_shortest,greedy,6101,12,13,0.0027096271514892,0.1645304048516637,True,5619.0,11,-1,5097.2
Uniform1-5000_Seed167_J20_M10,"[0.105252, 1.000000]",10,20,0.1,max_proc,lowest_lower_bound,NO_PROFILING,all_to_shortest,greedy,5164,7,7,0.0013835430145263,0.0892718822618125,True,4703.0,5,-1,4703.0
Uniform1-5000_Seed167_J20_M10,"[0.105252, 1.000000]",10,20,0.05,max_proc,lowest_lower_bound,PRUNE,all_to_shortest,greedy,5060,11,11,0.0023975372314453,0.0705533596837944,True,4703.0,9,-1,4703.0
Uniform1-5000_Seed168_J20_M10,"[0.016051, 0.851100]",10,20,0.1,max_proc,lowest_lower_bound,NO_PROFILING,all_to_shortest,greedy,5832,1178,2001,0.5453314781188965,0.0919924554183813,False,5295.5,10,-1,5295.5
Uniform1-5000_Seed168_J20_M10,"[0.016051, 0.851100]",10,20,0.05,max_proc,lowest_lower_bound,PRUNE,all_to_shortest,greedy,6097,23,70,0.0111551284790039,0.1314580941446613,True,5615.0,17,-1,5295.5
Uniform1-5000_Seed169_J20_M10,"[0.080972, 0.937695]",10,20,0.1,max_proc,lowest_lower_bound,NO_PROFILING,all_to_shortest,greedy,5781,106,106,0.0182123184204101,0.0835322608545233,True,5298.1,10,-1,5298.1
Uniform1-5000_Seed169_J20_M10,"[0.080972, 0.937695]",10,20,0.05,max_proc,lowest_lower_bound,PRUNE,all_to_shortest,greedy,5778,14,14,0.0029284954071044,0.0830564209068881,True,5422.0,12,-1,5298.1
Uniform1-5000_Seed170_J20_M10,"[0.033711, 0.919834]",10,20,0.1,max_proc,lowest_lower_bound,NO_PROFILING,all_to_shortest,greedy,5986,1499,2001,0.5221130847930908,0.0980955562980287,False,5398.8,16,-1,5398.8
Uniform1-5000_Seed170_J20_M10,"[0.033711, 0.919834]",10,20,0.05,max_proc,lowest_lower_bound,PRUNE,all_to_shortest,greedy,6145,10,34,0.0060482025146484,0.1214320585842147,True,5603.0,16,-1,5398.8
Uniform1-5000_Seed171_J20_M10,"[0.098003, 0.793167]",10,20,0.1,max_proc,lowest_lower_bound,NO_PROFILING,all_to_shortest,greedy,7144,43,2001,0.4351620674133301,0.1273096304591265,False,6234.5,11,-1,6234.5
Uniform1-5000_Seed171_J20_M10,"[0.098003, 0.793167]",10,20,0.05,max_proc,lowest_lower_bound,PRUNE,all_to_shortest,greedy,7144,15,32,0.0052967071533203,0.1273096304591265,True,6532.0,13,-1,6234.5
Uniform1-5000_Seed172_J20_M10,"[0.086485, 1.000000]",10,20,0.1,max_proc,lowest_lower_bound,NO_PROFILING,all_to_shortest,greedy,5363,17,17,0.0029683113098144,0.0880104419168375,True,4891.0,11,-1,4891.0
Uniform1-5000_Seed172_J20_M10,"[0.086485, 1.000000]",10,20,0.05,max_proc,lowest_lower_bound,PRUNE,all_to_shortest,greedy,5391,13,13,0.0025966167449951,0.092747171211278,True,4965.0,11,-1,4891.0
Uniform1-5000_Seed173_J20_M10,"[0.057569, 0.869791]",10,20,0.1,max_proc,lowest_lower_bound,NO_PROFILING,all_to_shortest,greedy,6284,178,2001,0.4569118022918701,0.1099140674729471,False,5593.3,15,-1,5593.3
Uniform1-5000_Seed173_J20_M10,"[0.057569, 0.869791]",10,20,0.05,max_proc,lowest_lower_bound,PRUNE,all_to_shortest,greedy,6251,73,73,0.0113251209259033,0.1052151655735082,True,5694.0,16,-1,5593.3
Uniform1-5000_Seed174_J20_M10,"[0.122716, 0.963269]",10,20,0.1,max_proc,lowest_lower_bound,NO_PROFILING,all_to_shortest,greedy,5174,16,16,0.0030326843261718,0.0786432160804019,True,4767.1,14,-1,4767.1
Uniform1-5000_Seed174_J20_M10,"[0.122716, 0.963269]",10,20,0.05,max_proc,lowest_lower_bound,PRUNE,all_to_shortest,greedy,5239,38,38,0.0064742565155029,0.0900744416873448,True,4767.1,16,-1,4767.1
Uniform1-5000_Seed175_J20_M10,"[0.057986, 1.000000]",10,20,0.1,max_proc,lowest_lower_bound,NO_PROFILING,all_to_shortest,greedy,5154,5,5,0.000983715057373,0.0731470702367093,True,4777.0,3,-1,4777.0
Uniform1-5000_Seed175_J20_M10,"[0.057986, 1.000000]",10,20,0.05,max_proc,lowest_lower_bound,PRUNE,all_to_shortest,greedy,5244,7,7,0.0016956329345703,0.0890541571319603,True,4777.0,5,-1,4777.0
Uniform1-5000_Seed176_J20_M10,"[0.045710, 0.978117]",10,20,0.1,max_proc,lowest_lower_bound,NO_PROFILING,all_to_shortest,greedy,5666,833,2001,0.5842761993408203,0.1466996117190257,False,4834.8,10,-1,4834.8
Uniform1-5000_Seed176_J20_M10,"[0.045710, 0.978117]",10,20,0.05,max_proc,lowest_lower_bound,PRUNE,all_to_shortest,greedy,5375,15,15,0.0031254291534423,0.1005023255813953,True,5145.0,11,-1,4834.8
Uniform1-5000_Seed177_J20_M10,"[0.015921, 1.000000]",10,20,0.1,max_proc,lowest_lower_bound,NO_PROFILING,all_to_shortest,greedy,5433,6,6,0.0011501312255859,0.0866924351187189,True,4962.0,4,-1,4962.0
Uniform1-5000_Seed177_J20_M10,"[0.015921, 1.000000]",10,20,0.05,max_proc,lowest_lower_bound,PRUNE,all_to_shortest,greedy,5119,10,10,0.0020999908447265,0.0306700527446766,True,4962.0,8,-1,4962.0
Uniform1-5000_Seed178_J20_M10,"[0.015375, 0.825784]",10,20,0.1,max_proc,lowest_lower_bound,NO_PROFILING,all_to_shortest,greedy,6695,56,2001,0.3646326065063476,0.0965197908887229,False,6048.8,10,-1,6048.8
Uniform1-5000_Seed178_J20_M10,"[0.015375, 0.825784]",10,20,0.05,max_proc,lowest_lower_bound,PRUNE,all_to_shortest,greedy,7088,12,12,0.0024282932281494,0.1466139954853272,True,6590.0,10,-1,6048.8
Uniform1-5000_Seed179_J20_M10,"[0.005129, 1.000000]",10,20,0.1,max_proc,lowest_lower_bound,NO_PROFILING,all_to_shortest,greedy,5218,445,2001,0.3327805995941162,0.1032962821004216,False,4679.0,10,-1,4679.0
Uniform1-5000_Seed179_J20_M10,"[0.005129, 1.000000]",10,20,0.05,max_proc,lowest_lower_bound,PRUNE,all_to_shortest,greedy,5347,11,12,0.0024356842041015,0.1249298672152608,True,5215.0,10,-1,4679.0
Uniform1-5000_Seed180_J20_M10,"[0.097494, 0.906726]",10,20,0.1,max_proc,lowest_lower_bound,NO_PROFILING,all_to_shortest,greedy,6030,540,540,0.0945272445678711,0.0882587064676616,True,5497.8,11,-1,5497.8
Uniform1-5000_Seed180_J20_M10,"[0.097494, 0.906726]",10,20,0.05,max_proc,lowest_lower_bound,PRUNE,all_to_shortest,greedy,6100,16,16,0.0031805038452148,0.0987213114754098,True,5646.0,14,-1,5497.8
Uniform1-5000_Seed181_J20_M10,"[0.046565, 0.975314]",10,20,0.1,max_proc,lowest_lower_bound,NO_PROFILING,all_to_shortest,greedy,5006,23,23,0.0038566589355468,0.0605073911306431,True,4703.1,10,-1,4703.1
Uniform1-5000_Seed181_J20_M10,"[0.046565, 0.975314]",10,20,0.05,max_proc,lowest_lower_bound,PRUNE,all_to_shortest,greedy,5376,13,13,0.0027234554290771,0.1251674107142856,True,4985.0,11,-1,4703.1
Uniform1-5000_Seed182_J20_M10,"[0.046889, 1.000000]",10,20,0.1,max_proc,lowest_lower_bound,NO_PROFILING,all_to_shortest,greedy,4969,5,5,0.0009071826934814,0.0686254779633729,True,4628.0,3,-1,4628.0
Uniform1-5000_Seed182_J20_M10,"[0.046889, 1.000000]",10,20,0.05,max_proc,lowest_lower_bound,PRUNE,all_to_shortest,greedy,4969,5,5,0.0011146068572998,0.0686254779633729,True,4628.0,3,-1,4628.0
Uniform1-5000_Seed183_J20_M10,"[0.006275, 0.953660]",10,20,0.1,max_proc,lowest_lower_bound,NO_PROFILING,all_to_shortest,greedy,5731,1435,2001,0.3681457042694092,0.1102250916070493,False,5099.3,13,-1,5099.3
Uniform1-5000_Seed183_J20_M10,"[0.006275, 0.953660]",10,20,0.05,max_proc,lowest_lower_bound,PRUNE,all_to_shortest,greedy,5934,18,30,0.0049197673797607,0.1406639703404111,True,5385.0,13,-1,5099.3
Uniform1-5000_Seed184_J20_M10,"[0.084127, 0.894023]",10,20,0.1,max_proc,lowest_lower_bound,NO_PROFILING,all_to_shortest,greedy,5636,65,65,0.0115225315093994,0.0783356990773598,True,5194.5,13,-1,5194.5
Uniform1-5000_Seed184_J20_M10,"[0.084127, 0.894023]",10,20,0.05,max_proc,lowest_lower_bound,PRUNE,all_to_shortest,greedy,5714,15,15,0.0029406547546386,0.0909170458522926,True,5194.5,13,-1,5194.5
Uniform1-5000_Seed185_J20_M10,"[0.029817, 1.000000]",10,20,0.1,max_proc,lowest_lower_bound,NO_PROFILING,all_to_shortest,greedy,5314,10,10,0.0018665790557861,0.072261949567181,True,4930.0,8,-1,4930.0
Uniform1-5000_Seed185_J20_M10,"[0.029817, 1.000000]",10,20,0.05,max_proc,lowest_lower_bound,PRUNE,all_to_shortest,greedy,5323,4,4,0.0008902549743652,0.0738305466842006,True,4930.0,2,-1,4930.0
Uniform1-5000_Seed186_J20_M10,"[0.044139, 0.860877]",10,20,0.1,max_proc,lowest_lower_bound,NO_PROFILING,all_to_shortest,greedy,7038,201,2001,0.6622610092163086,0.1759164535379369,False,5799.9,10,-1,5799.9
Uniform1-5000_Seed186_J20_M10,"[0.044139, 0.860877]",10,20,0.05,max_proc,lowest_lower_bound,PRUNE,all_to_shortest,greedy,6774,14,14,0.0029244422912597,0.1437998228520815,True,6353.0,12,-1,5799.9
Uniform1-5000_Seed187_J20_M10,"[0.060415, 0.829544]",10,20,0.1,max_proc,lowest_lower_bound,NO_PROFILING,all_to_shortest,greedy,6996,98,2001,0.4209358692169189,0.1387935963407661,False,6025.0,10,-1,6025.0
Uniform1-5000_Seed187_J20_M10,"[0.060415, 0.829544]",10,20,0.05,max_proc,lowest_lower_bound,PRUNE,all_to_shortest,greedy,6910,16,16,0.0031445026397705,0.1280752532561505,True,6438.0,11,-1,6025.0
Uniform1-5000_Seed188_J20_M10,"[0.012250, 0.954902]",10,20,0.1,max_proc,lowest_lower_bound,NO_PROFILING,all_to_shortest,greedy,5491,121,2001,0.3014578819274902,0.1228920050992533,False,4816.2,12,-1,4816.2
Uniform1-5000_Seed188_J20_M10,"[0.012250, 0.954902]",10,20,0.05,max_proc,lowest_lower_bound,PRUNE,all_to_shortest,greedy,5508,8,19,0.0032856464385986,0.125599128540305,True,5213.0,12,-1,4816.2
Uniform1-5000_Seed189_J20_M10,"[0.021952, 0.848234]",10,20,0.1,max_proc,lowest_lower_bound,NO_PROFILING,all_to_shortest,greedy,6090,1782,2001,0.3684437274932861,0.1248111658456486,False,5329.9,10,-1,5329.9
Uniform1-5000_Seed189_J20_M10,"[0.021952, 0.848234]",10,20,0.05,max_proc,lowest_lower_bound,PRUNE,all_to_shortest,greedy,6233,11,12,0.0024445056915283,0.1448901010749238,True,6042.0,10,-1,5329.9
Uniform1-5000_Seed190_J20_M10,"[0.030083, 1.000000]",10,20,0.1,max_proc,lowest_lower_bound,NO_PROFILING,all_to_shortest,greedy,5525,1225,2001,0.3421547412872314,0.1035294117647058,False,4953.0,10,-1,4953.0
Uniform1-5000_Seed190_J20_M10,"[0.030083, 1.000000]",10,20,0.05,max_proc,lowest_lower_bound,PRUNE,all_to_shortest,greedy,5979,9,12,0.0024397373199462,0.1716006021073758,True,5525.0,10,-1,4953.0
Uniform1-5000_Seed191_J20_M10,"[0.000902, 0.997272]",10,20,0.1,max_proc,lowest_lower_bound,NO_PROFILING,all_to_shortest,greedy,5214,4,2001,0.3088293075561523,0.149386267740698,False,4435.1,10,-1,4435.1
Uniform1-5000_Seed191_J20_M10,"[0.000902, 0.997272]",10,20,0.05,max_proc,lowest_lower_bound,PRUNE,all_to_shortest,greedy,5384,6,12,0.0024607181549072,0.176244427934621,True,5214.0,10,-1,4435.1
Uniform1-5000_Seed192_J20_M10,"[0.010908, 0.910318]",10,20,0.1,max_proc,lowest_lower_bound,NO_PROFILING,all_to_shortest,greedy,6002,1048,2001,0.4124627113342285,0.0987837387537486,False,5409.1,10,-1,5409.1
Uniform1-5000_Seed192_J20_M10,"[0.010908, 0.910318]",10,20,0.05,max_proc,lowest_lower_bound,PRUNE,all_to_shortest,greedy,6086,14,14,0.0028278827667236,0.1112224778179427,True,5687.0,12,-1,5409.1
Uniform1-5000_Seed193_J20_M10,"[0.129080, 0.856075]",10,20,0.1,max_proc,lowest_lower_bound,NO_PROFILING,all_to_shortest,greedy,6586,22,2001,0.3723080158233642,0.1142423322198602,False,5833.6,13,-1,5833.6
Uniform1-5000_Seed193_J20_M10,"[0.129080, 0.856075]",10,20,0.05,max_proc,lowest_lower_bound,PRUNE,all_to_shortest,greedy,6586,38,38,0.0067551136016845,0.1142423322198602,True,6052.0,14,-1,5833.6
Uniform1-5000_Seed194_J20_M10,"[0.133293, 1.000000]",10,20,0.1,max_proc,lowest_lower_bound,NO_PROFILING,all_to_shortest,greedy,5033,7,7,0.0013391971588134,0.0176832902841247,True,4944.0,5,-1,4944.0
Uniform1-5000_Seed194_J20_M10,"[0.133293, 1.000000]",10,20,0.05,max_proc,lowest_lower_bound,PRUNE,all_to_shortest,greedy,5353,8,8,0.0017523765563964,0.0764057537829254,True,4944.0,6,-1,4944.0
Uniform1-5000_Seed195_J20_M10,"[0.070205, 1.000000]",10,20,0.1,max_proc,lowest_lower_bound,NO_PROFILING,all_to_shortest,greedy,5182,11,11,0.0019195079803466,0.0874179853338479,True,4729.0,9,-1,4729.0
Uniform1-5000_Seed195_J20_M10,"[0.070205, 1.000000]",10,20,0.05,max_proc,lowest_lower_bound,PRUNE,all_to_shortest,greedy,5182,10,10,0.0021469593048095,0.0874179853338479,True,4729.0,8,-1,4729.0
Uniform1-5000_Seed196_J20_M10,"[0.014200, 0.989975]",10,20,0.1,max_proc,lowest_lower_bound,NO_PROFILING,all_to_shortest,greedy,5075,12,12,0.0020225048065185,0.0702857142857142,True,4718.3,10,-1,4718.3
Uniform1-5000_Seed196_J20_M10,"[0.014200, 0.989975]",10,20,0.05,max_proc,lowest_lower_bound,PRUNE,all_to_shortest,greedy,5094,13,13,0.0025436878204345,0.0737534354142127,True,4736.0,11,-1,4718.3
Uniform1-5000_Seed197_J20_M10,"[0.031126, 0.962508]",10,20,0.1,max_proc,lowest_lower_bound,NO_PROFILING,all_to_shortest,greedy,5406,1761,1761,0.3033192157745361,0.0788568257491676,True,4979.7,12,-1,4979.7
Uniform1-5000_Seed197_J20_M10,"[0.031126, 0.962508]",10,20,0.05,max_proc,lowest_lower_bound,PRUNE,all_to_shortest,greedy,5507,14,14,0.0028398036956787,0.0957508625385872,True,5135.0,12,-1,4979.7
Uniform1-5000_Seed198_J20_M10,"[0.022835, 1.000000]",10,20,0.1,max_proc,lowest_lower_bound,NO_PROFILING,all_to_shortest,greedy,4842,7,7,0.001274824142456,0.0413052457662123,True,4642.0,5,-1,4642.0
Uniform1-5000_Seed198_J20_M10,"[0.022835, 1.000000]",10,20,0.05,max_proc,lowest_lower_bound,PRUNE,all_to_shortest,greedy,4993,13,13,0.0025856494903564,0.0702984177848988,True,4642.0,11,-1,4642.0
Uniform1-5000_Seed199_J20_M10,"[0.066256, 1.000000]",10,20,0.1,max_proc,lowest_lower_bound,NO_PROFILING,all_to_shortest,greedy,5428,313,2001,0.4672214984893799,0.1018791451731761,False,4875.0,10,-1,4875.0
Uniform1-5000_Seed199_J20_M10,"[0.066256, 1.000000]",10,20,0.05,max_proc,lowest_lower_bound,PRUNE,all_to_shortest,greedy,5472,13,13,0.0026555061340332,0.1091008771929824,True,5052.0,10,-1,4875.0
Uniform1-5000_Seed200_J20_M10,"[0.038821, 0.988896]",10,20,0.1,max_proc,lowest_lower_bound,NO_PROFILING,all_to_shortest,greedy,5157,8,8,0.0016131401062011,0.0709327128175296,True,4791.2,6,-1,4791.2
Uniform1-5000_Seed200_J20_M10,"[0.038821, 0.988896]",10,20,0.05,max_proc,lowest_lower_bound,PRUNE,all_to_shortest,greedy,5157,16,16,0.0032317638397216,0.0709327128175296,True,4862.0,13,-1,4791.2
Uniform1-5000_Seed101_J50_M25,"[0.008840, 0.876889]",25,50,0.1,max_proc,lowest_lower_bound,NO_PROFILING,all_to_shortest,greedy,6911,463,2001,3.287274122238159,0.1815424685284329,False,5656.36,25,-1,5656.36
Uniform1-5000_Seed101_J50_M25,"[0.008840, 0.876889]",25,50,0.05,max_proc,lowest_lower_bound,PRUNE,all_to_shortest,greedy,6576,31,31,0.0512585639953613,0.1398479318734793,True,6143.0,29,-1,5656.36
Uniform1-5000_Seed102_J50_M25,"[0.014874, 0.961182]",25,50,0.1,max_proc,lowest_lower_bound,NO_PROFILING,all_to_shortest,greedy,6229,752,2001,3.227615594863892,0.1688938834483865,False,5176.96,25,-1,5176.96
Uniform1-5000_Seed102_J50_M25,"[0.014874, 0.961182]",25,50,0.05,max_proc,lowest_lower_bound,PRUNE,all_to_shortest,greedy,6096,30,30,0.0460591316223144,0.150761154855643,True,5704.0,25,-1,5176.96
Uniform1-5000_Seed103_J50_M25,"[0.002107, 0.955371]",25,50,0.1,max_proc,lowest_lower_bound,NO_PROFILING,all_to_shortest,greedy,6156,109,2001,3.082933187484741,0.1520532813515269,False,5219.96,33,-1,5219.96
Uniform1-5000_Seed103_J50_M25,"[0.002107, 0.955371]",25,50,0.05,max_proc,lowest_lower_bound,PRUNE,all_to_shortest,greedy,6058,184,2001,2.6200575828552246,0.138336084516342,False,5309.0,34,-1,5219.96
Uniform1-5000_Seed104_J50_M25,"[0.013562, 0.955555]",25,50,0.1,max_proc,lowest_lower_bound,NO_PROFILING,all_to_shortest,greedy,6551,1784,2001,3.129554271697998,0.2121202869790872,False,5161.4,25,-1,5161.4
Uniform1-5000_Seed104_J50_M25,"[0.013562, 0.955555]",25,50,0.05,max_proc,lowest_lower_bound,PRUNE,all_to_shortest,greedy,6169,33,33,0.0482444763183593,0.1633327929972443,True,5799.0,28,-1,5161.4
Uniform1-5000_Seed105_J50_M25,"[0.013999, 0.931496]",25,50,0.1,max_proc,lowest_lower_bound,NO_PROFILING,all_to_shortest,greedy,6245,1065,2001,3.477071523666382,0.1535436349079263,False,5286.12,25,-1,5286.12
Uniform1-5000_Seed105_J50_M25,"[0.013999, 0.931496]",25,50,0.05,max_proc,lowest_lower_bound,PRUNE,all_to_shortest,greedy,6132,32,32,0.0506758689880371,0.137945205479452,True,5726.0,29,-1,5286.12
Uniform1-5000_Seed106_J50_M25,"[0.001105, 0.913720]",25,50,0.1,max_proc,lowest_lower_bound,NO_PROFILING,all_to_shortest,greedy,6567,578,2001,3.061453104019165,0.1728886858535099,False,5431.64,25,-1,5431.64
Uniform1-5000_Seed106_J50_M25,"[0.001105, 0.913720]",25,50,0.05,max_proc,lowest_lower_bound,PRUNE,all_to_shortest,greedy,6722,64,84,0.118448257446289,0.1919607259744123,True,6107.0,29,-1,5431.64
Uniform1-5000_Seed107_J50_M25,"[0.039643, 0.988793]",25,50,0.1,max_proc,lowest_lower_bound,NO_PROFILING,all_to_shortest,greedy,5318,43,43,0.0563886165618896,0.0892666415945844,True,4843.28,36,-1,4843.28
Uniform1-5000_Seed107_J50_M25,"[0.039643, 0.988793]",25,50,0.05,max_proc,lowest_lower_bound,PRUNE,all_to_shortest,greedy,5308,741,741,0.9677913188934326,0.087550866616428,True,4888.0,37,-1,4843.28
Uniform1-5000_Seed108_J50_M25,"[0.029489, 1.000000]",25,50,0.1,max_proc,lowest_lower_bound,NO_PROFILING,all_to_shortest,greedy,5444,34,34,0.0467934608459472,0.0905584129316678,True,4951.0,32,-1,4951.0
Uniform1-5000_Seed108_J50_M25,"[0.029489, 1.000000]",25,50,0.05,max_proc,lowest_lower_bound,PRUNE,all_to_shortest,greedy,5444,44,44,0.0635988712310791,0.0905584129316678,True,4951.0,37,-1,4951.0
Uniform1-5000_Seed109_J50_M25,"[0.029254, 1.000000]",25,50,0.1,max_proc,lowest_lower_bound,NO_PROFILING,all_to_shortest,greedy,5227,27,27,0.0358519554138183,0.0713602448823416,True,4854.0,25,-1,4854.0
Uniform1-5000_Seed109_J50_M25,"[0.029254, 1.000000]",25,50,0.05,max_proc,lowest_lower_bound,PRUNE,all_to_shortest,greedy,5182,28,28,0.0401477813720703,0.0632960247008876,True,4854.0,25,-1,4854.0
Uniform1-5000_Seed110_J50_M25,"[0.044716, 0.915385]",25,50,0.1,max_proc,lowest_lower_bound,NO_PROFILING,all_to_shortest,greedy,6118,341,2001,3.24648666381836,0.1080876103301732,False,5456.72,31,-1,5456.72
Uniform1-5000_Seed110_J50_M25,"[0.044716, 0.915385]",25,50,0.05,max_proc,lowest_lower_bound,PRUNE,all_to_shortest,greedy,6046,1979,1979,2.6898415088653564,0.0974660932848163,True,5672.0,33,-1,5456.72
Uniform1-5000_Seed111_J50_M25,"[0.025035, 1.000000]",25,50,0.1,max_proc,lowest_lower_bound,NO_PROFILING,all_to_shortest,greedy,5359,35,35,0.0579254627227783,0.0757604030602724,True,4953.0,33,-1,4953.0
Uniform1-5000_Seed111_J50_M25,"[0.025035, 1.000000]",25,50,0.05,max_proc,lowest_lower_bound,PRUNE,all_to_shortest,greedy,5359,78,78,0.0989630222320556,0.0757604030602724,True,4953.0,33,-1,4953.0
Uniform1-5000_Seed112_J50_M25,"[0.010465, 1.000000]",25,50,0.1,max_proc,lowest_lower_bound,NO_PROFILING,all_to_shortest,greedy,5393,20,20,0.0273318290710449,0.0786204338957908,True,4969.0,18,-1,4969.0
Uniform1-5000_Seed112_J50_M25,"[0.010465, 1.000000]",25,50,0.05,max_proc,lowest_lower_bound,PRUNE,all_to_shortest,greedy,5286,27,27,0.0502102375030517,0.0599697313658721,True,4969.0,25,-1,4969.0
Uniform1-5000_Seed113_J50_M25,"[0.002139, 0.860594]",25,50,0.1,max_proc,lowest_lower_bound,NO_PROFILING,all_to_shortest,greedy,6720,1603,2001,3.471384048461914,0.1649940476190476,False,5611.24,25,-1,5611.24
Uniform1-5000_Seed113_J50_M25,"[0.002139, 0.860594]",25,50,0.05,max_proc,lowest_lower_bound,PRUNE,all_to_shortest,greedy,6677,32,68,0.0910077095031738,0.1596165942788678,True,6073.0,30,-1,5611.24
Uniform1-5000_Seed114_J50_M25,"[0.009808, 1.000000]",25,50,0.1,max_proc,lowest_lower_bound,NO_PROFILING,all_to_shortest,greedy,5512,1481,2001,2.8483033180236816,0.0936139332365747,False,4996.0,40,-1,4996.0
Uniform1-5000_Seed114_J50_M25,"[0.009808, 1.000000]",25,50,0.05,max_proc,lowest_lower_bound,PRUNE,all_to_shortest,greedy,5554,816,1228,1.691889762878418,0.1004681310767014,True,5056.0,36,-1,4996.0
Uniform1-5000_Seed115_J50_M25,"[0.006401, 1.000000]",25,50,0.1,max_proc,lowest_lower_bound,NO_PROFILING,all_to_shortest,greedy,5339,14,14,0.0199031829833984,0.0636823375163888,True,4999.0,12,-1,4999.0
Uniform1-5000_Seed115_J50_M25,"[0.006401, 1.000000]",25,50,0.05,max_proc,lowest_lower_bound,PRUNE,all_to_shortest,greedy,5418,20,20,0.0281689167022705,0.0773348098929494,True,4999.0,18,-1,4999.0
Uniform1-5000_Seed116_J50_M25,"[0.003724, 0.845435]",25,50,0.1,max_proc,lowest_lower_bound,NO_PROFILING,all_to_shortest,greedy,7459,759,2001,3.505175828933716,0.2079099074943022,False,5908.2,25,-1,5908.2
Uniform1-5000_Seed116_J50_M25,"[0.003724, 0.845435]",25,50,0.05,max_proc,lowest_lower_bound,PRUNE,all_to_shortest,greedy,7351,30,30,0.0462925434112548,0.1962726159706162,True,6694.0,28,-1,5908.2
Uniform1-5000_Seed117_J50_M25,"[0.001803, 1.000000]",25,50,0.1,max_proc,lowest_lower_bound,NO_PROFILING,all_to_shortest,greedy,5769,1003,2001,2.8056952953338623,0.1345120471485526,False,4993.0,26,-1,4993.0
Uniform1-5000_Seed117_J50_M25,"[0.001803, 1.000000]",25,50,0.05,max_proc,lowest_lower_bound,PRUNE,all_to_shortest,greedy,5443,34,34,0.0476460456848144,0.0826749954069447,True,5117.0,31,-1,4993.0
Uniform1-5000_Seed118_J50_M25,"[0.010640, 1.000000]",25,50,0.1,max_proc,lowest_lower_bound,NO_PROFILING,all_to_shortest,greedy,5148,27,27,0.0361528396606445,0.0506993006993006,True,4887.0,25,-1,4887.0
Uniform1-5000_Seed118_J50_M25,"[0.010640, 1.000000]",25,50,0.05,max_proc,lowest_lower_bound,PRUNE,all_to_shortest,greedy,5087,30,30,0.0425386428833007,0.0393159032828779,True,4887.0,28,-1,4887.0
Uniform1-5000_Seed119_J50_M25,"[0.000582, 0.948849]",25,50,0.1,max_proc,lowest_lower_bound,NO_PROFILING,all_to_shortest,greedy,6020,356,2001,3.1866273880004883,0.1440930232558138,False,5152.56,26,-1,5152.56
Uniform1-5000_Seed119_J50_M25,"[0.000582, 0.948849]",25,50,0.05,max_proc,lowest_lower_bound,PRUNE,all_to_shortest,greedy,5805,78,78,0.1012094020843505,0.112392764857881,True,5266.0,36,-1,5152.56
Uniform1-5000_Seed120_J50_M25,"[0.002251, 0.964868]",25,50,0.1,max_proc,lowest_lower_bound,NO_PROFILING,all_to_shortest,greedy,6021,907,2001,3.260127305984497,0.1885666832752034,False,4885.64,25,-1,4885.64
Uniform1-5000_Seed120_J50_M25,"[0.002251, 0.964868]",25,50,0.05,max_proc,lowest_lower_bound,PRUNE,all_to_shortest,greedy,5544,38,38,0.0524375438690185,0.1187518037518036,True,5387.0,31,-1,4885.64
Uniform1-5000_Seed121_J50_M25,"[0.002800, 1.000000]",25,50,0.1,max_proc,lowest_lower_bound,NO_PROFILING,all_to_shortest,greedy,5406,33,33,0.0427775382995605,0.075101738808731,True,5000.0,31,-1,5000.0
Uniform1-5000_Seed121_J50_M25,"[0.002800, 1.000000]",25,50,0.05,max_proc,lowest_lower_bound,PRUNE,all_to_shortest,greedy,5492,40,40,0.0542905330657959,0.0895848506919155,True,5000.0,32,-1,5000.0
Uniform1-5000_Seed122_J50_M25,"[0.026957, 0.944073]",25,50,0.1,max_proc,lowest_lower_bound,NO_PROFILING,all_to_shortest,greedy,6367,28,2001,2.857908248901367,0.1726715878749803,False,5267.6,25,-1,5267.6
Uniform1-5000_Seed122_J50_M25,"[0.026957, 0.944073]",25,50,0.05,max_proc,lowest_lower_bound,PRUNE,all_to_shortest,greedy,5931,99,99,0.1454925537109375,0.1118529758893946,True,5735.0,33,-1,5267.6
Uniform1-5000_Seed123_J50_M25,"[0.007871, 0.975843]",25,50,0.1,max_proc,lowest_lower_bound,NO_PROFILING,all_to_shortest,greedy,5986,27,2001,2.8969643115997314,0.1510591379886401,False,5081.76,26,-1,5081.76
Uniform1-5000_Seed123_J50_M25,"[0.007871, 0.975843]",25,50,0.05,max_proc,lowest_lower_bound,PRUNE,all_to_shortest,greedy,5675,36,36,0.0534989833831787,0.1045356828193832,True,5224.0,30,-1,5081.76
Uniform1-5000_Seed124_J50_M25,"[0.013793, 1.000000]",25,50,0.1,max_proc,lowest_lower_bound,NO_PROFILING,all_to_shortest,greedy,5416,15,15,0.0210242271423339,0.0897341211225997,True,4930.0,13,-1,4930.0
Uniform1-5000_Seed124_J50_M25,"[0.013793, 1.000000]",25,50,0.05,max_proc,lowest_lower_bound,PRUNE,all_to_shortest,greedy,5363,30,30,0.0423736572265625,0.0807383926906582,True,4930.0,28,-1,4930.0
Uniform1-5000_Seed125_J50_M25,"[0.038644, 0.854996]",25,50,0.1,max_proc,lowest_lower_bound,NO_PROFILING,all_to_shortest,greedy,6954,311,2001,3.456874370574951,0.1664480874316939,False,5796.52,25,-1,5796.52
Uniform1-5000_Seed125_J50_M25,"[0.038644, 0.854996]",25,50,0.05,max_proc,lowest_lower_bound,PRUNE,all_to_shortest,greedy,6755,48,48,0.0687687397003173,0.1418919319022945,True,6137.0,31,-1,5796.52
Uniform1-5000_Seed126_J50_M25,"[0.000799, 0.982124]",25,50,0.1,max_proc,lowest_lower_bound,NO_PROFILING,all_to_shortest,greedy,6286,1218,2001,3.237773895263672,0.2040343620744512,False,5003.44,25,-1,5003.44
Uniform1-5000_Seed126_J50_M25,"[0.000799, 0.982124]",25,50,0.05,max_proc,lowest_lower_bound,PRUNE,all_to_shortest,greedy,5988,36,57,0.0820207595825195,0.1644221776887108,True,5491.0,30,-1,5003.44
Uniform1-5000_Seed127_J50_M25,"[0.012368, 1.000000]",25,50,0.1,max_proc,lowest_lower_bound,NO_PROFILING,all_to_shortest,greedy,5471,488,2001,2.6479146480560303,0.0985194662767318,False,4932.0,26,-1,4932.0
Uniform1-5000_Seed127_J50_M25,"[0.012368, 1.000000]",25,50,0.05,max_proc,lowest_lower_bound,PRUNE,all_to_shortest,greedy,5353,40,40,0.0553781986236572,0.0786474873902484,True,5004.0,32,-1,4932.0
Uniform1-5000_Seed128_J50_M25,"[0.036847, 1.000000]",25,50,0.1,max_proc,lowest_lower_bound,NO_PROFILING,all_to_shortest,greedy,5307,27,27,0.037844181060791,0.0795176182400603,True,4885.0,25,-1,4885.0
Uniform1-5000_Seed128_J50_M25,"[0.036847, 1.000000]",25,50,0.05,max_proc,lowest_lower_bound,PRUNE,all_to_shortest,greedy,5244,23,23,0.0349655151367187,0.0684591914569031,True,4885.0,21,-1,4885.0
Uniform1-5000_Seed129_J50_M25,"[0.023438, 1.000000]",25,50,0.1,max_proc,lowest_lower_bound,NO_PROFILING,all_to_shortest,greedy,5185,28,28,0.0371022224426269,0.0619093539054966,True,4864.0,26,-1,4864.0
Uniform1-5000_Seed129_J50_M25,"[0.023438, 1.000000]",25,50,0.05,max_proc,lowest_lower_bound,PRUNE,all_to_shortest,greedy,5018,31,31,0.0474607944488525,0.0306895177361498,True,4864.0,29,-1,4864.0
Uniform1-5000_Seed130_J50_M25,"[0.053309, 1.000000]",25,50,0.1,max_proc,lowest_lower_bound,NO_PROFILING,all_to_shortest,greedy,5425,28,28,0.0527708530426025,0.0836866359447004,True,4971.0,26,-1,4971.0
Uniform1-5000_Seed130_J50_M25,"[0.053309, 1.000000]",25,50,0.05,max_proc,lowest_lower_bound,PRUNE,all_to_shortest,greedy,5318,36,36,0.0581960678100585,0.0652500940203083,True,4971.0,34,-1,4971.0
Uniform1-5000_Seed131_J50_M25,"[0.013051, 0.936389]",25,50,0.1,max_proc,lowest_lower_bound,NO_PROFILING,all_to_shortest,greedy,5918,104,2001,2.954229593276977,0.1195606623859412,False,5210.44,34,-1,5210.44
Uniform1-5000_Seed131_J50_M25,"[0.013051, 0.936389]",25,50,0.05,max_proc,lowest_lower_bound,PRUNE,all_to_shortest,greedy,5942,683,2001,3.021146297454834,0.1231167956916863,False,5272.0,34,-1,5210.44
Uniform1-5000_Seed132_J50_M25,"[0.013164, 0.926679]",25,50,0.1,max_proc,lowest_lower_bound,NO_PROFILING,all_to_shortest,greedy,6084,545,2001,3.058196783065796,0.1509270216962524,False,5165.76,25,-1,5165.76
Uniform1-5000_Seed132_J50_M25,"[0.013164, 0.926679]",25,50,0.05,max_proc,lowest_lower_bound,PRUNE,all_to_shortest,greedy,5826,98,98,0.1358401775360107,0.1133264675592172,True,5343.0,35,-1,5165.76
Uniform1-5000_Seed133_J50_M25,"[0.001216, 1.000000]",25,50,0.1,max_proc,lowest_lower_bound,NO_PROFILING,all_to_shortest,greedy,5003,13,13,0.0188424587249755,0.0135918448930641,True,4935.0,11,-1,4935.0
Uniform1-5000_Seed133_J50_M25,"[0.001216, 1.000000]",25,50,0.05,max_proc,lowest_lower_bound,PRUNE,all_to_shortest,greedy,5213,16,16,0.023550271987915,0.0533282179167465,True,4935.0,14,-1,4935.0
Uniform1-5000_Seed134_J50_M25,"[0.042698, 0.955108]",25,50,0.1,max_proc,lowest_lower_bound,NO_PROFILING,all_to_shortest,greedy,6122,1452,2001,3.7992310523986816,0.1813132963083959,False,5012.0,25,-1,5012.0
Uniform1-5000_Seed134_J50_M25,"[0.042698, 0.955108]",25,50,0.05,max_proc,lowest_lower_bound,PRUNE,all_to_shortest,greedy,5890,43,43,0.0678961277008056,0.1490662139219015,True,5349.0,31,-1,5012.0
Uniform1-5000_Seed135_J50_M25,"[0.014228, 0.962813]",25,50,0.1,max_proc,lowest_lower_bound,NO_PROFILING,all_to_shortest,greedy,5981,27,2001,3.3287391662597656,0.1421501421167028,False,5130.8,29,-1,5130.8
Uniform1-5000_Seed135_J50_M25,"[0.014228, 0.962813]",25,50,0.05,max_proc,lowest_lower_bound,PRUNE,all_to_shortest,greedy,5931,230,600,0.8707830905914307,0.1349182262687573,True,5403.0,33,-1,5130.8
Uniform1-5000_Seed136_J50_M25,"[0.021734, 0.954286]",25,50,0.1,max_proc,lowest_lower_bound,NO_PROFILING,all_to_shortest,greedy,5786,148,2001,3.259540557861328,0.1411752506049084,False,4969.16,34,-1,4969.16
Uniform1-5000_Seed136_J50_M25,"[0.021734, 0.954286]",25,50,0.05,max_proc,lowest_lower_bound,PRUNE,all_to_shortest,greedy,5827,1276,2001,3.073669195175171,0.1472181225330359,False,5049.0,34,-1,4969.16
Uniform1-5000_Seed137_J50_M25,"[0.039766, 0.927934]",25,50,0.1,max_proc,lowest_lower_bound,NO_PROFILING,all_to_shortest,greedy,6125,107,2001,3.132986068725586,0.1419167346938775,False,5255.76,25,-1,5255.76
Uniform1-5000_Seed137_J50_M25,"[0.039766, 0.927934]",25,50,0.05,max_proc,lowest_lower_bound,PRUNE,all_to_shortest,greedy,5977,34,39,0.0587916374206543,0.1206692320562154,True,5430.0,33,-1,5255.76
Uniform1-5000_Seed138_J50_M25,"[0.050842, 0.948298]",25,50,0.1,max_proc,lowest_lower_bound,NO_PROFILING,all_to_shortest,greedy,5280,1316,2001,3.305013418197632,0.1543863636363636,False,4464.84,25,-1,4464.84
Uniform1-5000_Seed138_J50_M25,"[0.050842, 0.948298]",25,50,0.05,max_proc,lowest_lower_bound,PRUNE,all_to_shortest,greedy,5292,47,47,0.0707581043243408,0.1563038548752834,True,4903.0,30,-1,4464.84
Uniform1-5000_Seed139_J50_M25,"[0.017030, 0.916056]",25,50,0.1,max_proc,lowest_lower_bound,NO_PROFILING,all_to_shortest,greedy,6356,634,2001,3.156364679336548,0.1592888609188168,False,5343.56,25,-1,5343.56
Uniform1-5000_Seed139_J50_M25,"[0.017030, 0.916056]",25,50,0.05,max_proc,lowest_lower_bound,PRUNE,all_to_shortest,greedy,6231,209,209,0.2840492725372314,0.1424233670357887,True,5699.0,33,-1,5343.56
Uniform1-5000_Seed140_J50_M25,"[0.017097, 1.000000]",25,50,0.1,max_proc,lowest_lower_bound,NO_PROFILING,all_to_shortest,greedy,5304,31,31,0.0397579669952392,0.0737179487179487,True,4913.0,29,-1,4913.0
Uniform1-5000_Seed140_J50_M25,"[0.017097, 1.000000]",25,50,0.05,max_proc,lowest_lower_bound,PRUNE,all_to_shortest,greedy,5291,43,43,0.0567822456359863,0.0714420714420714,True,4913.0,29,-1,4913.0
Uniform1-5000_Seed141_J50_M25,"[0.010140, 1.000000]",25,50,0.1,max_proc,lowest_lower_bound,NO_PROFILING,all_to_shortest,greedy,5364,27,27,0.036501407623291,0.0807233407904548,True,4931.0,25,-1,4931.0
Uniform1-5000_Seed141_J50_M25,"[0.010140, 1.000000]",25,50,0.05,max_proc,lowest_lower_bound,PRUNE,all_to_shortest,greedy,5389,22,22,0.0332458019256591,0.0849879383930228,True,4931.0,20,-1,4931.0
Uniform1-5000_Seed142_J50_M25,"[0.025614, 0.970973]",25,50,0.1,max_proc,lowest_lower_bound,NO_PROFILING,all_to_shortest,greedy,5836,1575,2001,3.3039355278015137,0.1303427004797807,False,5075.32,30,-1,5075.32
Uniform1-5000_Seed142_J50_M25,"[0.025614, 0.970973]",25,50,0.05,max_proc,lowest_lower_bound,PRUNE,all_to_shortest,greedy,5854,69,194,0.3108246326446533,0.1330167406901264,True,5316.0,31,-1,5075.32
Uniform1-5000_Seed143_J50_M25,"[0.027745, 0.963289]",25,50,0.1,max_proc,lowest_lower_bound,NO_PROFILING,all_to_shortest,greedy,6021,100,2001,3.6026852130889893,0.1679255937551901,False,5009.92,29,-1,5009.92
Uniform1-5000_Seed143_J50_M25,"[0.027745, 0.963289]",25,50,0.05,max_proc,lowest_lower_bound,PRUNE,all_to_shortest,greedy,5706,141,164,0.2313966751098632,0.1219908867858394,True,5179.0,34,-1,5009.92
Uniform1-5000_Seed144_J50_M25,"[0.001385, 0.982413]",25,50,0.1,max_proc,lowest_lower_bound,NO_PROFILING,all_to_shortest,greedy,6030,1619,2001,3.291670799255371,0.1615389718076285,False,5055.92,25,-1,5055.92
Uniform1-5000_Seed144_J50_M25,"[0.001385, 0.982413]",25,50,0.05,max_proc,lowest_lower_bound,PRUNE,all_to_shortest,greedy,5812,35,35,0.0510642528533935,0.1300894700619408,True,5296.0,31,-1,5055.92
Uniform1-5000_Seed145_J50_M25,"[0.003423, 1.000000]",25,50,0.1,max_proc,lowest_lower_bound,NO_PROFILING,all_to_shortest,greedy,5213,30,30,0.0412232875823974,0.0471897180126606,True,4967.0,28,-1,4967.0
Uniform1-5000_Seed145_J50_M25,"[0.003423, 1.000000]",25,50,0.05,max_proc,lowest_lower_bound,PRUNE,all_to_shortest,greedy,5330,35,35,0.04996919631958,0.0681050656660412,True,4967.0,27,-1,4967.0
Uniform1-5000_Seed146_J50_M25,"[0.002418, 1.000000]",25,50,0.1,max_proc,lowest_lower_bound,NO_PROFILING,all_to_shortest,greedy,5680,1693,2001,2.80202579498291,0.1264084507042253,False,4962.0,25,-1,4962.0
Uniform1-5000_Seed146_J50_M25,"[0.002418, 1.000000]",25,50,0.05,max_proc,lowest_lower_bound,PRUNE,all_to_shortest,greedy,5832,23,27,0.0382218360900878,0.1491769547325102,True,5375.0,25,-1,4962.0
Uniform1-5000_Seed147_J50_M25,"[0.002175, 0.984669]",25,50,0.1,max_proc,lowest_lower_bound,NO_PROFILING,all_to_shortest,greedy,5571,221,2001,2.990561962127685,0.0923496679231734,False,5056.52,36,-1,5056.52
Uniform1-5000_Seed147_J50_M25,"[0.002175, 0.984669]",25,50,0.05,max_proc,lowest_lower_bound,PRUNE,all_to_shortest,greedy,5539,939,939,1.391815185546875,0.0871059758079074,True,5073.0,36,-1,5056.52
Uniform1-5000_Seed148_J50_M25,"[0.003509, 0.998142]",25,50,0.1,max_proc,lowest_lower_bound,NO_PROFILING,all_to_shortest,greedy,5860,1436,2001,3.271009683609009,0.1732081911262798,False,4845.0,27,-1,4845.0
Uniform1-5000_Seed148_J50_M25,"[0.003509, 0.998142]",25,50,0.05,max_proc,lowest_lower_bound,PRUNE,all_to_shortest,greedy,5518,139,492,0.6445109844207764,0.1219644798840159,True,5005.0,35,-1,4845.0
Uniform1-5000_Seed149_J50_M25,"[0.008627, 0.949404]",25,50,0.1,max_proc,lowest_lower_bound,NO_PROFILING,all_to_shortest,greedy,6045,70,2001,3.720339059829712,0.1563209263854425,False,5100.04,26,-1,5100.04
Uniform1-5000_Seed149_J50_M25,"[0.008627, 0.949404]",25,50,0.05,max_proc,lowest_lower_bound,PRUNE,all_to_shortest,greedy,5665,39,39,0.0599339008331298,0.0997281553398058,True,5241.0,36,-1,5100.04
Uniform1-5000_Seed150_J50_M25,"[0.005236, 1.000000]",25,50,0.1,max_proc,lowest_lower_bound,NO_PROFILING,all_to_shortest,greedy,5429,7,7,0.0103297233581542,0.0852827408362497,True,4966.0,5,-1,4966.0
Uniform1-5000_Seed150_J50_M25,"[0.005236, 1.000000]",25,50,0.05,max_proc,lowest_lower_bound,PRUNE,all_to_shortest,greedy,5266,16,16,0.0244758129119873,0.0569692366122294,True,4966.0,14,-1,4966.0
Uniform1-5000_Seed151_J50_M25,"[0.010915, 0.890655]",25,50,0.1,max_proc,lowest_lower_bound,NO_PROFILING,all_to_shortest,greedy,6763,1026,2001,2.9648444652557373,0.1871832027206861,False,5497.08,25,-1,5497.08
Uniform1-5000_Seed151_J50_M25,"[0.010915, 0.890655]",25,50,0.05,max_proc,lowest_lower_bound,PRUNE,all_to_shortest,greedy,6218,30,30,0.043522834777832,0.1159408169829527,True,6072.0,28,-1,5497.08
Uniform1-5000_Seed152_J50_M25,"[0.023002, 0.920993]",25,50,0.1,max_proc,lowest_lower_bound,NO_PROFILING,all_to_shortest,greedy,6473,1675,2001,3.0397825241088867,0.1671682372933724,False,5390.92,25,-1,5390.92
Uniform1-5000_Seed152_J50_M25,"[0.023002, 0.920993]",25,50,0.05,max_proc,lowest_lower_bound,PRUNE,all_to_shortest,greedy,6524,26,27,0.0408308506011962,0.1736787247087676,True,6007.0,25,-1,5390.92
Uniform1-5000_Seed153_J50_M25,"[0.013716, 1.000000]",25,50,0.1,max_proc,lowest_lower_bound,NO_PROFILING,all_to_shortest,greedy,5088,21,21,0.0284779071807861,0.0542452830188679,True,4812.0,19,-1,4812.0
Uniform1-5000_Seed153_J50_M25,"[0.013716, 1.000000]",25,50,0.05,max_proc,lowest_lower_bound,PRUNE,all_to_shortest,greedy,5105,24,24,0.0329639911651611,0.0573947110675808,True,4812.0,22,-1,4812.0
Uniform1-5000_Seed154_J50_M25,"[0.003669, 0.959310]",25,50,0.1,max_proc,lowest_lower_bound,NO_PROFILING,all_to_shortest,greedy,6065,675,2001,3.2338972091674805,0.1461302555647155,False,5178.72,31,-1,5178.72
Uniform1-5000_Seed154_J50_M25,"[0.003669, 0.959310]",25,50,0.05,max_proc,lowest_lower_bound,PRUNE,all_to_shortest,greedy,5687,160,160,0.2091946601867675,0.0893757692983998,True,5276.0,38,-1,5178.72
Uniform1-5000_Seed155_J50_M25,"[0.000860, 1.000000]",25,50,0.1,max_proc,lowest_lower_bound,NO_PROFILING,all_to_shortest,greedy,5077,20,20,0.0271065235137939,0.0843017530037423,True,4649.0,18,-1,4649.0
Uniform1-5000_Seed155_J50_M25,"[0.000860, 1.000000]",25,50,0.05,max_proc,lowest_lower_bound,PRUNE,all_to_shortest,greedy,4890,27,27,0.0381081104278564,0.0492842535787321,True,4649.0,25,-1,4649.0
Uniform1-5000_Seed156_J50_M25,"[0.041434, 0.951022]",25,50,0.1,max_proc,lowest_lower_bound,NO_PROFILING,all_to_shortest,greedy,5908,1576,2001,3.3042421340942383,0.1339539607312118,False,5116.6,29,-1,5116.6
Uniform1-5000_Seed156_J50_M25,"[0.041434, 0.951022]",25,50,0.05,max_proc,lowest_lower_bound,PRUNE,all_to_shortest,greedy,5831,236,621,0.8390688896179199,0.1225175784599553,True,5292.0,33,-1,5116.6
Uniform1-5000_Seed157_J50_M25,"[0.016970, 1.000000]",25,50,0.1,max_proc,lowest_lower_bound,NO_PROFILING,all_to_shortest,greedy,5329,28,28,0.0469732284545898,0.0711202852317508,True,4950.0,26,-1,4950.0
Uniform1-5000_Seed157_J50_M25,"[0.016970, 1.000000]",25,50,0.05,max_proc,lowest_lower_bound,PRUNE,all_to_shortest,greedy,5343,29,29,0.0403182506561279,0.0735541830432341,True,4950.0,27,-1,4950.0
Uniform1-5000_Seed158_J50_M25,"[0.043092, 0.959748]",25,50,0.1,max_proc,lowest_lower_bound,NO_PROFILING,all_to_shortest,greedy,5867,203,2001,3.1919987201690674,0.1139867053008352,False,5198.24,30,-1,5198.24
Uniform1-5000_Seed158_J50_M25,"[0.043092, 0.959748]",25,50,0.05,max_proc,lowest_lower_bound,PRUNE,all_to_shortest,greedy,5835,205,205,0.2915070056915283,0.109127677806341,True,5297.0,32,-1,5198.24
Uniform1-5000_Seed159_J50_M25,"[0.002520, 1.000000]",25,50,0.1,max_proc,lowest_lower_bound,NO_PROFILING,all_to_shortest,greedy,4981,12,12,0.0172932147979736,0.0439670748845613,True,4762.0,10,-1,4762.0
Uniform1-5000_Seed159_J50_M25,"[0.002520, 1.000000]",25,50,0.05,max_proc,lowest_lower_bound,PRUNE,all_to_shortest,greedy,4762,12,12,0.0176913738250732,0.0,True,4762.0,10,12,4762.0
Uniform1-5000_Seed160_J50_M25,"[0.045209, 0.867663]",25,50,0.1,max_proc,lowest_lower_bound,NO_PROFILING,all_to_shortest,greedy,6946,1144,2001,3.1912953853607178,0.1720299452922545,False,5751.08,25,-1,5751.08
Uniform1-5000_Seed160_J50_M25,"[0.045209, 0.867663]",25,50,0.05,max_proc,lowest_lower_bound,PRUNE,all_to_shortest,greedy,6714,34,69,0.105029821395874,0.1434197199880846,True,6114.0,31,-1,5751.08
Uniform1-5000_Seed161_J50_M25,"[0.007064, 1.000000]",25,50,0.1,max_proc,lowest_lower_bound,NO_PROFILING,all_to_shortest,greedy,5288,29,29,0.0394279956817626,0.0898260211800302,True,4813.0,27,-1,4813.0
Uniform1-5000_Seed161_J50_M25,"[0.007064, 1.000000]",25,50,0.05,max_proc,lowest_lower_bound,PRUNE,all_to_shortest,greedy,5288,71,71,0.0986344814300537,0.0898260211800302,True,4813.0,30,-1,4813.0
Uniform1-5000_Seed162_J50_M25,"[0.029853, 0.848592]",25,50,0.1,max_proc,lowest_lower_bound,NO_PROFILING,all_to_shortest,greedy,7189,39,2001,3.433917999267578,0.1892502434274586,False,5828.48,25,-1,5828.48
Uniform1-5000_Seed162_J50_M25,"[0.029853, 0.848592]",25,50,0.05,max_proc,lowest_lower_bound,PRUNE,all_to_shortest,greedy,7045,34,34,0.0846033096313476,0.1726784953867992,True,6432.0,30,-1,5828.48
Uniform1-5000_Seed163_J50_M25,"[0.012494, 0.879075]",25,50,0.1,max_proc,lowest_lower_bound,NO_PROFILING,all_to_shortest,greedy,6774,1010,2001,3.3146636486053467,0.1729436079126071,False,5602.48,25,-1,5602.48
Uniform1-5000_Seed163_J50_M25,"[0.012494, 0.879075]",25,50,0.05,max_proc,lowest_lower_bound,PRUNE,all_to_shortest,greedy,6907,26,27,0.0414142608642578,0.1888692630664543,True,6308.0,25,-1,5602.48
Uniform1-5000_Seed164_J50_M25,"[0.018299, 0.921428]",25,50,0.1,max_proc,lowest_lower_bound,NO_PROFILING,all_to_shortest,greedy,6726,63,2001,3.545740365982056,0.1956467439785905,False,5410.08,25,-1,5410.08
Uniform1-5000_Seed164_J50_M25,"[0.018299, 0.921428]",25,50,0.05,max_proc,lowest_lower_bound,PRUNE,all_to_shortest,greedy,6130,74,74,0.1039760112762451,0.117442088091354,True,5566.0,33,-1,5410.08
Uniform1-5000_Seed165_J50_M25,"[0.030184, 1.000000]",25,50,0.1,max_proc,lowest_lower_bound,NO_PROFILING,all_to_shortest,greedy,5330,1162,2001,2.6635992527008057,0.0924953095684803,False,4837.0,31,-1,4837.0
Uniform1-5000_Seed165_J50_M25,"[0.030184, 1.000000]",25,50,0.05,max_proc,lowest_lower_bound,PRUNE,all_to_shortest,greedy,5523,82,163,0.2197928428649902,0.1242078580481622,True,5031.0,31,-1,4837.0
Uniform1-5000_Seed166_J50_M25,"[0.001161, 0.952005]",25,50,0.1,max_proc,lowest_lower_bound,NO_PROFILING,all_to_shortest,greedy,6342,62,2001,3.0382487773895264,0.1851087984862819,False,5168.04,25,-1,5168.04
Uniform1-5000_Seed166_J50_M25,"[0.001161, 0.952005]",25,50,0.05,max_proc,lowest_lower_bound,PRUNE,all_to_shortest,greedy,6318,33,33,0.0501470565795898,0.1820132953466287,True,5797.0,30,-1,5168.04
Uniform1-5000_Seed167_J50_M25,"[0.010116, 1.000000]",25,50,0.1,max_proc,lowest_lower_bound,NO_PROFILING,all_to_shortest,greedy,5047,16,16,0.0227527618408203,0.0402219140083217,True,4844.0,14,-1,4844.0
Uniform1-5000_Seed167_J50_M25,"[0.010116, 1.000000]",25,50,0.05,max_proc,lowest_lower_bound,PRUNE,all_to_shortest,greedy,5286,20,20,0.0292887687683105,0.0836171017782822,True,4844.0,18,-1,4844.0
Uniform1-5000_Seed168_J50_M25,"[0.013466, 0.905829]",25,50,0.1,max_proc,lowest_lower_bound,NO_PROFILING,all_to_shortest,greedy,6373,1263,2001,3.943843126296997,0.1726784873685861,False,5272.52,25,-1,5272.52
Uniform1-5000_Seed168_J50_M25,"[0.013466, 0.905829]",25,50,0.05,max_proc,lowest_lower_bound,PRUNE,all_to_shortest,greedy,5957,42,42,0.0630550384521484,0.1149034749034748,True,5497.0,32,-1,5272.52
Uniform1-5000_Seed169_J50_M25,"[0.017672, 0.976696]",25,50,0.1,max_proc,lowest_lower_bound,NO_PROFILING,all_to_shortest,greedy,5725,458,2001,3.03287410736084,0.1104489082969431,False,5092.68,36,-1,5092.68
Uniform1-5000_Seed169_J50_M25,"[0.017672, 0.976696]",25,50,0.05,max_proc,lowest_lower_bound,PRUNE,all_to_shortest,greedy,5681,993,2001,2.5115408897399902,0.1035592325294842,False,5129.0,36,-1,5092.68
Uniform1-5000_Seed170_J50_M25,"[0.031836, 0.975922]",25,50,0.1,max_proc,lowest_lower_bound,NO_PROFILING,all_to_shortest,greedy,6009,278,2001,3.0407347679138184,0.1531835579963387,False,5088.52,25,-1,5088.52
Uniform1-5000_Seed170_J50_M25,"[0.031836, 0.975922]",25,50,0.05,max_proc,lowest_lower_bound,PRUNE,all_to_shortest,greedy,5835,38,38,0.0564351081848144,0.1279314481576691,True,5330.0,31,-1,5088.52
Uniform1-5000_Seed171_J50_M25,"[0.093701, 0.885706]",25,50,0.1,max_proc,lowest_lower_bound,NO_PROFILING,all_to_shortest,greedy,6514,1441,2001,3.250176429748535,0.1382253607614368,False,5613.6,31,-1,5613.6
Uniform1-5000_Seed171_J50_M25,"[0.093701, 0.885706]",25,50,0.05,max_proc,lowest_lower_bound,PRUNE,all_to_shortest,greedy,6246,56,56,0.0797288417816162,0.1012487992315081,True,5708.0,34,-1,5613.6
Uniform1-5000_Seed172_J50_M25,"[0.070556, 0.912929]",25,50,0.1,max_proc,lowest_lower_bound,NO_PROFILING,all_to_shortest,greedy,6390,645,2001,3.3015246391296387,0.1615837245696401,False,5357.48,27,-1,5357.48
Uniform1-5000_Seed172_J50_M25,"[0.070556, 0.912929]",25,50,0.05,max_proc,lowest_lower_bound,PRUNE,all_to_shortest,greedy,6015,38,62,0.0867204666137695,0.1093133832086451,True,5460.0,33,-1,5357.48
Uniform1-5000_Seed173_J50_M25,"[0.037475, 0.959566]",25,50,0.1,max_proc,lowest_lower_bound,NO_PROFILING,all_to_shortest,greedy,5808,27,2001,3.268934488296509,0.1270661157024793,False,5070.0,32,-1,5070.0
Uniform1-5000_Seed173_J50_M25,"[0.037475, 0.959566]",25,50,0.05,max_proc,lowest_lower_bound,PRUNE,all_to_shortest,greedy,5653,1174,1174,1.6799147129058838,0.1031310808420307,True,5149.0,38,-1,5070.0
Uniform1-5000_Seed174_J50_M25,"[0.010546, 1.000000]",25,50,0.1,max_proc,lowest_lower_bound,NO_PROFILING,all_to_shortest,greedy,5271,1843,2001,2.800919771194458,0.1005501802314551,False,4741.0,30,-1,4741.0
Uniform1-5000_Seed174_J50_M25,"[0.010546, 1.000000]",25,50,0.05,max_proc,lowest_lower_bound,PRUNE,all_to_shortest,greedy,5364,80,140,0.1952424049377441,0.1161446681580909,True,4938.0,33,-1,4741.0
Uniform1-5000_Seed175_J50_M25,"[0.015282, 1.000000]",25,50,0.1,max_proc,lowest_lower_bound,NO_PROFILING,all_to_shortest,greedy,5171,17,17,0.039365530014038,0.0761941597369947,True,4777.0,15,-1,4777.0
Uniform1-5000_Seed175_J50_M25,"[0.015282, 1.000000]",25,50,0.05,max_proc,lowest_lower_bound,PRUNE,all_to_shortest,greedy,5231,25,25,0.0362153053283691,0.0867902886637354,True,4777.0,23,-1,4777.0
Uniform1-5000_Seed176_J50_M25,"[0.030239, 1.000000]",25,50,0.1,max_proc,lowest_lower_bound,NO_PROFILING,all_to_shortest,greedy,5662,26,2001,3.214874505996704,0.1647827622748145,False,4729.0,25,-1,4729.0
Uniform1-5000_Seed176_J50_M25,"[0.030239, 1.000000]",25,50,0.05,max_proc,lowest_lower_bound,PRUNE,all_to_shortest,greedy,5477,48,48,0.0718264579772949,0.1365711155742194,True,5041.0,31,-1,4729.0
Uniform1-5000_Seed177_J50_M25,"[0.005844, 1.000000]",25,50,0.1,max_proc,lowest_lower_bound,NO_PROFILING,all_to_shortest,greedy,5843,81,2001,2.979672908782959,0.1507787095670032,False,4962.0,25,-1,4962.0
Uniform1-5000_Seed177_J50_M25,"[0.005844, 1.000000]",25,50,0.05,max_proc,lowest_lower_bound,PRUNE,all_to_shortest,greedy,5220,45,45,0.0645592212677002,0.0494252873563218,True,5119.0,33,-1,4962.0
Uniform1-5000_Seed178_J50_M25,"[0.016162, 0.887155]",25,50,0.1,max_proc,lowest_lower_bound,NO_PROFILING,all_to_shortest,greedy,7080,1738,2001,3.026921510696411,0.2047514124293785,False,5630.36,25,-1,5630.36
Uniform1-5000_Seed178_J50_M25,"[0.016162, 0.887155]",25,50,0.05,max_proc,lowest_lower_bound,PRUNE,all_to_shortest,greedy,6967,24,27,0.0390052795410156,0.1918530213865365,True,6554.0,25,-1,5630.36
Uniform1-5000_Seed179_J50_M25,"[0.005023, 1.000000]",25,50,0.1,max_proc,lowest_lower_bound,NO_PROFILING,all_to_shortest,greedy,5391,755,2001,3.1825850009918213,0.1137080319050269,False,4778.0,29,-1,4778.0
Uniform1-5000_Seed179_J50_M25,"[0.005023, 1.000000]",25,50,0.05,max_proc,lowest_lower_bound,PRUNE,all_to_shortest,greedy,4903,68,68,0.0878126621246337,0.025494595145829,True,4799.0,33,-1,4778.0
Uniform1-5000_Seed180_J50_M25,"[0.016247, 0.976189]",25,50,0.1,max_proc,lowest_lower_bound,NO_PROFILING,all_to_shortest,greedy,6224,618,2001,3.0917675495147705,0.1792030848329048,False,5108.64,25,-1,5108.64
Uniform1-5000_Seed180_J50_M25,"[0.016247, 0.976189]",25,50,0.05,max_proc,lowest_lower_bound,PRUNE,all_to_shortest,greedy,6236,29,29,0.0420937538146972,0.1807825529185374,True,5686.0,27,-1,5108.64
Uniform1-5000_Seed181_J50_M25,"[0.019262, 1.000000]",25,50,0.1,max_proc,lowest_lower_bound,NO_PROFILING,all_to_shortest,greedy,5041,10,10,0.0153467655181884,0.0113072803015274,True,4984.0,8,-1,4984.0
Uniform1-5000_Seed181_J50_M25,"[0.019262, 1.000000]",25,50,0.05,max_proc,lowest_lower_bound,PRUNE,all_to_shortest,greedy,5234,20,20,0.0284333229064941,0.0477646159724875,True,4984.0,18,-1,4984.0
Uniform1-5000_Seed182_J50_M25,"[0.036855, 1.000000]",25,50,0.1,max_proc,lowest_lower_bound,NO_PROFILING,all_to_shortest,greedy,5271,33,33,0.0430843830108642,0.0734206033010813,True,4884.0,31,-1,4884.0
Uniform1-5000_Seed182_J50_M25,"[0.036855, 1.000000]",25,50,0.05,max_proc,lowest_lower_bound,PRUNE,all_to_shortest,greedy,5314,69,69,0.0879406929016113,0.0809183289424162,True,4884.0,34,-1,4884.0
Uniform1-5000_Seed183_J50_M25,"[0.003699, 1.000000]",25,50,0.1,max_proc,lowest_lower_bound,NO_PROFILING,all_to_shortest,greedy,5304,27,27,0.0403113365173339,0.0825791855203619,True,4866.0,25,-1,4866.0
Uniform1-5000_Seed183_J50_M25,"[0.003699, 1.000000]",25,50,0.05,max_proc,lowest_lower_bound,PRUNE,all_to_shortest,greedy,5106,38,38,0.0559468269348144,0.0470035252643948,True,4866.0,36,-1,4866.0
Uniform1-5000_Seed184_J50_M25,"[0.028378, 0.906966]",25,50,0.1,max_proc,lowest_lower_bound,NO_PROFILING,all_to_shortest,greedy,6373,82,2001,2.8413870334625244,0.1650651184685391,False,5321.04,25,-1,5321.04
Uniform1-5000_Seed184_J50_M25,"[0.028378, 0.906966]",25,50,0.05,max_proc,lowest_lower_bound,PRUNE,all_to_shortest,greedy,6761,23,27,0.0400028228759765,0.2129803283537938,True,6140.0,25,-1,5321.04
Uniform1-5000_Seed185_J50_M25,"[0.000609, 1.000000]",25,50,0.1,max_proc,lowest_lower_bound,NO_PROFILING,all_to_shortest,greedy,5263,31,31,0.0429840087890625,0.0632718981569447,True,4930.0,29,-1,4930.0
Uniform1-5000_Seed185_J50_M25,"[0.000609, 1.000000]",25,50,0.05,max_proc,lowest_lower_bound,PRUNE,all_to_shortest,greedy,5363,31,31,0.0456163883209228,0.0807383926906582,True,4930.0,29,-1,4930.0
Uniform1-5000_Seed186_J50_M25,"[0.047218, 0.920932]",25,50,0.1,max_proc,lowest_lower_bound,NO_PROFILING,all_to_shortest,greedy,6490,1288,2001,3.905206918716431,0.1646101694915253,False,5421.68,25,-1,5421.68
Uniform1-5000_Seed186_J50_M25,"[0.047218, 0.920932]",25,50,0.05,max_proc,lowest_lower_bound,PRUNE,all_to_shortest,greedy,6232,31,31,0.0492236614227294,0.1300256739409498,True,5819.0,29,-1,5421.68
Uniform1-5000_Seed187_J50_M25,"[0.032817, 0.916298]",25,50,0.1,max_proc,lowest_lower_bound,NO_PROFILING,all_to_shortest,greedy,6269,424,2001,3.023382663726806,0.1299154570106874,False,5454.56,25,-1,5454.56
Uniform1-5000_Seed187_J50_M25,"[0.032817, 0.916298]",25,50,0.05,max_proc,lowest_lower_bound,PRUNE,all_to_shortest,greedy,6390,48,48,0.0729079246520996,0.1463912363067292,True,5797.0,32,-1,5454.56
Uniform1-5000_Seed188_J50_M25,"[0.009627, 1.000000]",25,50,0.1,max_proc,lowest_lower_bound,NO_PROFILING,all_to_shortest,greedy,5211,21,21,0.0307526588439941,0.0431778929188255,True,4986.0,19,-1,4986.0
Uniform1-5000_Seed188_J50_M25,"[0.009627, 1.000000]",25,50,0.05,max_proc,lowest_lower_bound,PRUNE,all_to_shortest,greedy,5243,23,23,0.0315136909484863,0.049017737936296,True,4986.0,21,-1,4986.0
Uniform1-5000_Seed189_J50_M25,"[0.021480, 1.000000]",25,50,0.1,max_proc,lowest_lower_bound,NO_PROFILING,all_to_shortest,greedy,5185,972,2001,2.787170171737671,0.0931533269045323,False,4702.0,31,-1,4702.0
Uniform1-5000_Seed189_J50_M25,"[0.021480, 1.000000]",25,50,0.05,max_proc,lowest_lower_bound,PRUNE,all_to_shortest,greedy,5185,56,56,0.0715248584747314,0.0931533269045323,True,4706.0,31,-1,4702.0
Uniform1-5000_Seed190_J50_M25,"[0.030083, 1.000000]",25,50,0.1,max_proc,lowest_lower_bound,NO_PROFILING,all_to_shortest,greedy,5255,31,31,0.0455217361450195,0.0574690770694576,True,4953.0,29,-1,4953.0
Uniform1-5000_Seed190_J50_M25,"[0.030083, 1.000000]",25,50,0.05,max_proc,lowest_lower_bound,PRUNE,all_to_shortest,greedy,5307,35,35,0.0491318702697753,0.0667043527416619,True,4961.0,30,-1,4953.0
Uniform1-5000_Seed191_J50_M25,"[0.000803, 1.000000]",25,50,0.1,max_proc,lowest_lower_bound,NO_PROFILING,all_to_shortest,greedy,5677,1818,2001,2.9114933013916016,0.1220715166461159,False,4984.0,25,-1,4984.0
Uniform1-5000_Seed191_J50_M25,"[0.000803, 1.000000]",25,50,0.05,max_proc,lowest_lower_bound,PRUNE,all_to_shortest,greedy,5638,28,28,0.0439558029174804,0.1159985810571124,True,5214.0,26,-1,4984.0
Uniform1-5000_Seed192_J50_M25,"[0.011018, 0.919563]",25,50,0.1,max_proc,lowest_lower_bound,NO_PROFILING,all_to_shortest,greedy,6777,23,2001,3.1576874256134038,0.2098686734543308,False,5354.72,25,-1,5354.72
Uniform1-5000_Seed192_J50_M25,"[0.011018, 0.919563]",25,50,0.05,max_proc,lowest_lower_bound,PRUNE,all_to_shortest,greedy,6383,33,33,0.0484349727630615,0.1610966630111232,True,5877.0,29,-1,5354.72
Uniform1-5000_Seed193_J50_M25,"[0.002163, 0.981950]",25,50,0.1,max_proc,lowest_lower_bound,NO_PROFILING,all_to_shortest,greedy,6087,343,2001,3.146401643753052,0.164481682273698,False,5085.8,30,-1,5085.8
Uniform1-5000_Seed193_J50_M25,"[0.002163, 0.981950]",25,50,0.05,max_proc,lowest_lower_bound,PRUNE,all_to_shortest,greedy,5705,77,77,0.1065583229064941,0.1085363716038562,True,5234.0,35,-1,5085.8
Uniform1-5000_Seed194_J50_M25,"[0.098706, 1.000000]",25,50,0.1,max_proc,lowest_lower_bound,NO_PROFILING,all_to_shortest,greedy,5372,1648,1648,2.640638589859009,0.0796723752792256,True,4944.0,35,-1,4944.0
Uniform1-5000_Seed194_J50_M25,"[0.098706, 1.000000]",25,50,0.05,max_proc,lowest_lower_bound,PRUNE,all_to_shortest,greedy,5508,605,2001,3.2857298851013184,0.10239651416122,False,4944.0,35,-1,4944.0
Uniform1-5000_Seed195_J50_M25,"[0.012435, 0.987875]",25,50,0.1,max_proc,lowest_lower_bound,NO_PROFILING,all_to_shortest,greedy,5920,1798,2001,3.132770538330078,0.1713716216216217,False,4905.48,25,-1,4905.48
Uniform1-5000_Seed195_J50_M25,"[0.012435, 0.987875]",25,50,0.05,max_proc,lowest_lower_bound,PRUNE,all_to_shortest,greedy,5474,31,31,0.0441212654113769,0.103858238947753,True,5387.0,27,-1,4905.48
Uniform1-5000_Seed196_J50_M25,"[0.012798, 0.907122]",25,50,0.1,max_proc,lowest_lower_bound,NO_PROFILING,all_to_shortest,greedy,6777,660,2001,3.1413846015930176,0.2274988933156264,False,5235.24,25,-1,5235.24
Uniform1-5000_Seed196_J50_M25,"[0.012798, 0.907122]",25,50,0.05,max_proc,lowest_lower_bound,PRUNE,all_to_shortest,greedy,5919,32,32,0.0471935272216796,0.1155195134313229,True,5402.0,30,-1,5235.24
Uniform1-5000_Seed197_J50_M25,"[0.027971, 0.900494]",25,50,0.1,max_proc,lowest_lower_bound,NO_PROFILING,all_to_shortest,greedy,6723,204,2001,3.3112988471984863,0.1757548713372007,False,5541.4,27,-1,5541.4
Uniform1-5000_Seed197_J50_M25,"[0.027971, 0.900494]",25,50,0.05,max_proc,lowest_lower_bound,PRUNE,all_to_shortest,greedy,6451,77,77,0.107957124710083,0.1410013951325376,True,5986.0,31,-1,5541.4
Uniform1-5000_Seed198_J50_M25,"[0.010195, 0.928504]",25,50,0.1,max_proc,lowest_lower_bound,NO_PROFILING,all_to_shortest,greedy,6430,1419,2001,3.701093435287476,0.2067371695178848,False,5100.68,25,-1,5100.68
Uniform1-5000_Seed198_J50_M25,"[0.010195, 0.928504]",25,50,0.05,max_proc,lowest_lower_bound,PRUNE,all_to_shortest,greedy,5852,148,148,0.199115514755249,0.128386876281613,True,5461.0,32,-1,5100.68
Uniform1-5000_Seed199_J50_M25,"[0.001231, 1.000000]",25,50,0.1,max_proc,lowest_lower_bound,NO_PROFILING,all_to_shortest,greedy,5248,36,36,0.0526459217071533,0.0710746951219512,True,4875.0,34,-1,4875.0
Uniform1-5000_Seed199_J50_M25,"[0.001231, 1.000000]",25,50,0.05,max_proc,lowest_lower_bound,PRUNE,all_to_shortest,greedy,5327,505,505,0.6009299755096436,0.0848507602778299,True,4875.0,39,-1,4875.0
Uniform1-5000_Seed200_J50_M25,"[0.032096, 1.000000]",25,50,0.1,max_proc,lowest_lower_bound,NO_PROFILING,all_to_shortest,greedy,5346,20,20,0.0263643264770507,0.0675271230826786,True,4985.0,18,-1,4985.0
Uniform1-5000_Seed200_J50_M25,"[0.032096, 1.000000]",25,50,0.05,max_proc,lowest_lower_bound,PRUNE,all_to_shortest,greedy,5419,20,20,0.0284445285797119,0.0800885772282709,True,4985.0,18,-1,4985.0
Uniform1-5000_Seed101_J100_M50,"[0.009329, 0.925408]",50,100,0.1,max_proc,lowest_lower_bound,NO_PROFILING,all_to_shortest,greedy,6525,1532,2001,16.222256183624268,0.1785747126436781,False,5359.8,50,-1,5359.8
Uniform1-5000_Seed101_J100_M50,"[0.009329, 0.925408]",50,100,0.05,max_proc,lowest_lower_bound,PRUNE,all_to_shortest,greedy,5938,263,263,2.0688283443450928,0.0973728528123947,True,5510.0,77,-1,5359.8
Uniform1-5000_Seed102_J100_M50,"[0.014766, 0.954229]",50,100,0.1,max_proc,lowest_lower_bound,NO_PROFILING,all_to_shortest,greedy,6453,1743,2001,17.43416452407837,0.1918983418565008,False,5214.68,50,-1,5214.68
Uniform1-5000_Seed102_J100_M50,"[0.014766, 0.954229]",50,100,0.05,max_proc,lowest_lower_bound,PRUNE,all_to_shortest,greedy,5998,92,92,0.7289564609527588,0.1305968656218739,True,5509.0,69,-1,5214.68
Uniform1-5000_Seed103_J100_M50,"[0.002206, 1.000000]",50,100,0.1,max_proc,lowest_lower_bound,NO_PROFILING,all_to_shortest,greedy,5446,77,77,0.576587438583374,0.0842820418655894,True,4987.0,75,-1,4987.0
Uniform1-5000_Seed103_J100_M50,"[0.002206, 1.000000]",50,100,0.05,max_proc,lowest_lower_bound,PRUNE,all_to_shortest,greedy,5600,1492,2001,15.00385880470276,0.1094642857142857,False,4987.0,73,-1,4987.0
Uniform1-5000_Seed104_J100_M50,"[0.013969, 0.984191]",50,100,0.1,max_proc,lowest_lower_bound,NO_PROFILING,all_to_shortest,greedy,6363,1469,2001,16.699208736419678,0.2124438158101524,False,5011.22,50,-1,5011.22
Uniform1-5000_Seed104_J100_M50,"[0.013969, 0.984191]",50,100,0.05,max_proc,lowest_lower_bound,PRUNE,all_to_shortest,greedy,5731,70,70,0.5661594867706299,0.1255941371488396,True,5215.0,63,-1,5011.22
Uniform1-5000_Seed105_J100_M50,"[0.000200, 1.000000]",50,100,0.1,max_proc,lowest_lower_bound,NO_PROFILING,all_to_shortest,greedy,5431,60,60,0.4415688514709472,0.0793592340268827,True,5000.0,58,-1,5000.0
Uniform1-5000_Seed105_J100_M50,"[0.000200, 1.000000]",50,100,0.05,max_proc,lowest_lower_bound,PRUNE,all_to_shortest,greedy,5501,68,68,0.548419713973999,0.0910743501181603,True,5000.0,66,-1,5000.0
Uniform1-5000_Seed106_J100_M50,"[0.001209, 1.000000]",50,100,0.1,max_proc,lowest_lower_bound,NO_PROFILING,all_to_shortest,greedy,5369,62,62,0.4369657039642334,0.075619295958279,True,4963.0,60,-1,4963.0
Uniform1-5000_Seed106_J100_M50,"[0.001209, 1.000000]",50,100,0.05,max_proc,lowest_lower_bound,PRUNE,all_to_shortest,greedy,5468,70,70,0.5302829742431641,0.0923555230431602,True,4963.0,68,-1,4963.0
Uniform1-5000_Seed107_J100_M50,"[0.001019, 0.996378]",50,100,0.1,max_proc,lowest_lower_bound,NO_PROFILING,all_to_shortest,greedy,6257,324,2001,17.146291494369507,0.2154738692664216,False,4908.78,50,-1,4908.78
Uniform1-5000_Seed107_J100_M50,"[0.001019, 0.996378]",50,100,0.05,max_proc,lowest_lower_bound,PRUNE,all_to_shortest,greedy,5731,1195,2001,16.740931034088135,0.1434688536032106,False,4995.0,66,-1,4908.78
Uniform1-5000_Seed108_J100_M50,"[0.016870, 0.943947]",50,100,0.1,max_proc,lowest_lower_bound,NO_PROFILING,all_to_shortest,greedy,6496,555,2001,17.714356660842896,0.1878509852216748,False,5275.72,57,-1,5275.72
Uniform1-5000_Seed108_J100_M50,"[0.016870, 0.943947]",50,100,0.05,max_proc,lowest_lower_bound,PRUNE,all_to_shortest,greedy,5966,594,594,5.368133544921875,0.1157023131076097,True,5414.0,68,-1,5275.72
Uniform1-5000_Seed109_J100_M50,"[0.008123, 0.961702]",50,100,0.1,max_proc,lowest_lower_bound,NO_PROFILING,all_to_shortest,greedy,6063,887,2001,14.23731803894043,0.1675243278904832,False,5047.3,50,-1,5047.3
Uniform1-5000_Seed109_J100_M50,"[0.008123, 0.961702]",50,100,0.05,max_proc,lowest_lower_bound,PRUNE,all_to_shortest,greedy,5979,104,104,0.8104250431060791,0.1558287339019902,True,5455.0,63,-1,5047.3
Uniform1-5000_Seed110_J100_M50,"[0.021646, 0.916272]",50,100,0.1,max_proc,lowest_lower_bound,NO_PROFILING,all_to_shortest,greedy,6940,1249,2001,17.712480306625366,0.2144899135446686,False,5451.44,50,-1,5451.44
Uniform1-5000_Seed110_J100_M50,"[0.021646, 0.916272]",50,100,0.05,max_proc,lowest_lower_bound,PRUNE,all_to_shortest,greedy,6308,101,2001,17.67138957977295,0.1357894736842106,False,5683.0,68,-1,5451.44
Uniform1-5000_Seed111_J100_M50,"[0.015344, 1.000000]",50,100,0.1,max_proc,lowest_lower_bound,NO_PROFILING,all_to_shortest,greedy,5226,70,70,0.5181965827941895,0.0522388059701492,True,4953.0,68,-1,4953.0
Uniform1-5000_Seed111_J100_M50,"[0.015344, 1.000000]",50,100,0.05,max_proc,lowest_lower_bound,PRUNE,all_to_shortest,greedy,5385,102,102,0.7806270122528076,0.0802228412256267,True,4953.0,71,-1,4953.0
Uniform1-5000_Seed112_J100_M50,"[0.009801, 0.938592]",50,100,0.1,max_proc,lowest_lower_bound,NO_PROFILING,all_to_shortest,greedy,6775,305,2001,18.317421197891235,0.2168531365313653,False,5305.82,50,-1,5305.82
Uniform1-5000_Seed112_J100_M50,"[0.009801, 0.938592]",50,100,0.05,max_proc,lowest_lower_bound,PRUNE,all_to_shortest,greedy,6176,63,63,0.536815881729126,0.1408970207253886,True,5810.0,60,-1,5305.82
Uniform1-5000_Seed113_J100_M50,"[0.002152, 0.966750]",50,100,0.1,max_proc,lowest_lower_bound,NO_PROFILING,all_to_shortest,greedy,6732,86,2001,18.35592007637024,0.2407991681521094,False,5110.94,50,-1,5110.94
Uniform1-5000_Seed113_J100_M50,"[0.002152, 0.966750]",50,100,0.05,max_proc,lowest_lower_bound,PRUNE,all_to_shortest,greedy,6091,267,267,2.105570077896118,0.1609029715974389,True,5676.0,63,-1,5110.94
Uniform1-5000_Seed114_J100_M50,"[0.007206, 1.000000]",50,100,0.1,max_proc,lowest_lower_bound,NO_PROFILING,all_to_shortest,greedy,5490,54,54,0.4017128944396972,0.0899817850637522,True,4996.0,52,-1,4996.0
Uniform1-5000_Seed114_J100_M50,"[0.007206, 1.000000]",50,100,0.05,max_proc,lowest_lower_bound,PRUNE,all_to_shortest,greedy,5443,53,53,0.4022173881530761,0.0821238287708984,True,5015.0,51,-1,4996.0
Uniform1-5000_Seed115_J100_M50,"[0.001200, 1.000000]",50,100,0.1,max_proc,lowest_lower_bound,NO_PROFILING,all_to_shortest,greedy,5820,844,2001,14.752362966537476,0.1410652920962199,False,4999.0,57,-1,4999.0
Uniform1-5000_Seed115_J100_M50,"[0.001200, 1.000000]",50,100,0.05,max_proc,lowest_lower_bound,PRUNE,all_to_shortest,greedy,5958,730,2001,14.221200227737429,0.1609600537092984,False,5107.0,60,-1,4999.0
Uniform1-5000_Seed116_J100_M50,"[0.004108, 0.932756]",50,100,0.1,max_proc,lowest_lower_bound,NO_PROFILING,all_to_shortest,greedy,6849,486,2001,18.342872381210327,0.2181194334939406,False,5355.1,50,-1,5355.1
Uniform1-5000_Seed116_J100_M50,"[0.004108, 0.932756]",50,100,0.05,max_proc,lowest_lower_bound,PRUNE,all_to_shortest,greedy,6231,78,78,0.6648688316345215,0.1405713368640667,True,5665.0,65,-1,5355.1
Uniform1-5000_Seed117_J100_M50,"[0.001803, 1.000000]",50,100,0.1,max_proc,lowest_lower_bound,NO_PROFILING,all_to_shortest,greedy,5480,61,61,0.4587960243225097,0.0888686131386861,True,4993.0,59,-1,4993.0
Uniform1-5000_Seed117_J100_M50,"[0.001803, 1.000000]",50,100,0.05,max_proc,lowest_lower_bound,PRUNE,all_to_shortest,greedy,5487,74,74,0.5705838203430176,0.0900309823218516,True,4993.0,62,-1,4993.0
Uniform1-5000_Seed118_J100_M50,"[0.003885, 1.000000]",50,100,0.1,max_proc,lowest_lower_bound,NO_PROFILING,all_to_shortest,greedy,5368,55,55,0.4320070743560791,0.088859910581222,True,4891.0,53,-1,4891.0
Uniform1-5000_Seed118_J100_M50,"[0.003885, 1.000000]",50,100,0.05,max_proc,lowest_lower_bound,PRUNE,all_to_shortest,greedy,5351,66,66,0.5020792484283447,0.0859652401420295,True,4891.0,58,-1,4891.0
Uniform1-5000_Seed119_J100_M50,"[0.000608, 0.996606]",50,100,0.1,max_proc,lowest_lower_bound,NO_PROFILING,all_to_shortest,greedy,6249,1369,2001,16.994139671325684,0.2106353016482637,False,4932.74,50,-1,4932.74
Uniform1-5000_Seed119_J100_M50,"[0.000608, 0.996606]",50,100,0.05,max_proc,lowest_lower_bound,PRUNE,all_to_shortest,greedy,5775,66,66,0.541663646697998,0.1458458874458874,True,5260.0,63,-1,4932.74
Uniform1-5000_Seed120_J100_M50,"[0.002137, 0.954657]",50,100,0.1,max_proc,lowest_lower_bound,NO_PROFILING,all_to_shortest,greedy,6434,1979,2001,17.85116958618164,0.1999689151383276,False,5147.4,50,-1,5147.4
Uniform1-5000_Seed120_J100_M50,"[0.002137, 0.954657]",50,100,0.05,max_proc,lowest_lower_bound,PRUNE,all_to_shortest,greedy,6112,79,79,0.6404752731323242,0.1578206806282723,True,5550.0,68,-1,5147.4
Uniform1-5000_Seed121_J100_M50,"[0.002800, 1.000000]",50,100,0.1,max_proc,lowest_lower_bound,NO_PROFILING,all_to_shortest,greedy,5842,271,2001,15.512920141220093,0.1441287230400547,False,5000.0,63,-1,5000.0
Uniform1-5000_Seed121_J100_M50,"[0.002800, 1.000000]",50,100,0.05,max_proc,lowest_lower_bound,PRUNE,all_to_shortest,greedy,5935,1460,2001,17.317368268966675,0.1575400168491996,False,5052.0,63,-1,5000.0
Uniform1-5000_Seed122_J100_M50,"[0.010456, 1.000000]",50,100,0.1,max_proc,lowest_lower_bound,NO_PROFILING,all_to_shortest,greedy,5997,495,2001,16.008305549621582,0.1707520426880106,False,4973.0,55,-1,4973.0
Uniform1-5000_Seed122_J100_M50,"[0.010456, 1.000000]",50,100,0.05,max_proc,lowest_lower_bound,PRUNE,all_to_shortest,greedy,5405,83,83,0.6450409889221191,0.0799259944495837,True,5030.0,67,-1,4973.0
Uniform1-5000_Seed123_J100_M50,"[0.008066, 1.000000]",50,100,0.1,max_proc,lowest_lower_bound,NO_PROFILING,all_to_shortest,greedy,5443,64,64,0.483607530593872,0.0889215506154694,True,4959.0,62,-1,4959.0
Uniform1-5000_Seed123_J100_M50,"[0.008066, 1.000000]",50,100,0.05,max_proc,lowest_lower_bound,PRUNE,all_to_shortest,greedy,5474,151,2001,14.749670028686523,0.0940811107051516,False,4964.0,72,-1,4959.0
Uniform1-5000_Seed124_J100_M50,"[0.008316, 1.000000]",50,100,0.1,max_proc,lowest_lower_bound,NO_PROFILING,all_to_shortest,greedy,5421,61,61,0.4387147426605224,0.0905736948902416,True,4930.0,59,-1,4930.0
Uniform1-5000_Seed124_J100_M50,"[0.008316, 1.000000]",50,100,0.05,max_proc,lowest_lower_bound,PRUNE,all_to_shortest,greedy,5347,107,107,0.8043303489685059,0.0779876566298859,True,4930.0,73,-1,4930.0
Uniform1-5000_Seed125_J100_M50,"[0.003091, 0.907758]",50,100,0.1,max_proc,lowest_lower_bound,NO_PROFILING,all_to_shortest,greedy,6777,1662,2001,18.811489820480347,0.1885406522059908,False,5499.26,50,-1,5499.26
Uniform1-5000_Seed125_J100_M50,"[0.003091, 0.907758]",50,100,0.05,max_proc,lowest_lower_bound,PRUNE,all_to_shortest,greedy,6355,71,71,0.6247861385345459,0.1346561762391817,True,5788.0,69,-1,5499.26
Uniform1-5000_Seed126_J100_M50,"[0.000814, 1.000000]",50,100,0.1,max_proc,lowest_lower_bound,NO_PROFILING,all_to_shortest,greedy,5977,51,2001,15.32073974609375,0.1778484189392672,False,4914.0,50,-1,4914.0
Uniform1-5000_Seed126_J100_M50,"[0.000814, 1.000000]",50,100,0.05,max_proc,lowest_lower_bound,PRUNE,all_to_shortest,greedy,5786,211,241,1.980441093444824,0.1507086069823712,True,5267.0,57,-1,4914.0
Uniform1-5000_Seed127_J100_M50,"[0.007230, 0.976239]",50,100,0.1,max_proc,lowest_lower_bound,NO_PROFILING,all_to_shortest,greedy,6508,411,2001,16.898386240005493,0.2136447449293177,False,5117.6,50,-1,5117.6
Uniform1-5000_Seed127_J100_M50,"[0.007230, 0.976239]",50,100,0.05,max_proc,lowest_lower_bound,PRUNE,all_to_shortest,greedy,6005,78,78,0.6351044178009033,0.1477768526228142,True,5726.0,61,-1,5117.6
Uniform1-5000_Seed128_J100_M50,"[0.006866, 1.000000]",50,100,0.1,max_proc,lowest_lower_bound,NO_PROFILING,all_to_shortest,greedy,5221,60,60,0.4426312446594238,0.051522696801379,True,4952.0,58,-1,4952.0
Uniform1-5000_Seed128_J100_M50,"[0.006866, 1.000000]",50,100,0.05,max_proc,lowest_lower_bound,PRUNE,all_to_shortest,greedy,5416,62,62,0.4920864105224609,0.0856720827178729,True,4952.0,58,-1,4952.0
Uniform1-5000_Seed129_J100_M50,"[0.022873, 1.000000]",50,100,0.1,max_proc,lowest_lower_bound,NO_PROFILING,all_to_shortest,greedy,6232,1322,2001,15.580894708633425,0.2002567394094993,False,4984.0,50,-1,4984.0
Uniform1-5000_Seed129_J100_M50,"[0.022873, 1.000000]",50,100,0.05,max_proc,lowest_lower_bound,PRUNE,all_to_shortest,greedy,5639,80,80,0.628063440322876,0.116155346692676,True,5315.0,63,-1,4984.0
Uniform1-5000_Seed130_J100_M50,"[0.034014, 0.953358]",50,100,0.1,max_proc,lowest_lower_bound,NO_PROFILING,all_to_shortest,greedy,6501,451,2001,18.217299222946167,0.1950346100599908,False,5233.08,50,-1,5233.08
Uniform1-5000_Seed130_J100_M50,"[0.034014, 0.953358]",50,100,0.05,max_proc,lowest_lower_bound,PRUNE,all_to_shortest,greedy,5887,69,69,0.5694608688354492,0.1110786478681841,True,5505.0,66,-1,5233.08
Uniform1-5000_Seed131_J100_M50,"[0.013071, 0.958969]",50,100,0.1,max_proc,lowest_lower_bound,NO_PROFILING,all_to_shortest,greedy,6340,1234,2001,17.276211977005005,0.1794227129337539,False,5202.46,61,-1,5202.46
Uniform1-5000_Seed131_J100_M50,"[0.013071, 0.958969]",50,100,0.05,max_proc,lowest_lower_bound,PRUNE,all_to_shortest,greedy,6040,1434,2001,17.25853204727173,0.1386655629139072,False,5288.0,64,-1,5202.46
Uniform1-5000_Seed132_J100_M50,"[0.001856, 1.000000]",50,100,0.1,max_proc,lowest_lower_bound,NO_PROFILING,all_to_shortest,greedy,5782,1270,2001,15.507665395736694,0.1615358007609823,False,4848.0,63,-1,4848.0
Uniform1-5000_Seed132_J100_M50,"[0.001856, 1.000000]",50,100,0.05,max_proc,lowest_lower_bound,PRUNE,all_to_shortest,greedy,5818,1174,2001,15.277437686920166,0.1667239601237538,False,4848.0,63,-1,4848.0
Uniform1-5000_Seed133_J100_M50,"[0.001201, 1.000000]",50,100,0.1,max_proc,lowest_lower_bound,NO_PROFILING,all_to_shortest,greedy,5422,48,48,0.3396668434143066,0.0787532275912947,True,4995.0,46,-1,4995.0
Uniform1-5000_Seed133_J100_M50,"[0.001201, 1.000000]",50,100,0.05,max_proc,lowest_lower_bound,PRUNE,all_to_shortest,greedy,5473,51,51,0.3855922222137451,0.0873378403069614,True,4995.0,49,-1,4995.0
Uniform1-5000_Seed134_J100_M50,"[0.015876, 1.000000]",50,100,0.1,max_proc,lowest_lower_bound,NO_PROFILING,all_to_shortest,greedy,5942,59,2001,17.996305465698242,0.1943789969707169,False,4787.0,60,-1,4787.0
Uniform1-5000_Seed134_J100_M50,"[0.015876, 1.000000]",50,100,0.05,max_proc,lowest_lower_bound,PRUNE,all_to_shortest,greedy,5377,448,448,3.3066246509552,0.1097266133531709,True,4914.0,74,-1,4787.0
Uniform1-5000_Seed135_J100_M50,"[0.014767, 0.999324]",50,100,0.1,max_proc,lowest_lower_bound,NO_PROFILING,all_to_shortest,greedy,5744,95,2001,16.053988695144653,0.1393906685236768,False,4943.34,64,-1,4943.34
Uniform1-5000_Seed135_J100_M50,"[0.014767, 0.999324]",50,100,0.05,max_proc,lowest_lower_bound,PRUNE,all_to_shortest,greedy,5841,1406,2001,14.868370294570925,0.1536825885978428,False,5026.0,64,-1,4943.34
Uniform1-5000_Seed136_J100_M50,"[0.021724, 0.988631]",50,100,0.1,max_proc,lowest_lower_bound,NO_PROFILING,all_to_shortest,greedy,5983,65,2001,18.15159392356873,0.1690590005014206,False,4971.52,66,-1,4971.52
Uniform1-5000_Seed136_J100_M50,"[0.021724, 0.988631]",50,100,0.05,max_proc,lowest_lower_bound,PRUNE,all_to_shortest,greedy,5907,581,2001,14.75131607055664,0.1583680379211104,False,4971.52,66,-1,4971.52
Uniform1-5000_Seed137_J100_M50,"[0.039546, 0.939255]",50,100,0.1,max_proc,lowest_lower_bound,NO_PROFILING,all_to_shortest,greedy,6523,1991,2001,17.879448175430298,0.1897838417905871,False,5285.04,56,-1,5285.04
Uniform1-5000_Seed137_J100_M50,"[0.039546, 0.939255]",50,100,0.05,max_proc,lowest_lower_bound,PRUNE,all_to_shortest,greedy,6079,425,2001,16.133731603622437,0.1306070077315348,False,5451.0,67,-1,5285.04
Uniform1-5000_Seed138_J100_M50,"[0.006926, 1.000000]",50,100,0.1,max_proc,lowest_lower_bound,NO_PROFILING,all_to_shortest,greedy,5298,61,61,0.4673995971679687,0.0734239335598339,True,4909.0,59,-1,4909.0
Uniform1-5000_Seed138_J100_M50,"[0.006926, 1.000000]",50,100,0.05,max_proc,lowest_lower_bound,PRUNE,all_to_shortest,greedy,5405,72,72,0.5757064819335938,0.0917668825161887,True,4918.0,59,-1,4909.0
Uniform1-5000_Seed139_J100_M50,"[0.005917, 0.965460]",50,100,0.1,max_proc,lowest_lower_bound,NO_PROFILING,all_to_shortest,greedy,6228,52,2001,15.440154552459717,0.1859152215799615,False,5070.12,50,-1,5070.12
Uniform1-5000_Seed139_J100_M50,"[0.005917, 0.965460]",50,100,0.05,max_proc,lowest_lower_bound,PRUNE,all_to_shortest,greedy,6009,145,2001,16.84620952606201,0.156245631552671,False,5411.0,67,-1,5070.12
Uniform1-5000_Seed140_J100_M50,"[0.000798, 0.983602]",50,100,0.1,max_proc,lowest_lower_bound,NO_PROFILING,all_to_shortest,greedy,5894,824,2001,16.393906831741333,0.1490939938920936,False,5015.24,66,-1,5015.24
Uniform1-5000_Seed140_J100_M50,"[0.000798, 0.983602]",50,100,0.05,max_proc,lowest_lower_bound,PRUNE,all_to_shortest,greedy,5762,1363,2001,16.83763551712036,0.1296008330440819,False,5095.0,67,-1,5015.24
Uniform1-5000_Seed141_J100_M50,"[0.009307, 0.989493]",50,100,0.1,max_proc,lowest_lower_bound,NO_PROFILING,all_to_shortest,greedy,6120,125,2001,17.256709098815918,0.1748267973856208,False,5050.06,50,-1,5050.06
Uniform1-5000_Seed141_J100_M50,"[0.009307, 0.989493]",50,100,0.05,max_proc,lowest_lower_bound,PRUNE,all_to_shortest,greedy,5690,74,74,0.6058580875396729,0.1124674868189806,True,5178.0,72,-1,5050.06
Uniform1-5000_Seed142_J100_M50,"[0.017955, 0.921687]",50,100,0.1,max_proc,lowest_lower_bound,NO_PROFILING,all_to_shortest,greedy,6642,1048,2001,15.944161415100098,0.1950135501355013,False,5346.72,50,-1,5346.72
Uniform1-5000_Seed142_J100_M50,"[0.017955, 0.921687]",50,100,0.05,max_proc,lowest_lower_bound,PRUNE,all_to_shortest,greedy,6136,139,139,1.176426887512207,0.1286310299869621,True,5736.0,66,-1,5346.72
Uniform1-5000_Seed143_J100_M50,"[0.017814, 1.000000]",50,100,0.1,max_proc,lowest_lower_bound,NO_PROFILING,all_to_shortest,greedy,5945,1233,2001,17.149362325668335,0.1596299411269974,False,4996.0,50,-1,4996.0
Uniform1-5000_Seed143_J100_M50,"[0.017814, 1.000000]",50,100,0.05,max_proc,lowest_lower_bound,PRUNE,all_to_shortest,greedy,5606,70,70,0.5655612945556641,0.1088119871566179,True,5139.0,68,-1,4996.0
Uniform1-5000_Seed144_J100_M50,"[0.001396, 0.990239]",50,100,0.1,max_proc,lowest_lower_bound,NO_PROFILING,all_to_shortest,greedy,6293,547,2001,17.15110421180725,0.2029302399491498,False,5015.96,50,-1,5015.96
Uniform1-5000_Seed144_J100_M50,"[0.001396, 0.990239]",50,100,0.05,max_proc,lowest_lower_bound,PRUNE,all_to_shortest,greedy,5827,65,65,0.5273830890655518,0.13918654539214,True,5335.0,63,-1,5015.96
Uniform1-5000_Seed145_J100_M50,"[0.003423, 1.000000]",50,100,0.1,max_proc,lowest_lower_bound,NO_PROFILING,all_to_shortest,greedy,6078,865,2001,15.04380202293396,0.1827903915761763,False,4967.0,53,-1,4967.0
Uniform1-5000_Seed145_J100_M50,"[0.003423, 1.000000]",50,100,0.05,max_proc,lowest_lower_bound,PRUNE,all_to_shortest,greedy,5468,99,99,0.7594082355499268,0.0916239941477688,True,5013.0,75,-1,4967.0
Uniform1-5000_Seed146_J100_M50,"[0.002411, 1.000000]",50,100,0.1,max_proc,lowest_lower_bound,NO_PROFILING,all_to_shortest,greedy,5950,1044,2001,15.441478967666626,0.1633613445378151,False,4978.0,50,-1,4978.0
Uniform1-5000_Seed146_J100_M50,"[0.002411, 1.000000]",50,100,0.05,max_proc,lowest_lower_bound,PRUNE,all_to_shortest,greedy,5687,65,65,0.5014033317565918,0.1246703006857745,True,5229.0,63,-1,4978.0
Uniform1-5000_Seed147_J100_M50,"[0.002209, 1.000000]",50,100,0.1,max_proc,lowest_lower_bound,NO_PROFILING,all_to_shortest,greedy,5252,53,53,0.3960239887237549,0.0519801980198019,True,4979.0,51,-1,4979.0
Uniform1-5000_Seed147_J100_M50,"[0.002209, 1.000000]",50,100,0.05,max_proc,lowest_lower_bound,PRUNE,all_to_shortest,greedy,5273,59,59,0.4642274379730224,0.0557557367722359,True,4979.0,57,-1,4979.0
Uniform1-5000_Seed148_J100_M50,"[0.003285, 0.934616]",50,100,0.1,max_proc,lowest_lower_bound,NO_PROFILING,all_to_shortest,greedy,6396,92,2001,18.1658935546875,0.1910068792995622,False,5174.32,57,-1,5174.32
Uniform1-5000_Seed148_J100_M50,"[0.003285, 0.934616]",50,100,0.05,max_proc,lowest_lower_bound,PRUNE,all_to_shortest,greedy,6214,440,2001,17.140767574310303,0.1673125201158674,False,5388.0,63,-1,5174.32
Uniform1-5000_Seed149_J100_M50,"[0.006578, 0.965215]",50,100,0.1,max_proc,lowest_lower_bound,NO_PROFILING,all_to_shortest,greedy,6281,1809,2001,17.3167245388031,0.2013214456296768,False,5016.5,52,-1,5016.5
Uniform1-5000_Seed149_J100_M50,"[0.006578, 0.965215]",50,100,0.05,max_proc,lowest_lower_bound,PRUNE,all_to_shortest,greedy,5822,530,2001,15.749688148498535,0.1383545173479903,False,5189.0,69,-1,5016.5
Uniform1-5000_Seed150_J100_M50,"[0.005236, 1.000000]",50,100,0.1,max_proc,lowest_lower_bound,NO_PROFILING,all_to_shortest,greedy,5344,50,50,0.3795351982116699,0.0707335329341317,True,4966.0,48,-1,4966.0
Uniform1-5000_Seed150_J100_M50,"[0.005236, 1.000000]",50,100,0.05,max_proc,lowest_lower_bound,PRUNE,all_to_shortest,greedy,5400,42,42,0.3181381225585937,0.0803703703703703,True,4966.0,40,-1,4966.0
Uniform1-5000_Seed151_J100_M50,"[0.011145, 0.928048]",50,100,0.1,max_proc,lowest_lower_bound,NO_PROFILING,all_to_shortest,greedy,6821,47,2001,17.334720373153687,0.2107696818648292,False,5383.34,50,-1,5383.34
Uniform1-5000_Seed151_J100_M50,"[0.011145, 0.928048]",50,100,0.05,max_proc,lowest_lower_bound,PRUNE,all_to_shortest,greedy,6222,77,77,0.6431035995483398,0.134789456766313,True,5785.0,65,-1,5383.34
Uniform1-5000_Seed152_J100_M50,"[0.014572, 0.956937]",50,100,0.1,max_proc,lowest_lower_bound,NO_PROFILING,all_to_shortest,greedy,6571,249,2001,15.287197828292848,0.2062699741287474,False,5215.6,50,-1,5215.6
Uniform1-5000_Seed152_J100_M50,"[0.014572, 0.956937]",50,100,0.05,max_proc,lowest_lower_bound,PRUNE,all_to_shortest,greedy,6326,558,558,4.892271757125855,0.1755295605437875,True,5852.0,60,-1,5215.6
Uniform1-5000_Seed153_J100_M50,"[0.003618, 1.000000]",50,100,0.1,max_proc,lowest_lower_bound,NO_PROFILING,all_to_shortest,greedy,5391,72,72,0.5489873886108398,0.0771656464477833,True,4975.0,70,-1,4975.0
Uniform1-5000_Seed153_J100_M50,"[0.003618, 1.000000]",50,100,0.05,max_proc,lowest_lower_bound,PRUNE,all_to_shortest,greedy,5431,82,82,0.6530134677886963,0.0839624378567483,True,4975.0,73,-1,4975.0
Uniform1-5000_Seed154_J100_M50,"[0.003824, 1.000000]",50,100,0.1,max_proc,lowest_lower_bound,NO_PROFILING,all_to_shortest,greedy,5718,1430,2001,15.294251203536987,0.1311647429171039,False,4968.0,63,-1,4968.0
Uniform1-5000_Seed154_J100_M50,"[0.003824, 1.000000]",50,100,0.05,max_proc,lowest_lower_bound,PRUNE,all_to_shortest,greedy,5573,1192,1192,8.70588731765747,0.1085591243495424,True,5080.0,67,-1,4968.0
Uniform1-5000_Seed155_J100_M50,"[0.000832, 1.000000]",50,100,0.1,max_proc,lowest_lower_bound,NO_PROFILING,all_to_shortest,greedy,6068,1388,2001,15.82993197441101,0.2081410678971654,False,4805.0,50,-1,4805.0
Uniform1-5000_Seed155_J100_M50,"[0.000832, 1.000000]",50,100,0.05,max_proc,lowest_lower_bound,PRUNE,all_to_shortest,greedy,5453,75,75,0.6065599918365479,0.1188336695397029,True,5014.0,63,-1,4805.0
Uniform1-5000_Seed156_J100_M50,"[0.015306, 1.000000]",50,100,0.1,max_proc,lowest_lower_bound,NO_PROFILING,all_to_shortest,greedy,5191,71,71,0.5357725620269775,0.0560585628973222,True,4900.0,69,-1,4900.0
Uniform1-5000_Seed156_J100_M50,"[0.015306, 1.000000]",50,100,0.05,max_proc,lowest_lower_bound,PRUNE,all_to_shortest,greedy,5313,72,72,0.5903699398040771,0.077733860342556,True,4900.0,70,-1,4900.0
Uniform1-5000_Seed157_J100_M50,"[0.009912, 0.981321]",50,100,0.1,max_proc,lowest_lower_bound,NO_PROFILING,all_to_shortest,greedy,6520,1425,2001,16.788355350494385,0.2263466257668711,False,5044.22,50,-1,5044.22
Uniform1-5000_Seed157_J100_M50,"[0.009912, 0.981321]",50,100,0.05,max_proc,lowest_lower_bound,PRUNE,all_to_shortest,greedy,5875,69,69,0.5519700050354004,0.1414093617021276,True,5449.0,63,-1,5044.22
Uniform1-5000_Seed158_J100_M50,"[0.005722, 0.984396]",50,100,0.1,max_proc,lowest_lower_bound,NO_PROFILING,all_to_shortest,greedy,6010,402,2001,17.52523970603943,0.1567254575707155,False,5068.08,65,-1,5068.08
Uniform1-5000_Seed158_J100_M50,"[0.005722, 0.984396]",50,100,0.05,max_proc,lowest_lower_bound,PRUNE,all_to_shortest,greedy,5957,1705,2001,16.813159704208374,0.1492227631358066,False,5090.0,65,-1,5068.08
Uniform1-5000_Seed159_J100_M50,"[0.002406, 1.000000]",50,100,0.1,max_proc,lowest_lower_bound,NO_PROFILING,all_to_shortest,greedy,5268,23,23,0.17698335647583,0.05334092634776,True,4987.0,21,-1,4987.0
Uniform1-5000_Seed159_J100_M50,"[0.002406, 1.000000]",50,100,0.05,max_proc,lowest_lower_bound,PRUNE,all_to_shortest,greedy,5470,22,22,0.1815690994262695,0.0882998171846435,True,4987.0,20,-1,4987.0
Uniform1-5000_Seed160_J100_M50,"[0.045403, 0.871381]",50,100,0.1,max_proc,lowest_lower_bound,NO_PROFILING,all_to_shortest,greedy,7212,933,2001,17.028290510177612,0.2059706045479756,False,5726.54,50,-1,5726.54
Uniform1-5000_Seed160_J100_M50,"[0.045403, 0.871381]",50,100,0.05,max_proc,lowest_lower_bound,PRUNE,all_to_shortest,greedy,6935,57,57,0.4774763584136963,0.174255227108868,True,6310.0,54,-1,5726.54
Uniform1-5000_Seed161_J100_M50,"[0.006816, 1.000000]",50,100,0.1,max_proc,lowest_lower_bound,NO_PROFILING,all_to_shortest,greedy,5514,106,2001,15.241585969924929,0.0953935437069278,False,4988.0,64,-1,4988.0
Uniform1-5000_Seed161_J100_M50,"[0.006816, 1.000000]",50,100,0.05,max_proc,lowest_lower_bound,PRUNE,all_to_shortest,greedy,5566,309,2001,15.012653350830078,0.1038447718289615,False,4988.0,64,-1,4988.0
Uniform1-5000_Seed162_J100_M50,"[0.013510, 0.935034]",50,100,0.1,max_proc,lowest_lower_bound,NO_PROFILING,all_to_shortest,greedy,6934,1534,2001,17.812286615371704,0.2314364003461205,False,5329.22,50,-1,5329.22
Uniform1-5000_Seed162_J100_M50,"[0.013510, 0.935034]",50,100,0.05,max_proc,lowest_lower_bound,PRUNE,all_to_shortest,greedy,6262,76,76,0.5922145843505859,0.148958799105717,True,5732.0,59,-1,5329.22
Uniform1-5000_Seed163_J100_M50,"[0.012940, 0.910412]",50,100,0.1,max_proc,lowest_lower_bound,NO_PROFILING,all_to_shortest,greedy,7128,1160,2001,20.10893511772156,0.2410718294051627,False,5409.64,50,-1,5409.64
Uniform1-5000_Seed163_J100_M50,"[0.012940, 0.910412]",50,100,0.05,max_proc,lowest_lower_bound,PRUNE,all_to_shortest,greedy,6563,77,77,0.6891272068023682,0.175736705774798,True,6030.0,56,-1,5409.64
Uniform1-5000_Seed164_J100_M50,"[0.018376, 0.925293]",50,100,0.1,max_proc,lowest_lower_bound,NO_PROFILING,all_to_shortest,greedy,6315,330,2001,16.707662343978882,0.1468756927949327,False,5387.48,66,-1,5387.48
Uniform1-5000_Seed164_J100_M50,"[0.018376, 0.925293]",50,100,0.05,max_proc,lowest_lower_bound,PRUNE,all_to_shortest,greedy,6322,1141,2001,17.698683977127075,0.147820310028472,False,5387.48,66,-1,5387.48
Uniform1-5000_Seed165_J100_M50,"[0.004860, 0.959168]",50,100,0.1,max_proc,lowest_lower_bound,NO_PROFILING,all_to_shortest,greedy,6499,1444,2001,15.910287380218506,0.2084874596091706,False,5144.04,50,-1,5144.04
Uniform1-5000_Seed165_J100_M50,"[0.004860, 0.959168]",50,100,0.05,max_proc,lowest_lower_bound,PRUNE,all_to_shortest,greedy,6138,79,79,0.6179094314575195,0.1619354838709677,True,5689.0,56,-1,5144.04
Uniform1-5000_Seed166_J100_M50,"[0.001189, 0.975018]",50,100,0.1,max_proc,lowest_lower_bound,NO_PROFILING,all_to_shortest,greedy,6101,230,2001,16.292380809783936,0.1729126372725782,False,5046.06,50,-1,5046.06
Uniform1-5000_Seed166_J100_M50,"[0.001189, 0.975018]",50,100,0.05,max_proc,lowest_lower_bound,PRUNE,all_to_shortest,greedy,6123,549,1738,15.118677139282228,0.1758843704066633,True,5561.0,59,-1,5046.06
Uniform1-5000_Seed167_J100_M50,"[0.008047, 1.000000]",50,100,0.1,max_proc,lowest_lower_bound,NO_PROFILING,all_to_shortest,greedy,5388,62,62,0.4558742046356201,0.0773942093541202,True,4971.0,60,-1,4971.0
Uniform1-5000_Seed167_J100_M50,"[0.008047, 1.000000]",50,100,0.05,max_proc,lowest_lower_bound,PRUNE,all_to_shortest,greedy,5417,68,68,0.5443964004516602,0.0823333948680081,True,4971.0,66,-1,4971.0
Uniform1-5000_Seed168_J100_M50,"[0.008795, 0.926142]",50,100,0.1,max_proc,lowest_lower_bound,NO_PROFILING,all_to_shortest,greedy,6747,354,2001,20.463138580322266,0.2247962057210611,False,5230.3,50,-1,5230.3
Uniform1-5000_Seed168_J100_M50,"[0.008795, 0.926142]",50,100,0.05,max_proc,lowest_lower_bound,PRUNE,all_to_shortest,greedy,5958,66,66,0.5597884654998779,0.1221383014434373,True,5611.0,64,-1,5230.3
Uniform1-5000_Seed169_J100_M50,"[0.000402, 1.000000]",50,100,0.1,max_proc,lowest_lower_bound,NO_PROFILING,all_to_shortest,greedy,5344,66,66,0.4994282722473144,0.0692365269461077,True,4974.0,64,-1,4974.0
Uniform1-5000_Seed169_J100_M50,"[0.000402, 1.000000]",50,100,0.05,max_proc,lowest_lower_bound,PRUNE,all_to_shortest,greedy,5425,65,65,0.5256240367889404,0.0831336405529954,True,4974.0,63,-1,4974.0
Uniform1-5000_Seed170_J100_M50,"[0.001394, 0.989160]",50,100,0.1,max_proc,lowest_lower_bound,NO_PROFILING,all_to_shortest,greedy,6466,1114,2001,17.2917799949646,0.2235663470460872,False,5020.42,50,-1,5020.42
Uniform1-5000_Seed170_J100_M50,"[0.001394, 0.989160]",50,100,0.05,max_proc,lowest_lower_bound,PRUNE,all_to_shortest,greedy,5786,218,218,1.7351720333099363,0.1323159350155547,True,5344.0,66,-1,5020.42
Uniform1-5000_Seed171_J100_M50,"[0.010821, 0.911922]",50,100,0.1,max_proc,lowest_lower_bound,NO_PROFILING,all_to_shortest,greedy,6996,220,2001,18.388258695602417,0.2206660949113779,False,5452.22,50,-1,5452.22
Uniform1-5000_Seed171_J100_M50,"[0.010821, 0.911922]",50,100,0.05,max_proc,lowest_lower_bound,PRUNE,all_to_shortest,greedy,6708,60,60,0.4896607398986816,0.1872063208109719,True,6097.0,54,-1,5452.22
Uniform1-5000_Seed172_J100_M50,"[0.014518, 0.922152]",50,100,0.1,max_proc,lowest_lower_bound,NO_PROFILING,all_to_shortest,greedy,6627,992,2001,18.391637325286865,0.19965293496303,False,5303.9,50,-1,5303.9
Uniform1-5000_Seed172_J100_M50,"[0.014518, 0.922152]",50,100,0.05,max_proc,lowest_lower_bound,PRUNE,all_to_shortest,greedy,6190,879,1058,8.969805240631104,0.1431502423263328,True,5618.0,70,-1,5303.9
Uniform1-5000_Seed173_J100_M50,"[0.016238, 1.000000]",50,100,0.1,max_proc,lowest_lower_bound,NO_PROFILING,all_to_shortest,greedy,5321,69,69,0.5799412727355957,0.085698177034392,True,4865.0,67,-1,4865.0
Uniform1-5000_Seed173_J100_M50,"[0.016238, 1.000000]",50,100,0.05,max_proc,lowest_lower_bound,PRUNE,all_to_shortest,greedy,5318,76,76,0.6133830547332764,0.08518239939827,True,4865.0,74,-1,4865.0
Uniform1-5000_Seed174_J100_M50,"[0.001427, 0.969229]",50,100,0.1,max_proc,lowest_lower_bound,NO_PROFILING,all_to_shortest,greedy,6019,604,2001,16.397897243499756,0.1852633327795315,False,4903.9,50,-1,4903.9
Uniform1-5000_Seed174_J100_M50,"[0.001427, 0.969229]",50,100,0.05,max_proc,lowest_lower_bound,PRUNE,all_to_shortest,greedy,5753,619,1940,15.209980487823486,0.1475925604032679,True,5219.0,66,-1,4903.9
Uniform1-5000_Seed175_J100_M50,"[0.014635, 0.971296]",50,100,0.1,max_proc,lowest_lower_bound,NO_PROFILING,all_to_shortest,greedy,6379,908,2001,17.704347610473633,0.2180310393478601,False,4988.18,50,-1,4988.18
Uniform1-5000_Seed175_J100_M50,"[0.014635, 0.971296]",50,100,0.05,max_proc,lowest_lower_bound,PRUNE,all_to_shortest,greedy,5900,59,59,0.483330488204956,0.1545457627118643,True,5401.0,55,-1,4988.18
Uniform1-5000_Seed176_J100_M50,"[0.010084, 1.000000]",50,100,0.1,max_proc,lowest_lower_bound,NO_PROFILING,all_to_shortest,greedy,5861,489,2001,16.322733879089355,0.1709605869305579,False,4859.0,54,-1,4859.0
Uniform1-5000_Seed176_J100_M50,"[0.010084, 1.000000]",50,100,0.05,max_proc,lowest_lower_bound,PRUNE,all_to_shortest,greedy,5836,110,2001,17.461631536483765,0.1674091843728581,False,5204.0,61,-1,4859.0
Uniform1-5000_Seed177_J100_M50,"[0.004031, 1.000000]",50,100,0.1,max_proc,lowest_lower_bound,NO_PROFILING,all_to_shortest,greedy,6385,921,2001,16.475082397460938,0.222866092404072,False,4962.0,50,-1,4962.0
Uniform1-5000_Seed177_J100_M50,"[0.004031, 1.000000]",50,100,0.05,max_proc,lowest_lower_bound,PRUNE,all_to_shortest,greedy,5661,106,106,0.7899689674377441,0.1234764175940646,True,5277.0,65,-1,4962.0
Uniform1-5000_Seed178_J100_M50,"[0.016140, 0.885899]",50,100,0.1,max_proc,lowest_lower_bound,NO_PROFILING,all_to_shortest,greedy,7218,1158,2001,16.87964153289795,0.2188500969797727,False,5638.34,50,-1,5638.34
Uniform1-5000_Seed178_J100_M50,"[0.016140, 0.885899]",50,100,0.05,max_proc,lowest_lower_bound,PRUNE,all_to_shortest,greedy,6634,71,71,0.5817379951477051,0.1500844136267711,True,6215.0,60,-1,5638.34
Uniform1-5000_Seed179_J100_M50,"[0.004862, 1.000000]",50,100,0.1,max_proc,lowest_lower_bound,NO_PROFILING,all_to_shortest,greedy,5929,1746,2001,15.933540105819702,0.1674818687805701,False,4936.0,50,-1,4936.0
Uniform1-5000_Seed179_J100_M50,"[0.004862, 1.000000]",50,100,0.05,max_proc,lowest_lower_bound,PRUNE,all_to_shortest,greedy,5596,79,79,0.6202452182769775,0.1179413867047891,True,5167.0,64,-1,4936.0
Uniform1-5000_Seed180_J100_M50,"[0.006690, 0.926690]",50,100,0.1,max_proc,lowest_lower_bound,NO_PROFILING,all_to_shortest,greedy,6752,798,2001,15.334659576416016,0.202973933649289,False,5381.52,50,-1,5381.52
Uniform1-5000_Seed180_J100_M50,"[0.006690, 0.926690]",50,100,0.05,max_proc,lowest_lower_bound,PRUNE,all_to_shortest,greedy,6311,104,104,0.8095109462738037,0.1472793535097448,True,5803.0,60,-1,5381.52
Uniform1-5000_Seed181_J100_M50,"[0.003812, 1.000000]",50,100,0.1,max_proc,lowest_lower_bound,NO_PROFILING,all_to_shortest,greedy,5447,58,58,0.43105149269104,0.0850009179364787,True,4984.0,56,-1,4984.0
Uniform1-5000_Seed181_J100_M50,"[0.003812, 1.000000]",50,100,0.05,max_proc,lowest_lower_bound,PRUNE,all_to_shortest,greedy,5485,69,69,0.5434670448303223,0.0913400182315405,True,4984.0,67,-1,4984.0
Uniform1-5000_Seed182_J100_M50,"[0.036298, 1.000000]",50,100,0.1,max_proc,lowest_lower_bound,NO_PROFILING,all_to_shortest,greedy,5706,924,2001,16.111989498138428,0.1309148264984227,False,4959.0,62,-1,4959.0
Uniform1-5000_Seed182_J100_M50,"[0.036298, 1.000000]",50,100,0.05,max_proc,lowest_lower_bound,PRUNE,all_to_shortest,greedy,5708,299,2001,14.057363271713257,0.1312193412754029,False,4959.0,62,-1,4959.0
Uniform1-5000_Seed183_J100_M50,"[0.003699, 1.000000]",50,100,0.1,max_proc,lowest_lower_bound,NO_PROFILING,all_to_shortest,greedy,5272,44,44,0.3128464221954345,0.0770106221547799,True,4866.0,42,-1,4866.0
Uniform1-5000_Seed183_J100_M50,"[0.003699, 1.000000]",50,100,0.05,max_proc,lowest_lower_bound,PRUNE,all_to_shortest,greedy,5340,46,46,0.3520500659942627,0.0887640449438202,True,4866.0,44,-1,4866.0
Uniform1-5000_Seed184_J100_M50,"[0.028514, 0.942840]",50,100,0.1,max_proc,lowest_lower_bound,NO_PROFILING,all_to_shortest,greedy,6664,490,2001,16.782487392425537,0.2053271308523409,False,5295.7,50,-1,5295.7
Uniform1-5000_Seed184_J100_M50,"[0.028514, 0.942840]",50,100,0.05,max_proc,lowest_lower_bound,PRUNE,all_to_shortest,greedy,6164,68,68,0.5684356689453125,0.1408663205710577,True,5722.0,64,-1,5295.7
Uniform1-5000_Seed185_J100_M50,"[0.000603, 0.994834]",50,100,0.1,max_proc,lowest_lower_bound,NO_PROFILING,all_to_shortest,greedy,6193,608,2001,17.133447408676147,0.1960729856289358,False,4978.72,53,-1,4978.72
Uniform1-5000_Seed185_J100_M50,"[0.000603, 0.994834]",50,100,0.05,max_proc,lowest_lower_bound,PRUNE,all_to_shortest,greedy,5571,757,757,5.562622308731079,0.1063148447316459,True,5071.0,73,-1,4978.72
Uniform1-5000_Seed186_J100_M50,"[0.009021, 0.979177]",50,100,0.1,max_proc,lowest_lower_bound,NO_PROFILING,all_to_shortest,greedy,6300,144,2001,17.490787029266357,0.1906063492063491,False,5099.18,50,-1,5099.18
Uniform1-5000_Seed186_J100_M50,"[0.009021, 0.979177]",50,100,0.05,max_proc,lowest_lower_bound,PRUNE,all_to_shortest,greedy,5820,120,120,0.9931082725524902,0.1238522336769759,True,5279.0,77,-1,5099.18
Uniform1-5000_Seed187_J100_M50,"[0.002990, 0.933965]",50,100,0.1,max_proc,lowest_lower_bound,NO_PROFILING,all_to_shortest,greedy,6864,1965,2001,18.253750324249268,0.2203700466200466,False,5351.38,50,-1,5351.38
Uniform1-5000_Seed187_J100_M50,"[0.002990, 0.933965]",50,100,0.05,max_proc,lowest_lower_bound,PRUNE,all_to_shortest,greedy,6178,96,96,0.7780578136444092,0.133800582712852,True,5626.0,66,-1,5351.38
Uniform1-5000_Seed188_J100_M50,"[0.009627, 1.000000]",50,100,0.1,max_proc,lowest_lower_bound,NO_PROFILING,all_to_shortest,greedy,5368,44,44,0.3092458248138428,0.0711624441132637,True,4986.0,42,-1,4986.0
Uniform1-5000_Seed188_J100_M50,"[0.009627, 1.000000]",50,100,0.05,max_proc,lowest_lower_bound,PRUNE,all_to_shortest,greedy,5246,52,52,0.3893468379974365,0.0495615707205489,True,4986.0,50,-1,4986.0
Uniform1-5000_Seed189_J100_M50,"[0.008226, 1.000000]",50,100,0.1,max_proc,lowest_lower_bound,NO_PROFILING,all_to_shortest,greedy,5246,58,58,0.4191477298736572,0.0499428135722455,True,4984.0,56,-1,4984.0
Uniform1-5000_Seed189_J100_M50,"[0.008226, 1.000000]",50,100,0.05,max_proc,lowest_lower_bound,PRUNE,all_to_shortest,greedy,5377,58,58,0.4465188980102539,0.0730890831318579,True,4984.0,56,-1,4984.0
Uniform1-5000_Seed190_J100_M50,"[0.024632, 1.000000]",50,100,0.1,max_proc,lowest_lower_bound,NO_PROFILING,all_to_shortest,greedy,5204,67,67,0.4972319602966308,0.0482321291314373,True,4953.0,65,-1,4953.0
Uniform1-5000_Seed190_J100_M50,"[0.024632, 1.000000]",50,100,0.05,max_proc,lowest_lower_bound,PRUNE,all_to_shortest,greedy,5436,70,70,0.5439338684082031,0.0888520971302428,True,4953.0,68,-1,4953.0
Uniform1-5000_Seed191_J100_M50,"[0.000782, 0.973826]",50,100,0.1,max_proc,lowest_lower_bound,NO_PROFILING,all_to_shortest,greedy,6626,1582,2001,18.1425359249115,0.2275943253848475,False,5117.96,50,-1,5117.96
Uniform1-5000_Seed191_J100_M50,"[0.000782, 0.973826]",50,100,0.05,max_proc,lowest_lower_bound,PRUNE,all_to_shortest,greedy,6059,64,64,0.5415210723876953,0.1553127578808384,True,5530.0,60,-1,5117.96
Uniform1-5000_Seed192_J100_M50,"[0.011240, 0.938094]",50,100,0.1,max_proc,lowest_lower_bound,NO_PROFILING,all_to_shortest,greedy,6550,154,2001,16.188563585281372,0.1986351145038168,False,5248.94,50,-1,5248.94
Uniform1-5000_Seed192_J100_M50,"[0.011240, 0.938094]",50,100,0.05,max_proc,lowest_lower_bound,PRUNE,all_to_shortest,greedy,6267,1682,2001,18.44884490966797,0.1624477421413755,False,5632.0,66,-1,5248.94
Uniform1-5000_Seed193_J100_M50,"[0.002174, 0.986945]",50,100,0.1,max_proc,lowest_lower_bound,NO_PROFILING,all_to_shortest,greedy,6231,1513,2001,16.09060835838318,0.1879216819130155,False,5060.06,50,-1,5060.06
Uniform1-5000_Seed193_J100_M50,"[0.002174, 0.986945]",50,100,0.05,max_proc,lowest_lower_bound,PRUNE,all_to_shortest,greedy,5618,83,83,0.6552553176879883,0.0993129227483089,True,5145.0,69,-1,5060.06
Uniform1-5000_Seed194_J100_M50,"[0.001156, 0.952656]",50,100,0.1,max_proc,lowest_lower_bound,NO_PROFILING,all_to_shortest,greedy,6405,1907,2001,19.468868732452396,0.1897423887587822,False,5189.7,62,-1,5189.7
Uniform1-5000_Seed194_J100_M50,"[0.001156, 0.952656]",50,100,0.05,max_proc,lowest_lower_bound,PRUNE,all_to_shortest,greedy,5944,1895,2001,17.66118049621582,0.1269010767160162,False,5321.0,64,-1,5189.7
Uniform1-5000_Seed195_J100_M50,"[0.011865, 0.968032]",50,100,0.1,max_proc,lowest_lower_bound,NO_PROFILING,all_to_shortest,greedy,6710,527,2001,18.86119532585144,0.2337764530551416,False,5141.36,50,-1,5141.36
Uniform1-5000_Seed195_J100_M50,"[0.011865, 0.968032]",50,100,0.05,max_proc,lowest_lower_bound,PRUNE,all_to_shortest,greedy,6096,69,69,0.5712063312530518,0.1566010498687664,True,5544.0,61,-1,5141.36
Uniform1-5000_Seed196_J100_M50,"[0.011014, 0.891389]",50,100,0.1,max_proc,lowest_lower_bound,NO_PROFILING,all_to_shortest,greedy,7068,1967,2001,16.692529916763306,0.2292473118279569,False,5447.68,50,-1,5447.68
Uniform1-5000_Seed196_J100_M50,"[0.011014, 0.891389]",50,100,0.05,max_proc,lowest_lower_bound,PRUNE,all_to_shortest,greedy,6417,114,114,1.0116255283355713,0.1510550101293439,True,5871.0,60,-1,5447.68
Uniform1-5000_Seed197_J100_M50,"[0.016460, 0.944089]",50,100,0.1,max_proc,lowest_lower_bound,NO_PROFILING,all_to_shortest,greedy,6476,1367,2001,15.882905721664429,0.1838295243977763,False,5285.52,50,-1,5285.52
Uniform1-5000_Seed197_J100_M50,"[0.016460, 0.944089]",50,100,0.05,max_proc,lowest_lower_bound,PRUNE,all_to_shortest,greedy,6014,99,99,0.7670001983642578,0.1211306950448951,True,5504.0,71,-1,5285.52
Uniform1-5000_Seed198_J100_M50,"[0.010081, 0.943733]",50,100,0.1,max_proc,lowest_lower_bound,NO_PROFILING,all_to_shortest,greedy,6530,981,2001,17.483869314193726,0.2100704441041348,False,5158.24,50,-1,5158.24
Uniform1-5000_Seed198_J100_M50,"[0.010081, 0.943733]",50,100,0.05,max_proc,lowest_lower_bound,PRUNE,all_to_shortest,greedy,5889,294,294,2.300819158554077,0.1240889794532179,True,5530.0,65,-1,5158.24
Uniform1-5000_Seed199_J100_M50,"[0.001219, 1.000000]",50,100,0.1,max_proc,lowest_lower_bound,NO_PROFILING,all_to_shortest,greedy,5661,58,2001,15.546502828598022,0.1305423070128952,False,4922.0,67,-1,4922.0
Uniform1-5000_Seed199_J100_M50,"[0.001219, 1.000000]",50,100,0.05,max_proc,lowest_lower_bound,PRUNE,all_to_shortest,greedy,5655,813,2001,14.25387716293335,0.1296198054818744,False,4922.0,67,-1,4922.0
Uniform1-5000_Seed200_J100_M50,"[0.027683, 1.000000]",50,100,0.1,max_proc,lowest_lower_bound,NO_PROFILING,all_to_shortest,greedy,5399,59,59,0.4728822708129883,0.0766808668271902,True,4985.0,57,-1,4985.0
Uniform1-5000_Seed200_J100_M50,"[0.027683, 1.000000]",50,100,0.05,max_proc,lowest_lower_bound,PRUNE,all_to_shortest,greedy,5398,81,81,0.6679692268371582,0.0765098184512782,True,4985.0,79,-1,4985.0
Uniform1-5000_Seed101_J150_M75,"[0.007778, 0.940891]",75,150,0.1,max_proc,lowest_lower_bound,NO_PROFILING,all_to_shortest,greedy,6479,1282,2001,52.69857358932495,0.1863559191233214,False,5271.6,90,-1,5271.6
Uniform1-5000_Seed101_J150_M75,"[0.007778, 0.940891]",75,150,0.05,max_proc,lowest_lower_bound,PRUNE,all_to_shortest,greedy,6445,137,2001,49.39203119277954,0.1820636152055856,False,5337.0,88,-1,5271.6
Uniform1-5000_Seed102_J150_M75,"[0.015013, 0.970213]",75,150,0.1,max_proc,lowest_lower_bound,NO_PROFILING,all_to_shortest,greedy,6545,533,2001,51.24651288986206,0.2163829895594601,False,5128.7733333333335,75,-1,5128.7733333333335
Uniform1-5000_Seed102_J150_M75,"[0.015013, 0.970213]",75,150,0.05,max_proc,lowest_lower_bound,PRUNE,all_to_shortest,greedy,5962,145,145,3.2754037380218506,0.1397562339259755,True,5428.0,102,-1,5128.7733333333335
Uniform1-5000_Seed103_J150_M75,"[0.002206, 1.000000]",75,150,0.1,max_proc,lowest_lower_bound,NO_PROFILING,all_to_shortest,greedy,5446,78,78,1.605595350265503,0.0842820418655894,True,4987.0,76,-1,4987.0
Uniform1-5000_Seed103_J150_M75,"[0.002206, 1.000000]",75,150,0.05,max_proc,lowest_lower_bound,PRUNE,all_to_shortest,greedy,5485,84,84,1.7728452682495115,0.0907930720145852,True,4987.0,82,-1,4987.0
Uniform1-5000_Seed104_J150_M75,"[0.009577, 0.963906]",75,150,0.1,max_proc,lowest_lower_bound,NO_PROFILING,all_to_shortest,greedy,6668,474,2001,47.97848296165466,0.2326514697060587,False,5116.68,75,-1,5116.68
Uniform1-5000_Seed104_J150_M75,"[0.009577, 0.963906]",75,150,0.05,max_proc,lowest_lower_bound,PRUNE,all_to_shortest,greedy,5864,186,186,4.334960222244263,0.1274420190995907,True,5508.0,95,-1,5116.68
Uniform1-5000_Seed105_J150_M75,"[0.000200, 1.000000]",75,150,0.1,max_proc,lowest_lower_bound,NO_PROFILING,all_to_shortest,greedy,5477,85,85,1.7339398860931396,0.0870914734343618,True,5000.0,83,-1,5000.0
Uniform1-5000_Seed105_J150_M75,"[0.000200, 1.000000]",75,150,0.05,max_proc,lowest_lower_bound,PRUNE,all_to_shortest,greedy,5420,111,111,2.5153908729553223,0.077490774907749,True,5000.0,109,-1,5000.0
Uniform1-5000_Seed106_J150_M75,"[0.001187, 0.982000]",75,150,0.1,max_proc,lowest_lower_bound,NO_PROFILING,all_to_shortest,greedy,6013,82,2001,45.32398462295532,0.1594922113199179,False,5053.973333333333,97,-1,5053.973333333333
Uniform1-5000_Seed106_J150_M75,"[0.001187, 0.982000]",75,150,0.05,max_proc,lowest_lower_bound,PRUNE,all_to_shortest,greedy,6005,160,2001,49.67486310005188,0.1583724673882875,False,5053.973333333333,95,-1,5053.973333333333
Uniform1-5000_Seed107_J150_M75,"[0.000979, 0.957983]",75,150,0.1,max_proc,lowest_lower_bound,NO_PROFILING,all_to_shortest,greedy,6526,795,2001,44.36981272697449,0.2176647257125344,False,5105.52,75,-1,5105.52
Uniform1-5000_Seed107_J150_M75,"[0.000979, 0.957983]",75,150,0.05,max_proc,lowest_lower_bound,PRUNE,all_to_shortest,greedy,5685,144,144,3.211353302001953,0.1019313984168864,True,5314.0,109,-1,5105.52
Uniform1-5000_Seed108_J150_M75,"[0.017069, 0.955070]",75,150,0.1,max_proc,lowest_lower_bound,NO_PROFILING,all_to_shortest,greedy,6270,1903,2001,48.132559299468994,0.1683763955342903,False,5214.28,90,-1,5214.28
Uniform1-5000_Seed108_J150_M75,"[0.017069, 0.955070]",75,150,0.05,max_proc,lowest_lower_bound,PRUNE,all_to_shortest,greedy,6403,1947,2001,50.98903751373291,0.185650476339216,False,5279.0,93,-1,5214.28
Uniform1-5000_Seed109_J150_M75,"[0.007884, 0.943214]",75,150,0.1,max_proc,lowest_lower_bound,NO_PROFILING,all_to_shortest,greedy,6585,902,2001,43.66940975189209,0.2102799291318653,False,5200.306666666666,75,-1,5200.306666666666
Uniform1-5000_Seed109_J150_M75,"[0.007884, 0.943214]",75,150,0.05,max_proc,lowest_lower_bound,PRUNE,all_to_shortest,greedy,6412,90,90,2.0355117321014404,0.1889727594094406,True,5837.0,85,-1,5200.306666666666
Uniform1-5000_Seed110_J150_M75,"[0.022803, 0.965250]",75,150,0.1,max_proc,lowest_lower_bound,NO_PROFILING,all_to_shortest,greedy,6203,1477,2001,48.262229204177856,0.1657542049545918,False,5174.826666666667,96,-1,5174.826666666667
Uniform1-5000_Seed110_J150_M75,"[0.022803, 0.965250]",75,150,0.05,max_proc,lowest_lower_bound,PRUNE,all_to_shortest,greedy,6135,1686,2001,51.83741855621338,0.1565074707959793,False,5174.826666666667,96,-1,5174.826666666667
Uniform1-5000_Seed111_J150_M75,"[0.015344, 1.000000]",75,150,0.1,max_proc,lowest_lower_bound,NO_PROFILING,all_to_shortest,greedy,5403,105,105,2.269095659255981,0.0832870627429206,True,4953.0,103,-1,4953.0
Uniform1-5000_Seed111_J150_M75,"[0.015344, 1.000000]",75,150,0.05,max_proc,lowest_lower_bound,PRUNE,all_to_shortest,greedy,5425,252,252,5.567441701889038,0.0870046082949308,True,4953.0,109,-1,4953.0
Uniform1-5000_Seed112_J150_M75,"[0.010263, 0.983856]",75,150,0.1,max_proc,lowest_lower_bound,NO_PROFILING,all_to_shortest,greedy,6475,1868,2001,47.39604163169861,0.2174826254826254,False,5066.8,75,-1,5066.8
Uniform1-5000_Seed112_J150_M75,"[0.010263, 0.983856]",75,150,0.05,max_proc,lowest_lower_bound,PRUNE,all_to_shortest,greedy,5778,174,174,4.1772284507751465,0.1230875735548632,True,5362.0,104,-1,5066.8
Uniform1-5000_Seed113_J150_M75,"[0.002181, 0.991431]",75,150,0.1,max_proc,lowest_lower_bound,NO_PROFILING,all_to_shortest,greedy,6574,143,2001,46.29281949996948,0.232854680052733,False,5043.213333333333,75,-1,5043.213333333333
Uniform1-5000_Seed113_J150_M75,"[0.002181, 0.991431]",75,150,0.05,max_proc,lowest_lower_bound,PRUNE,all_to_shortest,greedy,5933,101,101,2.2425341606140137,0.1499724703635036,True,5452.0,99,-1,5043.213333333333
Uniform1-5000_Seed114_J150_M75,"[0.007204, 1.000000]",75,150,0.1,max_proc,lowest_lower_bound,NO_PROFILING,all_to_shortest,greedy,5491,79,79,1.583085060119629,0.0899653979238754,True,4997.0,77,-1,4997.0
Uniform1-5000_Seed114_J150_M75,"[0.007204, 1.000000]",75,150,0.05,max_proc,lowest_lower_bound,PRUNE,all_to_shortest,greedy,5482,82,82,1.7556729316711426,0.08847136081722,True,4997.0,80,-1,4997.0
Uniform1-5000_Seed115_J150_M75,"[0.001193, 0.994298]",75,150,0.1,max_proc,lowest_lower_bound,NO_PROFILING,all_to_shortest,greedy,6443,216,2001,45.44239473342896,0.2196699260179005,False,5027.666666666667,75,-1,5027.666666666667
Uniform1-5000_Seed115_J150_M75,"[0.001193, 0.994298]",75,150,0.05,max_proc,lowest_lower_bound,PRUNE,all_to_shortest,greedy,5784,434,2001,46.149821519851685,0.1307630244352235,False,5235.0,102,-1,5027.666666666667
Uniform1-5000_Seed116_J150_M75,"[0.004017, 0.912895]",75,150,0.1,max_proc,lowest_lower_bound,NO_PROFILING,all_to_shortest,greedy,6805,1009,2001,45.80142831802368,0.1951388684790595,False,5477.08,75,-1,5477.08
Uniform1-5000_Seed116_J150_M75,"[0.004017, 0.912895]",75,150,0.05,max_proc,lowest_lower_bound,PRUNE,all_to_shortest,greedy,6596,1685,2001,53.76220893859863,0.1696361431170406,False,5717.0,98,-1,5477.08
Uniform1-5000_Seed117_J150_M75,"[0.001803, 1.000000]",75,150,0.1,max_proc,lowest_lower_bound,NO_PROFILING,all_to_shortest,greedy,6334,736,2001,44.75088691711426,0.2117145563624881,False,4993.0,75,-1,4993.0
Uniform1-5000_Seed117_J150_M75,"[0.001803, 1.000000]",75,150,0.05,max_proc,lowest_lower_bound,PRUNE,all_to_shortest,greedy,5669,99,99,2.301698923110962,0.1192450167578056,True,5241.0,97,-1,4993.0
Uniform1-5000_Seed118_J150_M75,"[0.003821, 1.000000]",75,150,0.1,max_proc,lowest_lower_bound,NO_PROFILING,all_to_shortest,greedy,5415,104,104,2.177891492843628,0.0818097876269621,True,4972.0,102,-1,4972.0
Uniform1-5000_Seed118_J150_M75,"[0.003821, 1.000000]",75,150,0.05,max_proc,lowest_lower_bound,PRUNE,all_to_shortest,greedy,5455,251,251,5.261533975601196,0.0885426214482126,True,4972.0,110,-1,4972.0
Uniform1-5000_Seed119_J150_M75,"[0.000575, 0.950933]",75,150,0.1,max_proc,lowest_lower_bound,NO_PROFILING,all_to_shortest,greedy,6806,240,2001,48.48425555229187,0.2337819570966793,False,5214.88,75,-1,5214.88
Uniform1-5000_Seed119_J150_M75,"[0.000575, 0.950933]",75,150,0.05,max_proc,lowest_lower_bound,PRUNE,all_to_shortest,greedy,6045,125,125,2.9047138690948486,0.1373234077750206,True,5543.0,102,-1,5214.88
Uniform1-5000_Seed120_J150_M75,"[0.002175, 0.986863]",75,150,0.1,max_proc,lowest_lower_bound,NO_PROFILING,all_to_shortest,greedy,6617,409,2001,46.46256923675537,0.2355367487783991,False,5058.453333333333,75,-1,5058.453333333333
Uniform1-5000_Seed120_J150_M75,"[0.002175, 0.986863]",75,150,0.05,max_proc,lowest_lower_bound,PRUNE,all_to_shortest,greedy,6082,95,95,2.243682622909546,0.1682911323029705,True,5603.0,93,-1,5058.453333333333
Uniform1-5000_Seed121_J150_M75,"[0.002800, 1.000000]",75,150,0.1,max_proc,lowest_lower_bound,NO_PROFILING,all_to_shortest,greedy,5497,1178,1178,24.13294768333435,0.0904129525195561,True,5000.0,105,-1,5000.0
Uniform1-5000_Seed121_J150_M75,"[0.002800, 1.000000]",75,150,0.05,max_proc,lowest_lower_bound,PRUNE,all_to_shortest,greedy,5556,1258,2001,45.97335362434387,0.1000719942404607,False,5000.0,102,-1,5000.0
Uniform1-5000_Seed122_J150_M75,"[0.010456, 1.000000]",75,150,0.1,max_proc,lowest_lower_bound,NO_PROFILING,all_to_shortest,greedy,5439,99,99,2.0608272552490234,0.0856775142489428,True,4973.0,97,-1,4973.0
Uniform1-5000_Seed122_J150_M75,"[0.010456, 1.000000]",75,150,0.05,max_proc,lowest_lower_bound,PRUNE,all_to_shortest,greedy,5452,113,113,2.4819252490997314,0.0878576669112252,True,4973.0,102,-1,4973.0
Uniform1-5000_Seed123_J150_M75,"[0.003592, 0.989628]",75,150,0.1,max_proc,lowest_lower_bound,NO_PROFILING,all_to_shortest,greedy,6398,431,2001,43.50692772865296,0.2167906637490882,False,5010.973333333333,75,-1,5010.973333333333
Uniform1-5000_Seed123_J150_M75,"[0.003592, 0.989628]",75,150,0.05,max_proc,lowest_lower_bound,PRUNE,all_to_shortest,greedy,5578,1276,1276,30.022565841674805,0.101654117365842,True,5157.0,109,-1,5010.973333333333
Uniform1-5000_Seed124_J150_M75,"[0.008316, 1.000000]",75,150,0.1,max_proc,lowest_lower_bound,NO_PROFILING,all_to_shortest,greedy,5279,89,89,1.8110105991363523,0.0661110058723243,True,4930.0,87,-1,4930.0
Uniform1-5000_Seed124_J150_M75,"[0.008316, 1.000000]",75,150,0.05,max_proc,lowest_lower_bound,PRUNE,all_to_shortest,greedy,5289,112,112,2.510852098464966,0.0678767252788807,True,4930.0,110,-1,4930.0
Uniform1-5000_Seed125_J150_M75,"[0.003112, 0.913884]",75,150,0.1,max_proc,lowest_lower_bound,NO_PROFILING,all_to_shortest,greedy,6945,1583,2001,50.34050107002258,0.2134773218142549,False,5462.4,75,-1,5462.4
Uniform1-5000_Seed125_J150_M75,"[0.003112, 0.913884]",75,150,0.05,max_proc,lowest_lower_bound,PRUNE,all_to_shortest,greedy,6372,111,111,2.6643545627593994,0.1427495291902072,True,5791.0,109,-1,5462.4
Uniform1-5000_Seed126_J150_M75,"[0.000805, 1.000000]",75,150,0.1,max_proc,lowest_lower_bound,NO_PROFILING,all_to_shortest,greedy,6119,527,2001,41.603734493255615,0.1882660565451871,False,4967.0,75,-1,4967.0
Uniform1-5000_Seed126_J150_M75,"[0.000805, 1.000000]",75,150,0.05,max_proc,lowest_lower_bound,PRUNE,all_to_shortest,greedy,5678,466,466,10.342031955718994,0.1252201479394153,True,5184.0,88,-1,4967.0
Uniform1-5000_Seed127_J150_M75,"[0.007273, 0.982006]",75,150,0.1,max_proc,lowest_lower_bound,NO_PROFILING,all_to_shortest,greedy,6630,1209,2001,47.93370652198792,0.232647561588738,False,5087.546666666667,75,-1,5087.546666666667
Uniform1-5000_Seed127_J150_M75,"[0.007273, 0.982006]",75,150,0.05,max_proc,lowest_lower_bound,PRUNE,all_to_shortest,greedy,6015,716,716,18.827988624572757,0.1541900803546688,True,5490.0,99,-1,5087.546666666667
Uniform1-5000_Seed128_J150_M75,"[0.006866, 1.000000]",75,150,0.1,max_proc,lowest_lower_bound,NO_PROFILING,all_to_shortest,greedy,6090,1728,2001,44.08793139457703,0.186863711001642,False,4952.0,75,-1,4952.0
Uniform1-5000_Seed128_J150_M75,"[0.006866, 1.000000]",75,150,0.05,max_proc,lowest_lower_bound,PRUNE,all_to_shortest,greedy,5602,105,105,2.4140799045562744,0.1160299892895394,True,5089.0,102,-1,4952.0
Uniform1-5000_Seed129_J150_M75,"[0.004063, 0.964332]",75,150,0.1,max_proc,lowest_lower_bound,NO_PROFILING,all_to_shortest,greedy,6760,1982,2001,45.94863295555115,0.2354516765285996,False,5168.346666666666,75,-1,5168.346666666666
Uniform1-5000_Seed129_J150_M75,"[0.004063, 0.964332]",75,150,0.05,max_proc,lowest_lower_bound,PRUNE,all_to_shortest,greedy,6352,796,2001,49.943796157836914,0.186343408900084,False,5558.0,92,-1,5168.346666666666
Uniform1-5000_Seed130_J150_M75,"[0.031082, 0.957214]",75,150,0.1,max_proc,lowest_lower_bound,NO_PROFILING,all_to_shortest,greedy,6713,1255,2001,47.73766374588013,0.2235960077461641,False,5212.0,75,-1,5212.0
Uniform1-5000_Seed130_J150_M75,"[0.031082, 0.957214]",75,150,0.05,max_proc,lowest_lower_bound,PRUNE,all_to_shortest,greedy,6069,97,97,2.261399745941162,0.1412094249464491,True,5506.0,95,-1,5212.0
Uniform1-5000_Seed131_J150_M75,"[0.013029, 1.000000]",75,150,0.1,max_proc,lowest_lower_bound,NO_PROFILING,all_to_shortest,greedy,5565,369,2001,42.45898795127869,0.1035040431266846,False,4989.0,112,-1,4989.0
Uniform1-5000_Seed131_J150_M75,"[0.013029, 1.000000]",75,150,0.05,max_proc,lowest_lower_bound,PRUNE,all_to_shortest,greedy,5909,1284,2001,48.48519730567932,0.1556947029954307,False,4989.0,105,-1,4989.0
Uniform1-5000_Seed132_J150_M75,"[0.001815, 1.000000]",75,150,0.1,max_proc,lowest_lower_bound,NO_PROFILING,all_to_shortest,greedy,5403,98,98,2.035597085952759,0.0821765685730149,True,4959.0,96,-1,4959.0
Uniform1-5000_Seed132_J150_M75,"[0.001815, 1.000000]",75,150,0.05,max_proc,lowest_lower_bound,PRUNE,all_to_shortest,greedy,5461,150,150,3.235670566558838,0.0919245559421351,True,4959.0,102,-1,4959.0
Uniform1-5000_Seed133_J150_M75,"[0.001200, 1.000000]",75,150,0.1,max_proc,lowest_lower_bound,NO_PROFILING,all_to_shortest,greedy,5364,82,82,1.702789545059204,0.0678598061148396,True,5000.0,80,-1,5000.0
Uniform1-5000_Seed133_J150_M75,"[0.001200, 1.000000]",75,150,0.05,max_proc,lowest_lower_bound,PRUNE,all_to_shortest,greedy,5512,88,88,1.9411723613739011,0.09288824383164,True,5000.0,86,-1,5000.0
Uniform1-5000_Seed134_J150_M75,"[0.010746, 1.000000]",75,150,0.1,max_proc,lowest_lower_bound,NO_PROFILING,all_to_shortest,greedy,5227,98,98,2.1157801151275635,0.0564377271857662,True,4932.0,96,-1,4932.0
Uniform1-5000_Seed134_J150_M75,"[0.010746, 1.000000]",75,150,0.05,max_proc,lowest_lower_bound,PRUNE,all_to_shortest,greedy,5387,132,132,3.019962787628174,0.0844625951364395,True,4932.0,96,-1,4932.0
Uniform1-5000_Seed135_J150_M75,"[0.014432, 0.976604]",75,150,0.1,max_proc,lowest_lower_bound,NO_PROFILING,all_to_shortest,greedy,6038,1589,2001,48.06462597846985,0.1622479849839903,False,5058.346666666666,95,-1,5058.346666666666
Uniform1-5000_Seed135_J150_M75,"[0.014432, 0.976604]",75,150,0.05,max_proc,lowest_lower_bound,PRUNE,all_to_shortest,greedy,6149,369,2001,54.215092182159424,0.1773708462080555,False,5058.346666666666,94,-1,5058.346666666666
Uniform1-5000_Seed136_J150_M75,"[0.021345, 0.980271]",75,150,0.1,max_proc,lowest_lower_bound,NO_PROFILING,all_to_shortest,greedy,6088,837,2001,48.57218146324158,0.1688852387209811,False,5059.826666666667,94,-1,5059.826666666667
Uniform1-5000_Seed136_J150_M75,"[0.021345, 0.980271]",75,150,0.05,max_proc,lowest_lower_bound,PRUNE,all_to_shortest,greedy,6083,162,2001,50.67175912857056,0.1682020932653843,False,5146.0,94,-1,5059.826666666667
Uniform1-5000_Seed137_J150_M75,"[0.021620, 0.993701]",75,150,0.1,max_proc,lowest_lower_bound,NO_PROFILING,all_to_shortest,greedy,6342,155,2001,47.28031849861145,0.2123199831809104,False,4995.466666666666,80,-1,4995.466666666666
Uniform1-5000_Seed137_J150_M75,"[0.021620, 0.993701]",75,150,0.05,max_proc,lowest_lower_bound,PRUNE,all_to_shortest,greedy,5769,1375,2001,49.48351454734802,0.1340844744900907,False,5121.0,109,-1,4995.466666666666
Uniform1-5000_Seed138_J150_M75,"[0.005500, 1.000000]",75,150,0.1,max_proc,lowest_lower_bound,NO_PROFILING,all_to_shortest,greedy,5331,110,110,2.4448401927948,0.0791596323391483,True,4909.0,108,-1,4909.0
Uniform1-5000_Seed138_J150_M75,"[0.005500, 1.000000]",75,150,0.05,max_proc,lowest_lower_bound,PRUNE,all_to_shortest,greedy,5378,140,140,3.084954261779785,0.0872071402008181,True,4909.0,110,-1,4909.0
Uniform1-5000_Seed139_J150_M75,"[0.005809, 0.956916]",75,150,0.1,max_proc,lowest_lower_bound,NO_PROFILING,all_to_shortest,greedy,6721,473,2001,49.16551899909973,0.2315865694589098,False,5164.506666666667,75,-1,5164.506666666667
Uniform1-5000_Seed139_J150_M75,"[0.005809, 0.956916]",75,150,0.05,max_proc,lowest_lower_bound,PRUNE,all_to_shortest,greedy,6102,1125,2001,43.09342360496521,0.1536370588877962,False,5353.0,99,-1,5164.506666666667
Uniform1-5000_Seed140_J150_M75,"[0.000811, 0.999886]",75,150,0.1,max_proc,lowest_lower_bound,NO_PROFILING,all_to_shortest,greedy,5831,1459,2001,45.78670692443848,0.1539084205110615,False,4933.56,101,-1,4933.56
Uniform1-5000_Seed140_J150_M75,"[0.000811, 0.999886]",75,150,0.05,max_proc,lowest_lower_bound,PRUNE,all_to_shortest,greedy,5919,981,2001,47.050270080566406,0.1664875823618853,False,4933.56,95,-1,4933.56
Uniform1-5000_Seed141_J150_M75,"[0.009406, 1.000000]",75,150,0.1,max_proc,lowest_lower_bound,NO_PROFILING,all_to_shortest,greedy,5358,124,124,2.7491824626922607,0.0673758865248227,True,4997.0,120,-1,4997.0
Uniform1-5000_Seed141_J150_M75,"[0.009406, 1.000000]",75,150,0.05,max_proc,lowest_lower_bound,PRUNE,all_to_shortest,greedy,5877,1616,2001,43.337626695632935,0.1497362599965969,False,5011.0,99,-1,4997.0
Uniform1-5000_Seed142_J150_M75,"[0.003261, 0.957706]",75,150,0.1,max_proc,lowest_lower_bound,NO_PROFILING,all_to_shortest,greedy,6633,175,2001,49.118462324142456,0.2141635258053169,False,5212.453333333333,78,-1,5212.453333333333
Uniform1-5000_Seed142_J150_M75,"[0.003261, 0.957706]",75,150,0.05,max_proc,lowest_lower_bound,PRUNE,all_to_shortest,greedy,6293,668,2001,52.21923065185547,0.171706128502569,False,5387.0,92,-1,5212.453333333333
Uniform1-5000_Seed143_J150_M75,"[0.016613, 1.000000]",75,150,0.1,max_proc,lowest_lower_bound,NO_PROFILING,all_to_shortest,greedy,5998,422,2001,48.576271533966064,0.1670556852284094,False,4996.0,86,-1,4996.0
Uniform1-5000_Seed143_J150_M75,"[0.016613, 1.000000]",75,150,0.05,max_proc,lowest_lower_bound,PRUNE,all_to_shortest,greedy,5606,484,484,11.328323125839232,0.1088119871566179,True,5109.0,103,-1,4996.0
Uniform1-5000_Seed144_J150_M75,"[0.001402, 0.994801]",75,150,0.1,max_proc,lowest_lower_bound,NO_PROFILING,all_to_shortest,greedy,6301,1012,2001,43.968037128448486,0.2075924456435486,False,4992.96,75,-1,4992.96
Uniform1-5000_Seed144_J150_M75,"[0.001402, 0.994801]",75,150,0.05,max_proc,lowest_lower_bound,PRUNE,all_to_shortest,greedy,6362,419,2001,49.25215935707092,0.2151901917635963,False,5207.0,88,-1,4992.96
Uniform1-5000_Seed145_J150_M75,"[0.003423, 1.000000]",75,150,0.1,max_proc,lowest_lower_bound,NO_PROFILING,all_to_shortest,greedy,6170,606,2001,42.36184024810791,0.1949756888168557,False,4967.0,79,-1,4967.0
Uniform1-5000_Seed145_J150_M75,"[0.003423, 1.000000]",75,150,0.05,max_proc,lowest_lower_bound,PRUNE,all_to_shortest,greedy,5529,241,241,5.179824590682983,0.1016458672454331,True,5055.0,105,-1,4967.0
Uniform1-5000_Seed146_J150_M75,"[0.000602, 1.000000]",75,150,0.1,max_proc,lowest_lower_bound,NO_PROFILING,all_to_shortest,greedy,6038,73,2001,42.75103831291199,0.1747267307055316,False,4983.0,79,-1,4983.0
Uniform1-5000_Seed146_J150_M75,"[0.000602, 1.000000]",75,150,0.05,max_proc,lowest_lower_bound,PRUNE,all_to_shortest,greedy,5496,128,128,2.795546531677246,0.0933406113537117,True,5078.0,99,-1,4983.0
Uniform1-5000_Seed147_J150_M75,"[0.002209, 1.000000]",75,150,0.1,max_proc,lowest_lower_bound,NO_PROFILING,all_to_shortest,greedy,6218,1709,2001,45.156081676483154,0.1992602122869089,False,4979.0,75,-1,4979.0
Uniform1-5000_Seed147_J150_M75,"[0.002209, 1.000000]",75,150,0.05,max_proc,lowest_lower_bound,PRUNE,all_to_shortest,greedy,5606,435,435,9.872461318969728,0.111844452372458,True,5096.0,111,-1,4979.0
Uniform1-5000_Seed148_J150_M75,"[0.003227, 0.942134]",75,150,0.1,max_proc,lowest_lower_bound,NO_PROFILING,all_to_shortest,greedy,6446,536,2001,43.05967712402344,0.1827758816837315,False,5267.826666666667,75,-1,5267.826666666667
Uniform1-5000_Seed148_J150_M75,"[0.003227, 0.942134]",75,150,0.05,max_proc,lowest_lower_bound,PRUNE,all_to_shortest,greedy,6452,1701,2001,45.418309450149536,0.1835358545153957,False,5531.0,94,-1,5267.826666666667
Uniform1-5000_Seed149_J150_M75,"[0.006535, 0.987436]",75,150,0.1,max_proc,lowest_lower_bound,NO_PROFILING,all_to_shortest,greedy,6167,901,2001,44.53553819656372,0.1812161504783526,False,5049.44,78,-1,5049.44
Uniform1-5000_Seed149_J150_M75,"[0.006535, 0.987436]",75,150,0.05,max_proc,lowest_lower_bound,PRUNE,all_to_shortest,greedy,5718,380,380,9.190842151641846,0.1169220006995453,True,5192.0,110,-1,5049.44
Uniform1-5000_Seed150_J150_M75,"[0.004229, 1.000000]",75,150,0.1,max_proc,lowest_lower_bound,NO_PROFILING,all_to_shortest,greedy,5446,92,92,1.8543293476104736,0.0881380829966948,True,4966.0,90,-1,4966.0
Uniform1-5000_Seed150_J150_M75,"[0.004229, 1.000000]",75,150,0.05,max_proc,lowest_lower_bound,PRUNE,all_to_shortest,greedy,5454,107,107,2.3781814575195312,0.0894756142280894,True,4966.0,105,-1,4966.0
Uniform1-5000_Seed151_J150_M75,"[0.002997, 0.935697]",75,150,0.1,max_proc,lowest_lower_bound,NO_PROFILING,all_to_shortest,greedy,6832,668,2001,49.63038206100464,0.2184816549570648,False,5339.333333333333,75,-1,5339.333333333333
Uniform1-5000_Seed151_J150_M75,"[0.002997, 0.935697]",75,150,0.05,max_proc,lowest_lower_bound,PRUNE,all_to_shortest,greedy,6312,254,254,6.103680849075317,0.1540980143641741,True,5760.0,99,-1,5339.333333333333
Uniform1-5000_Seed152_J150_M75,"[0.003406, 1.000000]",75,150,0.1,max_proc,lowest_lower_bound,NO_PROFILING,all_to_shortest,greedy,6264,898,2001,44.83555507659912,0.2032247765006385,False,4991.0,80,-1,4991.0
Uniform1-5000_Seed152_J150_M75,"[0.003406, 1.000000]",75,150,0.05,max_proc,lowest_lower_bound,PRUNE,all_to_shortest,greedy,6226,1015,2001,53.65515327453613,0.1983617089624156,False,5203.0,88,-1,4991.0
Uniform1-5000_Seed153_J150_M75,"[0.003590, 0.992314]",75,150,0.1,max_proc,lowest_lower_bound,NO_PROFILING,all_to_shortest,greedy,6437,813,2001,47.825867891311646,0.2211382113821137,False,5013.533333333334,75,-1,5013.533333333334
Uniform1-5000_Seed153_J150_M75,"[0.003590, 0.992314]",75,150,0.05,max_proc,lowest_lower_bound,PRUNE,all_to_shortest,greedy,6129,141,2001,52.01175403594971,0.1819981508674606,False,5273.0,89,-1,5013.533333333334
Uniform1-5000_Seed154_J150_M75,"[0.003799, 0.993211]",75,150,0.1,max_proc,lowest_lower_bound,NO_PROFILING,all_to_shortest,greedy,6084,1071,2001,46.55097436904907,0.1778500986193293,False,5001.96,93,-1,5001.96
Uniform1-5000_Seed154_J150_M75,"[0.003799, 0.993211]",75,150,0.05,max_proc,lowest_lower_bound,PRUNE,all_to_shortest,greedy,6050,1670,2001,50.34230351448059,0.1732297520661156,False,5098.0,93,-1,5001.96
Uniform1-5000_Seed155_J150_M75,"[0.000815, 1.000000]",75,150,0.1,max_proc,lowest_lower_bound,NO_PROFILING,all_to_shortest,greedy,5342,104,104,2.3084263801574707,0.0812429801572444,True,4908.0,102,-1,4908.0
Uniform1-5000_Seed155_J150_M75,"[0.000815, 1.000000]",75,150,0.05,max_proc,lowest_lower_bound,PRUNE,all_to_shortest,greedy,5372,106,106,2.4595935344696045,0.086373790022338,True,4908.0,104,-1,4908.0
Uniform1-5000_Seed156_J150_M75,"[0.014921, 0.975845]",75,150,0.1,max_proc,lowest_lower_bound,NO_PROFILING,all_to_shortest,greedy,6067,316,2001,45.75777196884155,0.1715158507774298,False,5026.413333333333,90,-1,5026.413333333333
Uniform1-5000_Seed156_J150_M75,"[0.014921, 0.975845]",75,150,0.05,max_proc,lowest_lower_bound,PRUNE,all_to_shortest,greedy,6127,644,2001,49.55366635322571,0.1796289646918013,False,5032.0,90,-1,5026.413333333333
Uniform1-5000_Seed157_J150_M75,"[0.009839, 0.975815]",75,150,0.1,max_proc,lowest_lower_bound,NO_PROFILING,all_to_shortest,greedy,6478,722,2001,43.905542612075806,0.2155130184213234,False,5081.906666666667,75,-1,5081.906666666667
Uniform1-5000_Seed157_J150_M75,"[0.009839, 0.975815]",75,150,0.05,max_proc,lowest_lower_bound,PRUNE,all_to_shortest,greedy,5920,97,97,2.193629264831543,0.1415698198198198,True,5471.0,94,-1,5081.906666666667
Uniform1-5000_Seed158_J150_M75,"[0.002405, 1.000000]",75,150,0.1,max_proc,lowest_lower_bound,NO_PROFILING,all_to_shortest,greedy,5576,115,2001,44.024508237838745,0.1052725968436154,False,4989.0,113,-1,4989.0
Uniform1-5000_Seed158_J150_M75,"[0.002405, 1.000000]",75,150,0.05,max_proc,lowest_lower_bound,PRUNE,all_to_shortest,greedy,5705,1466,2001,43.26737403869629,0.1255039439088519,False,4989.0,109,-1,4989.0
Uniform1-5000_Seed159_J150_M75,"[0.002401, 1.000000]",75,150,0.1,max_proc,lowest_lower_bound,NO_PROFILING,all_to_shortest,greedy,5481,72,72,1.4251530170440674,0.0881226053639846,True,4998.0,70,-1,4998.0
Uniform1-5000_Seed159_J150_M75,"[0.002401, 1.000000]",75,150,0.05,max_proc,lowest_lower_bound,PRUNE,all_to_shortest,greedy,5419,82,82,1.7693307399749756,0.0776896106292674,True,4998.0,80,-1,4998.0
Uniform1-5000_Seed160_J150_M75,"[0.004334, 0.940209]",75,150,0.1,max_proc,lowest_lower_bound,NO_PROFILING,all_to_shortest,greedy,6614,1288,2001,44.1783299446106,0.1975607297651447,False,5307.333333333333,75,-1,5307.333333333333
Uniform1-5000_Seed160_J150_M75,"[0.004334, 0.940209]",75,150,0.05,max_proc,lowest_lower_bound,PRUNE,all_to_shortest,greedy,6478,1491,2001,50.90351414680481,0.1807142122054132,False,5628.0,89,-1,5307.333333333333
Uniform1-5000_Seed161_J150_M75,"[0.006684, 0.980544]",75,150,0.1,max_proc,lowest_lower_bound,NO_PROFILING,all_to_shortest,greedy,6212,661,2001,46.1707444190979,0.1811053874221936,False,5086.973333333333,88,-1,5086.973333333333
Uniform1-5000_Seed161_J150_M75,"[0.006684, 0.980544]",75,150,0.05,max_proc,lowest_lower_bound,PRUNE,all_to_shortest,greedy,6213,267,2001,51.33090949058533,0.1812371908364182,False,5228.0,89,-1,5086.973333333333
Uniform1-5000_Seed162_J150_M75,"[0.012657, 0.970286]",75,150,0.1,max_proc,lowest_lower_bound,NO_PROFILING,all_to_shortest,greedy,6551,1901,2001,44.31844568252564,0.2160586170050373,False,5135.6,75,-1,5135.6
Uniform1-5000_Seed162_J150_M75,"[0.012657, 0.970286]",75,150,0.05,max_proc,lowest_lower_bound,PRUNE,all_to_shortest,greedy,5937,874,2001,46.76560115814209,0.134983998652518,False,5282.0,109,-1,5135.6
Uniform1-5000_Seed163_J150_M75,"[0.005105, 0.935536]",75,150,0.1,max_proc,lowest_lower_bound,NO_PROFILING,all_to_shortest,greedy,6888,473,2001,47.810301303863525,0.2321506000774293,False,5288.946666666667,75,-1,5288.946666666667
Uniform1-5000_Seed163_J150_M75,"[0.005105, 0.935536]",75,150,0.05,max_proc,lowest_lower_bound,PRUNE,all_to_shortest,greedy,6352,104,104,2.439915895462036,0.167357262804366,True,5911.0,93,-1,5288.946666666667
Uniform1-5000_Seed164_J150_M75,"[0.007261, 0.954376]",75,150,0.1,max_proc,lowest_lower_bound,NO_PROFILING,all_to_shortest,greedy,6175,1790,2001,46.13960814476013,0.1524232118758434,False,5233.786666666667,98,-1,5233.786666666667
Uniform1-5000_Seed164_J150_M75,"[0.007261, 0.954376]",75,150,0.05,max_proc,lowest_lower_bound,PRUNE,all_to_shortest,greedy,6239,389,2001,50.13936114311218,0.161117700486189,False,5233.786666666667,96,-1,5233.786666666667
Uniform1-5000_Seed165_J150_M75,"[0.004881, 0.971493]",75,150,0.1,max_proc,lowest_lower_bound,NO_PROFILING,all_to_shortest,greedy,6366,676,2001,41.49757432937622,0.1954110378050057,False,5122.013333333333,75,-1,5122.013333333333
Uniform1-5000_Seed165_J150_M75,"[0.004881, 0.971493]",75,150,0.05,max_proc,lowest_lower_bound,PRUNE,all_to_shortest,greedy,5956,121,1131,25.86518669128418,0.140024625027983,True,5406.0,103,-1,5122.013333333333
Uniform1-5000_Seed166_J150_M75,"[0.001152, 0.951550]",75,150,0.1,max_proc,lowest_lower_bound,NO_PROFILING,all_to_shortest,greedy,6698,1378,2001,48.23006319999695,0.2224027072758037,False,5208.346666666666,75,-1,5208.346666666666
Uniform1-5000_Seed166_J150_M75,"[0.001152, 0.951550]",75,150,0.05,max_proc,lowest_lower_bound,PRUNE,all_to_shortest,greedy,6366,1875,2001,52.75507998466492,0.1818494083150068,False,5694.0,84,-1,5208.346666666666
Uniform1-5000_Seed167_J150_M75,"[0.001207, 1.000000]",75,150,0.1,max_proc,lowest_lower_bound,NO_PROFILING,all_to_shortest,greedy,5455,83,83,1.7045462131500244,0.0887259395050412,True,4971.0,81,-1,4971.0
Uniform1-5000_Seed167_J150_M75,"[0.001207, 1.000000]",75,150,0.05,max_proc,lowest_lower_bound,PRUNE,all_to_shortest,greedy,5453,104,104,2.307616949081421,0.088391710984779,True,4971.0,93,-1,4971.0
Uniform1-5000_Seed168_J150_M75,"[0.008822, 0.929376]",75,150,0.1,max_proc,lowest_lower_bound,NO_PROFILING,all_to_shortest,greedy,6754,922,2001,50.52851343154907,0.2279755206791038,False,5214.253333333333,75,-1,5214.253333333333
Uniform1-5000_Seed168_J150_M75,"[0.008822, 0.929376]",75,150,0.05,max_proc,lowest_lower_bound,PRUNE,all_to_shortest,greedy,6101,412,412,10.667179107666016,0.1453444790471507,True,5627.0,98,-1,5214.253333333333
Uniform1-5000_Seed169_J150_M75,"[0.000401, 1.000000]",75,150,0.1,max_proc,lowest_lower_bound,NO_PROFILING,all_to_shortest,greedy,5430,85,85,1.744602918624878,0.0810313075506445,True,4990.0,83,-1,4990.0
Uniform1-5000_Seed169_J150_M75,"[0.000401, 1.000000]",75,150,0.05,max_proc,lowest_lower_bound,PRUNE,all_to_shortest,greedy,5492,98,98,2.139167070388794,0.0914056809905316,True,4990.0,96,-1,4990.0
Uniform1-5000_Seed170_J150_M75,"[0.001390, 0.991019]",75,150,0.1,max_proc,lowest_lower_bound,NO_PROFILING,all_to_shortest,greedy,6399,578,2001,45.64484095573425,0.2132812418607074,False,5034.213333333333,76,-1,5034.213333333333
Uniform1-5000_Seed170_J150_M75,"[0.001390, 0.991019]",75,150,0.05,max_proc,lowest_lower_bound,PRUNE,all_to_shortest,greedy,5857,592,592,14.619649171829224,0.1404791986796426,True,5318.0,98,-1,5034.213333333333
Uniform1-5000_Seed171_J150_M75,"[0.011041, 0.933811]",75,150,0.1,max_proc,lowest_lower_bound,NO_PROFILING,all_to_shortest,greedy,6752,1611,2001,47.484113454818726,0.2085762243285939,False,5343.693333333334,75,-1,5343.693333333334
Uniform1-5000_Seed171_J150_M75,"[0.011041, 0.933811]",75,150,0.05,max_proc,lowest_lower_bound,PRUNE,all_to_shortest,greedy,6626,93,93,2.180614471435547,0.1935265117215011,True,6033.0,90,-1,5343.693333333334
Uniform1-5000_Seed172_J150_M75,"[0.002615, 0.932370]",75,150,0.1,max_proc,lowest_lower_bound,NO_PROFILING,all_to_shortest,greedy,6598,1567,2001,46.78407287597656,0.1886895018692533,False,5353.026666666667,75,-1,5353.026666666667
Uniform1-5000_Seed172_J150_M75,"[0.002615, 0.932370]",75,150,0.05,max_proc,lowest_lower_bound,PRUNE,all_to_shortest,greedy,6190,946,946,23.96123504638672,0.1352137856758212,True,5666.0,103,-1,5353.026666666667
Uniform1-5000_Seed173_J150_M75,"[0.011838, 1.000000]",75,150,0.1,max_proc,lowest_lower_bound,NO_PROFILING,all_to_shortest,greedy,5421,105,105,2.231473684310913,0.0806124331304187,True,4984.0,103,-1,4984.0
Uniform1-5000_Seed173_J150_M75,"[0.011838, 1.000000]",75,150,0.05,max_proc,lowest_lower_bound,PRUNE,all_to_shortest,greedy,5452,113,113,2.555241584777832,0.0858400586940572,True,4984.0,111,-1,4984.0
Uniform1-5000_Seed174_J150_M75,"[0.001379, 0.982809]",75,150,0.1,max_proc,lowest_lower_bound,NO_PROFILING,all_to_shortest,greedy,6613,922,2001,49.8521466255188,0.2323806643480014,False,5076.266666666666,75,-1,5076.266666666666
Uniform1-5000_Seed174_J150_M75,"[0.001379, 0.982809]",75,150,0.05,max_proc,lowest_lower_bound,PRUNE,all_to_shortest,greedy,5876,102,102,2.409056663513184,0.1361016564556388,True,5397.0,100,-1,5076.266666666666
Uniform1-5000_Seed175_J150_M75,"[0.014737, 0.987549]",75,150,0.1,max_proc,lowest_lower_bound,NO_PROFILING,all_to_shortest,greedy,6296,1257,2001,45.86086654663086,0.2132020330368487,False,4953.68,75,-1,4953.68
Uniform1-5000_Seed175_J150_M75,"[0.014737, 0.987549]",75,150,0.05,max_proc,lowest_lower_bound,PRUNE,all_to_shortest,greedy,5531,113,113,2.59443736076355,0.104378954981016,True,5115.0,109,-1,4953.68
Uniform1-5000_Seed176_J150_M75,"[0.009336, 1.000000]",75,150,0.1,max_proc,lowest_lower_bound,NO_PROFILING,all_to_shortest,greedy,5965,607,2001,46.90488600730896,0.1740150880134115,False,4927.0,82,-1,4927.0
Uniform1-5000_Seed176_J150_M75,"[0.009336, 1.000000]",75,150,0.05,max_proc,lowest_lower_bound,PRUNE,all_to_shortest,greedy,5480,1826,1826,46.27201843261719,0.100912408759124,True,5046.0,106,-1,4927.0
Uniform1-5000_Seed177_J150_M75,"[0.003225, 1.000000]",75,150,0.1,max_proc,lowest_lower_bound,NO_PROFILING,all_to_shortest,greedy,6167,966,2001,42.82283091545105,0.1953948435219717,False,4962.0,78,-1,4962.0
Uniform1-5000_Seed177_J150_M75,"[0.003225, 1.000000]",75,150,0.05,max_proc,lowest_lower_bound,PRUNE,all_to_shortest,greedy,5533,189,189,4.140076398849487,0.1031989878908368,True,5098.0,110,-1,4962.0
Uniform1-5000_Seed178_J150_M75,"[0.004041, 0.917479]",75,150,0.1,max_proc,lowest_lower_bound,NO_PROFILING,all_to_shortest,greedy,7113,62,2001,46.95116949081421,0.2346033084961807,False,5444.266666666666,75,-1,5444.266666666666
Uniform1-5000_Seed178_J150_M75,"[0.004041, 0.917479]",75,150,0.05,max_proc,lowest_lower_bound,PRUNE,all_to_shortest,greedy,6603,123,123,2.9186782836914062,0.1754858902519057,True,6103.0,85,-1,5444.266666666666
Uniform1-5000_Seed179_J150_M75,"[0.004862, 1.000000]",75,150,0.1,max_proc,lowest_lower_bound,NO_PROFILING,all_to_shortest,greedy,5341,102,102,2.2148571014404297,0.0758284965362291,True,4936.0,100,-1,4936.0
Uniform1-5000_Seed179_J150_M75,"[0.004862, 1.000000]",75,150,0.05,max_proc,lowest_lower_bound,PRUNE,all_to_shortest,greedy,5440,309,309,6.609983682632446,0.0926470588235294,True,4936.0,112,-1,4936.0
Uniform1-5000_Seed180_J150_M75,"[0.000589, 0.978890]",75,150,0.1,max_proc,lowest_lower_bound,NO_PROFILING,all_to_shortest,greedy,6463,1527,2001,42.125367164611816,0.211736551652999,False,5094.546666666667,75,-1,5094.546666666667
Uniform1-5000_Seed180_J150_M75,"[0.000589, 0.978890]",75,150,0.05,max_proc,lowest_lower_bound,PRUNE,all_to_shortest,greedy,5993,109,109,2.317566156387329,0.1499171255353467,True,5460.0,88,-1,5094.546666666667
Uniform1-5000_Seed181_J150_M75,"[0.003812, 1.000000]",75,150,0.1,max_proc,lowest_lower_bound,NO_PROFILING,all_to_shortest,greedy,5637,480,2001,43.040361166000366,0.1158417598013127,False,4984.0,108,-1,4984.0
Uniform1-5000_Seed181_J150_M75,"[0.003812, 1.000000]",75,150,0.05,max_proc,lowest_lower_bound,PRUNE,all_to_shortest,greedy,5769,665,2001,50.23539161682129,0.1360721095510487,False,4984.0,100,-1,4984.0
Uniform1-5000_Seed182_J150_M75,"[0.012301, 1.000000]",75,150,0.1,max_proc,lowest_lower_bound,NO_PROFILING,all_to_shortest,greedy,5353,91,91,1.919860601425171,0.0736035867737717,True,4959.0,89,-1,4959.0
Uniform1-5000_Seed182_J150_M75,"[0.012301, 1.000000]",75,150,0.05,max_proc,lowest_lower_bound,PRUNE,all_to_shortest,greedy,5400,101,101,2.249457359313965,0.0816666666666666,True,4959.0,99,-1,4959.0
Uniform1-5000_Seed183_J150_M75,"[0.003699, 1.000000]",75,150,0.1,max_proc,lowest_lower_bound,NO_PROFILING,all_to_shortest,greedy,5315,73,73,1.4332411289215088,0.0844778927563499,True,4866.0,71,-1,4866.0
Uniform1-5000_Seed183_J150_M75,"[0.003699, 1.000000]",75,150,0.05,max_proc,lowest_lower_bound,PRUNE,all_to_shortest,greedy,5331,75,75,1.5935697555541992,0.0872256612267867,True,4866.0,73,-1,4866.0
Uniform1-5000_Seed184_J150_M75,"[0.028409, 0.939384]",75,150,0.1,max_proc,lowest_lower_bound,NO_PROFILING,all_to_shortest,greedy,6960,271,2001,50.21253609657288,0.236323754789272,False,5315.1866666666665,75,-1,5315.1866666666665
Uniform1-5000_Seed184_J150_M75,"[0.028409, 0.939384]",75,150,0.05,max_proc,lowest_lower_bound,PRUNE,all_to_shortest,greedy,6317,96,96,2.2762560844421387,0.1585900480185742,True,5743.0,90,-1,5315.1866666666665
Uniform1-5000_Seed185_J150_M75,"[0.000595, 0.982242]",75,150,0.1,max_proc,lowest_lower_bound,NO_PROFILING,all_to_shortest,greedy,6480,1950,2001,47.19655084609985,0.2218292181069958,False,5042.546666666667,75,-1,5042.546666666667
Uniform1-5000_Seed185_J150_M75,"[0.000595, 0.982242]",75,150,0.05,max_proc,lowest_lower_bound,PRUNE,all_to_shortest,greedy,5585,119,119,2.7654619216918945,0.0971268278125931,True,5183.0,111,-1,5042.546666666667
Uniform1-5000_Seed186_J150_M75,"[0.000598, 0.994452]",75,150,0.1,max_proc,lowest_lower_bound,NO_PROFILING,all_to_shortest,greedy,6310,461,2001,45.741475343704224,0.2043021658742736,False,5020.8533333333335,75,-1,5020.8533333333335
Uniform1-5000_Seed186_J150_M75,"[0.000598, 0.994452]",75,150,0.05,max_proc,lowest_lower_bound,PRUNE,all_to_shortest,greedy,5748,121,121,2.7778127193450928,0.1265042913477151,True,5279.0,110,-1,5020.8533333333335
Uniform1-5000_Seed187_J150_M75,"[0.002945, 0.919900]",75,150,0.1,max_proc,lowest_lower_bound,NO_PROFILING,all_to_shortest,greedy,7002,1067,2001,48.02747678756714,0.2240502713510425,False,5433.2,75,-1,5433.2
Uniform1-5000_Seed187_J150_M75,"[0.002945, 0.919900]",75,150,0.05,max_proc,lowest_lower_bound,PRUNE,all_to_shortest,greedy,6321,234,2001,48.330442905426025,0.1404524600537889,False,5709.0,109,-1,5433.2
Uniform1-5000_Seed188_J150_M75,"[0.009627, 1.000000]",75,150,0.1,max_proc,lowest_lower_bound,NO_PROFILING,all_to_shortest,greedy,5449,74,74,1.449998140335083,0.0849697192145347,True,4986.0,72,-1,4986.0
Uniform1-5000_Seed188_J150_M75,"[0.009627, 1.000000]",75,150,0.05,max_proc,lowest_lower_bound,PRUNE,all_to_shortest,greedy,5486,81,81,1.744091510772705,0.0911410864017499,True,4986.0,79,-1,4986.0
Uniform1-5000_Seed189_J150_M75,"[0.008226, 1.000000]",75,150,0.1,max_proc,lowest_lower_bound,NO_PROFILING,all_to_shortest,greedy,5362,110,110,2.4460484981536865,0.0704960835509138,True,4984.0,108,-1,4984.0
Uniform1-5000_Seed189_J150_M75,"[0.008226, 1.000000]",75,150,0.05,max_proc,lowest_lower_bound,PRUNE,all_to_shortest,greedy,5361,113,113,2.6317546367645264,0.0703227009886215,True,4984.0,111,-1,4984.0
Uniform1-5000_Seed190_J150_M75,"[0.006246, 1.000000]",75,150,0.1,max_proc,lowest_lower_bound,NO_PROFILING,all_to_shortest,greedy,6102,1045,2001,43.16929173469544,0.1866601114388725,False,4963.0,79,-1,4963.0
Uniform1-5000_Seed190_J150_M75,"[0.006246, 1.000000]",75,150,0.05,max_proc,lowest_lower_bound,PRUNE,all_to_shortest,greedy,5560,183,183,3.996083021163941,0.1073741007194244,True,5055.0,114,-1,4963.0
Uniform1-5000_Seed191_J150_M75,"[0.000735, 0.915557]",75,150,0.1,max_proc,lowest_lower_bound,NO_PROFILING,all_to_shortest,greedy,7109,731,2001,47.56292629241944,0.2342551695034463,False,5443.68,75,-1,5443.68
Uniform1-5000_Seed191_J150_M75,"[0.000735, 0.915557]",75,150,0.05,max_proc,lowest_lower_bound,PRUNE,all_to_shortest,greedy,6324,105,105,2.488816976547241,0.1392030360531309,True,5883.0,96,-1,5443.68
Uniform1-5000_Seed192_J150_M75,"[0.006667, 0.896435]",75,150,0.1,max_proc,lowest_lower_bound,NO_PROFILING,all_to_shortest,greedy,6982,941,2001,44.65038228034973,0.2051331996562589,False,5549.76,75,-1,5549.76
Uniform1-5000_Seed192_J150_M75,"[0.006667, 0.896435]",75,150,0.05,max_proc,lowest_lower_bound,PRUNE,all_to_shortest,greedy,6433,656,656,17.59881019592285,0.1372983056116896,True,5966.0,100,-1,5549.76
Uniform1-5000_Seed193_J150_M75,"[0.002156, 0.978599]",75,150,0.1,max_proc,lowest_lower_bound,NO_PROFILING,all_to_shortest,greedy,6360,90,2001,45.637927293777466,0.197607966457023,False,5103.213333333333,89,-1,5103.213333333333
Uniform1-5000_Seed193_J150_M75,"[0.002156, 0.978599]",75,150,0.05,max_proc,lowest_lower_bound,PRUNE,all_to_shortest,greedy,6105,735,2001,47.455551624298096,0.1640928200928201,False,5225.0,103,-1,5103.213333333333
Uniform1-5000_Seed194_J150_M75,"[0.001113, 0.923475]",75,150,0.1,max_proc,lowest_lower_bound,NO_PROFILING,all_to_shortest,greedy,6748,1309,2001,45.88040471076965,0.2013297767239676,False,5389.426666666666,75,-1,5389.426666666666
Uniform1-5000_Seed194_J150_M75,"[0.001113, 0.923475]",75,150,0.05,max_proc,lowest_lower_bound,PRUNE,all_to_shortest,greedy,6171,1800,1800,45.031049489974976,0.1266526224814995,True,5684.0,101,-1,5389.426666666666
Uniform1-5000_Seed195_J150_M75,"[0.011871, 0.968552]",75,150,0.1,max_proc,lowest_lower_bound,NO_PROFILING,all_to_shortest,greedy,6536,66,2001,47.66246867179871,0.2138004895960831,False,5138.6,75,-1,5138.6
Uniform1-5000_Seed195_J150_M75,"[0.011871, 0.968552]",75,150,0.05,max_proc,lowest_lower_bound,PRUNE,all_to_shortest,greedy,6086,107,107,2.47664213180542,0.1556687479461057,True,5546.0,95,-1,5138.6
Uniform1-5000_Seed196_J150_M75,"[0.011423, 0.934975]",75,150,0.1,max_proc,lowest_lower_bound,NO_PROFILING,all_to_shortest,greedy,6561,580,2001,44.54127764701843,0.1994289488390996,False,5252.546666666667,79,-1,5252.546666666667
Uniform1-5000_Seed196_J150_M75,"[0.011423, 0.934975]",75,150,0.05,max_proc,lowest_lower_bound,PRUNE,all_to_shortest,greedy,6113,359,2001,50.18797445297241,0.1407579475434865,False,5386.0,99,-1,5252.546666666667
Uniform1-5000_Seed197_J150_M75,"[0.003559, 0.934686]",75,150,0.1,max_proc,lowest_lower_bound,NO_PROFILING,all_to_shortest,greedy,6986,1034,2001,48.15321207046509,0.235801126061647,False,5338.693333333334,75,-1,5338.693333333334
Uniform1-5000_Seed197_J150_M75,"[0.003559, 0.934686]",75,150,0.05,max_proc,lowest_lower_bound,PRUNE,all_to_shortest,greedy,6274,107,107,2.449180126190185,0.1490766124747635,True,5723.0,97,-1,5338.693333333334
Uniform1-5000_Seed198_J150_M75,"[0.010426, 0.993437]",75,150,0.1,max_proc,lowest_lower_bound,NO_PROFILING,all_to_shortest,greedy,6345,547,2001,49.621641635894775,0.2139112161807196,False,4987.733333333334,84,-1,4987.733333333334
Uniform1-5000_Seed198_J150_M75,"[0.010426, 0.993437]",75,150,0.05,max_proc,lowest_lower_bound,PRUNE,all_to_shortest,greedy,6365,257,2001,51.82839298248291,0.216381251636554,False,5183.0,87,-1,4987.733333333334
Uniform1-5000_Seed199_J150_M75,"[0.000775, 0.953885]",75,150,0.1,max_proc,lowest_lower_bound,NO_PROFILING,all_to_shortest,greedy,6654,365,2001,46.897589445114136,0.2239034164913335,False,5164.1466666666665,76,-1,5164.1466666666665
Uniform1-5000_Seed199_J150_M75,"[0.000775, 0.953885]",75,150,0.05,max_proc,lowest_lower_bound,PRUNE,all_to_shortest,greedy,6104,693,2001,47.16292500495911,0.1539733508082132,False,5355.0,93,-1,5164.1466666666665
Uniform1-5000_Seed200_J150_M75,"[0.003611, 1.000000]",75,150,0.1,max_proc,lowest_lower_bound,NO_PROFILING,all_to_shortest,greedy,5422,99,99,2.1674318313598637,0.0805975654739948,True,4985.0,97,-1,4985.0
Uniform1-5000_Seed200_J150_M75,"[0.003611, 1.000000]",75,150,0.05,max_proc,lowest_lower_bound,PRUNE,all_to_shortest,greedy,5588,973,2001,47.40851879119873,0.1079098067287043,False,4985.0,105,-1,4985.0
Uniform1-5000_Seed101_J200_M100,"[0.004434, 0.956095]",100,200,0.1,max_proc,lowest_lower_bound,NO_PROFILING,all_to_shortest,greedy,6395,258,2001,108.24565744400024,0.1887771696637998,False,5187.77,112,-1,5187.77
Uniform1-5000_Seed101_J200_M100,"[0.004434, 0.956095]",100,200,0.05,max_proc,lowest_lower_bound,PRUNE,all_to_shortest,greedy,6361,1370,2001,120.66685509681702,0.1844411256091808,False,5265.0,121,-1,5187.77
Uniform1-5000_Seed102_J200_M100,"[0.015462, 0.999229]",100,200,0.1,max_proc,lowest_lower_bound,NO_PROFILING,all_to_shortest,greedy,6097,1693,2001,102.61619973182678,0.183231097260948,False,4979.84,108,-1,4979.84
Uniform1-5000_Seed102_J200_M100,"[0.015462, 0.999229]",100,200,0.05,max_proc,lowest_lower_bound,PRUNE,all_to_shortest,greedy,5638,1929,1929,94.7031228542328,0.1167364313586377,True,5116.0,152,-1,4979.84
Uniform1-5000_Seed103_J200_M100,"[0.002206, 1.000000]",100,200,0.1,max_proc,lowest_lower_bound,NO_PROFILING,all_to_shortest,greedy,5485,117,117,5.19120454788208,0.0907930720145852,True,4987.0,115,-1,4987.0
Uniform1-5000_Seed103_J200_M100,"[0.002206, 1.000000]",100,200,0.05,max_proc,lowest_lower_bound,PRUNE,all_to_shortest,greedy,5459,144,144,6.873090028762817,0.0864627221102766,True,4987.0,142,-1,4987.0
Uniform1-5000_Seed104_J200_M100,"[0.001621, 0.999121]",100,200,0.1,max_proc,lowest_lower_bound,NO_PROFILING,all_to_shortest,greedy,6439,1859,2001,100.96570825576782,0.2333685354868768,False,4936.34,100,-1,4936.34
Uniform1-5000_Seed104_J200_M100,"[0.001621, 0.999121]",100,200,0.05,max_proc,lowest_lower_bound,PRUNE,all_to_shortest,greedy,5741,471,471,22.116616010665894,0.1401602508273819,True,5225.0,127,-1,4936.34
Uniform1-5000_Seed105_J200_M100,"[0.000200, 1.000000]",100,200,0.1,max_proc,lowest_lower_bound,NO_PROFILING,all_to_shortest,greedy,5458,112,112,5.00586462020874,0.0839135214364236,True,5000.0,110,-1,5000.0
Uniform1-5000_Seed105_J200_M100,"[0.000200, 1.000000]",100,200,0.05,max_proc,lowest_lower_bound,PRUNE,all_to_shortest,greedy,5440,150,150,7.479565858840942,0.0808823529411764,True,5000.0,148,-1,5000.0
Uniform1-5000_Seed106_J200_M100,"[0.001200, 1.000000]",100,200,0.1,max_proc,lowest_lower_bound,NO_PROFILING,all_to_shortest,greedy,5614,1674,2001,96.72099232673644,0.1095475596722479,False,4999.0,144,-1,4999.0
Uniform1-5000_Seed106_J200_M100,"[0.001200, 1.000000]",100,200,0.05,max_proc,lowest_lower_bound,PRUNE,all_to_shortest,greedy,5895,280,2001,89.66559386253357,0.1519932145886344,False,4999.0,130,-1,4999.0
Uniform1-5000_Seed107_J200_M100,"[0.000971, 0.950246]",100,200,0.1,max_proc,lowest_lower_bound,NO_PROFILING,all_to_shortest,greedy,6576,1459,2001,99.38805055618286,0.2172916666666666,False,5147.09,100,-1,5147.09
Uniform1-5000_Seed107_J200_M100,"[0.000971, 0.950246]",100,200,0.05,max_proc,lowest_lower_bound,PRUNE,all_to_shortest,greedy,6271,266,2001,110.93797850608826,0.1792234093446021,False,5431.0,120,-1,5147.09
Uniform1-5000_Seed108_J200_M100,"[0.017483, 0.980602]",100,200,0.1,max_proc,lowest_lower_bound,NO_PROFILING,all_to_shortest,greedy,6371,1460,2001,99.4915850162506,0.2009496154449851,False,5090.75,103,-1,5090.75
Uniform1-5000_Seed108_J200_M100,"[0.017483, 0.980602]",100,200,0.05,max_proc,lowest_lower_bound,PRUNE,all_to_shortest,greedy,6246,1281,2001,106.59802103042604,0.1849583733589497,False,5228.0,121,-1,5090.75
Uniform1-5000_Seed109_J200_M100,"[0.000976, 0.965057]",100,200,0.1,max_proc,lowest_lower_bound,NO_PROFILING,all_to_shortest,greedy,6510,662,2001,93.03893661499023,0.2128955453149001,False,5124.05,100,-1,5124.05
Uniform1-5000_Seed109_J200_M100,"[0.000976, 0.965057]",100,200,0.05,max_proc,lowest_lower_bound,PRUNE,all_to_shortest,greedy,6106,134,134,6.56772780418396,0.160817228955126,True,5689.0,126,-1,5124.05
Uniform1-5000_Seed110_J200_M100,"[0.012995, 0.954530]",100,200,0.1,max_proc,lowest_lower_bound,NO_PROFILING,all_to_shortest,greedy,6358,595,2001,103.2334303855896,0.176951871657754,False,5232.94,117,-1,5232.94
Uniform1-5000_Seed110_J200_M100,"[0.012995, 0.954530]",100,200,0.05,max_proc,lowest_lower_bound,PRUNE,all_to_shortest,greedy,6244,984,2001,115.32429122924805,0.1619250480461243,False,5291.0,124,-1,5232.94
Uniform1-5000_Seed111_J200_M100,"[0.015344, 1.000000]",100,200,0.1,max_proc,lowest_lower_bound,NO_PROFILING,all_to_shortest,greedy,5404,137,137,6.374093055725098,0.0834566987416728,True,4953.0,135,-1,4953.0
Uniform1-5000_Seed111_J200_M100,"[0.015344, 1.000000]",100,200,0.05,max_proc,lowest_lower_bound,PRUNE,all_to_shortest,greedy,5411,153,153,7.60845136642456,0.0846423951210497,True,4953.0,151,-1,4953.0
Uniform1-5000_Seed112_J200_M100,"[0.000201, 1.000000]",100,200,0.1,max_proc,lowest_lower_bound,NO_PROFILING,all_to_shortest,greedy,6240,1825,2001,95.96834802627563,0.2011217948717948,False,4985.0,108,-1,4985.0
Uniform1-5000_Seed112_J200_M100,"[0.000201, 1.000000]",100,200,0.05,max_proc,lowest_lower_bound,PRUNE,all_to_shortest,greedy,5589,700,700,35.57800221443176,0.1080694220790839,True,5077.0,141,-1,4985.0
Uniform1-5000_Seed113_J200_M100,"[0.002200, 1.000000]",100,200,0.1,max_proc,lowest_lower_bound,NO_PROFILING,all_to_shortest,greedy,6312,1822,2001,91.85377645492554,0.2078580481622306,False,5000.0,100,-1,5000.0
Uniform1-5000_Seed113_J200_M100,"[0.002200, 1.000000]",100,200,0.05,max_proc,lowest_lower_bound,PRUNE,all_to_shortest,greedy,5572,151,151,7.368929624557495,0.1026561378320172,True,5335.0,131,-1,5000.0
Uniform1-5000_Seed114_J200_M100,"[0.007204, 1.000000]",100,200,0.1,max_proc,lowest_lower_bound,NO_PROFILING,all_to_shortest,greedy,5399,115,115,5.196362733840942,0.0744582330061122,True,4997.0,113,-1,4997.0
Uniform1-5000_Seed114_J200_M100,"[0.007204, 1.000000]",100,200,0.05,max_proc,lowest_lower_bound,PRUNE,all_to_shortest,greedy,5458,118,118,5.494619131088257,0.0844631733235617,True,4997.0,116,-1,4997.0
Uniform1-5000_Seed115_J200_M100,"[0.001197, 0.997335]",100,200,0.1,max_proc,lowest_lower_bound,NO_PROFILING,all_to_shortest,greedy,6275,1578,2001,94.67891454696657,0.2012175298804781,False,5012.36,102,-1,5012.36
Uniform1-5000_Seed115_J200_M100,"[0.001197, 0.997335]",100,200,0.05,max_proc,lowest_lower_bound,PRUNE,all_to_shortest,greedy,6074,526,2001,108.74915170669556,0.1747843266381298,False,5137.0,122,-1,5012.36
Uniform1-5000_Seed116_J200_M100,"[0.001681, 0.933911]",100,200,0.1,max_proc,lowest_lower_bound,NO_PROFILING,all_to_shortest,greedy,6692,274,2001,101.79420900344849,0.1999656306037059,False,5353.83,100,-1,5353.83
Uniform1-5000_Seed116_J200_M100,"[0.001681, 0.933911]",100,200,0.05,max_proc,lowest_lower_bound,PRUNE,all_to_shortest,greedy,6665,508,2001,121.67816853523254,0.1967246811702926,False,5507.0,121,-1,5353.83
Uniform1-5000_Seed117_J200_M100,"[0.001803, 1.000000]",100,200,0.1,max_proc,lowest_lower_bound,NO_PROFILING,all_to_shortest,greedy,5360,137,137,6.660323619842529,0.0684701492537313,True,4993.0,135,-1,4993.0
Uniform1-5000_Seed117_J200_M100,"[0.001803, 1.000000]",100,200,0.05,max_proc,lowest_lower_bound,PRUNE,all_to_shortest,greedy,5500,139,139,6.94779372215271,0.0921818181818181,True,4993.0,137,-1,4993.0
Uniform1-5000_Seed118_J200_M100,"[0.003821, 1.000000]",100,200,0.1,max_proc,lowest_lower_bound,NO_PROFILING,all_to_shortest,greedy,5437,138,138,6.413070917129517,0.0855251057568512,True,4972.0,136,-1,4972.0
Uniform1-5000_Seed118_J200_M100,"[0.003821, 1.000000]",100,200,0.05,max_proc,lowest_lower_bound,PRUNE,all_to_shortest,greedy,5466,182,182,8.91047739982605,0.0903768752286864,True,4972.0,150,-1,4972.0
Uniform1-5000_Seed119_J200_M100,"[0.000591, 0.980917]",100,200,0.1,max_proc,lowest_lower_bound,NO_PROFILING,all_to_shortest,greedy,6513,320,2001,102.49888586997986,0.2205005373867649,False,5076.88,105,-1,5076.88
Uniform1-5000_Seed119_J200_M100,"[0.000591, 0.980917]",100,200,0.05,max_proc,lowest_lower_bound,PRUNE,all_to_shortest,greedy,6352,234,2001,114.70586657524107,0.2007430730478589,False,5218.0,119,-1,5076.88
Uniform1-5000_Seed120_J200_M100,"[0.002160, 0.980177]",100,200,0.1,max_proc,lowest_lower_bound,NO_PROFILING,all_to_shortest,greedy,6724,348,2001,109.07967805862428,0.2425698988697204,False,5092.96,100,-1,5092.96
Uniform1-5000_Seed120_J200_M100,"[0.002160, 0.980177]",100,200,0.05,max_proc,lowest_lower_bound,PRUNE,all_to_shortest,greedy,6128,129,129,6.407992601394653,0.1689033942558746,True,5650.0,127,-1,5092.96
Uniform1-5000_Seed121_J200_M100,"[0.002800, 1.000000]",100,200,0.1,max_proc,lowest_lower_bound,NO_PROFILING,all_to_shortest,greedy,5460,146,146,6.836562871932983,0.0842490842490842,True,5000.0,144,-1,5000.0
Uniform1-5000_Seed121_J200_M100,"[0.002800, 1.000000]",100,200,0.05,max_proc,lowest_lower_bound,PRUNE,all_to_shortest,greedy,5460,148,148,7.254212379455566,0.0842490842490842,True,5000.0,146,-1,5000.0
Uniform1-5000_Seed122_J200_M100,"[0.010456, 1.000000]",100,200,0.1,max_proc,lowest_lower_bound,NO_PROFILING,all_to_shortest,greedy,6245,1288,2001,102.64295363426208,0.2036829463570856,False,4973.0,103,-1,4973.0
Uniform1-5000_Seed122_J200_M100,"[0.010456, 1.000000]",100,200,0.05,max_proc,lowest_lower_bound,PRUNE,all_to_shortest,greedy,5579,162,162,8.20992112159729,0.1086216167772002,True,5067.0,150,-1,4973.0
Uniform1-5000_Seed123_J200_M100,"[0.003547, 0.977228]",100,200,0.1,max_proc,lowest_lower_bound,NO_PROFILING,all_to_shortest,greedy,6590,1024,2001,101.22484469413756,0.2299605462822457,False,5074.56,100,-1,5074.56
Uniform1-5000_Seed123_J200_M100,"[0.003547, 0.977228]",100,200,0.05,max_proc,lowest_lower_bound,PRUNE,all_to_shortest,greedy,5905,253,253,12.533147096633911,0.1406333615580016,True,5376.0,128,-1,5074.56
Uniform1-5000_Seed124_J200_M100,"[0.005477, 1.000000]",100,200,0.1,max_proc,lowest_lower_bound,NO_PROFILING,all_to_shortest,greedy,5414,132,132,6.03816294670105,0.0893978574067233,True,4930.0,130,-1,4930.0
Uniform1-5000_Seed124_J200_M100,"[0.005477, 1.000000]",100,200,0.05,max_proc,lowest_lower_bound,PRUNE,all_to_shortest,greedy,5432,151,151,7.460699796676636,0.0924153166421207,True,4930.0,149,-1,4930.0
Uniform1-5000_Seed125_J200_M100,"[0.003148, 0.924436]",100,200,0.1,max_proc,lowest_lower_bound,NO_PROFILING,all_to_shortest,greedy,6960,1491,2001,107.1939868927002,0.2241307471264367,False,5400.05,100,-1,5400.05
Uniform1-5000_Seed125_J200_M100,"[0.003148, 0.924436]",100,200,0.05,max_proc,lowest_lower_bound,PRUNE,all_to_shortest,greedy,6234,162,162,8.157987594604492,0.1337744626243182,True,5711.0,140,-1,5400.05
Uniform1-5000_Seed126_J200_M100,"[0.000805, 1.000000]",100,200,0.1,max_proc,lowest_lower_bound,NO_PROFILING,all_to_shortest,greedy,5721,1227,2001,88.68869471549988,0.1317951407096661,False,4967.0,112,-1,4967.0
Uniform1-5000_Seed126_J200_M100,"[0.000805, 1.000000]",100,200,0.05,max_proc,lowest_lower_bound,PRUNE,all_to_shortest,greedy,5337,320,320,15.231728076934814,0.0693273374554993,True,4973.0,138,-1,4967.0
Uniform1-5000_Seed127_J200_M100,"[0.007282, 0.983601]",100,200,0.1,max_proc,lowest_lower_bound,NO_PROFILING,all_to_shortest,greedy,6486,1571,2001,98.12064909934998,0.2165695343817453,False,5081.33,100,-1,5081.33
Uniform1-5000_Seed127_J200_M100,"[0.007282, 0.983601]",100,200,0.05,max_proc,lowest_lower_bound,PRUNE,all_to_shortest,greedy,6528,294,2001,116.35038781166077,0.221609987745098,False,5397.0,114,-1,5081.33
Uniform1-5000_Seed128_J200_M100,"[0.004039, 1.000000]",100,200,0.1,max_proc,lowest_lower_bound,NO_PROFILING,all_to_shortest,greedy,5304,130,130,6.130991697311401,0.0663650075414781,True,4952.0,128,-1,4952.0
Uniform1-5000_Seed128_J200_M100,"[0.004039, 1.000000]",100,200,0.05,max_proc,lowest_lower_bound,PRUNE,all_to_shortest,greedy,5343,136,136,6.734112977981567,0.0731798615010293,True,4952.0,134,-1,4952.0
Uniform1-5000_Seed129_J200_M100,"[0.004095, 0.971807]",100,200,0.1,max_proc,lowest_lower_bound,NO_PROFILING,all_to_shortest,greedy,6692,211,2001,99.88607120513916,0.2336237298266587,False,5128.59,100,-1,5128.59
Uniform1-5000_Seed129_J200_M100,"[0.004095, 0.971807]",100,200,0.05,max_proc,lowest_lower_bound,PRUNE,all_to_shortest,greedy,5778,136,136,6.856010675430298,0.1123935617860851,True,5435.0,134,-1,5128.59
Uniform1-5000_Seed130_J200_M100,"[0.010011, 0.924913]",100,200,0.1,max_proc,lowest_lower_bound,NO_PROFILING,all_to_shortest,greedy,6998,1403,2001,108.0730800628662,0.2292054872820805,False,5394.02,100,-1,5394.02
Uniform1-5000_Seed130_J200_M100,"[0.010011, 0.924913]",100,200,0.05,max_proc,lowest_lower_bound,PRUNE,all_to_shortest,greedy,6213,189,189,9.471129655838013,0.131817157572831,True,5781.0,130,-1,5394.02
Uniform1-5000_Seed131_J200_M100,"[0.013029, 1.000000]",100,200,0.1,max_proc,lowest_lower_bound,NO_PROFILING,all_to_shortest,greedy,5655,1389,2001,94.6007936000824,0.1177718832891246,False,4989.0,143,-1,4989.0
Uniform1-5000_Seed131_J200_M100,"[0.013029, 1.000000]",100,200,0.05,max_proc,lowest_lower_bound,PRUNE,all_to_shortest,greedy,6056,1976,2001,93.56127190589903,0.1761889035667107,False,4989.0,124,-1,4989.0
Uniform1-5000_Seed132_J200_M100,"[0.001785, 0.987384]",100,200,0.1,max_proc,lowest_lower_bound,NO_PROFILING,all_to_shortest,greedy,6292,1948,2001,97.78484082221983,0.1985664335664335,False,5042.62,114,-1,5042.62
Uniform1-5000_Seed132_J200_M100,"[0.001785, 0.987384]",100,200,0.05,max_proc,lowest_lower_bound,PRUNE,all_to_shortest,greedy,6118,1658,2001,110.7648627758026,0.1757731284733573,False,5131.0,119,-1,5042.62
Uniform1-5000_Seed133_J200_M100,"[0.001200, 1.000000]",100,200,0.1,max_proc,lowest_lower_bound,NO_PROFILING,all_to_shortest,greedy,5482,118,118,5.428427219390869,0.0879241152863918,True,5000.0,116,-1,5000.0
Uniform1-5000_Seed133_J200_M100,"[0.001200, 1.000000]",100,200,0.05,max_proc,lowest_lower_bound,PRUNE,all_to_shortest,greedy,5460,126,126,6.134469032287598,0.0842490842490842,True,5000.0,124,-1,5000.0
Uniform1-5000_Seed134_J200_M100,"[0.010746, 1.000000]",100,200,0.1,max_proc,lowest_lower_bound,NO_PROFILING,all_to_shortest,greedy,5307,132,132,6.220104455947876,0.0706613906161673,True,4932.0,130,-1,4932.0
Uniform1-5000_Seed134_J200_M100,"[0.010746, 1.000000]",100,200,0.05,max_proc,lowest_lower_bound,PRUNE,all_to_shortest,greedy,5411,146,146,7.2856409549713135,0.0885233783034559,True,4932.0,131,-1,4932.0
Uniform1-5000_Seed135_J200_M100,"[0.010918, 0.946262]",100,200,0.1,max_proc,lowest_lower_bound,NO_PROFILING,all_to_shortest,greedy,6675,1178,2001,104.46255731582642,0.2178966292134831,False,5220.54,100,-1,5220.54
Uniform1-5000_Seed135_J200_M100,"[0.010918, 0.946262]",100,200,0.05,max_proc,lowest_lower_bound,PRUNE,all_to_shortest,greedy,6326,1821,2001,101.44068169593812,0.1747486563389187,False,5358.0,124,-1,5220.54
Uniform1-5000_Seed136_J200_M100,"[0.002419, 1.000000]",100,200,0.1,max_proc,lowest_lower_bound,NO_PROFILING,all_to_shortest,greedy,6209,1660,2001,103.67720222473145,0.2011596070220647,False,4960.0,102,-1,4960.0
Uniform1-5000_Seed136_J200_M100,"[0.002419, 1.000000]",100,200,0.05,max_proc,lowest_lower_bound,PRUNE,all_to_shortest,greedy,5956,1907,2001,106.72216606140135,0.1672263263935527,False,5056.0,130,-1,4960.0
Uniform1-5000_Seed137_J200_M100,"[0.001604, 0.995119]",100,200,0.1,max_proc,lowest_lower_bound,NO_PROFILING,all_to_shortest,greedy,6357,286,2001,101.9999177455902,0.21529809658644,False,4988.35,107,-1,4988.35
Uniform1-5000_Seed137_J200_M100,"[0.001604, 0.995119]",100,200,0.05,max_proc,lowest_lower_bound,PRUNE,all_to_shortest,greedy,5996,1909,2001,106.78835248947144,0.1680537024683121,False,5080.0,122,-1,4988.35
Uniform1-5000_Seed138_J200_M100,"[0.005500, 1.000000]",100,200,0.1,max_proc,lowest_lower_bound,NO_PROFILING,all_to_shortest,greedy,5891,1282,2001,100.4264006614685,0.1666949584111356,False,4909.0,118,-1,4909.0
Uniform1-5000_Seed138_J200_M100,"[0.005500, 1.000000]",100,200,0.05,max_proc,lowest_lower_bound,PRUNE,all_to_shortest,greedy,5829,454,2001,101.32454228401184,0.1578315319951964,False,4982.0,123,-1,4909.0
Uniform1-5000_Seed139_J200_M100,"[0.005838, 0.961774]",100,200,0.1,max_proc,lowest_lower_bound,NO_PROFILING,all_to_shortest,greedy,6669,1604,2001,109.26942610740662,0.2295066726645674,False,5138.42,100,-1,5138.42
Uniform1-5000_Seed139_J200_M100,"[0.005838, 0.961774]",100,200,0.05,max_proc,lowest_lower_bound,PRUNE,all_to_shortest,greedy,6086,256,2001,102.11534094810486,0.1556983240223463,False,5286.0,134,-1,5138.42
Uniform1-5000_Seed140_J200_M100,"[0.000811, 1.000000]",100,200,0.1,max_proc,lowest_lower_bound,NO_PROFILING,all_to_shortest,greedy,5385,143,143,6.651839256286621,0.083936861652739,True,4933.0,141,-1,4933.0
Uniform1-5000_Seed140_J200_M100,"[0.000811, 1.000000]",100,200,0.05,max_proc,lowest_lower_bound,PRUNE,all_to_shortest,greedy,5381,559,559,25.342712879180908,0.083255900390262,True,4933.0,150,-1,4933.0
Uniform1-5000_Seed141_J200_M100,"[0.009406, 1.000000]",100,200,0.1,max_proc,lowest_lower_bound,NO_PROFILING,all_to_shortest,greedy,5473,413,413,19.523754835128784,0.08697241001279,True,4997.0,160,-1,4997.0
Uniform1-5000_Seed141_J200_M100,"[0.009406, 1.000000]",100,200,0.05,max_proc,lowest_lower_bound,PRUNE,all_to_shortest,greedy,5871,875,2001,112.02104783058168,0.1488673139158576,False,4997.0,130,-1,4997.0
Uniform1-5000_Seed142_J200_M100,"[0.003263, 0.958364]",100,200,0.1,max_proc,lowest_lower_bound,NO_PROFILING,all_to_shortest,greedy,6403,684,2001,103.6801028251648,0.186331407152897,False,5209.92,120,-1,5209.92
Uniform1-5000_Seed142_J200_M100,"[0.003263, 0.958364]",100,200,0.05,max_proc,lowest_lower_bound,PRUNE,all_to_shortest,greedy,6308,910,2001,110.04176807403564,0.1740773620798985,False,5320.0,124,-1,5209.92
Uniform1-5000_Seed143_J200_M100,"[0.006005, 1.000000]",100,200,0.1,max_proc,lowest_lower_bound,NO_PROFILING,all_to_shortest,greedy,6226,882,2001,100.73894238471983,0.1975586251204625,False,4996.0,102,-1,4996.0
Uniform1-5000_Seed143_J200_M100,"[0.006005, 1.000000]",100,200,0.05,max_proc,lowest_lower_bound,PRUNE,all_to_shortest,greedy,6100,114,2001,115.3795211315155,0.180983606557377,False,5203.0,121,-1,4996.0
Uniform1-5000_Seed144_J200_M100,"[0.001409, 1.000000]",100,200,0.1,max_proc,lowest_lower_bound,NO_PROFILING,all_to_shortest,greedy,6249,745,2001,98.751229763031,0.2051528244519123,False,4967.0,100,-1,4967.0
Uniform1-5000_Seed144_J200_M100,"[0.001409, 1.000000]",100,200,0.05,max_proc,lowest_lower_bound,PRUNE,all_to_shortest,greedy,6273,453,2001,111.36849665641785,0.2081938466443487,False,5198.0,117,-1,4967.0
Uniform1-5000_Seed145_J200_M100,"[0.003423, 1.000000]",100,200,0.1,max_proc,lowest_lower_bound,NO_PROFILING,all_to_shortest,greedy,5438,144,144,6.880842447280884,0.0866127252666421,True,4967.0,142,-1,4967.0
Uniform1-5000_Seed145_J200_M100,"[0.003423, 1.000000]",100,200,0.05,max_proc,lowest_lower_bound,PRUNE,all_to_shortest,greedy,5706,1694,2001,99.5140631198883,0.1295127935506484,False,4997.0,133,-1,4967.0
Uniform1-5000_Seed146_J200_M100,"[0.000602, 1.000000]",100,200,0.1,max_proc,lowest_lower_bound,NO_PROFILING,all_to_shortest,greedy,5471,137,137,6.3472161293029785,0.0891975872783769,True,4983.0,135,-1,4983.0
Uniform1-5000_Seed146_J200_M100,"[0.000602, 1.000000]",100,200,0.05,max_proc,lowest_lower_bound,PRUNE,all_to_shortest,greedy,5488,153,153,7.357076168060303,0.0920189504373177,True,4983.0,151,-1,4983.0
Uniform1-5000_Seed147_J200_M100,"[0.002209, 1.000000]",100,200,0.1,max_proc,lowest_lower_bound,NO_PROFILING,all_to_shortest,greedy,6311,1615,2001,104.67780375480652,0.2110600538741879,False,4979.0,100,-1,4979.0
Uniform1-5000_Seed147_J200_M100,"[0.002209, 1.000000]",100,200,0.05,max_proc,lowest_lower_bound,PRUNE,all_to_shortest,greedy,5549,440,440,21.5298810005188,0.1027212110290142,True,5070.0,150,-1,4979.0
Uniform1-5000_Seed148_J200_M100,"[0.003315, 0.968655]",100,200,0.1,max_proc,lowest_lower_bound,NO_PROFILING,all_to_shortest,greedy,6474,329,2001,101.50100660324097,0.2079502625888168,False,5127.73,104,-1,5127.73
Uniform1-5000_Seed148_J200_M100,"[0.003315, 0.968655]",100,200,0.05,max_proc,lowest_lower_bound,PRUNE,all_to_shortest,greedy,6370,646,2001,118.01102757453918,0.1950188383045526,False,5279.0,120,-1,5127.73
Uniform1-5000_Seed149_J200_M100,"[0.006494, 0.981118]",100,200,0.1,max_proc,lowest_lower_bound,NO_PROFILING,all_to_shortest,greedy,6343,94,2001,99.19716334342957,0.1988081349519155,False,5081.96,100,-1,5081.96
Uniform1-5000_Seed149_J200_M100,"[0.006494, 0.981118]",100,200,0.05,max_proc,lowest_lower_bound,PRUNE,all_to_shortest,greedy,5890,317,317,15.329899787902832,0.1371884550084889,True,5348.0,142,-1,5081.96
Uniform1-5000_Seed150_J200_M100,"[0.002819, 1.000000]",100,200,0.1,max_proc,lowest_lower_bound,NO_PROFILING,all_to_shortest,greedy,5445,132,132,5.920896768569946,0.0879706152433425,True,4966.0,130,-1,4966.0
Uniform1-5000_Seed150_J200_M100,"[0.002819, 1.000000]",100,200,0.05,max_proc,lowest_lower_bound,PRUNE,all_to_shortest,greedy,5427,148,148,7.194601535797119,0.0849456421595725,True,4966.0,146,-1,4966.0
Uniform1-5000_Seed151_J200_M100,"[0.002169, 0.985025]",100,200,0.1,max_proc,lowest_lower_bound,NO_PROFILING,all_to_shortest,greedy,6553,91,2001,108.39774799346924,0.2260109873340455,False,5071.95,100,-1,5071.95
Uniform1-5000_Seed151_J200_M100,"[0.002169, 0.985025]",100,200,0.05,max_proc,lowest_lower_bound,PRUNE,all_to_shortest,greedy,5744,425,425,24.19308829307556,0.117000348189415,True,5221.0,152,-1,5071.95
Uniform1-5000_Seed152_J200_M100,"[0.003307, 0.970887]",100,200,0.1,max_proc,lowest_lower_bound,NO_PROFILING,all_to_shortest,greedy,6673,285,2001,98.75806617736816,0.229632848793646,False,5140.66,100,-1,5140.66
Uniform1-5000_Seed152_J200_M100,"[0.003307, 0.970887]",100,200,0.05,max_proc,lowest_lower_bound,PRUNE,all_to_shortest,greedy,6021,732,732,40.85672545433045,0.1462115927586779,True,5468.0,133,-1,5140.66
Uniform1-5000_Seed153_J200_M100,"[0.003533, 0.976614]",100,200,0.1,max_proc,lowest_lower_bound,NO_PROFILING,all_to_shortest,greedy,6680,563,2001,110.8189606666565,0.2374056886227544,False,5094.13,100,-1,5094.13
Uniform1-5000_Seed153_J200_M100,"[0.003533, 0.976614]",100,200,0.05,max_proc,lowest_lower_bound,PRUNE,all_to_shortest,greedy,5864,169,169,8.482872009277344,0.131287517053206,True,5351.0,143,-1,5094.13
Uniform1-5000_Seed154_J200_M100,"[0.003824, 1.000000]",100,200,0.1,max_proc,lowest_lower_bound,NO_PROFILING,all_to_shortest,greedy,5424,142,142,6.584431409835815,0.084070796460177,True,4968.0,140,-1,4968.0
Uniform1-5000_Seed154_J200_M100,"[0.003824, 1.000000]",100,200,0.05,max_proc,lowest_lower_bound,PRUNE,all_to_shortest,greedy,5414,275,275,13.19860577583313,0.0823790173623938,True,4968.0,151,-1,4968.0
Uniform1-5000_Seed155_J200_M100,"[0.000802, 1.000000]",100,200,0.1,max_proc,lowest_lower_bound,NO_PROFILING,all_to_shortest,greedy,5468,118,118,5.504741907119751,0.0874177029992684,True,4990.0,116,-1,4990.0
Uniform1-5000_Seed155_J200_M100,"[0.000802, 1.000000]",100,200,0.05,max_proc,lowest_lower_bound,PRUNE,all_to_shortest,greedy,5403,129,129,6.284430503845215,0.076439015361836,True,4990.0,127,-1,4990.0
Uniform1-5000_Seed156_J200_M100,"[0.014639, 0.973013]",100,200,0.1,max_proc,lowest_lower_bound,NO_PROFILING,all_to_shortest,greedy,6252,1250,2001,102.61164021492004,0.1805406269993601,False,5123.26,119,-1,5123.26
Uniform1-5000_Seed156_J200_M100,"[0.014639, 0.973013]",100,200,0.05,max_proc,lowest_lower_bound,PRUNE,all_to_shortest,greedy,6321,1859,2001,102.8939254283905,0.189485840847967,False,5150.0,118,-1,5123.26
Uniform1-5000_Seed157_J200_M100,"[0.009832, 0.975093]",100,200,0.1,max_proc,lowest_lower_bound,NO_PROFILING,all_to_shortest,greedy,6528,1208,2001,99.8409652709961,0.2209451593137255,False,5085.67,100,-1,5085.67
Uniform1-5000_Seed157_J200_M100,"[0.009832, 0.975093]",100,200,0.05,max_proc,lowest_lower_bound,PRUNE,all_to_shortest,greedy,5962,255,2001,106.5962176322937,0.1469859107681985,False,5351.0,135,-1,5085.67
Uniform1-5000_Seed158_J200_M100,"[0.002405, 1.000000]",100,200,0.1,max_proc,lowest_lower_bound,NO_PROFILING,all_to_shortest,greedy,6412,1976,2001,99.49057459831238,0.2219276356830942,False,4989.0,100,-1,4989.0
Uniform1-5000_Seed158_J200_M100,"[0.002405, 1.000000]",100,200,0.05,max_proc,lowest_lower_bound,PRUNE,all_to_shortest,greedy,5994,714,2001,95.94831538200378,0.1676676676676676,False,5036.0,129,-1,4989.0
Uniform1-5000_Seed159_J200_M100,"[0.002401, 1.000000]",100,200,0.1,max_proc,lowest_lower_bound,NO_PROFILING,all_to_shortest,greedy,5314,103,103,4.470734357833862,0.0594655626646593,True,4998.0,101,-1,4998.0
Uniform1-5000_Seed159_J200_M100,"[0.002401, 1.000000]",100,200,0.05,max_proc,lowest_lower_bound,PRUNE,all_to_shortest,greedy,5427,108,108,4.923439979553223,0.0790491984521835,True,4998.0,106,-1,4998.0
Uniform1-5000_Seed160_J200_M100,"[0.004319, 0.937028]",100,200,0.1,max_proc,lowest_lower_bound,NO_PROFILING,all_to_shortest,greedy,6921,723,2001,98.91995310783386,0.2305519433607859,False,5325.35,100,-1,5325.35
Uniform1-5000_Seed160_J200_M100,"[0.004319, 0.937028]",100,200,0.05,max_proc,lowest_lower_bound,PRUNE,all_to_shortest,greedy,6553,206,2001,112.07827734947205,0.1873416755684419,False,5724.0,116,-1,5325.35
Uniform1-5000_Seed161_J200_M100,"[0.005361, 0.990478]",100,200,0.1,max_proc,lowest_lower_bound,NO_PROFILING,all_to_shortest,greedy,6329,418,2001,101.16802406311037,0.204305577500395,False,5035.95,105,-1,5035.95
Uniform1-5000_Seed161_J200_M100,"[0.005361, 0.990478]",100,200,0.05,max_proc,lowest_lower_bound,PRUNE,all_to_shortest,greedy,6150,1942,2001,114.87262749671936,0.1811463414634146,False,5183.0,121,-1,5035.95
Uniform1-5000_Seed162_J200_M100,"[0.011439, 1.000000]",100,200,0.1,max_proc,lowest_lower_bound,NO_PROFILING,all_to_shortest,greedy,6349,1844,2001,93.7251193523407,0.2151519924397543,False,4983.0,101,-1,4983.0
Uniform1-5000_Seed162_J200_M100,"[0.011439, 1.000000]",100,200,0.05,max_proc,lowest_lower_bound,PRUNE,all_to_shortest,greedy,5901,949,2001,106.48278999328612,0.1555668530757498,False,5083.0,129,-1,4983.0
Uniform1-5000_Seed163_J200_M100,"[0.005031, 0.922023]",100,200,0.1,max_proc,lowest_lower_bound,NO_PROFILING,all_to_shortest,greedy,7167,1688,2001,110.80894994735718,0.2512264545835077,False,5366.46,100,-1,5366.46
Uniform1-5000_Seed163_J200_M100,"[0.005031, 0.922023]",100,200,0.05,max_proc,lowest_lower_bound,PRUNE,all_to_shortest,greedy,6576,128,128,6.496600389480591,0.1839324817518248,True,5985.0,121,-1,5366.46
Uniform1-5000_Seed164_J200_M100,"[0.007063, 0.928347]",100,200,0.1,max_proc,lowest_lower_bound,NO_PROFILING,all_to_shortest,greedy,6386,781,2001,102.67689108848572,0.1574491074224867,False,5380.53,129,-1,5380.53
Uniform1-5000_Seed164_J200_M100,"[0.007063, 0.928347]",100,200,0.05,max_proc,lowest_lower_bound,PRUNE,all_to_shortest,greedy,6456,130,2001,114.38111901283264,0.1665845724907063,False,5380.53,129,-1,5380.53
Uniform1-5000_Seed165_J200_M100,"[0.002752, 0.978293]",100,200,0.1,max_proc,lowest_lower_bound,NO_PROFILING,all_to_shortest,greedy,6343,555,2001,89.34891676902771,0.1981065741762573,False,5086.41,100,-1,5086.41
Uniform1-5000_Seed165_J200_M100,"[0.002752, 0.978293]",100,200,0.05,max_proc,lowest_lower_bound,PRUNE,all_to_shortest,greedy,5616,192,192,9.55321216583252,0.0943002136752137,True,5237.0,141,-1,5086.41
Uniform1-5000_Seed166_J200_M100,"[0.001169, 0.965786]",100,200,0.1,max_proc,lowest_lower_bound,NO_PROFILING,all_to_shortest,greedy,6591,1087,2001,105.4508547782898,0.2214277044454559,False,5131.57,100,-1,5131.57
Uniform1-5000_Seed166_J200_M100,"[0.001169, 0.965786]",100,200,0.05,max_proc,lowest_lower_bound,PRUNE,all_to_shortest,greedy,6391,113,2001,120.68781447410583,0.1970630574245032,False,5395.0,112,-1,5131.57
Uniform1-5000_Seed167_J200_M100,"[0.001207, 1.000000]",100,200,0.1,max_proc,lowest_lower_bound,NO_PROFILING,all_to_shortest,greedy,5414,143,143,6.820926904678345,0.0818248984115256,True,4971.0,141,-1,4971.0
Uniform1-5000_Seed167_J200_M100,"[0.001207, 1.000000]",100,200,0.05,max_proc,lowest_lower_bound,PRUNE,all_to_shortest,greedy,5448,152,152,7.491837024688721,0.0875550660792951,True,4971.0,149,-1,4971.0
Uniform1-5000_Seed168_J200_M100,"[0.008904, 0.943610]",100,200,0.1,max_proc,lowest_lower_bound,NO_PROFILING,all_to_shortest,greedy,6769,136,2001,114.30669617652892,0.2367661397547643,False,5166.33,100,-1,5166.33
Uniform1-5000_Seed168_J200_M100,"[0.008904, 0.943610]",100,200,0.05,max_proc,lowest_lower_bound,PRUNE,all_to_shortest,greedy,6066,162,162,8.463124752044678,0.1483135509396637,True,5520.0,129,-1,5166.33
Uniform1-5000_Seed169_J200_M100,"[0.000401, 1.000000]",100,200,0.1,max_proc,lowest_lower_bound,NO_PROFILING,all_to_shortest,greedy,5423,128,128,5.748126983642578,0.0798451041858749,True,4990.0,126,-1,4990.0
Uniform1-5000_Seed169_J200_M100,"[0.000401, 1.000000]",100,200,0.05,max_proc,lowest_lower_bound,PRUNE,all_to_shortest,greedy,5425,153,153,7.470753192901611,0.080184331797235,True,4990.0,136,-1,4990.0
Uniform1-5000_Seed170_J200_M100,"[0.001351, 0.962533]",100,200,0.1,max_proc,lowest_lower_bound,NO_PROFILING,all_to_shortest,greedy,6616,652,2001,96.17057085037231,0.2165659008464329,False,5183.2,100,-1,5183.2
Uniform1-5000_Seed170_J200_M100,"[0.001351, 0.962533]",100,200,0.05,max_proc,lowest_lower_bound,PRUNE,all_to_shortest,greedy,6567,108,2001,116.3941719532013,0.2107202680067001,False,5502.0,116,-1,5183.2
Uniform1-5000_Seed171_J200_M100,"[0.011063, 0.935673]",100,200,0.1,max_proc,lowest_lower_bound,NO_PROFILING,all_to_shortest,greedy,6761,234,2001,104.6992325782776,0.2112024848395207,False,5333.06,100,-1,5333.06
Uniform1-5000_Seed171_J200_M100,"[0.011063, 0.935673]",100,200,0.05,max_proc,lowest_lower_bound,PRUNE,all_to_shortest,greedy,6611,126,126,6.435670137405396,0.1933050975646648,True,6022.0,121,-1,5333.06
Uniform1-5000_Seed172_J200_M100,"[0.002638, 0.940499]",100,200,0.1,max_proc,lowest_lower_bound,NO_PROFILING,all_to_shortest,greedy,6777,351,2001,106.84554767608644,0.216945551128818,False,5306.76,100,-1,5306.76
Uniform1-5000_Seed172_J200_M100,"[0.002638, 0.940499]",100,200,0.05,max_proc,lowest_lower_bound,PRUNE,all_to_shortest,greedy,6471,129,2001,112.92844748497008,0.1799165507649512,False,5571.0,130,-1,5306.76
Uniform1-5000_Seed173_J200_M100,"[0.011693, 0.987789]",100,200,0.1,max_proc,lowest_lower_bound,NO_PROFILING,all_to_shortest,greedy,5982,200,2001,98.86741971969604,0.1565346038114343,False,5045.61,129,-1,5045.61
Uniform1-5000_Seed173_J200_M100,"[0.011693, 0.987789]",100,200,0.05,max_proc,lowest_lower_bound,PRUNE,all_to_shortest,greedy,6061,296,2001,113.03870558738708,0.1675284606500578,False,5045.61,129,-1,5045.61
Uniform1-5000_Seed174_J200_M100,"[0.001389, 0.990034]",100,200,0.1,max_proc,lowest_lower_bound,NO_PROFILING,all_to_shortest,greedy,6629,1554,2001,107.85204100608826,0.2398219942676119,False,5039.22,100,-1,5039.22
Uniform1-5000_Seed174_J200_M100,"[0.001389, 0.990034]",100,200,0.05,max_proc,lowest_lower_bound,PRUNE,all_to_shortest,greedy,5774,145,145,7.421079874038696,0.1272566678212677,True,5306.0,136,-1,5039.22
Uniform1-5000_Seed175_J200_M100,"[0.014588, 0.977622]",100,200,0.1,max_proc,lowest_lower_bound,NO_PROFILING,all_to_shortest,greedy,6416,646,2001,100.72696661949158,0.2200779301745636,False,5003.98,100,-1,5003.98
Uniform1-5000_Seed175_J200_M100,"[0.014588, 0.977622]",100,200,0.05,max_proc,lowest_lower_bound,PRUNE,all_to_shortest,greedy,5849,127,127,6.282987117767334,0.1444725594118653,True,5328.0,125,-1,5003.98
Uniform1-5000_Seed176_J200_M100,"[0.009189, 0.998752]",100,200,0.1,max_proc,lowest_lower_bound,NO_PROFILING,all_to_shortest,greedy,6326,461,2001,105.12346959114076,0.2086231425861524,False,5006.25,104,-1,5006.25
Uniform1-5000_Seed176_J200_M100,"[0.009189, 0.998752]",100,200,0.05,max_proc,lowest_lower_bound,PRUNE,all_to_shortest,greedy,6213,1666,2001,115.87782406806946,0.1942298406566875,False,5147.0,118,-1,5006.25
Uniform1-5000_Seed177_J200_M100,"[0.003225, 1.000000]",100,200,0.1,max_proc,lowest_lower_bound,NO_PROFILING,all_to_shortest,greedy,5880,183,2001,99.623925447464,0.1561224489795918,False,4962.0,128,-1,4962.0
Uniform1-5000_Seed177_J200_M100,"[0.003225, 1.000000]",100,200,0.05,max_proc,lowest_lower_bound,PRUNE,all_to_shortest,greedy,5905,154,2001,113.50722908973694,0.1596951735817104,False,4962.0,120,-1,4962.0
Uniform1-5000_Seed178_J200_M100,"[0.004138, 0.939498]",100,200,0.1,max_proc,lowest_lower_bound,NO_PROFILING,all_to_shortest,greedy,6786,221,2001,94.3962984085083,0.2165237253168287,False,5316.67,100,-1,5316.67
Uniform1-5000_Seed178_J200_M100,"[0.004138, 0.939498]",100,200,0.05,max_proc,lowest_lower_bound,PRUNE,all_to_shortest,greedy,6248,135,135,6.7919981479644775,0.1490604993597951,True,5730.0,131,-1,5316.67
Uniform1-5000_Seed179_J200_M100,"[0.004842, 1.000000]",100,200,0.1,max_proc,lowest_lower_bound,NO_PROFILING,all_to_shortest,greedy,5448,138,138,6.592341899871826,0.0901248164464023,True,4957.0,136,-1,4957.0
Uniform1-5000_Seed179_J200_M100,"[0.004842, 1.000000]",100,200,0.05,max_proc,lowest_lower_bound,PRUNE,all_to_shortest,greedy,5409,178,178,9.005514860153198,0.0835644296542799,True,4957.0,152,-1,4957.0
Uniform1-5000_Seed180_J200_M100,"[0.000577, 0.959158]",100,200,0.1,max_proc,lowest_lower_bound,NO_PROFILING,all_to_shortest,greedy,6660,1995,2001,95.02017259597778,0.2193168168168167,False,5199.35,100,-1,5199.35
Uniform1-5000_Seed180_J200_M100,"[0.000577, 0.959158]",100,200,0.05,max_proc,lowest_lower_bound,PRUNE,all_to_shortest,greedy,6054,133,133,6.498050212860107,0.1411711265279153,True,5588.0,121,-1,5199.35
Uniform1-5000_Seed181_J200_M100,"[0.003776, 0.991807]",100,200,0.1,max_proc,lowest_lower_bound,NO_PROFILING,all_to_shortest,greedy,5814,444,2001,101.13714218139648,0.1344633642930857,False,5032.23,142,-1,5032.23
Uniform1-5000_Seed181_J200_M100,"[0.003776, 0.991807]",100,200,0.05,max_proc,lowest_lower_bound,PRUNE,all_to_shortest,greedy,5950,172,2001,113.97205090522766,0.1542470588235295,False,5032.23,136,-1,5032.23
Uniform1-5000_Seed182_J200_M100,"[0.012232, 1.000000]",100,200,0.1,max_proc,lowest_lower_bound,NO_PROFILING,all_to_shortest,greedy,5439,140,140,6.699625015258789,0.0831035116749402,True,4987.0,138,-1,4987.0
Uniform1-5000_Seed182_J200_M100,"[0.012232, 1.000000]",100,200,0.05,max_proc,lowest_lower_bound,PRUNE,all_to_shortest,greedy,5480,148,148,7.327855110168457,0.089963503649635,True,4987.0,146,-1,4987.0
Uniform1-5000_Seed183_J200_M100,"[0.003627, 1.000000]",100,200,0.1,max_proc,lowest_lower_bound,NO_PROFILING,all_to_shortest,greedy,5423,98,98,4.234875679016113,0.0848238982113221,True,4963.0,96,-1,4963.0
Uniform1-5000_Seed183_J200_M100,"[0.003627, 1.000000]",100,200,0.05,max_proc,lowest_lower_bound,PRUNE,all_to_shortest,greedy,5466,102,102,4.646271467208862,0.0920234174899378,True,4963.0,100,-1,4963.0
Uniform1-5000_Seed184_J200_M100,"[0.006526, 0.958406]",100,200,0.1,max_proc,lowest_lower_bound,NO_PROFILING,all_to_shortest,greedy,6794,731,2001,110.3029088973999,0.2331925228142479,False,5209.69,100,-1,5209.69
Uniform1-5000_Seed184_J200_M100,"[0.006526, 0.958406]",100,200,0.05,max_proc,lowest_lower_bound,PRUNE,all_to_shortest,greedy,6106,189,189,9.914196014404297,0.1467916803144448,True,5565.0,138,-1,5209.69
Uniform1-5000_Seed185_J200_M100,"[0.000600, 1.000000]",100,200,0.1,max_proc,lowest_lower_bound,NO_PROFILING,all_to_shortest,greedy,5639,640,2001,94.60238313674928,0.1138499733995389,False,4997.0,144,-1,4997.0
Uniform1-5000_Seed185_J200_M100,"[0.000600, 1.000000]",100,200,0.05,max_proc,lowest_lower_bound,PRUNE,all_to_shortest,greedy,5644,1289,2001,109.86253261566162,0.1146350106307583,False,5052.0,145,-1,4997.0
Uniform1-5000_Seed186_J200_M100,"[0.000601, 1.000000]",100,200,0.1,max_proc,lowest_lower_bound,NO_PROFILING,all_to_shortest,greedy,6387,1827,2001,94.41160321235655,0.2182558321590731,False,4993.0,100,-1,4993.0
Uniform1-5000_Seed186_J200_M100,"[0.000601, 1.000000]",100,200,0.05,max_proc,lowest_lower_bound,PRUNE,all_to_shortest,greedy,5802,139,139,6.926737308502197,0.1394346776973457,True,5280.0,124,-1,4993.0
Uniform1-5000_Seed187_J200_M100,"[0.003012, 0.940719]",100,200,0.1,max_proc,lowest_lower_bound,NO_PROFILING,all_to_shortest,greedy,6958,799,2001,110.02098298072816,0.236424259844783,False,5312.96,100,-1,5312.96
Uniform1-5000_Seed187_J200_M100,"[0.003012, 0.940719]",100,200,0.05,max_proc,lowest_lower_bound,PRUNE,all_to_shortest,greedy,6089,1048,2001,104.54122352600098,0.1274494990967318,False,5522.0,152,-1,5312.96
Uniform1-5000_Seed188_J200_M100,"[0.009627, 1.000000]",100,200,0.1,max_proc,lowest_lower_bound,NO_PROFILING,all_to_shortest,greedy,5390,111,111,4.9701690673828125,0.0749536178107606,True,4986.0,109,-1,4986.0
Uniform1-5000_Seed188_J200_M100,"[0.009627, 1.000000]",100,200,0.05,max_proc,lowest_lower_bound,PRUNE,all_to_shortest,greedy,5462,130,130,6.294875621795654,0.0871475649945075,True,4986.0,128,-1,4986.0
Uniform1-5000_Seed189_J200_M100,"[0.008226, 1.000000]",100,200,0.1,max_proc,lowest_lower_bound,NO_PROFILING,all_to_shortest,greedy,5947,991,2001,96.79821395874023,0.1619303850681015,False,4984.0,116,-1,4984.0
Uniform1-5000_Seed189_J200_M100,"[0.008226, 1.000000]",100,200,0.05,max_proc,lowest_lower_bound,PRUNE,all_to_shortest,greedy,5629,783,2001,113.8094847202301,0.1145851838692485,False,5016.0,146,-1,4984.0
Uniform1-5000_Seed190_J200_M100,"[0.006246, 1.000000]",100,200,0.1,max_proc,lowest_lower_bound,NO_PROFILING,all_to_shortest,greedy,5458,151,151,7.464973211288452,0.090692561377794,True,4963.0,149,-1,4963.0
Uniform1-5000_Seed190_J200_M100,"[0.006246, 1.000000]",100,200,0.05,max_proc,lowest_lower_bound,PRUNE,all_to_shortest,greedy,5528,379,2001,109.03799986839294,0.1022069464544138,False,4972.0,154,-1,4963.0
Uniform1-5000_Seed191_J200_M100,"[0.000755, 0.941073]",100,200,0.1,max_proc,lowest_lower_bound,NO_PROFILING,all_to_shortest,greedy,6992,440,2001,105.23684930801392,0.2425514874141876,False,5296.08,100,-1,5296.08
Uniform1-5000_Seed191_J200_M100,"[0.000755, 0.941073]",100,200,0.05,max_proc,lowest_lower_bound,PRUNE,all_to_shortest,greedy,6251,138,138,6.948227405548096,0.1527627579587266,True,5717.0,126,-1,5296.08
Uniform1-5000_Seed192_J200_M100,"[0.006877, 0.924675]",100,200,0.1,max_proc,lowest_lower_bound,NO_PROFILING,all_to_shortest,greedy,6831,811,2001,100.60461926460266,0.212374469330991,False,5380.27,100,-1,5380.27
Uniform1-5000_Seed192_J200_M100,"[0.006877, 0.924675]",100,200,0.05,max_proc,lowest_lower_bound,PRUNE,all_to_shortest,greedy,6284,170,170,9.02510690689087,0.1438144493952895,True,5726.0,130,-1,5380.27
Uniform1-5000_Seed193_J200_M100,"[0.002203, 1.000000]",100,200,0.1,max_proc,lowest_lower_bound,NO_PROFILING,all_to_shortest,greedy,6441,852,2001,96.3713402748108,0.2246545567458469,False,4994.0,100,-1,4994.0
Uniform1-5000_Seed193_J200_M100,"[0.002203, 1.000000]",100,200,0.05,max_proc,lowest_lower_bound,PRUNE,all_to_shortest,greedy,5687,1014,2001,104.22546005249023,0.1218568665377176,False,5101.0,145,-1,4994.0
Uniform1-5000_Seed194_J200_M100,"[0.001116, 0.927240]",100,200,0.1,max_proc,lowest_lower_bound,NO_PROFILING,all_to_shortest,greedy,6893,1890,2001,102.06097531318665,0.2202103583345422,False,5375.09,100,-1,5375.09
Uniform1-5000_Seed194_J200_M100,"[0.001116, 0.927240]",100,200,0.05,max_proc,lowest_lower_bound,PRUNE,all_to_shortest,greedy,6638,1738,2001,112.93298292160034,0.190254594757457,False,5673.0,119,-1,5375.09
Uniform1-5000_Seed195_J200_M100,"[0.002756, 0.979802]",100,200,0.1,max_proc,lowest_lower_bound,NO_PROFILING,all_to_shortest,greedy,6696,1347,2001,111.61144185066225,0.2413978494623655,False,5079.6,100,-1,5079.6
Uniform1-5000_Seed195_J200_M100,"[0.002756, 0.979802]",100,200,0.05,max_proc,lowest_lower_bound,PRUNE,all_to_shortest,greedy,5904,142,142,7.115036249160767,0.1396341463414633,True,5458.0,126,-1,5079.6
Uniform1-5000_Seed196_J200_M100,"[0.004828, 0.988191]",100,200,0.1,max_proc,lowest_lower_bound,NO_PROFILING,all_to_shortest,greedy,5768,1967,2001,102.666357755661,0.1382281553398058,False,4970.7,137,-1,4970.7
Uniform1-5000_Seed196_J200_M100,"[0.004828, 0.988191]",100,200,0.05,max_proc,lowest_lower_bound,PRUNE,all_to_shortest,greedy,5915,549,2001,119.3001503944397,0.1596449704142012,False,4970.7,128,-1,4970.7
Uniform1-5000_Seed197_J200_M100,"[0.003612, 0.948496]",100,200,0.1,max_proc,lowest_lower_bound,NO_PROFILING,all_to_shortest,greedy,6632,1800,2001,98.73389959335329,0.2067310012062726,False,5260.96,100,-1,5260.96
Uniform1-5000_Seed197_J200_M100,"[0.003612, 0.948496]",100,200,0.05,max_proc,lowest_lower_bound,PRUNE,all_to_shortest,greedy,6250,150,2001,111.21631002426147,0.1582463999999999,False,5411.0,131,-1,5260.96
Uniform1-5000_Seed198_J200_M100,"[0.000201, 0.999924]",100,200,0.1,max_proc,lowest_lower_bound,NO_PROFILING,all_to_shortest,greedy,6359,1019,2001,108.13892149925232,0.2172700110080201,False,4977.38,112,-1,4977.38
Uniform1-5000_Seed198_J200_M100,"[0.000201, 0.999924]",100,200,0.05,max_proc,lowest_lower_bound,PRUNE,all_to_shortest,greedy,6265,1393,2001,117.02599668502808,0.2055259377494014,False,5104.0,115,-1,4977.38
Uniform1-5000_Seed199_J200_M100,"[0.000769, 0.958041]",100,200,0.1,max_proc,lowest_lower_bound,NO_PROFILING,all_to_shortest,greedy,6648,1252,2001,107.95684671401978,0.2174669073405536,False,5202.28,105,-1,5202.28
Uniform1-5000_Seed199_J200_M100,"[0.000769, 0.958041]",100,200,0.05,max_proc,lowest_lower_bound,PRUNE,all_to_shortest,greedy,6355,385,2001,108.95370960235596,0.1813878835562549,False,5343.0,124,-1,5202.28
Uniform1-5000_Seed200_J200_M100,"[0.003611, 1.000000]",100,200,0.1,max_proc,lowest_lower_bound,NO_PROFILING,all_to_shortest,greedy,5339,131,131,6.056396245956421,0.0663045514141224,True,4985.0,129,-1,4985.0
Uniform1-5000_Seed200_J200_M100,"[0.003611, 1.000000]",100,200,0.05,max_proc,lowest_lower_bound,PRUNE,all_to_shortest,greedy,5489,156,156,7.779168367385864,0.0918200036436509,True,4985.0,152,-1,4985.0
Uniform1-5000_Seed1_J20_M10,"[0.030127, 0.990048]",10,20,0.1,max_proc,lowest_lower_bound,NO_PROFILING,all_to_shortest,greedy,5679,264,2001,0.8574965000152588,0.1525092445853143,False,4812.9,10,-1,4812.9
Uniform1-5000_Seed1_J20_M10,"[0.030127, 0.990048]",10,20,0.05,max_proc,lowest_lower_bound,PRUNE,all_to_shortest,greedy,6192,7,12,0.0041911602020263,0.2227228682170543,True,5660.0,10,-1,4812.9
Uniform1-5000_Seed2_J20_M10,"[0.021704, 0.866251]",10,20,0.1,max_proc,lowest_lower_bound,NO_PROFILING,all_to_shortest,greedy,6429,442,2001,1.1882421970367432,0.10416861098149,False,5759.3,11,-1,5759.3
Uniform1-5000_Seed2_J20_M10,"[0.021704, 0.866251]",10,20,0.05,max_proc,lowest_lower_bound,PRUNE,all_to_shortest,greedy,6876,7,23,0.0104763507843017,0.1624054682955206,True,6351.0,12,-1,5759.3
Uniform1-5000_Seed3_J20_M10,"[0.158241, 0.949043]",10,20,0.1,max_proc,lowest_lower_bound,NO_PROFILING,all_to_shortest,greedy,5884,66,2001,1.3486106395721436,0.1515295717199185,False,4992.4,10,-1,4992.4
Uniform1-5000_Seed3_J20_M10,"[0.158241, 0.949043]",10,20,0.05,max_proc,lowest_lower_bound,PRUNE,all_to_shortest,greedy,5696,13,13,0.0057322978973388,0.1235252808988764,True,5240.0,11,-1,4992.4
Uniform1-5000_Seed4_J20_M10,"[0.012695, 1.000000]",10,20,0.1,max_proc,lowest_lower_bound,NO_PROFILING,all_to_shortest,greedy,4490,8,8,0.0032770633697509,0.1297995545657016,True,4490.0,6,-1,3907.2
Uniform1-5000_Seed4_J20_M10,"[0.012695, 1.000000]",10,20,0.05,max_proc,lowest_lower_bound,PRUNE,all_to_shortest,greedy,4490,9,9,0.0030305385589599,0.1297995545657016,True,4490.0,7,-1,3907.2
Uniform1-5000_Seed5_J20_M10,"[0.040653, 0.848775]",10,20,0.1,max_proc,lowest_lower_bound,NO_PROFILING,all_to_shortest,greedy,5859,48,2001,1.1826207637786863,0.1351254480286738,False,5067.3,10,-1,5067.3
Uniform1-5000_Seed5_J20_M10,"[0.040653, 0.848775]",10,20,0.05,max_proc,lowest_lower_bound,PRUNE,all_to_shortest,greedy,5776,13,13,0.0056531429290771,0.1226973684210526,True,5392.0,10,-1,5067.3
Uniform1-5000_Seed6_J20_M10,"[0.045337, 0.937562]",10,20,0.1,max_proc,lowest_lower_bound,NO_PROFILING,all_to_shortest,greedy,5487,592,592,0.2660233974456787,0.0834700200473847,True,5029.0,11,-1,5029.0
Uniform1-5000_Seed6_J20_M10,"[0.045337, 0.937562]",10,20,0.05,max_proc,lowest_lower_bound,PRUNE,all_to_shortest,greedy,5681,20,20,0.0076274871826171,0.1147685266678401,True,5153.0,13,-1,5029.0
Uniform1-5000_Seed7_J20_M10,"[0.076509, 0.871067]",10,20,0.1,max_proc,lowest_lower_bound,NO_PROFILING,all_to_shortest,greedy,6019,23,2001,1.0600600242614746,0.1487622528659245,False,5123.6,10,-1,5123.6
Uniform1-5000_Seed7_J20_M10,"[0.076509, 0.871067]",10,20,0.05,max_proc,lowest_lower_bound,PRUNE,all_to_shortest,greedy,5765,17,17,0.0074806213378906,0.1112575888985255,True,5423.0,11,-1,5123.6
Uniform1-5000_Seed8_J20_M10,"[0.050602, 0.919615]",10,20,0.1,max_proc,lowest_lower_bound,NO_PROFILING,all_to_shortest,greedy,5873,54,54,0.0200252532958984,0.0881151030137919,True,5355.5,11,-1,5355.5
Uniform1-5000_Seed8_J20_M10,"[0.050602, 0.919615]",10,20,0.05,max_proc,lowest_lower_bound,PRUNE,all_to_shortest,greedy,5810,22,22,0.0083928108215332,0.0782271944922547,True,5785.0,13,-1,5355.5
Uniform1-5000_Seed9_J20_M10,"[0.046849, 0.916201]",10,20,0.1,max_proc,lowest_lower_bound,NO_PROFILING,all_to_shortest,greedy,5558,1388,1388,0.5080878734588623,0.0821338611011155,True,5101.5,10,-1,5101.5
Uniform1-5000_Seed9_J20_M10,"[0.046849, 0.916201]",10,20,0.05,max_proc,lowest_lower_bound,PRUNE,all_to_shortest,greedy,6123,11,12,0.0049817562103271,0.1668299853013228,True,5558.0,10,-1,5101.5
Uniform1-5000_Seed10_J20_M10,"[0.048832, 0.982746]",10,20,0.1,max_proc,lowest_lower_bound,NO_PROFILING,all_to_shortest,greedy,5386,186,186,0.0690028667449951,0.0874860750092832,True,4914.8,13,-1,4914.8
Uniform1-5000_Seed10_J20_M10,"[0.048832, 0.982746]",10,20,0.05,max_proc,lowest_lower_bound,PRUNE,all_to_shortest,greedy,5367,27,27,0.0,0.0842556362958822,True,4914.8,13,-1,4914.8
Uniform1-5000_Seed11_J20_M10,"[0.028217, 1.000000]",10,20,0.1,max_proc,lowest_lower_bound,NO_PROFILING,all_to_shortest,greedy,5411,5,5,0.0020270347595214,0.0765108113102938,True,4997.0,3,-1,4997.0
Uniform1-5000_Seed11_J20_M10,"[0.028217, 1.000000]",10,20,0.05,max_proc,lowest_lower_bound,PRUNE,all_to_shortest,greedy,5475,12,12,0.0045785903930664,0.0873059360730593,True,4997.0,10,-1,4997.0
Uniform1-5000_Seed12_J20_M10,"[0.010681, 0.976225]",10,20,0.1,max_proc,lowest_lower_bound,NO_PROFILING,all_to_shortest,greedy,5046,53,53,0.0186738967895507,0.0722750693618707,True,4681.3,10,-1,4681.3
Uniform1-5000_Seed12_J20_M10,"[0.010681, 0.976225]",10,20,0.05,max_proc,lowest_lower_bound,PRUNE,all_to_shortest,greedy,5339,5,12,0.0049707889556884,0.1231878628956733,True,4932.0,10,-1,4681.3
Uniform1-5000_Seed13_J20_M10,"[0.015182, 1.000000]",10,20,0.1,max_proc,lowest_lower_bound,NO_PROFILING,all_to_shortest,greedy,4949,2,2,0.0,0.0018185492018589,True,4940.0,0,-1,4940.0
Uniform1-5000_Seed13_J20_M10,"[0.015182, 1.000000]",10,20,0.05,max_proc,lowest_lower_bound,PRUNE,all_to_shortest,greedy,4949,2,2,0.0010073184967041,0.0018185492018589,True,4940.0,0,-1,4940.0
Uniform1-5000_Seed14_J20_M10,"[0.047904, 1.000000]",10,20,0.1,max_proc,lowest_lower_bound,NO_PROFILING,all_to_shortest,greedy,5109,12,12,0.005284309387207,0.0520649833626932,True,4843.0,10,-1,4843.0
Uniform1-5000_Seed14_J20_M10,"[0.047904, 1.000000]",10,20,0.05,max_proc,lowest_lower_bound,PRUNE,all_to_shortest,greedy,5164,15,15,0.0071613788604736,0.0621611154144074,True,4843.0,11,-1,4843.0
Uniform1-5000_Seed15_J20_M10,"[0.004024, 1.000000]",10,20,0.1,max_proc,lowest_lower_bound,NO_PROFILING,all_to_shortest,greedy,5122,4,4,0.0021336078643798,0.0296759078484966,True,4970.0,2,-1,4970.0
Uniform1-5000_Seed15_J20_M10,"[0.004024, 1.000000]",10,20,0.05,max_proc,lowest_lower_bound,PRUNE,all_to_shortest,greedy,5122,4,4,0.0009996891021728,0.0296759078484966,True,4970.0,2,-1,4970.0
Uniform1-5000_Seed16_J20_M10,"[0.067705, 0.833378]",10,20,0.1,max_proc,lowest_lower_bound,NO_PROFILING,all_to_shortest,greedy,7107,364,2001,0.8157851696014404,0.2061207260447445,False,5642.1,10,-1,5642.1
Uniform1-5000_Seed16_J20_M10,"[0.067705, 0.833378]",10,20,0.05,max_proc,lowest_lower_bound,PRUNE,all_to_shortest,greedy,7440,4,12,0.0038614273071289,0.2416532258064515,True,6965.0,10,-1,5642.1
Uniform1-5000_Seed17_J20_M10,"[0.045283, 0.943849]",10,20,0.1,max_proc,lowest_lower_bound,NO_PROFILING,all_to_shortest,greedy,5628,1055,2001,0.9470100402832032,0.0975124378109453,False,5079.2,10,-1,5079.2
Uniform1-5000_Seed17_J20_M10,"[0.045283, 0.943849]",10,20,0.05,max_proc,lowest_lower_bound,PRUNE,all_to_shortest,greedy,5473,18,18,0.0077836513519287,0.0719532249223461,True,5473.0,13,-1,5079.2
Uniform1-5000_Seed18_J20_M10,"[0.117562, 0.934701]",10,20,0.1,max_proc,lowest_lower_bound,NO_PROFILING,all_to_shortest,greedy,5737,154,2001,0.934760332107544,0.1281854627854278,False,5001.6,11,-1,5001.6
Uniform1-5000_Seed18_J20_M10,"[0.117562, 0.934701]",10,20,0.05,max_proc,lowest_lower_bound,PRUNE,all_to_shortest,greedy,5334,15,15,0.0072786808013916,0.0623172103487063,True,5177.0,13,-1,5001.6
Uniform1-5000_Seed19_J20_M10,"[0.049351, 0.817715]",10,20,0.1,max_proc,lowest_lower_bound,NO_PROFILING,all_to_shortest,greedy,6341,407,2001,0.8750247955322266,0.1467907270146664,False,5410.2,10,-1,5410.2
Uniform1-5000_Seed19_J20_M10,"[0.049351, 0.817715]",10,20,0.05,max_proc,lowest_lower_bound,PRUNE,all_to_shortest,greedy,6433,12,13,0.0050294399261474,0.1589926939219648,True,6095.0,11,-1,5410.2
Uniform1-5000_Seed20_J20_M10,"[0.083669, 0.858185]",10,20,0.1,max_proc,lowest_lower_bound,NO_PROFILING,all_to_shortest,greedy,6728,492,2001,1.312516450881958,0.1561979785969084,False,5677.1,10,-1,5677.1
Uniform1-5000_Seed20_J20_M10,"[0.083669, 0.858185]",10,20,0.05,max_proc,lowest_lower_bound,PRUNE,all_to_shortest,greedy,6391,14,14,0.0020432472229003,0.1117039586919104,True,6049.0,11,-1,5677.1
Uniform1-5000_Seed1_J50_M25,"[0.029116, 1.000000]",25,50,0.1,max_proc,lowest_lower_bound,NO_PROFILING,all_to_shortest,greedy,6133,1988,2001,8.262993574142456,0.2071221262025109,False,4980.0,25,-1,4862.72
Uniform1-5000_Seed1_J50_M25,"[0.029116, 1.000000]",25,50,0.05,max_proc,lowest_lower_bound,PRUNE,all_to_shortest,greedy,5523,32,32,0.0992095470428466,0.1195509686764439,True,5413.0,27,-1,4862.72
Uniform1-5000_Seed2_J50_M25,"[0.005658, 0.882078]",25,50,0.1,max_proc,lowest_lower_bound,NO_PROFILING,all_to_shortest,greedy,6728,1114,2001,11.440842390060425,0.1593400713436385,False,5655.96,25,-1,5655.96
Uniform1-5000_Seed2_J50_M25,"[0.005658, 0.882078]",25,50,0.05,max_proc,lowest_lower_bound,PRUNE,all_to_shortest,greedy,6733,22,46,0.1417648792266845,0.1599643546710233,True,6114.0,28,-1,5655.96
Uniform1-5000_Seed3_J50_M25,"[0.051701, 0.937018]",25,50,0.1,max_proc,lowest_lower_bound,NO_PROFILING,all_to_shortest,greedy,6410,1515,2001,12.323198318481444,0.1702028081123245,False,5319.0,25,-1,5319.0
Uniform1-5000_Seed3_J50_M25,"[0.051701, 0.937018]",25,50,0.05,max_proc,lowest_lower_bound,PRUNE,all_to_shortest,greedy,6077,40,40,0.1160430908203125,0.1247325983215402,True,5529.0,32,-1,5319.0
Uniform1-5000_Seed4_J50_M25,"[0.011811, 1.000000]",25,50,0.1,max_proc,lowest_lower_bound,NO_PROFILING,all_to_shortest,greedy,5667,813,2001,7.863981485366821,0.1485724369154755,False,4826.0,30,-1,4825.04
Uniform1-5000_Seed4_J50_M25,"[0.011811, 1.000000]",25,50,0.05,max_proc,lowest_lower_bound,PRUNE,all_to_shortest,greedy,5492,296,296,0.8883802890777588,0.121442097596504,True,5032.0,33,-1,4825.04
Uniform1-5000_Seed5_J50_M25,"[0.008319, 0.989756]",25,50,0.1,max_proc,lowest_lower_bound,NO_PROFILING,all_to_shortest,greedy,5880,207,2001,9.559153318405151,0.1413741496598639,False,5048.72,25,-1,5048.72
Uniform1-5000_Seed5_J50_M25,"[0.008319, 0.989756]",25,50,0.05,max_proc,lowest_lower_bound,PRUNE,all_to_shortest,greedy,5621,56,56,0.163022756576538,0.101811065646682,True,5307.0,34,-1,5048.72
Uniform1-5000_Seed6_J50_M25,"[0.044728, 0.980877]",25,50,0.1,max_proc,lowest_lower_bound,NO_PROFILING,all_to_shortest,greedy,5986,852,2001,12.696275472640991,0.1484330103575009,False,5097.48,25,-1,5097.48
Uniform1-5000_Seed6_J50_M25,"[0.044728, 0.980877]",25,50,0.05,max_proc,lowest_lower_bound,PRUNE,all_to_shortest,greedy,5789,156,156,0.61464524269104,0.1194541371566765,True,5360.0,35,-1,5097.48
Uniform1-5000_Seed7_J50_M25,"[0.019115, 0.998931]",25,50,0.1,max_proc,lowest_lower_bound,NO_PROFILING,all_to_shortest,greedy,6009,799,2001,13.66326904296875,0.1903478116159095,False,4865.2,25,-1,4865.2
Uniform1-5000_Seed7_J50_M25,"[0.019115, 0.998931]",25,50,0.05,max_proc,lowest_lower_bound,PRUNE,all_to_shortest,greedy,5462,31,31,0.1416988372802734,0.1092640058586598,True,5184.0,28,-1,4865.2
Uniform1-5000_Seed8_J50_M25,"[0.050595, 0.919481]",25,50,0.1,max_proc,lowest_lower_bound,NO_PROFILING,all_to_shortest,greedy,6443,1639,2001,13.776401281356812,0.1686667701381344,False,5356.28,26,-1,5356.28
Uniform1-5000_Seed8_J50_M25,"[0.050595, 0.919481]",25,50,0.05,max_proc,lowest_lower_bound,PRUNE,all_to_shortest,greedy,6131,38,58,0.2483432292938232,0.1263611156418203,True,5572.0,35,-1,5356.28
Uniform1-5000_Seed9_J50_M25,"[0.046328, 0.918230]",25,50,0.1,max_proc,lowest_lower_bound,NO_PROFILING,all_to_shortest,greedy,6215,707,2001,12.10541534423828,0.1699372485921158,False,5158.84,25,-1,5158.84
Uniform1-5000_Seed9_J50_M25,"[0.046328, 0.918230]",25,50,0.05,max_proc,lowest_lower_bound,PRUNE,all_to_shortest,greedy,6203,32,237,0.9264461994171144,0.1683314525229727,True,5638.0,33,-1,5158.84
Uniform1-5000_Seed10_J50_M25,"[0.018634, 1.000000]",25,50,0.1,max_proc,lowest_lower_bound,NO_PROFILING,all_to_shortest,greedy,5238,29,29,0.1035382747650146,0.1201298205421916,True,4830.0,27,-1,4608.76
Uniform1-5000_Seed10_J50_M25,"[0.018634, 1.000000]",25,50,0.05,max_proc,lowest_lower_bound,PRUNE,all_to_shortest,greedy,5300,29,29,0.1158690452575683,0.1304226415094339,True,4830.0,27,-1,4608.76
Uniform1-5000_Seed11_J50_M25,"[0.025872, 0.964798]",25,50,0.1,max_proc,lowest_lower_bound,NO_PROFILING,all_to_shortest,greedy,6439,1698,2001,12.220951795578005,0.1956328622456903,False,5179.32,25,-1,5179.32
Uniform1-5000_Seed11_J50_M25,"[0.025872, 0.964798]",25,50,0.05,max_proc,lowest_lower_bound,PRUNE,all_to_shortest,greedy,5936,29,29,0.1078853607177734,0.1274730458221024,True,5782.0,27,-1,5179.32
Uniform1-5000_Seed12_J50_M25,"[0.009864, 0.956644]",25,50,0.1,max_proc,lowest_lower_bound,NO_PROFILING,all_to_shortest,greedy,5686,231,2001,8.578860759735107,0.1085543440028138,False,5068.76,26,-1,5068.76
Uniform1-5000_Seed12_J50_M25,"[0.009864, 0.956644]",25,50,0.05,max_proc,lowest_lower_bound,PRUNE,all_to_shortest,greedy,5845,28,29,0.136909008026123,0.1328041060735671,True,5444.0,26,-1,5068.76
Uniform1-5000_Seed13_J50_M25,"[0.002429, 1.000000]",25,50,0.1,max_proc,lowest_lower_bound,NO_PROFILING,all_to_shortest,greedy,5138,21,21,0.0907495021820068,0.1725652004671078,True,4940.0,19,-1,4251.36
Uniform1-5000_Seed13_J50_M25,"[0.002429, 1.000000]",25,50,0.05,max_proc,lowest_lower_bound,PRUNE,all_to_shortest,greedy,5102,23,23,0.0806357860565185,0.1667267738141905,True,4940.0,21,-1,4251.36
Uniform1-5000_Seed14_J50_M25,"[0.005782, 1.000000]",25,50,0.1,max_proc,lowest_lower_bound,NO_PROFILING,all_to_shortest,greedy,5196,29,29,0.0977556705474853,0.0679368745188606,True,4843.0,27,-1,4843.0
Uniform1-5000_Seed14_J50_M25,"[0.005782, 1.000000]",25,50,0.05,max_proc,lowest_lower_bound,PRUNE,all_to_shortest,greedy,5300,36,36,0.1392936706542968,0.0862264150943396,True,4843.0,34,-1,4843.0
Uniform1-5000_Seed15_J50_M25,"[0.003977, 0.988323]",25,50,0.1,max_proc,lowest_lower_bound,NO_PROFILING,all_to_shortest,greedy,6168,671,2001,12.009363174438477,0.1847081712062256,False,5028.72,25,-1,5028.72
Uniform1-5000_Seed15_J50_M25,"[0.003977, 0.988323]",25,50,0.05,max_proc,lowest_lower_bound,PRUNE,all_to_shortest,greedy,5825,31,31,0.1129827499389648,0.1367004291845493,True,5318.0,29,-1,5028.72
Uniform1-5000_Seed16_J50_M25,"[0.026656, 1.000000]",25,50,0.1,max_proc,lowest_lower_bound,NO_PROFILING,all_to_shortest,greedy,5586,441,2001,8.92599081993103,0.1403508771929824,False,4802.0,28,-1,4802.0
Uniform1-5000_Seed16_J50_M25,"[0.026656, 1.000000]",25,50,0.05,max_proc,lowest_lower_bound,PRUNE,all_to_shortest,greedy,5217,53,53,0.1585626602172851,0.0795476327391221,True,4981.0,32,-1,4802.0
Uniform1-5000_Seed17_J50_M25,"[0.032289, 0.928275]",25,50,0.1,max_proc,lowest_lower_bound,NO_PROFILING,all_to_shortest,greedy,6035,1508,2001,12.765748500823976,0.1430057995028997,False,5171.96,25,-1,5171.96
Uniform1-5000_Seed17_J50_M25,"[0.032289, 0.928275]",25,50,0.05,max_proc,lowest_lower_bound,PRUNE,all_to_shortest,greedy,5900,192,588,1.6864526271820068,0.1233966101694915,True,5354.0,38,-1,5171.96
Uniform1-5000_Seed18_J50_M25,"[0.030071, 0.956919]",25,50,0.1,max_proc,lowest_lower_bound,NO_PROFILING,all_to_shortest,greedy,6517,631,2001,13.863184690475464,0.1988767837962252,False,5220.92,25,-1,5220.92
Uniform1-5000_Seed18_J50_M25,"[0.030071, 0.956919]",25,50,0.05,max_proc,lowest_lower_bound,PRUNE,all_to_shortest,greedy,6124,30,30,0.0987086296081543,0.1474657086871325,True,5736.0,28,-1,5220.92
Uniform1-5000_Seed19_J50_M25,"[0.010676, 0.930993]",25,50,0.1,max_proc,lowest_lower_bound,NO_PROFILING,all_to_shortest,greedy,6205,1108,2001,9.51258635520935,0.1848444802578565,False,5058.04,25,-1,5058.04
Uniform1-5000_Seed19_J50_M25,"[0.010676, 0.930993]",25,50,0.05,max_proc,lowest_lower_bound,PRUNE,all_to_shortest,greedy,6185,32,32,0.1174027919769287,0.1822085691188359,True,5642.0,30,-1,5058.04
Uniform1-5000_Seed20_J50_M25,"[0.008086, 0.895391]",25,50,0.1,max_proc,lowest_lower_bound,NO_PROFILING,all_to_shortest,greedy,6414,1978,2001,8.38731074333191,0.1516682257561584,False,5441.2,25,-1,5441.2
Uniform1-5000_Seed20_J50_M25,"[0.008086, 0.895391]",25,50,0.05,max_proc,lowest_lower_bound,PRUNE,all_to_shortest,greedy,6627,27,27,0.095353364944458,0.1789346612343443,True,6077.0,25,-1,5441.2
Uniform1-5000_Seed1_J100_M50,"[0.003213, 1.000000]",50,100,0.1,max_proc,lowest_lower_bound,NO_PROFILING,all_to_shortest,greedy,5686,1363,2001,50.17061495780945,0.1596799155821315,False,4980.0,50,-1,4778.06
Uniform1-5000_Seed1_J100_M50,"[0.003213, 1.000000]",50,100,0.05,max_proc,lowest_lower_bound,PRUNE,all_to_shortest,greedy,5413,66,66,1.363866090774536,0.1172990947718454,True,5079.0,62,-1,4778.06
Uniform1-5000_Seed2_J100_M50,"[0.003757, 0.937091]",50,100,0.1,max_proc,lowest_lower_bound,NO_PROFILING,all_to_shortest,greedy,6781,212,2001,62.8040943145752,0.2148768618197905,False,5323.92,50,-1,5323.92
Uniform1-5000_Seed2_J100_M50,"[0.003757, 0.937091]",50,100,0.05,max_proc,lowest_lower_bound,PRUNE,all_to_shortest,greedy,6343,246,246,5.390889883041382,0.1606621472489358,True,5831.0,64,-1,5323.92
Uniform1-5000_Seed3_J100_M50,"[0.035621, 0.970141]",50,100,0.1,max_proc,lowest_lower_bound,NO_PROFILING,all_to_shortest,greedy,5901,70,2001,46.01625490188599,0.1294017963057109,False,5137.4,71,-1,5137.4
Uniform1-5000_Seed3_J100_M50,"[0.035621, 0.970141]",50,100,0.05,max_proc,lowest_lower_bound,PRUNE,all_to_shortest,greedy,5904,1905,2001,49.3493242263794,0.1298441734417345,False,5231.0,72,-1,5137.4
Uniform1-5000_Seed4_J100_M50,"[0.002064, 1.000000]",50,100,0.1,max_proc,lowest_lower_bound,NO_PROFILING,all_to_shortest,greedy,5620,588,2001,48.6049427986145,0.1408398576512456,False,4846.0,63,-1,4828.48
Uniform1-5000_Seed4_J100_M50,"[0.002064, 1.000000]",50,100,0.05,max_proc,lowest_lower_bound,PRUNE,all_to_shortest,greedy,5672,69,2001,42.038586378097534,0.1487165021156559,False,4846.0,63,-1,4828.48
Uniform1-5000_Seed5_J100_M50,"[0.008083, 0.961635]",50,100,0.1,max_proc,lowest_lower_bound,NO_PROFILING,all_to_shortest,greedy,6742,32,2001,57.40159463882446,0.2292554138237912,False,5196.36,50,-1,5196.36
Uniform1-5000_Seed5_J100_M50,"[0.008083, 0.961635]",50,100,0.05,max_proc,lowest_lower_bound,PRUNE,all_to_shortest,greedy,6033,72,72,1.4565434455871582,0.1386772749875684,True,5563.0,67,-1,5196.36
Uniform1-5000_Seed6_J100_M50,"[0.015600, 1.000000]",50,100,0.1,max_proc,lowest_lower_bound,NO_PROFILING,all_to_shortest,greedy,5776,257,2001,50.40875864028931,0.1422541551246537,False,5000.0,67,-1,4954.34
Uniform1-5000_Seed6_J100_M50,"[0.015600, 1.000000]",50,100,0.05,max_proc,lowest_lower_bound,PRUNE,all_to_shortest,greedy,5834,1946,2001,36.79757046699524,0.1507816249571477,False,5000.0,65,-1,4954.34
Uniform1-5000_Seed7_J100_M50,"[0.006587, 0.953979]",50,100,0.1,max_proc,lowest_lower_bound,NO_PROFILING,all_to_shortest,greedy,6611,51,2001,56.66296458244324,0.2192497352896687,False,5161.54,50,-1,5161.54
Uniform1-5000_Seed7_J100_M50,"[0.006587, 0.953979]",50,100,0.05,max_proc,lowest_lower_bound,PRUNE,all_to_shortest,greedy,6059,97,97,2.1195459365844727,0.1481201518402376,True,5557.0,64,-1,5161.54
Uniform1-5000_Seed8_J100_M50,"[0.005232, 0.892719]",50,100,0.1,max_proc,lowest_lower_bound,NO_PROFILING,all_to_shortest,greedy,7115,499,2001,61.10052442550659,0.2209950808151792,False,5542.62,50,-1,5542.62
Uniform1-5000_Seed8_J100_M50,"[0.005232, 0.892719]",50,100,0.05,max_proc,lowest_lower_bound,PRUNE,all_to_shortest,greedy,6213,106,106,2.4207987785339355,0.1078995654273298,True,5706.0,73,-1,5542.62
Uniform1-5000_Seed9_J100_M50,"[0.027296, 0.932961]",50,100,0.1,max_proc,lowest_lower_bound,NO_PROFILING,all_to_shortest,greedy,6561,1080,2001,59.09281063079834,0.1903490321597317,False,5312.12,50,-1,5312.12
Uniform1-5000_Seed9_J100_M50,"[0.027296, 0.932961]",50,100,0.05,max_proc,lowest_lower_bound,PRUNE,all_to_shortest,greedy,6257,92,182,3.919342994689941,0.151011666933035,True,5678.0,64,-1,5312.12
Uniform1-5000_Seed10_J100_M50,"[0.009218, 1.000000]",50,100,0.1,max_proc,lowest_lower_bound,NO_PROFILING,all_to_shortest,greedy,5195,75,75,1.333378553390503,0.0848161693936477,True,4882.0,73,-1,4754.38
Uniform1-5000_Seed10_J100_M50,"[0.009218, 1.000000]",50,100,0.05,max_proc,lowest_lower_bound,PRUNE,all_to_shortest,greedy,5370,176,176,3.741974115371704,0.1146405959031657,True,4882.0,80,-1,4754.38
Uniform1-5000_Seed11_J100_M50,"[0.004002, 1.000000]",50,100,0.1,max_proc,lowest_lower_bound,NO_PROFILING,all_to_shortest,greedy,5399,65,65,1.2765822410583496,0.0744582330061122,True,4997.0,63,-1,4997.0
Uniform1-5000_Seed11_J100_M50,"[0.004002, 1.000000]",50,100,0.05,max_proc,lowest_lower_bound,PRUNE,all_to_shortest,greedy,5485,173,173,2.8981637954711914,0.0889699179580674,True,5005.0,64,-1,4997.0
Uniform1-5000_Seed12_J100_M50,"[0.010028, 1.000000]",50,100,0.1,max_proc,lowest_lower_bound,NO_PROFILING,all_to_shortest,greedy,5436,76,76,1.2769536972045898,0.0827814569536423,True,4986.0,74,-1,4986.0
Uniform1-5000_Seed12_J100_M50,"[0.010028, 1.000000]",50,100,0.05,max_proc,lowest_lower_bound,PRUNE,all_to_shortest,greedy,5519,240,259,4.266729831695557,0.0965754665700308,True,5015.0,60,-1,4986.0
Uniform1-5000_Seed13_J100_M50,"[0.002429, 1.000000]",50,100,0.1,max_proc,lowest_lower_bound,NO_PROFILING,all_to_shortest,greedy,5428,50,50,0.8982150554656982,0.1688246131171702,True,4940.0,48,-1,4511.62
Uniform1-5000_Seed13_J100_M50,"[0.002429, 1.000000]",50,100,0.05,max_proc,lowest_lower_bound,PRUNE,all_to_shortest,greedy,5399,55,55,0.9706130027770996,0.1643600666790146,True,4940.0,53,-1,4511.62
Uniform1-5000_Seed14_J100_M50,"[0.005537, 0.981191]",50,100,0.1,max_proc,lowest_lower_bound,NO_PROFILING,all_to_shortest,greedy,5925,1459,2001,52.93185901641846,0.1464776371308017,False,5057.12,59,-1,5057.12
Uniform1-5000_Seed14_J100_M50,"[0.005537, 0.981191]",50,100,0.05,max_proc,lowest_lower_bound,PRUNE,all_to_shortest,greedy,5977,64,2001,39.68554997444153,0.1539032959678768,False,5057.12,59,-1,5057.12
Uniform1-5000_Seed15_J100_M50,"[0.003952, 0.983770]",50,100,0.1,max_proc,lowest_lower_bound,NO_PROFILING,all_to_shortest,greedy,6373,29,2001,55.60010862350464,0.2058465400910089,False,5061.14,50,-1,5061.14
Uniform1-5000_Seed15_J100_M50,"[0.003952, 0.983770]",50,100,0.05,max_proc,lowest_lower_bound,PRUNE,all_to_shortest,greedy,5709,1833,1833,37.49879693984985,0.1134804694342266,True,5207.0,75,-1,5061.14
Uniform1-5000_Seed16_J100_M50,"[0.004724, 0.978802]",50,100,0.1,max_proc,lowest_lower_bound,NO_PROFILING,all_to_shortest,greedy,6317,442,2001,49.2033109664917,0.1957099889187906,False,5080.7,51,-1,5080.7
Uniform1-5000_Seed16_J100_M50,"[0.004724, 0.978802]",50,100,0.05,max_proc,lowest_lower_bound,PRUNE,all_to_shortest,greedy,5941,211,238,5.47252631187439,0.1448072715031139,True,5415.0,60,-1,5080.7
Uniform1-5000_Seed17_J100_M50,"[0.031212, 0.911867]",50,100,0.1,max_proc,lowest_lower_bound,NO_PROFILING,all_to_shortest,greedy,6638,1730,2001,59.29403614997864,0.1939499849352214,False,5350.56,50,-1,5350.56
Uniform1-5000_Seed17_J100_M50,"[0.031212, 0.911867]",50,100,0.05,max_proc,lowest_lower_bound,PRUNE,all_to_shortest,greedy,6174,1293,2001,43.11244535446167,0.1333722060252672,False,5529.0,72,-1,5350.56
Uniform1-5000_Seed18_J100_M50,"[0.019397, 0.959503]",50,100,0.1,max_proc,lowest_lower_bound,NO_PROFILING,all_to_shortest,greedy,6572,200,2001,56.75369596481323,0.2077206329884358,False,5206.86,50,-1,5206.86
Uniform1-5000_Seed18_J100_M50,"[0.019397, 0.959503]",50,100,0.05,max_proc,lowest_lower_bound,PRUNE,all_to_shortest,greedy,6281,61,61,1.217698335647583,0.1710141697181978,True,5822.0,59,-1,5206.86
Uniform1-5000_Seed19_J100_M50,"[0.001112, 0.926760]",50,100,0.1,max_proc,lowest_lower_bound,NO_PROFILING,all_to_shortest,greedy,6843,275,2001,57.3631055355072,0.2117404647084611,False,5394.06,50,-1,5394.06
Uniform1-5000_Seed19_J100_M50,"[0.001112, 0.926760]",50,100,0.05,max_proc,lowest_lower_bound,PRUNE,all_to_shortest,greedy,6598,276,2001,43.79677891731262,0.1824704455895725,False,5787.0,62,-1,5394.06
Uniform1-5000_Seed20_J100_M50,"[0.008175, 0.919079]",50,100,0.1,max_proc,lowest_lower_bound,NO_PROFILING,all_to_shortest,greedy,6706,415,2001,52.24079251289368,0.1973516254100804,False,5382.56,50,-1,5382.56
Uniform1-5000_Seed20_J100_M50,"[0.008175, 0.919079]",50,100,0.05,max_proc,lowest_lower_bound,PRUNE,all_to_shortest,greedy,6411,65,65,1.3124754428863523,0.1604180315083449,True,5947.0,59,-1,5382.56
Uniform1-5000_Seed1_J150_M75,"[0.003213, 1.000000]",75,150,0.1,max_proc,lowest_lower_bound,NO_PROFILING,all_to_shortest,greedy,5476,86,86,4.201341152191162,0.1565887509130751,True,4980.0,84,-1,4618.52
Uniform1-5000_Seed1_J150_M75,"[0.003213, 1.000000]",75,150,0.05,max_proc,lowest_lower_bound,PRUNE,all_to_shortest,greedy,5360,96,96,5.528640270233154,0.1383358208955223,True,4980.0,94,-1,4618.52
Uniform1-5000_Seed2_J150_M75,"[0.003794, 0.947552]",75,150,0.1,max_proc,lowest_lower_bound,NO_PROFILING,all_to_shortest,greedy,6708,279,2001,142.04342246055603,0.2141502683363149,False,5271.48,75,-1,5271.48
Uniform1-5000_Seed2_J150_M75,"[0.003794, 0.947552]",75,150,0.05,max_proc,lowest_lower_bound,PRUNE,all_to_shortest,greedy,6231,127,127,8.005990505218506,0.1539913336543091,True,5719.0,100,-1,5271.48
Uniform1-5000_Seed3_J150_M75,"[0.002809, 1.000000]",75,150,0.1,max_proc,lowest_lower_bound,NO_PROFILING,all_to_shortest,greedy,5384,340,340,19.88627862930298,0.0895641406636948,True,4984.0,112,-1,4901.786666666667
Uniform1-5000_Seed3_J150_M75,"[0.002809, 1.000000]",75,150,0.05,max_proc,lowest_lower_bound,PRUNE,all_to_shortest,greedy,5849,644,2001,116.50337481498718,0.1619444919359434,False,4984.0,100,-1,4901.786666666667
Uniform1-5000_Seed4_J150_M75,"[0.001967, 0.962073]",75,150,0.1,max_proc,lowest_lower_bound,NO_PROFILING,all_to_shortest,greedy,6249,1253,2001,128.5026159286499,0.1862932735904411,False,5084.8533333333335,75,-1,5084.8533333333335
Uniform1-5000_Seed4_J150_M75,"[0.001967, 0.962073]",75,150,0.05,max_proc,lowest_lower_bound,PRUNE,all_to_shortest,greedy,6037,133,2001,139.8799867630005,0.1577185136105129,False,5228.0,101,-1,5084.8533333333335
Uniform1-5000_Seed5_J150_M75,"[0.007316, 0.988091]",75,150,0.1,max_proc,lowest_lower_bound,NO_PROFILING,all_to_shortest,greedy,6665,291,2001,133.43868327140808,0.2412263065766441,False,5057.2266666666665,75,-1,5057.2266666666665
Uniform1-5000_Seed5_J150_M75,"[0.007316, 0.988091]",75,150,0.05,max_proc,lowest_lower_bound,PRUNE,all_to_shortest,greedy,5901,96,96,5.982946395874023,0.142988194091397,True,5436.0,93,-1,5057.2266666666665
Uniform1-5000_Seed6_J150_M75,"[0.015600, 1.000000]",75,150,0.1,max_proc,lowest_lower_bound,NO_PROFILING,all_to_shortest,greedy,5456,1376,1376,85.45774841308594,0.0883162267839687,True,5000.0,115,-1,4974.1466666666665
Uniform1-5000_Seed6_J150_M75,"[0.015600, 1.000000]",75,150,0.05,max_proc,lowest_lower_bound,PRUNE,all_to_shortest,greedy,5761,598,2001,123.6097207069397,0.1365827691951629,False,5040.0,105,-1,4974.1466666666665
Uniform1-5000_Seed7_J150_M75,"[0.006841, 1.000000]",75,150,0.1,max_proc,lowest_lower_bound,NO_PROFILING,all_to_shortest,greedy,6153,331,2001,121.83015060424805,0.194513245571266,False,4970.0,75,-1,4956.16
Uniform1-5000_Seed7_J150_M75,"[0.006841, 1.000000]",75,150,0.05,max_proc,lowest_lower_bound,PRUNE,all_to_shortest,greedy,5614,105,243,14.192809343338013,0.1171784823655148,True,5093.0,103,-1,4956.16
Uniform1-5000_Seed8_J150_M75,"[0.005296, 0.903619]",75,150,0.1,max_proc,lowest_lower_bound,NO_PROFILING,all_to_shortest,greedy,7129,234,2001,144.36316919326782,0.2319034927759853,False,5475.76,75,-1,5475.76
Uniform1-5000_Seed8_J150_M75,"[0.005296, 0.903619]",75,150,0.05,max_proc,lowest_lower_bound,PRUNE,all_to_shortest,greedy,6235,508,508,33.02691459655762,0.1217706495589414,True,5685.0,104,-1,5475.76
Uniform1-5000_Seed9_J150_M75,"[0.000188, 0.932472]",75,150,0.1,max_proc,lowest_lower_bound,NO_PROFILING,all_to_shortest,greedy,6690,618,2001,135.45940732955933,0.2055445939212755,False,5314.906666666667,75,-1,5314.906666666667
Uniform1-5000_Seed9_J150_M75,"[0.000188, 0.932472]",75,150,0.05,max_proc,lowest_lower_bound,PRUNE,all_to_shortest,greedy,6255,116,116,7.327447175979614,0.1502946975752731,True,5732.0,102,-1,5314.906666666667
Uniform1-5000_Seed10_J150_M75,"[0.008928, 0.986816]",75,150,0.1,max_proc,lowest_lower_bound,NO_PROFILING,all_to_shortest,greedy,6456,1490,2001,141.585688829422,0.2192606361007848,False,5040.453333333333,75,-1,5040.453333333333
Uniform1-5000_Seed10_J150_M75,"[0.008928, 0.986816]",75,150,0.05,max_proc,lowest_lower_bound,PRUNE,all_to_shortest,greedy,6058,1495,2001,138.47109580039978,0.1679674259931771,False,5167.0,97,-1,5040.453333333333
Uniform1-5000_Seed11_J150_M75,"[0.003935, 0.983109]",75,150,0.1,max_proc,lowest_lower_bound,NO_PROFILING,all_to_shortest,greedy,6659,1341,2001,135.0062129497528,0.2366941983280772,False,5082.8533333333335,75,-1,5082.8533333333335
Uniform1-5000_Seed11_J150_M75,"[0.003935, 0.983109]",75,150,0.05,max_proc,lowest_lower_bound,PRUNE,all_to_shortest,greedy,5987,119,119,7.629449129104614,0.1510183174656199,True,5438.0,100,-1,5082.8533333333335
Uniform1-5000_Seed12_J150_M75,"[0.010028, 1.000000]",75,150,0.1,max_proc,lowest_lower_bound,NO_PROFILING,all_to_shortest,greedy,5480,118,118,6.992021799087524,0.0901459854014598,True,4986.0,116,-1,4986.0
Uniform1-5000_Seed12_J150_M75,"[0.010028, 1.000000]",75,150,0.05,max_proc,lowest_lower_bound,PRUNE,all_to_shortest,greedy,5540,1171,1171,71.4242672920227,0.1,True,5060.0,116,-1,4986.0
Uniform1-5000_Seed13_J150_M75,"[0.002409, 1.000000]",75,150,0.1,max_proc,lowest_lower_bound,NO_PROFILING,all_to_shortest,greedy,5473,102,102,5.822675943374634,0.1240124246300018,True,4981.0,100,-1,4794.28
Uniform1-5000_Seed13_J150_M75,"[0.002409, 1.000000]",75,150,0.05,max_proc,lowest_lower_bound,PRUNE,all_to_shortest,greedy,5524,762,2001,131.9265398979187,0.1320999275887039,False,4981.0,105,-1,4794.28
Uniform1-5000_Seed14_J150_M75,"[0.005281, 0.935890]",75,150,0.1,max_proc,lowest_lower_bound,NO_PROFILING,all_to_shortest,greedy,6689,1021,2001,138.2185366153717,0.2073693128021129,False,5301.906666666667,75,-1,5301.906666666667
Uniform1-5000_Seed14_J150_M75,"[0.005281, 0.935890]",75,150,0.05,max_proc,lowest_lower_bound,PRUNE,all_to_shortest,greedy,6345,1981,2001,117.49854683876038,0.1643961124244812,False,5451.0,97,-1,5301.906666666667
Uniform1-5000_Seed15_J150_M75,"[0.004017, 1.000000]",75,150,0.1,max_proc,lowest_lower_bound,NO_PROFILING,all_to_shortest,greedy,5919,1219,2001,131.093279838562,0.158810609900321,False,4979.0,75,-1,4979.0
Uniform1-5000_Seed15_J150_M75,"[0.004017, 1.000000]",75,150,0.05,max_proc,lowest_lower_bound,PRUNE,all_to_shortest,greedy,5844,1878,2001,135.747948884964,0.1480150581793292,False,5062.0,100,-1,4979.0
Uniform1-5000_Seed16_J150_M75,"[0.001369, 0.974397]",75,150,0.1,max_proc,lowest_lower_bound,NO_PROFILING,all_to_shortest,greedy,6639,138,2001,132.2897083759308,0.2297133102374855,False,5113.933333333333,75,-1,5113.933333333333
Uniform1-5000_Seed16_J150_M75,"[0.001369, 0.974397]",75,150,0.05,max_proc,lowest_lower_bound,PRUNE,all_to_shortest,greedy,6248,1805,2001,136.2838807106018,0.1815087494664959,False,5434.0,93,-1,5113.933333333333
Uniform1-5000_Seed17_J150_M75,"[0.030961, 0.922905]",75,150,0.1,max_proc,lowest_lower_bound,NO_PROFILING,all_to_shortest,greedy,6902,73,2001,142.89765787124634,0.2185105766444508,False,5393.84,75,-1,5393.84
Uniform1-5000_Seed17_J150_M75,"[0.030961, 0.922905]",75,150,0.05,max_proc,lowest_lower_bound,PRUNE,all_to_shortest,greedy,6194,109,109,6.407347679138184,0.1291830804003874,True,5710.0,102,-1,5393.84
Uniform1-5000_Seed18_J150_M75,"[0.009192, 0.977069]",75,150,0.1,max_proc,lowest_lower_bound,NO_PROFILING,all_to_shortest,greedy,6591,69,2001,143.45182704925537,0.2242067465736105,False,5113.253333333333,75,-1,5113.253333333333
Uniform1-5000_Seed18_J150_M75,"[0.009192, 0.977069]",75,150,0.05,max_proc,lowest_lower_bound,PRUNE,all_to_shortest,greedy,5901,105,105,6.46187949180603,0.1334937581200926,True,5432.0,101,-1,5113.253333333333
Uniform1-5000_Seed19_J150_M75,"[0.001074, 0.894598]",75,150,0.1,max_proc,lowest_lower_bound,NO_PROFILING,all_to_shortest,greedy,7177,65,2001,146.0112874507904,0.2214035576610468,False,5587.986666666667,75,-1,5587.986666666667
Uniform1-5000_Seed19_J150_M75,"[0.001074, 0.894598]",75,150,0.05,max_proc,lowest_lower_bound,PRUNE,all_to_shortest,greedy,6903,450,2001,138.76566123962402,0.1904988169394949,False,5943.0,89,-1,5587.986666666667
Uniform1-5000_Seed20_J150_M75,"[0.008651, 0.972624]",75,150,0.1,max_proc,lowest_lower_bound,NO_PROFILING,all_to_shortest,greedy,6485,71,2001,132.9158799648285,0.2156915959907479,False,5086.24,75,-1,5086.24
Uniform1-5000_Seed20_J150_M75,"[0.008651, 0.972624]",75,150,0.05,max_proc,lowest_lower_bound,PRUNE,all_to_shortest,greedy,6150,1969,2001,122.7052788734436,0.1729691056910569,False,5332.0,86,-1,5086.24
Uniform1-5000_Seed1_J200_M100,"[0.003201, 1.000000]",100,200,0.1,max_proc,lowest_lower_bound,NO_PROFILING,all_to_shortest,greedy,5493,129,129,14.92131805419922,0.1369743309666848,True,4998.0,127,-1,4740.6
Uniform1-5000_Seed1_J200_M100,"[0.003201, 1.000000]",100,200,0.05,max_proc,lowest_lower_bound,PRUNE,all_to_shortest,greedy,5510,141,141,17.40027689933777,0.1396370235934663,True,4998.0,139,-1,4740.6
Uniform1-5000_Seed2_J200_M100,"[0.003881, 0.970069]",100,200,0.1,max_proc,lowest_lower_bound,NO_PROFILING,all_to_shortest,greedy,6581,673,2001,284.2590947151184,0.216951831028719,False,5153.24,100,-1,5153.24
Uniform1-5000_Seed2_J200_M100,"[0.003881, 0.970069]",100,200,0.05,max_proc,lowest_lower_bound,PRUNE,all_to_shortest,greedy,6151,556,556,80.7681016921997,0.1622110225979516,True,5681.0,129,-1,5153.24
Uniform1-5000_Seed3_J200_M100,"[0.002802, 1.000000]",100,200,0.1,max_proc,lowest_lower_bound,NO_PROFILING,all_to_shortest,greedy,5907,1126,2001,278.8225054740906,0.1612730658540715,False,4997.0,137,-1,4954.36
Uniform1-5000_Seed3_J200_M100,"[0.002802, 1.000000]",100,200,0.05,max_proc,lowest_lower_bound,PRUNE,all_to_shortest,greedy,5952,321,2001,301.7575116157532,0.167614247311828,False,4997.0,132,-1,4954.36
Uniform1-5000_Seed4_J200_M100,"[0.001951, 0.954375]",100,200,0.1,max_proc,lowest_lower_bound,NO_PROFILING,all_to_shortest,greedy,6417,460,2001,290.5061478614807,0.2012046127473897,False,5125.87,100,-1,5125.87
Uniform1-5000_Seed4_J200_M100,"[0.001951, 0.954375]",100,200,0.05,max_proc,lowest_lower_bound,PRUNE,all_to_shortest,greedy,6142,1356,2001,309.3783676624298,0.1654395962227287,False,5262.0,137,-1,5125.87
Uniform1-5000_Seed5_J200_M100,"[0.007365, 0.994646]",100,200,0.1,max_proc,lowest_lower_bound,NO_PROFILING,all_to_shortest,greedy,6668,398,2001,266.794020652771,0.2465656868626275,False,5023.9,100,-1,5023.9
Uniform1-5000_Seed5_J200_M100,"[0.007365, 0.994646]",100,200,0.05,max_proc,lowest_lower_bound,PRUNE,all_to_shortest,greedy,5949,124,124,15.016130685806274,0.1555051269120861,True,5400.0,122,-1,5023.9
Uniform1-5000_Seed6_J200_M100,"[0.002000, 1.000000]",100,200,0.1,max_proc,lowest_lower_bound,NO_PROFILING,all_to_shortest,greedy,5492,141,141,17.600960969924927,0.1243772760378732,True,5000.0,139,-1,4808.92
Uniform1-5000_Seed6_J200_M100,"[0.002000, 1.000000]",100,200,0.05,max_proc,lowest_lower_bound,PRUNE,all_to_shortest,greedy,5434,171,171,22.69412732124329,0.1150312845049687,True,5000.0,144,-1,4808.92
Uniform1-5000_Seed7_J200_M100,"[0.002385, 0.987940]",100,200,0.1,max_proc,lowest_lower_bound,NO_PROFILING,all_to_shortest,greedy,6537,1815,2001,273.42335176467896,0.230431390546122,False,5030.67,100,-1,5030.67
Uniform1-5000_Seed7_J200_M100,"[0.002385, 0.987940]",100,200,0.05,max_proc,lowest_lower_bound,PRUNE,all_to_shortest,greedy,6102,415,2001,275.859144449234,0.1755703048180924,False,5266.0,121,-1,5030.67
Uniform1-5000_Seed8_J200_M100,"[0.005371, 0.916429]",100,200,0.1,max_proc,lowest_lower_bound,NO_PROFILING,all_to_shortest,greedy,7051,685,2001,302.6721794605255,0.2342618068359097,False,5399.22,100,-1,5399.22
Uniform1-5000_Seed8_J200_M100,"[0.005371, 0.916429]",100,200,0.05,max_proc,lowest_lower_bound,PRUNE,all_to_shortest,greedy,6667,367,2001,258.9492304325104,0.1901574921253936,False,5675.0,115,-1,5399.22
Uniform1-5000_Seed9_J200_M100,"[0.000194, 0.959768]",100,200,0.1,max_proc,lowest_lower_bound,NO_PROFILING,all_to_shortest,greedy,6558,498,2001,280.5829627513885,0.2126029277218664,False,5163.75,100,-1,5163.75
Uniform1-5000_Seed9_J200_M100,"[0.000194, 0.959768]",100,200,0.05,max_proc,lowest_lower_bound,PRUNE,all_to_shortest,greedy,6369,1705,2001,297.8088004589081,0.1892369288742345,False,5525.0,127,-1,5163.75
Uniform1-5000_Seed10_J200_M100,"[0.008485, 0.937894]",100,200,0.1,max_proc,lowest_lower_bound,NO_PROFILING,all_to_shortest,greedy,6743,102,2001,280.50429129600525,0.2134999258490286,False,5303.37,100,-1,5303.37
Uniform1-5000_Seed10_J200_M100,"[0.008485, 0.937894]",100,200,0.05,max_proc,lowest_lower_bound,PRUNE,all_to_shortest,greedy,6526,174,2001,317.9712262153625,0.1873475329451425,False,5472.0,121,-1,5303.37
Uniform1-5000_Seed11_J200_M100,"[0.000191, 0.954271]",100,200,0.1,max_proc,lowest_lower_bound,NO_PROFILING,all_to_shortest,greedy,6763,1863,2001,278.1820619106293,0.2257193553156883,False,5236.46,100,-1,5236.46
Uniform1-5000_Seed11_J200_M100,"[0.000191, 0.954271]",100,200,0.05,max_proc,lowest_lower_bound,PRUNE,all_to_shortest,greedy,6193,130,130,17.842236280441284,0.1544550298724366,True,5628.0,123,-1,5236.46
Uniform1-5000_Seed12_J200_M100,"[0.006217, 1.000000]",100,200,0.1,max_proc,lowest_lower_bound,NO_PROFILING,all_to_shortest,greedy,6353,814,2001,265.3990182876587,0.2151739335746891,False,4986.0,102,-1,4986.0
Uniform1-5000_Seed12_J200_M100,"[0.006217, 1.000000]",100,200,0.05,max_proc,lowest_lower_bound,PRUNE,all_to_shortest,greedy,6015,151,2001,287.69203901290894,0.171072319201995,False,5127.0,120,-1,4986.0
Uniform1-5000_Seed13_J200_M100,"[0.002409, 1.000000]",100,200,0.1,max_proc,lowest_lower_bound,NO_PROFILING,all_to_shortest,greedy,5452,136,136,17.71756601333618,0.1288664710198092,True,4981.0,134,-1,4749.42
Uniform1-5000_Seed13_J200_M100,"[0.002409, 1.000000]",100,200,0.05,max_proc,lowest_lower_bound,PRUNE,all_to_shortest,greedy,5336,151,151,20.21782922744751,0.1099287856071963,True,4981.0,144,-1,4749.42
Uniform1-5000_Seed14_J200_M100,"[0.003062, 0.949669]",100,200,0.1,max_proc,lowest_lower_bound,NO_PROFILING,all_to_shortest,greedy,6634,1961,2001,280.03451704978943,0.2123937292734399,False,5224.98,100,-1,5224.98
Uniform1-5000_Seed14_J200_M100,"[0.003062, 0.949669]",100,200,0.05,max_proc,lowest_lower_bound,PRUNE,all_to_shortest,greedy,6373,971,2001,317.1289322376251,0.1801380825356975,False,5474.0,123,-1,5224.98
Uniform1-5000_Seed15_J200_M100,"[0.003979, 0.990649]",100,200,0.1,max_proc,lowest_lower_bound,NO_PROFILING,all_to_shortest,greedy,6420,298,2001,284.80471563339233,0.2171339563862928,False,5026.0,100,-1,5026.0
Uniform1-5000_Seed15_J200_M100,"[0.003979, 0.990649]",100,200,0.05,max_proc,lowest_lower_bound,PRUNE,all_to_shortest,greedy,5758,899,2001,280.62264752388,0.127127474817645,False,5167.0,149,-1,5026.0
Uniform1-5000_Seed16_J200_M100,"[0.001338, 0.952782]",100,200,0.1,max_proc,lowest_lower_bound,NO_PROFILING,all_to_shortest,greedy,6866,1074,2001,284.0475654602051,0.2382828429944655,False,5229.95,100,-1,5229.95
Uniform1-5000_Seed16_J200_M100,"[0.001338, 0.952782]",100,200,0.05,max_proc,lowest_lower_bound,PRUNE,all_to_shortest,greedy,6426,114,114,14.683798789978027,0.1861266728913788,True,5847.0,112,-1,5229.95
Uniform1-5000_Seed17_J200_M100,"[0.004269, 0.924004]",100,200,0.1,max_proc,lowest_lower_bound,NO_PROFILING,all_to_shortest,greedy,6929,1853,2001,306.56684613227844,0.2224823206811949,False,5387.42,100,-1,5387.42
Uniform1-5000_Seed17_J200_M100,"[0.004269, 0.924004]",100,200,0.05,max_proc,lowest_lower_bound,PRUNE,all_to_shortest,greedy,6168,417,417,61.986727237701416,0.1265531776913099,True,5627.0,141,-1,5387.42
Uniform1-5000_Seed18_J200_M100,"[0.008959, 0.952323]",100,200,0.1,max_proc,lowest_lower_bound,NO_PROFILING,all_to_shortest,greedy,6704,180,2001,295.9374611377716,0.2174642004773269,False,5246.12,100,-1,5246.12
Uniform1-5000_Seed18_J200_M100,"[0.008959, 0.952323]",100,200,0.05,max_proc,lowest_lower_bound,PRUNE,all_to_shortest,greedy,6372,129,129,17.007190465927124,0.176691776522285,True,5811.0,126,-1,5246.12
Uniform1-5000_Seed19_J200_M100,"[0.001075, 0.896040]",100,200,0.1,max_proc,lowest_lower_bound,NO_PROFILING,all_to_shortest,greedy,6954,336,2001,277.75265669822693,0.197729364394593,False,5578.99,100,-1,5578.99
Uniform1-5000_Seed19_J200_M100,"[0.001075, 0.896040]",100,200,0.05,max_proc,lowest_lower_bound,PRUNE,all_to_shortest,greedy,6889,460,2001,284.05670619010925,0.1901596748439541,False,5919.0,114,-1,5578.99
Uniform1-5000_Seed20_J200_M100,"[0.008880, 0.998361]",100,200,0.1,max_proc,lowest_lower_bound,NO_PROFILING,all_to_shortest,greedy,6178,711,2001,220.0124750137329,0.1979410812560699,False,4955.12,108,-1,4955.12
Uniform1-5000_Seed20_J200_M100,"[0.008880, 0.998361]",100,200,0.05,max_proc,lowest_lower_bound,PRUNE,all_to_shortest,greedy,6008,1042,2001,253.8387327194214,0.1752463382157124,False,5094.0,120,-1,4955.12
Uniform1-5000_Seed21_J20_M10,"[0.010410, 1.000000]",10,20,0.1,max_proc,lowest_lower_bound,NO_PROFILING,all_to_shortest,greedy,4726,2,2,0.0,0.0040203131612357,True,4707.0,0,-1,4707.0
Uniform1-5000_Seed21_J20_M10,"[0.010410, 1.000000]",10,20,0.05,max_proc,lowest_lower_bound,PRUNE,all_to_shortest,greedy,4726,2,2,0.0,0.0040203131612357,True,4707.0,0,-1,4707.0
Uniform1-5000_Seed22_J20_M10,"[0.054374, 0.964754]",10,20,0.1,max_proc,lowest_lower_bound,NO_PROFILING,all_to_shortest,greedy,5916,111,2001,1.1480586528778076,0.1295638945233265,False,5149.5,10,-1,5149.5
Uniform1-5000_Seed22_J20_M10,"[0.054374, 0.964754]",10,20,0.05,max_proc,lowest_lower_bound,PRUNE,all_to_shortest,greedy,6327,4,12,0.0083675384521484,0.1861071597913703,True,5770.0,10,-1,5149.5
Uniform1-5000_Seed23_J20_M10,"[0.008266, 1.000000]",10,20,0.1,max_proc,lowest_lower_bound,NO_PROFILING,all_to_shortest,greedy,5303,44,44,0.0156095027923583,0.0874976428436734,True,4839.0,11,-1,4839.0
Uniform1-5000_Seed23_J20_M10,"[0.008266, 1.000000]",10,20,0.05,max_proc,lowest_lower_bound,PRUNE,all_to_shortest,greedy,5449,15,15,0.0072085857391357,0.1119471462653697,True,4993.0,11,-1,4839.0
Uniform1-5000_Seed24_J20_M10,"[0.062394, 0.971406]",10,20,0.1,max_proc,lowest_lower_bound,NO_PROFILING,all_to_shortest,greedy,5093,86,86,0.02940034866333,0.0873944629884155,True,4647.9,10,-1,4647.9
Uniform1-5000_Seed24_J20_M10,"[0.062394, 0.971406]",10,20,0.05,max_proc,lowest_lower_bound,PRUNE,all_to_shortest,greedy,5243,14,14,0.0057520866394042,0.1135037192447073,True,4767.0,12,-1,4647.9
Uniform1-5000_Seed25_J20_M10,"[0.049670, 0.960225]",10,20,0.1,max_proc,lowest_lower_bound,NO_PROFILING,all_to_shortest,greedy,5627,25,25,0.009805679321289,0.0840590012440021,True,5154.0,13,-1,5154.0
Uniform1-5000_Seed25_J20_M10,"[0.049670, 0.960225]",10,20,0.05,max_proc,lowest_lower_bound,PRUNE,all_to_shortest,greedy,5641,61,61,0.0223259925842285,0.0863322106009572,True,5208.0,14,-1,5154.0
Uniform1-5000_Seed26_J20_M10,"[0.222182, 0.992453]",10,20,0.1,max_proc,lowest_lower_bound,NO_PROFILING,all_to_shortest,greedy,5218,13,13,0.0066738128662109,0.0503257953238789,True,4955.4,11,-1,4955.4
Uniform1-5000_Seed26_J20_M10,"[0.222182, 0.992453]",10,20,0.05,max_proc,lowest_lower_bound,PRUNE,all_to_shortest,greedy,5361,16,16,0.0073518753051757,0.0756575265808618,True,4955.4,13,-1,4955.4
Uniform1-5000_Seed27_J20_M10,"[0.046608, 1.000000]",10,20,0.1,max_proc,lowest_lower_bound,NO_PROFILING,all_to_shortest,greedy,5327,6,6,0.0024700164794921,0.0897315562230148,True,4849.0,4,-1,4849.0
Uniform1-5000_Seed27_J20_M10,"[0.046608, 1.000000]",10,20,0.05,max_proc,lowest_lower_bound,PRUNE,all_to_shortest,greedy,4849,14,14,0.0057084560394287,0.0,True,4849.0,12,14,4849.0
Uniform1-5000_Seed28_J20_M10,"[0.009781, 1.000000]",10,20,0.1,max_proc,lowest_lower_bound,NO_PROFILING,all_to_shortest,greedy,5135,3,3,0.00099778175354,0.0841285296981499,True,4703.0,1,-1,4703.0
Uniform1-5000_Seed28_J20_M10,"[0.009781, 1.000000]",10,20,0.05,max_proc,lowest_lower_bound,PRUNE,all_to_shortest,greedy,5135,3,3,0.0013911724090576,0.0841285296981499,True,4703.0,1,-1,4703.0
Uniform1-5000_Seed29_J20_M10,"[0.049825, 0.979411]",10,20,0.1,max_proc,lowest_lower_bound,NO_PROFILING,all_to_shortest,greedy,5711,1379,2001,1.0355942249298096,0.1495359831903344,False,4857.0,10,-1,4857.0
Uniform1-5000_Seed29_J20_M10,"[0.049825, 0.979411]",10,20,0.05,max_proc,lowest_lower_bound,PRUNE,all_to_shortest,greedy,5623,14,14,0.0059993267059326,0.1362262137648942,True,5141.0,12,-1,4857.0
Uniform1-5000_Seed30_J20_M10,"[0.009322, 0.990698]",10,20,0.1,max_proc,lowest_lower_bound,NO_PROFILING,all_to_shortest,greedy,5830,11,2001,0.736234188079834,0.135180102915952,False,5041.9,10,-1,5041.9
Uniform1-5000_Seed30_J20_M10,"[0.009322, 0.990698]",10,20,0.05,max_proc,lowest_lower_bound,PRUNE,all_to_shortest,greedy,6094,6,12,0.0038363933563232,0.1726452248112898,True,5905.0,10,-1,5041.9
Uniform1-5000_Seed31_J20_M10,"[0.006004, 1.000000]",10,20,0.1,max_proc,lowest_lower_bound,NO_PROFILING,all_to_shortest,greedy,5197,7,7,0.0010440349578857,0.0706176640369443,True,4830.0,5,-1,4830.0
Uniform1-5000_Seed31_J20_M10,"[0.006004, 1.000000]",10,20,0.05,max_proc,lowest_lower_bound,PRUNE,all_to_shortest,greedy,5130,10,10,0.0051157474517822,0.0584795321637426,True,4830.0,8,-1,4830.0
Uniform1-5000_Seed32_J20_M10,"[0.002045, 1.000000]",10,20,0.1,max_proc,lowest_lower_bound,NO_PROFILING,all_to_shortest,greedy,5179,4,4,0.0018713474273681,0.055995365900753,True,4889.0,2,-1,4889.0
Uniform1-5000_Seed32_J20_M10,"[0.002045, 1.000000]",10,20,0.05,max_proc,lowest_lower_bound,PRUNE,all_to_shortest,greedy,4913,9,9,0.0034630298614501,0.0048849989822918,True,4889.0,7,-1,4889.0
Uniform1-5000_Seed33_J20_M10,"[0.011813, 1.000000]",10,20,0.1,max_proc,lowest_lower_bound,NO_PROFILING,all_to_shortest,greedy,5022,4,4,0.0016491413116455,0.0223018717642373,True,4910.0,2,-1,4910.0
Uniform1-5000_Seed33_J20_M10,"[0.011813, 1.000000]",10,20,0.05,max_proc,lowest_lower_bound,PRUNE,all_to_shortest,greedy,5154,4,4,0.0020418167114257,0.0473418703919286,True,4910.0,2,-1,4910.0
Uniform1-5000_Seed34_J20_M10,"[0.062959, 0.954457]",10,20,0.1,max_proc,lowest_lower_bound,NO_PROFILING,all_to_shortest,greedy,5699,1028,2001,1.016676664352417,0.094209510440428,False,5162.1,11,-1,5162.1
Uniform1-5000_Seed34_J20_M10,"[0.062959, 0.954457]",10,20,0.05,max_proc,lowest_lower_bound,PRUNE,all_to_shortest,greedy,5491,14,14,0.0065236091613769,0.0598980149335275,True,5325.0,12,-1,5162.1
Uniform1-5000_Seed35_J20_M10,"[0.087125, 0.854047]",10,20,0.1,max_proc,lowest_lower_bound,NO_PROFILING,all_to_shortest,greedy,6544,-1,2001,1.4837219715118408,0.1651283618581907,False,5463.4,10,-1,5463.4
Uniform1-5000_Seed35_J20_M10,"[0.087125, 0.854047]",10,20,0.05,max_proc,lowest_lower_bound,PRUNE,all_to_shortest,greedy,6200,14,14,0.0060338973999023,0.1188064516129032,True,5801.0,12,-1,5463.4
Uniform1-5000_Seed36_J20_M10,"[0.051455, 1.000000]",10,20,0.1,max_proc,lowest_lower_bound,NO_PROFILING,all_to_shortest,greedy,5143,6,6,0.0020053386688232,0.0779700563873225,True,4742.0,4,-1,4742.0
Uniform1-5000_Seed36_J20_M10,"[0.051455, 1.000000]",10,20,0.05,max_proc,lowest_lower_bound,PRUNE,all_to_shortest,greedy,4983,5,5,0.0013864040374755,0.0483644390929159,True,4742.0,3,-1,4742.0
Uniform1-5000_Seed37_J20_M10,"[0.069955, 0.892471]",10,20,0.1,max_proc,lowest_lower_bound,NO_PROFILING,all_to_shortest,greedy,6175,75,2001,0.8205776214599609,0.1017975708502024,False,5546.4,11,-1,5546.4
Uniform1-5000_Seed37_J20_M10,"[0.069955, 0.892471]",10,20,0.05,max_proc,lowest_lower_bound,PRUNE,all_to_shortest,greedy,6512,10,13,0.0063722133636474,0.1482800982800983,True,6020.0,11,-1,5546.4
Uniform1-5000_Seed38_J20_M10,"[0.124760, 0.794454]",10,20,0.1,max_proc,lowest_lower_bound,NO_PROFILING,all_to_shortest,greedy,7067,179,2001,1.1773943901062012,0.1243950757039762,False,6187.9,11,-1,6187.9
Uniform1-5000_Seed38_J20_M10,"[0.124760, 0.794454]",10,20,0.05,max_proc,lowest_lower_bound,PRUNE,all_to_shortest,greedy,6840,14,14,0.0062708854675292,0.0953362573099415,True,6682.0,12,-1,6187.9
Uniform1-5000_Seed39_J20_M10,"[0.014456, 0.959255]",10,20,0.1,max_proc,lowest_lower_bound,NO_PROFILING,all_to_shortest,greedy,6043,11,2001,0.6679325103759766,0.198692702300182,False,4842.3,10,-1,4842.3
Uniform1-5000_Seed39_J20_M10,"[0.014456, 0.959255]",10,20,0.05,max_proc,lowest_lower_bound,PRUNE,all_to_shortest,greedy,6249,11,12,0.0048046112060546,0.2251080172827652,True,6043.0,10,-1,4842.3
Uniform1-5000_Seed40_J20_M10,"[0.077773, 0.839917]",10,20,0.1,max_proc,lowest_lower_bound,NO_PROFILING,all_to_shortest,greedy,6824,9,2001,1.0430428981781006,0.1634085580304807,False,5708.9,10,-1,5708.9
Uniform1-5000_Seed40_J20_M10,"[0.077773, 0.839917]",10,20,0.05,max_proc,lowest_lower_bound,PRUNE,all_to_shortest,greedy,6968,10,12,0.0087401866912841,0.1806974741676234,True,6563.0,10,-1,5708.9
Uniform1-5000_Seed21_J50_M25,"[0.009889, 1.000000]",25,50,0.1,max_proc,lowest_lower_bound,NO_PROFILING,all_to_shortest,greedy,5193,26,26,0.074369192123413,0.0458309262468707,True,4955.0,24,-1,4955.0
Uniform1-5000_Seed21_J50_M25,"[0.009889, 1.000000]",25,50,0.05,max_proc,lowest_lower_bound,PRUNE,all_to_shortest,greedy,5449,27,27,0.0785408020019531,0.0906588364837584,True,4955.0,25,-1,4955.0
Uniform1-5000_Seed22_J50_M25,"[0.056361, 1.000000]",25,50,0.1,max_proc,lowest_lower_bound,NO_PROFILING,all_to_shortest,greedy,5079,25,25,0.0645852088928222,0.021854695806261,True,4968.0,23,-1,4968.0
Uniform1-5000_Seed22_J50_M25,"[0.056361, 1.000000]",25,50,0.05,max_proc,lowest_lower_bound,PRUNE,all_to_shortest,greedy,5394,22,22,0.0742154121398925,0.0789766407119021,True,4968.0,20,-1,4968.0
Uniform1-5000_Seed23_J50_M25,"[0.008266, 1.000000]",25,50,0.1,max_proc,lowest_lower_bound,NO_PROFILING,all_to_shortest,greedy,5355,380,2001,6.549844026565552,0.0963585434173669,False,4839.0,31,-1,4839.0
Uniform1-5000_Seed23_J50_M25,"[0.008266, 1.000000]",25,50,0.05,max_proc,lowest_lower_bound,PRUNE,all_to_shortest,greedy,5469,432,432,1.1915254592895508,0.1151947339550192,True,4968.0,32,-1,4839.0
Uniform1-5000_Seed24_J50_M25,"[0.019773, 0.898219]",25,50,0.1,max_proc,lowest_lower_bound,NO_PROFILING,all_to_shortest,greedy,6754,1024,2001,10.981282472610474,0.1913058928042641,False,5461.92,25,-1,5461.92
Uniform1-5000_Seed24_J50_M25,"[0.019773, 0.898219]",25,50,0.05,max_proc,lowest_lower_bound,PRUNE,all_to_shortest,greedy,6793,25,27,0.086881399154663,0.1959487707934638,True,6488.0,25,-1,5461.92
Uniform1-5000_Seed25_J50_M25,"[0.003031, 1.000000]",25,50,0.1,max_proc,lowest_lower_bound,NO_PROFILING,all_to_shortest,greedy,5274,34,34,0.0838439464569091,0.0616230565036025,True,4949.0,32,-1,4949.0
Uniform1-5000_Seed25_J50_M25,"[0.003031, 1.000000]",25,50,0.05,max_proc,lowest_lower_bound,PRUNE,all_to_shortest,greedy,5360,36,36,0.1066946983337402,0.0766791044776119,True,4949.0,34,-1,4949.0
Uniform1-5000_Seed26_J50_M25,"[0.004463, 0.888560]",25,50,0.1,max_proc,lowest_lower_bound,NO_PROFILING,all_to_shortest,greedy,6262,1587,2001,8.854123592376709,0.1055253912488023,False,5601.2,39,-1,5601.2
Uniform1-5000_Seed26_J50_M25,"[0.004463, 0.888560]",25,50,0.05,max_proc,lowest_lower_bound,PRUNE,all_to_shortest,greedy,6384,1623,2001,6.248608112335205,0.1226190476190476,False,5680.0,39,-1,5601.2
Uniform1-5000_Seed27_J50_M25,"[0.041635, 0.893305]",25,50,0.1,max_proc,lowest_lower_bound,NO_PROFILING,all_to_shortest,greedy,6505,1602,2001,10.112421035766602,0.1655403535741737,False,5428.16,25,-1,5428.16
Uniform1-5000_Seed27_J50_M25,"[0.041635, 0.893305]",25,50,0.05,max_proc,lowest_lower_bound,PRUNE,all_to_shortest,greedy,6631,31,32,0.135481595993042,0.1813964711204946,True,6033.0,27,-1,5428.16
Uniform1-5000_Seed28_J50_M25,"[0.009291, 1.000000]",25,50,0.1,max_proc,lowest_lower_bound,NO_PROFILING,all_to_shortest,greedy,5182,21,21,0.0819947719573974,0.0445773832497105,True,4951.0,19,-1,4951.0
Uniform1-5000_Seed28_J50_M25,"[0.009291, 1.000000]",25,50,0.05,max_proc,lowest_lower_bound,PRUNE,all_to_shortest,greedy,5312,20,20,0.07627534866333,0.0679593373493975,True,4951.0,18,-1,4951.0
Uniform1-5000_Seed29_J50_M25,"[0.004210, 1.000000]",25,50,0.1,max_proc,lowest_lower_bound,NO_PROFILING,all_to_shortest,greedy,5745,1330,2001,10.684022665023804,0.1317667536988686,False,4988.0,27,-1,4988.0
Uniform1-5000_Seed29_J50_M25,"[0.004210, 1.000000]",25,50,0.05,max_proc,lowest_lower_bound,PRUNE,all_to_shortest,greedy,5739,86,86,0.2516820430755615,0.1308590346750305,True,5257.0,31,-1,4988.0
Uniform1-5000_Seed30_J50_M25,"[0.009409, 1.000000]",25,50,0.1,max_proc,lowest_lower_bound,NO_PROFILING,all_to_shortest,greedy,6027,194,2001,9.248078107833862,0.1712294673967148,False,4995.0,25,-1,4995.0
Uniform1-5000_Seed30_J50_M25,"[0.009409, 1.000000]",25,50,0.05,max_proc,lowest_lower_bound,PRUNE,all_to_shortest,greedy,5944,30,30,0.1158819198608398,0.1596567967698519,True,5441.0,28,-1,4995.0
Uniform1-5000_Seed31_J50_M25,"[0.005914, 0.985047]",25,50,0.1,max_proc,lowest_lower_bound,NO_PROFILING,all_to_shortest,greedy,6192,919,2001,11.796386241912842,0.2081201550387597,False,4903.32,25,-1,4903.32
Uniform1-5000_Seed31_J50_M25,"[0.005914, 0.985047]",25,50,0.05,max_proc,lowest_lower_bound,PRUNE,all_to_shortest,greedy,5522,28,28,0.1264019012451172,0.1120391162622238,True,5517.0,26,-1,4903.32
Uniform1-5000_Seed32_J50_M25,"[0.002037, 1.000000]",25,50,0.1,max_proc,lowest_lower_bound,NO_PROFILING,all_to_shortest,greedy,5331,25,25,0.1019763946533203,0.0793472144063027,True,4908.0,23,-1,4908.0
Uniform1-5000_Seed32_J50_M25,"[0.002037, 1.000000]",25,50,0.05,max_proc,lowest_lower_bound,PRUNE,all_to_shortest,greedy,5411,32,32,0.1415960788726806,0.0929587876547773,True,4908.0,30,-1,4908.0
Uniform1-5000_Seed33_J50_M25,"[0.011405, 1.000000]",25,50,0.1,max_proc,lowest_lower_bound,NO_PROFILING,all_to_shortest,greedy,5321,18,18,0.0558578968048095,0.0772411200902086,True,4910.0,16,-1,4910.0
Uniform1-5000_Seed33_J50_M25,"[0.011405, 1.000000]",25,50,0.05,max_proc,lowest_lower_bound,PRUNE,all_to_shortest,greedy,5228,20,20,0.0854039192199707,0.0608263198163733,True,4910.0,18,-1,4910.0
Uniform1-5000_Seed34_J50_M25,"[0.059335, 0.911205]",25,50,0.1,max_proc,lowest_lower_bound,NO_PROFILING,all_to_shortest,greedy,6673,410,2001,13.072933435440063,0.1791757830061442,False,5477.36,26,-1,5477.36
Uniform1-5000_Seed34_J50_M25,"[0.059335, 0.911205]",25,50,0.05,max_proc,lowest_lower_bound,PRUNE,all_to_shortest,greedy,6317,129,129,0.5019431114196777,0.1329175241412063,True,5836.0,33,-1,5477.36
Uniform1-5000_Seed35_J50_M25,"[0.086617, 0.901657]",25,50,0.1,max_proc,lowest_lower_bound,NO_PROFILING,all_to_shortest,greedy,6473,1007,2001,14.632534265518188,0.1510211648385602,False,5495.44,25,-1,5495.44
Uniform1-5000_Seed35_J50_M25,"[0.086617, 0.901657]",25,50,0.05,max_proc,lowest_lower_bound,PRUNE,all_to_shortest,greedy,6222,36,36,0.1577596664428711,0.1167727418836387,True,5656.0,33,-1,5495.44
Uniform1-5000_Seed36_J50_M25,"[0.004546, 0.979914]",25,50,0.1,max_proc,lowest_lower_bound,NO_PROFILING,all_to_shortest,greedy,5771,46,2001,11.25450038909912,0.161462484837983,False,4839.2,25,-1,4839.2
Uniform1-5000_Seed36_J50_M25,"[0.004546, 0.979914]",25,50,0.05,max_proc,lowest_lower_bound,PRUNE,all_to_shortest,greedy,5828,27,28,0.108189582824707,0.1696636925188744,True,5334.0,26,-1,4839.2
Uniform1-5000_Seed37_J50_M25,"[0.002959, 0.916001]",25,50,0.1,max_proc,lowest_lower_bound,NO_PROFILING,all_to_shortest,greedy,6251,741,2001,9.12744927406311,0.1349864021756519,False,5407.2,27,-1,5407.2
Uniform1-5000_Seed37_J50_M25,"[0.002959, 0.916001]",25,50,0.05,max_proc,lowest_lower_bound,PRUNE,all_to_shortest,greedy,6375,50,50,0.190000295639038,0.1518117647058823,True,5811.0,30,-1,5407.2
Uniform1-5000_Seed38_J50_M25,"[0.000198, 0.990262]",25,50,0.1,max_proc,lowest_lower_bound,NO_PROFILING,all_to_shortest,greedy,5786,108,2001,8.182271003723145,0.128918078119599,False,5040.08,34,-1,5040.08
Uniform1-5000_Seed38_J50_M25,"[0.000198, 0.990262]",25,50,0.05,max_proc,lowest_lower_bound,PRUNE,all_to_shortest,greedy,5786,265,2001,5.2209203243255615,0.128918078119599,False,5040.08,34,-1,5040.08
Uniform1-5000_Seed39_J50_M25,"[0.013800, 0.982746]",25,50,0.1,max_proc,lowest_lower_bound,NO_PROFILING,all_to_shortest,greedy,6412,1978,2001,9.638716697692873,0.2089020586400498,False,5072.52,25,-1,5072.52
Uniform1-5000_Seed39_J50_M25,"[0.013800, 0.982746]",25,50,0.05,max_proc,lowest_lower_bound,PRUNE,all_to_shortest,greedy,6299,32,32,0.1133053302764892,0.1947102714716621,True,5863.0,27,-1,5072.52
Uniform1-5000_Seed40_J50_M25,"[0.082190, 0.887614]",25,50,0.1,max_proc,lowest_lower_bound,NO_PROFILING,all_to_shortest,greedy,6565,622,2001,11.151941537857056,0.1771332825590251,False,5402.12,25,-1,5402.12
Uniform1-5000_Seed40_J50_M25,"[0.082190, 0.887614]",25,50,0.05,max_proc,lowest_lower_bound,PRUNE,all_to_shortest,greedy,6594,30,30,0.1115672588348388,0.1807521989687595,True,6109.0,28,-1,5402.12
Uniform1-5000_Seed21_J100_M50,"[0.001816, 1.000000]",50,100,0.1,max_proc,lowest_lower_bound,NO_PROFILING,all_to_shortest,greedy,5384,46,46,0.6660008430480957,0.0796805349182763,True,4955.0,44,-1,4955.0
Uniform1-5000_Seed21_J100_M50,"[0.001816, 1.000000]",50,100,0.05,max_proc,lowest_lower_bound,PRUNE,all_to_shortest,greedy,5414,51,51,0.7860026359558105,0.0847801994828223,True,4955.0,49,-1,4955.0
Uniform1-5000_Seed22_J100_M50,"[0.018921, 1.000000]",50,100,0.1,max_proc,lowest_lower_bound,NO_PROFILING,all_to_shortest,greedy,5373,55,55,0.7995600700378418,0.0753768844221105,True,4968.0,53,-1,4968.0
Uniform1-5000_Seed22_J100_M50,"[0.018921, 1.000000]",50,100,0.05,max_proc,lowest_lower_bound,PRUNE,all_to_shortest,greedy,5434,56,56,0.8747577667236328,0.0857563489142436,True,4968.0,54,-1,4968.0
Uniform1-5000_Seed23_J100_M50,"[0.008112, 1.000000]",50,100,0.1,max_proc,lowest_lower_bound,NO_PROFILING,all_to_shortest,greedy,5728,180,2001,43.54408407211304,0.1391410614525139,False,4931.0,57,-1,4931.0
Uniform1-5000_Seed23_J100_M50,"[0.008112, 1.000000]",50,100,0.05,max_proc,lowest_lower_bound,PRUNE,all_to_shortest,greedy,5726,91,2001,42.833274841308594,0.1388403772266853,False,5018.0,58,-1,4931.0
Uniform1-5000_Seed24_J100_M50,"[0.007457, 1.000000]",50,100,0.1,max_proc,lowest_lower_bound,NO_PROFILING,all_to_shortest,greedy,6483,364,2001,49.38260436058045,0.2346136048125867,False,4962.0,50,-1,4962.0
Uniform1-5000_Seed24_J100_M50,"[0.007457, 1.000000]",50,100,0.05,max_proc,lowest_lower_bound,PRUNE,all_to_shortest,greedy,6095,65,65,1.553919792175293,0.185890073831009,True,5621.0,56,-1,4962.0
Uniform1-5000_Seed25_J100_M50,"[0.003027, 0.998588]",50,100,0.1,max_proc,lowest_lower_bound,NO_PROFILING,all_to_shortest,greedy,6187,1942,2001,44.652339935302734,0.1989655729755939,False,4956.0,50,-1,4956.0
Uniform1-5000_Seed25_J100_M50,"[0.003027, 0.998588]",50,100,0.05,max_proc,lowest_lower_bound,PRUNE,all_to_shortest,greedy,5470,958,958,19.03506231307984,0.0939670932358318,True,5093.0,73,-1,4956.0
Uniform1-5000_Seed26_J100_M50,"[0.004505, 0.896808]",50,100,0.1,max_proc,lowest_lower_bound,NO_PROFILING,all_to_shortest,greedy,6756,381,2001,60.27716374397278,0.1785553582001183,False,5549.68,50,-1,5549.68
Uniform1-5000_Seed26_J100_M50,"[0.004505, 0.896808]",50,100,0.05,max_proc,lowest_lower_bound,PRUNE,all_to_shortest,greedy,6425,1667,2001,41.19157195091248,0.1362365758754863,False,5703.0,78,-1,5549.68
Uniform1-5000_Seed27_J100_M50,"[0.025779, 1.000000]",50,100,0.1,max_proc,lowest_lower_bound,NO_PROFILING,all_to_shortest,greedy,5904,1298,2001,48.71539688110352,0.1786924119241192,False,4849.0,50,-1,4849.0
Uniform1-5000_Seed27_J100_M50,"[0.025779, 1.000000]",50,100,0.05,max_proc,lowest_lower_bound,PRUNE,all_to_shortest,greedy,5718,61,61,1.35223126411438,0.151976215459951,True,5352.0,55,-1,4849.0
Uniform1-5000_Seed28_J100_M50,"[0.009252, 1.000000]",50,100,0.1,max_proc,lowest_lower_bound,NO_PROFILING,all_to_shortest,greedy,5446,48,48,0.9483311176300048,0.0870363569592361,True,4972.0,46,-1,4972.0
Uniform1-5000_Seed28_J100_M50,"[0.009252, 1.000000]",50,100,0.05,max_proc,lowest_lower_bound,PRUNE,all_to_shortest,greedy,5411,53,53,1.2068853378295898,0.0811310293845869,True,4972.0,51,-1,4972.0
Uniform1-5000_Seed29_J100_M50,"[0.004201, 1.000000]",50,100,0.1,max_proc,lowest_lower_bound,NO_PROFILING,all_to_shortest,greedy,5483,65,65,1.1936523914337158,0.0882728433339412,True,4999.0,63,-1,4999.0
Uniform1-5000_Seed29_J100_M50,"[0.004201, 1.000000]",50,100,0.05,max_proc,lowest_lower_bound,PRUNE,all_to_shortest,greedy,5506,156,156,2.9207472801208496,0.0920813657827824,True,4999.0,66,-1,4999.0
Uniform1-5000_Seed30_J100_M50,"[0.009409, 1.000000]",50,100,0.1,max_proc,lowest_lower_bound,NO_PROFILING,all_to_shortest,greedy,6312,1571,2001,45.74115586280823,0.2086501901140684,False,4995.0,50,-1,4995.0
Uniform1-5000_Seed30_J100_M50,"[0.009409, 1.000000]",50,100,0.05,max_proc,lowest_lower_bound,PRUNE,all_to_shortest,greedy,5802,74,74,1.4556329250335691,0.1390899689762151,True,5312.0,58,-1,4995.0
Uniform1-5000_Seed31_J100_M50,"[0.005697, 0.979764]",50,100,0.1,max_proc,lowest_lower_bound,NO_PROFILING,all_to_shortest,greedy,6625,1278,2001,59.20888018608093,0.2316981132075471,False,5090.0,50,-1,5090.0
Uniform1-5000_Seed31_J100_M50,"[0.005697, 0.979764]",50,100,0.05,max_proc,lowest_lower_bound,PRUNE,all_to_shortest,greedy,6041,63,63,1.4222807884216309,0.1574242675053799,True,5612.0,58,-1,5090.0
Uniform1-5000_Seed32_J100_M50,"[0.001998, 0.997431]",50,100,0.1,max_proc,lowest_lower_bound,NO_PROFILING,all_to_shortest,greedy,5778,1612,2001,49.76112008094788,0.1336344755970925,False,5005.86,66,-1,5005.86
Uniform1-5000_Seed32_J100_M50,"[0.001998, 0.997431]",50,100,0.05,max_proc,lowest_lower_bound,PRUNE,all_to_shortest,greedy,5793,1131,2001,37.55014300346375,0.1358777835318488,False,5018.0,66,-1,5005.86
Uniform1-5000_Seed33_J100_M50,"[0.011405, 1.000000]",50,100,0.1,max_proc,lowest_lower_bound,NO_PROFILING,all_to_shortest,greedy,5100,52,52,0.9317870140075684,0.0372549019607843,True,4910.0,50,-1,4910.0
Uniform1-5000_Seed33_J100_M50,"[0.011405, 1.000000]",50,100,0.05,max_proc,lowest_lower_bound,PRUNE,all_to_shortest,greedy,5339,62,62,1.2012245655059814,0.0803521258662671,True,4910.0,60,-1,4910.0
Uniform1-5000_Seed34_J100_M50,"[0.029177, 0.970823]",50,100,0.1,max_proc,lowest_lower_bound,NO_PROFILING,all_to_shortest,greedy,6326,1008,2001,60.00046825408936,0.1873221625039519,False,5141.0,62,-1,5141.0
Uniform1-5000_Seed34_J100_M50,"[0.029177, 0.970823]",50,100,0.05,max_proc,lowest_lower_bound,PRUNE,all_to_shortest,greedy,6209,1626,2001,50.41073536872864,0.1720083749396038,False,5254.0,64,-1,5141.0
Uniform1-5000_Seed35_J100_M50,"[0.008699, 0.884843]",50,100,0.1,max_proc,lowest_lower_bound,NO_PROFILING,all_to_shortest,greedy,7284,562,2001,68.86440634727478,0.226710598572213,False,5632.64,50,-1,5632.64
Uniform1-5000_Seed35_J100_M50,"[0.008699, 0.884843]",50,100,0.05,max_proc,lowest_lower_bound,PRUNE,all_to_shortest,greedy,6295,316,316,7.188022613525391,0.1052200158856234,True,5782.0,74,-1,5632.64
Uniform1-5000_Seed36_J100_M50,"[0.002283, 0.945231]",50,100,0.1,max_proc,lowest_lower_bound,NO_PROFILING,all_to_shortest,greedy,6603,836,2001,55.40846037864685,0.2040193851279721,False,5255.86,51,-1,5255.86
Uniform1-5000_Seed36_J100_M50,"[0.002283, 0.945231]",50,100,0.05,max_proc,lowest_lower_bound,PRUNE,all_to_shortest,greedy,6091,105,105,2.5027761459350586,0.1371104908881957,True,5609.0,62,-1,5255.86
Uniform1-5000_Seed37_J100_M50,"[0.002924, 0.905203]",50,100,0.1,max_proc,lowest_lower_bound,NO_PROFILING,all_to_shortest,greedy,6932,454,2001,52.950040102005005,0.2106607039815349,False,5471.7,50,-1,5471.7
Uniform1-5000_Seed37_J100_M50,"[0.002924, 0.905203]",50,100,0.05,max_proc,lowest_lower_bound,PRUNE,all_to_shortest,greedy,6463,111,111,1.8766100406646729,0.1533807829181495,True,5940.0,64,-1,5471.7
Uniform1-5000_Seed38_J100_M50,"[0.000200, 1.000000]",50,100,0.1,max_proc,lowest_lower_bound,NO_PROFILING,all_to_shortest,greedy,5476,197,197,2.8981802463531494,0.0885682980277574,True,4991.0,71,-1,4991.0
Uniform1-5000_Seed38_J100_M50,"[0.000200, 1.000000]",50,100,0.05,max_proc,lowest_lower_bound,PRUNE,all_to_shortest,greedy,5870,724,2001,37.18225717544556,0.1497444633730834,False,4991.0,65,-1,4991.0
Uniform1-5000_Seed39_J100_M50,"[0.003410, 1.000000]",50,100,0.1,max_proc,lowest_lower_bound,NO_PROFILING,all_to_shortest,greedy,6315,689,2001,48.86782670021057,0.2106096595407759,False,4985.0,50,-1,4985.0
Uniform1-5000_Seed39_J100_M50,"[0.003410, 1.000000]",50,100,0.05,max_proc,lowest_lower_bound,PRUNE,all_to_shortest,greedy,6046,92,92,1.96836519241333,0.1754879259014224,True,5621.0,55,-1,4985.0
Uniform1-5000_Seed40_J100_M50,"[0.020870, 0.888064]",50,100,0.1,max_proc,lowest_lower_bound,NO_PROFILING,all_to_shortest,greedy,7098,164,2001,64.22292280197144,0.2169399830938292,False,5558.16,50,-1,5558.16
Uniform1-5000_Seed40_J100_M50,"[0.020870, 0.888064]",50,100,0.05,max_proc,lowest_lower_bound,PRUNE,all_to_shortest,greedy,6746,62,62,1.4201762676239014,0.1760806403794841,True,6262.0,56,-1,5558.16
Uniform1-5000_Seed21_J150_M75,"[0.001806, 1.000000]",75,150,0.1,max_proc,lowest_lower_bound,NO_PROFILING,all_to_shortest,greedy,5297,72,72,3.879983901977539,0.059278837077591,True,4983.0,70,-1,4983.0
Uniform1-5000_Seed21_J150_M75,"[0.001806, 1.000000]",75,150,0.05,max_proc,lowest_lower_bound,PRUNE,all_to_shortest,greedy,5484,69,69,4.196583271026611,0.0913566739606126,True,4983.0,67,-1,4983.0
Uniform1-5000_Seed22_J150_M75,"[0.002004, 1.000000]",75,150,0.1,max_proc,lowest_lower_bound,NO_PROFILING,all_to_shortest,greedy,6393,745,2001,145.32301688194275,0.2194587830439543,False,4990.0,75,-1,4990.0
Uniform1-5000_Seed22_J150_M75,"[0.002004, 1.000000]",75,150,0.05,max_proc,lowest_lower_bound,PRUNE,all_to_shortest,greedy,6069,90,90,5.556437253952026,0.177788762563849,True,5540.0,88,-1,4990.0
Uniform1-5000_Seed23_J150_M75,"[0.008027, 1.000000]",75,150,0.1,max_proc,lowest_lower_bound,NO_PROFILING,all_to_shortest,greedy,5949,164,2001,132.4394929409027,0.1623802319717599,False,4983.0,88,-1,4983.0
Uniform1-5000_Seed23_J150_M75,"[0.008027, 1.000000]",75,150,0.05,max_proc,lowest_lower_bound,PRUNE,all_to_shortest,greedy,5960,1889,2001,119.95040202140808,0.1639261744966443,False,4983.0,88,-1,4983.0
Uniform1-5000_Seed24_J150_M75,"[0.007279, 0.976147]",75,150,0.1,max_proc,lowest_lower_bound,NO_PROFILING,all_to_shortest,greedy,6528,431,2001,131.6039650440216,0.2213153594771242,False,5083.253333333333,75,-1,5083.253333333333
Uniform1-5000_Seed24_J150_M75,"[0.007279, 0.976147]",75,150,0.05,max_proc,lowest_lower_bound,PRUNE,all_to_shortest,greedy,6154,351,351,23.995612621307373,0.173991983533745,True,5662.0,91,-1,5083.253333333333
Uniform1-5000_Seed25_J150_M75,"[0.003031, 1.000000]",75,150,0.1,max_proc,lowest_lower_bound,NO_PROFILING,all_to_shortest,greedy,5430,107,107,6.046477794647217,0.0885819521178637,True,4949.0,105,-1,4949.0
Uniform1-5000_Seed25_J150_M75,"[0.003031, 1.000000]",75,150,0.05,max_proc,lowest_lower_bound,PRUNE,all_to_shortest,greedy,5491,1325,2001,134.93692779541016,0.0987069750500819,False,4949.0,109,-1,4949.0
Uniform1-5000_Seed26_J150_M75,"[0.004533, 0.905445]",75,150,0.1,max_proc,lowest_lower_bound,NO_PROFILING,all_to_shortest,greedy,6973,880,2001,156.6787781715393,0.2090176394665136,False,5515.52,75,-1,5515.52
Uniform1-5000_Seed26_J150_M75,"[0.004533, 0.905445]",75,150,0.05,max_proc,lowest_lower_bound,PRUNE,all_to_shortest,greedy,6803,661,2001,136.17972564697266,0.1892518006761722,False,5848.0,88,-1,5515.52
Uniform1-5000_Seed27_J150_M75,"[0.025779, 1.000000]",75,150,0.1,max_proc,lowest_lower_bound,NO_PROFILING,all_to_shortest,greedy,6385,64,2001,153.07200384140015,0.2405638214565387,False,4849.0,75,-1,4849.0
Uniform1-5000_Seed27_J150_M75,"[0.025779, 1.000000]",75,150,0.05,max_proc,lowest_lower_bound,PRUNE,all_to_shortest,greedy,5728,91,91,5.870978355407715,0.1534567039106145,True,5420.0,88,-1,4849.0
Uniform1-5000_Seed28_J150_M75,"[0.009252, 1.000000]",75,150,0.1,max_proc,lowest_lower_bound,NO_PROFILING,all_to_shortest,greedy,5376,76,76,3.922973155975342,0.0751488095238095,True,4972.0,74,-1,4972.0
Uniform1-5000_Seed28_J150_M75,"[0.009252, 1.000000]",75,150,0.05,max_proc,lowest_lower_bound,PRUNE,all_to_shortest,greedy,5452,104,104,5.79202675819397,0.0880410858400587,True,4972.0,102,-1,4972.0
Uniform1-5000_Seed29_J150_M75,"[0.004201, 1.000000]",75,150,0.1,max_proc,lowest_lower_bound,NO_PROFILING,all_to_shortest,greedy,5961,539,2001,136.92071223258972,0.1613823184029525,False,4999.0,88,-1,4999.0
Uniform1-5000_Seed29_J150_M75,"[0.004201, 1.000000]",75,150,0.05,max_proc,lowest_lower_bound,PRUNE,all_to_shortest,greedy,6068,431,2001,145.84543013572693,0.1761700725115359,False,4999.0,87,-1,4999.0
Uniform1-5000_Seed30_J150_M75,"[0.009405, 0.999525]",75,150,0.1,max_proc,lowest_lower_bound,NO_PROFILING,all_to_shortest,greedy,6375,312,2001,125.84510564804076,0.2160983006535948,False,4997.373333333333,76,-1,4997.373333333333
Uniform1-5000_Seed30_J150_M75,"[0.009405, 0.999525]",75,150,0.05,max_proc,lowest_lower_bound,PRUNE,all_to_shortest,greedy,5724,540,540,37.29527163505554,0.1269438621010948,True,5260.0,96,-1,4997.373333333333
Uniform1-5000_Seed31_J150_M75,"[0.002807, 1.000000]",75,150,0.1,max_proc,lowest_lower_bound,NO_PROFILING,all_to_shortest,greedy,6352,1211,2001,132.99857211112976,0.2148929471032745,False,4987.0,75,-1,4987.0
Uniform1-5000_Seed31_J150_M75,"[0.002807, 1.000000]",75,150,0.05,max_proc,lowest_lower_bound,PRUNE,all_to_shortest,greedy,5675,93,93,5.810608625411987,0.1212334801762114,True,5339.0,91,-1,4987.0
Uniform1-5000_Seed32_J150_M75,"[0.001978, 0.987727]",75,150,0.1,max_proc,lowest_lower_bound,NO_PROFILING,all_to_shortest,greedy,5980,384,2001,139.43475937843323,0.1546755852842809,False,5055.04,100,-1,5055.04
Uniform1-5000_Seed32_J150_M75,"[0.001978, 0.987727]",75,150,0.05,max_proc,lowest_lower_bound,PRUNE,all_to_shortest,greedy,6087,1507,2001,139.00237393379211,0.169535074749466,False,5055.04,94,-1,5055.04
Uniform1-5000_Seed33_J150_M75,"[0.005851, 1.000000]",75,150,0.1,max_proc,lowest_lower_bound,NO_PROFILING,all_to_shortest,greedy,5111,94,94,5.555953979492188,0.0303267462336137,True,4956.0,92,-1,4956.0
Uniform1-5000_Seed33_J150_M75,"[0.005851, 1.000000]",75,150,0.05,max_proc,lowest_lower_bound,PRUNE,all_to_shortest,greedy,5434,99,99,5.651545524597168,0.0879646669120353,True,4956.0,97,-1,4956.0
Uniform1-5000_Seed34_J150_M75,"[0.028819, 0.958893]",75,150,0.1,max_proc,lowest_lower_bound,NO_PROFILING,all_to_shortest,greedy,6629,1095,2001,144.4785120487213,0.2148197314828782,False,5204.96,78,-1,5204.96
Uniform1-5000_Seed34_J150_M75,"[0.028819, 0.958893]",75,150,0.05,max_proc,lowest_lower_bound,PRUNE,all_to_shortest,greedy,6225,965,2001,133.86580896377563,0.1638618473895582,False,5316.0,96,-1,5204.96
Uniform1-5000_Seed35_J150_M75,"[0.005963, 0.903003]",75,150,0.1,max_proc,lowest_lower_bound,NO_PROFILING,all_to_shortest,greedy,6961,1314,2001,151.16891407966614,0.2050337595173107,False,5533.76,75,-1,5533.76
Uniform1-5000_Seed35_J150_M75,"[0.005963, 0.903003]",75,150,0.05,max_proc,lowest_lower_bound,PRUNE,all_to_shortest,greedy,6434,120,120,7.887146234512329,0.1399191793596518,True,5884.0,99,-1,5533.76
Uniform1-5000_Seed36_J150_M75,"[0.002368, 0.984830]",75,150,0.1,max_proc,lowest_lower_bound,NO_PROFILING,all_to_shortest,greedy,5924,1061,2001,144.10645484924316,0.1445172180958811,False,5067.88,99,-1,5067.88
Uniform1-5000_Seed36_J150_M75,"[0.002368, 0.984830]",75,150,0.05,max_proc,lowest_lower_bound,PRUNE,all_to_shortest,greedy,5945,1560,2001,139.16811609268188,0.1475391084945332,False,5111.0,99,-1,5067.88
Uniform1-5000_Seed37_J150_M75,"[0.003106, 0.961476]",75,150,0.1,max_proc,lowest_lower_bound,NO_PROFILING,all_to_shortest,greedy,6598,77,2001,131.05947136878967,0.2192401737900374,False,5151.453333333333,75,-1,5151.453333333333
Uniform1-5000_Seed37_J150_M75,"[0.003106, 0.961476]",75,150,0.05,max_proc,lowest_lower_bound,PRUNE,all_to_shortest,greedy,6003,109,2001,135.20448446273804,0.1418535176856017,False,5387.0,102,-1,5151.453333333333
Uniform1-5000_Seed38_J150_M75,"[0.000200, 1.000000]",75,150,0.1,max_proc,lowest_lower_bound,NO_PROFILING,all_to_shortest,greedy,5321,106,106,6.066752195358276,0.0620184175906784,True,4991.0,104,-1,4991.0
Uniform1-5000_Seed38_J150_M75,"[0.000200, 1.000000]",75,150,0.05,max_proc,lowest_lower_bound,PRUNE,all_to_shortest,greedy,5411,106,106,6.262213945388794,0.0776196636481241,True,4991.0,104,-1,4991.0
Uniform1-5000_Seed39_J150_M75,"[0.003387, 0.993049]",75,150,0.1,max_proc,lowest_lower_bound,NO_PROFILING,all_to_shortest,greedy,6454,238,2001,133.21582055091858,0.2222043177357711,False,5019.893333333333,75,-1,5019.893333333333
Uniform1-5000_Seed39_J150_M75,"[0.003387, 0.993049]",75,150,0.05,max_proc,lowest_lower_bound,PRUNE,all_to_shortest,greedy,6180,167,167,10.36212706565857,0.1877195253505933,True,5652.0,84,-1,5019.893333333333
Uniform1-5000_Seed40_J150_M75,"[0.011888, 0.955241]",75,150,0.1,max_proc,lowest_lower_bound,NO_PROFILING,all_to_shortest,greedy,6622,75,2001,142.7381613254547,0.212407127755965,False,5215.44,75,-1,5215.44
Uniform1-5000_Seed40_J150_M75,"[0.011888, 0.955241]",75,150,0.05,max_proc,lowest_lower_bound,PRUNE,all_to_shortest,greedy,5949,118,118,7.85161566734314,0.1233081190115986,True,5442.0,104,-1,5215.44
Uniform1-5000_Seed21_J200_M100,"[0.001806, 1.000000]",100,200,0.1,max_proc,lowest_lower_bound,NO_PROFILING,all_to_shortest,greedy,5443,95,95,11.75847315788269,0.084512217527099,True,4983.0,93,-1,4983.0
Uniform1-5000_Seed21_J200_M100,"[0.001806, 1.000000]",100,200,0.05,max_proc,lowest_lower_bound,PRUNE,all_to_shortest,greedy,5461,110,110,15.423428535461426,0.0875297564548617,True,4983.0,108,-1,4983.0
Uniform1-5000_Seed22_J200_M100,"[0.002004, 1.000000]",100,200,0.1,max_proc,lowest_lower_bound,NO_PROFILING,all_to_shortest,greedy,6158,1159,2001,280.2406647205353,0.1896719714192919,False,4990.0,100,-1,4990.0
Uniform1-5000_Seed22_J200_M100,"[0.002004, 1.000000]",100,200,0.05,max_proc,lowest_lower_bound,PRUNE,all_to_shortest,greedy,5630,122,122,16.276715993881226,0.1136767317939609,True,5167.0,114,-1,4990.0
Uniform1-5000_Seed23_J200_M100,"[0.007859, 0.980997]",100,200,0.1,max_proc,lowest_lower_bound,NO_PROFILING,all_to_shortest,greedy,6373,112,2001,300.01662278175354,0.2013619959202886,False,5089.72,110,-1,5089.72
Uniform1-5000_Seed23_J200_M100,"[0.007859, 0.980997]",100,200,0.05,max_proc,lowest_lower_bound,PRUNE,all_to_shortest,greedy,6397,1086,2001,280.69373989105225,0.2043582929498202,False,5201.0,112,-1,5089.72
Uniform1-5000_Seed24_J200_M100,"[0.003723, 0.972331]",100,200,0.1,max_proc,lowest_lower_bound,NO_PROFILING,all_to_shortest,greedy,6635,1483,2001,279.53832364082336,0.2308666164280332,False,5103.2,100,-1,5103.2
Uniform1-5000_Seed24_J200_M100,"[0.003723, 0.972331]",100,200,0.05,max_proc,lowest_lower_bound,PRUNE,all_to_shortest,greedy,6240,309,309,36.12566542625427,0.1821794871794872,True,5697.0,119,-1,5103.2
Uniform1-5000_Seed25_J200_M100,"[0.003031, 1.000000]",100,200,0.1,max_proc,lowest_lower_bound,NO_PROFILING,all_to_shortest,greedy,6196,909,2001,257.33434891700745,0.2012588766946417,False,4949.0,100,-1,4949.0
Uniform1-5000_Seed25_J200_M100,"[0.003031, 1.000000]",100,200,0.05,max_proc,lowest_lower_bound,PRUNE,all_to_shortest,greedy,5617,140,140,18.04217791557312,0.118924692896564,True,5138.0,138,-1,4949.0
Uniform1-5000_Seed26_J200_M100,"[0.004634, 0.925734]",100,200,0.1,max_proc,lowest_lower_bound,NO_PROFILING,all_to_shortest,greedy,6764,316,2001,290.0667643547058,0.2024482554701359,False,5394.64,100,-1,5394.64
Uniform1-5000_Seed26_J200_M100,"[0.004634, 0.925734]",100,200,0.05,max_proc,lowest_lower_bound,PRUNE,all_to_shortest,greedy,6220,163,163,22.990121126174927,0.1326945337620578,True,5669.0,133,-1,5394.64
Uniform1-5000_Seed27_J200_M100,"[0.025288, 1.000000]",100,200,0.1,max_proc,lowest_lower_bound,NO_PROFILING,all_to_shortest,greedy,6132,250,2001,280.68467235565186,0.193900848010437,False,4943.0,100,-1,4943.0
Uniform1-5000_Seed27_J200_M100,"[0.025288, 1.000000]",100,200,0.05,max_proc,lowest_lower_bound,PRUNE,all_to_shortest,greedy,5438,141,141,19.830049991607662,0.0910261125413755,True,5075.0,139,-1,4943.0
Uniform1-5000_Seed28_J200_M100,"[0.009252, 1.000000]",100,200,0.1,max_proc,lowest_lower_bound,NO_PROFILING,all_to_shortest,greedy,5469,135,135,15.956044912338257,0.0908758456756262,True,4972.0,133,-1,4972.0
Uniform1-5000_Seed28_J200_M100,"[0.009252, 1.000000]",100,200,0.05,max_proc,lowest_lower_bound,PRUNE,all_to_shortest,greedy,5347,151,151,20.913750171661377,0.070132784739106,True,4972.0,149,-1,4972.0
Uniform1-5000_Seed29_J200_M100,"[0.000800, 1.000000]",100,200,0.1,max_proc,lowest_lower_bound,NO_PROFILING,all_to_shortest,greedy,6107,459,2001,295.4808478355408,0.1814311445881775,False,4999.0,115,-1,4999.0
Uniform1-5000_Seed29_J200_M100,"[0.000800, 1.000000]",100,200,0.05,max_proc,lowest_lower_bound,PRUNE,all_to_shortest,greedy,6189,98,2001,318.83823227882385,0.1922766198093391,False,4999.0,114,-1,4999.0
Uniform1-5000_Seed30_J200_M100,"[0.001201, 1.000000]",100,200,0.1,max_proc,lowest_lower_bound,NO_PROFILING,all_to_shortest,greedy,5446,122,122,15.16388726234436,0.0828130738156445,True,4995.0,120,-1,4995.0
Uniform1-5000_Seed30_J200_M100,"[0.001201, 1.000000]",100,200,0.05,max_proc,lowest_lower_bound,PRUNE,all_to_shortest,greedy,5484,127,127,16.576390027999878,0.0891684901531728,True,4995.0,125,-1,4995.0
Uniform1-5000_Seed31_J200_M100,"[0.002806, 1.000000]",100,200,0.1,max_proc,lowest_lower_bound,NO_PROFILING,all_to_shortest,greedy,6312,151,2001,272.95510172843933,0.2094423320659062,False,4990.0,104,-1,4990.0
Uniform1-5000_Seed31_J200_M100,"[0.002806, 1.000000]",100,200,0.05,max_proc,lowest_lower_bound,PRUNE,all_to_shortest,greedy,5489,155,155,20.850229024887085,0.0909090909090909,True,5029.0,142,-1,4990.0
Uniform1-5000_Seed32_J200_M100,"[0.001979, 0.987981]",100,200,0.1,max_proc,lowest_lower_bound,NO_PROFILING,all_to_shortest,greedy,6100,1051,2001,279.1610622406006,0.1715180327868853,False,5053.74,122,-1,5053.74
Uniform1-5000_Seed32_J200_M100,"[0.001979, 0.987981]",100,200,0.05,max_proc,lowest_lower_bound,PRUNE,all_to_shortest,greedy,6127,1653,2001,276.9052131175995,0.1751689244328383,False,5131.0,122,-1,5053.74
Uniform1-5000_Seed33_J200_M100,"[0.001614, 1.000000]",100,200,0.1,max_proc,lowest_lower_bound,NO_PROFILING,all_to_shortest,greedy,5391,126,126,14.929407596588137,0.0806900389538119,True,4956.0,124,-1,4956.0
Uniform1-5000_Seed33_J200_M100,"[0.001614, 1.000000]",100,200,0.05,max_proc,lowest_lower_bound,PRUNE,all_to_shortest,greedy,5458,135,135,17.3420090675354,0.091975082447783,True,4956.0,133,-1,4956.0
Uniform1-5000_Seed34_J200_M100,"[0.016228, 0.975805]",100,200,0.1,max_proc,lowest_lower_bound,NO_PROFILING,all_to_shortest,greedy,6397,523,2001,285.8456437587738,0.2004455213381272,False,5114.75,115,-1,5114.75
Uniform1-5000_Seed34_J200_M100,"[0.016228, 0.975805]",100,200,0.05,max_proc,lowest_lower_bound,PRUNE,all_to_shortest,greedy,6402,381,2001,236.2696237564087,0.2010699781318338,False,5215.0,119,-1,5114.75
Uniform1-5000_Seed35_J200_M100,"[0.006065, 0.918328]",100,200,0.1,max_proc,lowest_lower_bound,NO_PROFILING,all_to_shortest,greedy,6910,1123,2001,294.2934260368347,0.2125311143270622,False,5441.41,100,-1,5441.41
Uniform1-5000_Seed35_J200_M100,"[0.006065, 0.918328]",100,200,0.05,max_proc,lowest_lower_bound,PRUNE,all_to_shortest,greedy,6377,792,792,121.46089458465576,0.1467131880194449,True,5794.0,131,-1,5441.41
Uniform1-5000_Seed36_J200_M100,"[0.002307, 0.959693]",100,200,0.1,max_proc,lowest_lower_bound,NO_PROFILING,all_to_shortest,greedy,6678,1295,2001,289.5801289081573,0.2212309074573225,False,5200.62,101,-1,5200.62
Uniform1-5000_Seed36_J200_M100,"[0.002307, 0.959693]",100,200,0.05,max_proc,lowest_lower_bound,PRUNE,all_to_shortest,greedy,6105,380,380,55.206180810928345,0.1481375921375921,True,5564.0,129,-1,5200.62
Uniform1-5000_Seed37_J200_M100,"[0.003199, 0.990261]",100,200,0.1,max_proc,lowest_lower_bound,NO_PROFILING,all_to_shortest,greedy,5829,1998,2001,282.83749651908875,0.1419265740264196,False,5001.71,137,-1,5001.71
Uniform1-5000_Seed37_J200_M100,"[0.003199, 0.990261]",100,200,0.05,max_proc,lowest_lower_bound,PRUNE,all_to_shortest,greedy,5955,590,2001,317.2350161075592,0.1600822837951301,False,5001.71,125,-1,5001.71
Uniform1-5000_Seed38_J200_M100,"[0.000200, 1.000000]",100,200,0.1,max_proc,lowest_lower_bound,NO_PROFILING,all_to_shortest,greedy,5401,148,148,20.12497878074646,0.0759118681725606,True,4991.0,146,-1,4991.0
Uniform1-5000_Seed38_J200_M100,"[0.000200, 1.000000]",100,200,0.05,max_proc,lowest_lower_bound,PRUNE,all_to_shortest,greedy,5976,437,2001,312.13590478897095,0.1648259705488621,False,4991.0,130,-1,4991.0
Uniform1-5000_Seed39_J200_M100,"[0.003410, 1.000000]",100,200,0.1,max_proc,lowest_lower_bound,NO_PROFILING,all_to_shortest,greedy,6271,802,2001,278.2511830329895,0.2050709615691277,False,4985.0,100,-1,4985.0
Uniform1-5000_Seed39_J200_M100,"[0.003410, 1.000000]",100,200,0.05,max_proc,lowest_lower_bound,PRUNE,all_to_shortest,greedy,5553,131,131,18.54457783699036,0.1022870520439402,True,5255.0,129,-1,4985.0
Uniform1-5000_Seed40_J200_M100,"[0.012206, 0.996924]",100,200,0.1,max_proc,lowest_lower_bound,NO_PROFILING,all_to_shortest,greedy,6415,1564,2001,292.3341488838196,0.2209867498051442,False,4997.37,100,-1,4997.37
Uniform1-5000_Seed40_J200_M100,"[0.012206, 0.996924]",100,200,0.05,max_proc,lowest_lower_bound,PRUNE,all_to_shortest,greedy,6070,725,2001,306.5943281650543,0.1767100494233937,False,5160.0,117,-1,4997.37
Uniform1-5000_Seed41_J20_M10,"[0.054855, 0.779046]",10,20,0.1,max_proc,lowest_lower_bound,NO_PROFILING,all_to_shortest,greedy,7224,1325,2001,1.4167063236236572,0.1874307862679955,False,5870.0,10,-1,5870.0
Uniform1-5000_Seed41_J20_M10,"[0.054855, 0.779046]",10,20,0.05,max_proc,lowest_lower_bound,PRUNE,all_to_shortest,greedy,6829,13,13,0.0070610046386718,0.1404305169131644,True,6322.0,10,-1,5870.0
Uniform1-5000_Seed42_J20_M10,"[0.025666, 0.949060]",10,20,0.1,max_proc,lowest_lower_bound,NO_PROFILING,all_to_shortest,greedy,5825,317,2001,0.7539994716644287,0.1237768240343347,False,5104.0,10,-1,5104.0
Uniform1-5000_Seed42_J20_M10,"[0.025666, 0.949060]",10,20,0.05,max_proc,lowest_lower_bound,PRUNE,all_to_shortest,greedy,6207,11,12,0.0053703784942626,0.1777025938456581,True,5825.0,10,-1,5104.0
Uniform1-5000_Seed43_J20_M10,"[0.061684, 0.981335]",10,20,0.1,max_proc,lowest_lower_bound,NO_PROFILING,all_to_shortest,greedy,5458,58,58,0.018852949142456,0.0851593990472701,True,4993.2,11,-1,4993.2
Uniform1-5000_Seed43_J20_M10,"[0.061684, 0.981335]",10,20,0.05,max_proc,lowest_lower_bound,PRUNE,all_to_shortest,greedy,5704,12,13,0.0060095787048339,0.1246143057503506,True,5458.0,11,-1,4993.2
Uniform1-5000_Seed44_J20_M10,"[0.023368, 0.887970]",10,20,0.1,max_proc,lowest_lower_bound,NO_PROFILING,all_to_shortest,greedy,5750,779,2001,0.9961256980895996,0.0994608695652173,False,5178.1,10,-1,5178.1
Uniform1-5000_Seed44_J20_M10,"[0.023368, 0.887970]",10,20,0.05,max_proc,lowest_lower_bound,PRUNE,all_to_shortest,greedy,6153,13,13,0.0049548149108886,0.1584430359174385,True,5609.0,11,-1,5178.1
Uniform1-5000_Seed45_J20_M10,"[0.031731, 0.947295]",10,20,0.1,max_proc,lowest_lower_bound,NO_PROFILING,all_to_shortest,greedy,6321,254,2001,0.6927883625030518,0.1823445657332701,False,5168.4,10,-1,5168.4
Uniform1-5000_Seed45_J20_M10,"[0.031731, 0.947295]",10,20,0.05,max_proc,lowest_lower_bound,PRUNE,all_to_shortest,greedy,6902,10,12,0.0050001144409179,0.2511735728774268,True,6321.0,10,-1,5168.4
Uniform1-5000_Seed46_J20_M10,"[0.105908, 0.956082]",10,20,0.1,max_proc,lowest_lower_bound,NO_PROFILING,all_to_shortest,greedy,5794,1543,2001,1.11138653755188,0.1118398343113565,False,5146.0,10,-1,5146.0
Uniform1-5000_Seed46_J20_M10,"[0.105908, 0.956082]",10,20,0.05,max_proc,lowest_lower_bound,PRUNE,all_to_shortest,greedy,6168,15,28,0.0175056457519531,0.1656939040207522,True,5597.0,13,-1,5146.0
Uniform1-5000_Seed47_J20_M10,"[0.105664, 0.923389]",10,20,0.1,max_proc,lowest_lower_bound,NO_PROFILING,all_to_shortest,greedy,5954,63,2001,1.4578874111175537,0.1051058112193483,False,5328.2,10,-1,5328.2
Uniform1-5000_Seed47_J20_M10,"[0.105664, 0.923389]",10,20,0.05,max_proc,lowest_lower_bound,PRUNE,all_to_shortest,greedy,6085,18,137,0.0398933887481689,0.1243714050944947,True,5631.0,16,-1,5328.2
Uniform1-5000_Seed48_J20_M10,"[0.060895, 0.979075]",10,20,0.1,max_proc,lowest_lower_bound,NO_PROFILING,all_to_shortest,greedy,5292,10,2001,1.327270269393921,0.1249244142101285,False,4630.9,10,-1,4630.9
Uniform1-5000_Seed48_J20_M10,"[0.060895, 0.979075]",10,20,0.05,max_proc,lowest_lower_bound,PRUNE,all_to_shortest,greedy,5202,15,15,0.0,0.1097846981930027,True,4869.0,11,-1,4630.9
Uniform1-5000_Seed49_J20_M10,"[0.037322, 0.827555]",10,20,0.1,max_proc,lowest_lower_bound,NO_PROFILING,all_to_shortest,greedy,6980,10,2001,0.8116164207458496,0.1363037249283667,False,6028.6,10,-1,6028.6
Uniform1-5000_Seed49_J20_M10,"[0.037322, 0.827555]",10,20,0.05,max_proc,lowest_lower_bound,PRUNE,all_to_shortest,greedy,6980,11,12,0.0021650791168212,0.1363037249283667,True,6841.0,10,-1,6028.6
Uniform1-5000_Seed50_J20_M10,"[0.015385, 1.000000]",10,20,0.1,max_proc,lowest_lower_bound,NO_PROFILING,all_to_shortest,greedy,5235,13,2001,0.9159390926361084,0.1184336198662846,False,4615.0,11,-1,4615.0
Uniform1-5000_Seed50_J20_M10,"[0.015385, 1.000000]",10,20,0.05,max_proc,lowest_lower_bound,PRUNE,all_to_shortest,greedy,5346,13,14,0.0040705204010009,0.1367377478488589,True,4968.0,11,-1,4615.0
Uniform1-5000_Seed51_J20_M10,"[0.090301, 0.969274]",10,20,0.1,max_proc,lowest_lower_bound,NO_PROFILING,all_to_shortest,greedy,5489,10,10,0.0010004043579101,0.0679176534887958,True,5116.2,8,-1,5116.2
Uniform1-5000_Seed51_J20_M10,"[0.090301, 0.969274]",10,20,0.05,max_proc,lowest_lower_bound,PRUNE,all_to_shortest,greedy,5541,9,9,0.0042588710784912,0.0766648619382783,True,5116.2,7,-1,5116.2
Uniform1-5000_Seed52_J20_M10,"[0.003269, 0.945907]",10,20,0.1,max_proc,lowest_lower_bound,NO_PROFILING,all_to_shortest,greedy,6064,18,2001,1.0161120891571045,0.1424307387862796,False,5200.3,10,-1,5200.3
Uniform1-5000_Seed52_J20_M10,"[0.003269, 0.945907]",10,20,0.05,max_proc,lowest_lower_bound,PRUNE,all_to_shortest,greedy,6221,5,12,0.0039997100830078,0.164073300112522,True,5870.0,10,-1,5200.3
Uniform1-5000_Seed53_J20_M10,"[0.007313, 1.000000]",10,20,0.1,max_proc,lowest_lower_bound,NO_PROFILING,all_to_shortest,greedy,5207,5,5,0.0010442733764648,0.054541962742462,True,4923.0,3,-1,4923.0
Uniform1-5000_Seed53_J20_M10,"[0.007313, 1.000000]",10,20,0.05,max_proc,lowest_lower_bound,PRUNE,all_to_shortest,greedy,5304,12,12,0.0036373138427734,0.0718325791855203,True,4923.0,10,-1,4923.0
Uniform1-5000_Seed54_J20_M10,"[0.146680, 0.783978]",10,20,0.1,max_proc,lowest_lower_bound,NO_PROFILING,all_to_shortest,greedy,6783,493,2001,1.0868496894836426,0.0964175143741707,False,6129.0,10,-1,6129.0
Uniform1-5000_Seed54_J20_M10,"[0.146680, 0.783978]",10,20,0.05,max_proc,lowest_lower_bound,PRUNE,all_to_shortest,greedy,7110,10,12,0.0043857097625732,0.1379746835443038,True,6547.0,10,-1,6129.0
Uniform1-5000_Seed55_J20_M10,"[0.098771, 0.779758]",10,20,0.1,max_proc,lowest_lower_bound,NO_PROFILING,all_to_shortest,greedy,7056,512,2001,1.093897819519043,0.1290391156462585,False,6145.5,10,-1,6145.5
Uniform1-5000_Seed55_J20_M10,"[0.098771, 0.779758]",10,20,0.05,max_proc,lowest_lower_bound,PRUNE,all_to_shortest,greedy,7056,13,13,0.0049986839294433,0.1290391156462585,True,6908.0,11,-1,6145.5
Uniform1-5000_Seed56_J20_M10,"[0.016030, 0.906441]",10,20,0.1,max_proc,lowest_lower_bound,NO_PROFILING,all_to_shortest,greedy,6192,5,2001,0.7727346420288086,0.1134366925064599,False,5489.6,10,-1,5489.6
Uniform1-5000_Seed56_J20_M10,"[0.016030, 0.906441]",10,20,0.05,max_proc,lowest_lower_bound,PRUNE,all_to_shortest,greedy,6524,12,12,0.0049960613250732,0.1585530349478846,True,6011.0,10,-1,5489.6
Uniform1-5000_Seed57_J20_M10,"[0.061541, 0.877111]",10,20,0.1,max_proc,lowest_lower_bound,NO_PROFILING,all_to_shortest,greedy,5961,3,2001,1.0152959823608398,0.135883241066935,False,5151.0,10,-1,5151.0
Uniform1-5000_Seed57_J20_M10,"[0.061541, 0.877111]",10,20,0.05,max_proc,lowest_lower_bound,PRUNE,all_to_shortest,greedy,5984,12,12,0.0058290958404541,0.1392045454545454,True,5821.0,10,-1,5151.0
Uniform1-5000_Seed58_J20_M10,"[0.115689, 0.809638]",10,20,0.1,max_proc,lowest_lower_bound,NO_PROFILING,all_to_shortest,greedy,6291,352,2001,1.0028369426727295,0.1357494833889683,False,5437.0,10,-1,5437.0
Uniform1-5000_Seed58_J20_M10,"[0.115689, 0.809638]",10,20,0.05,max_proc,lowest_lower_bound,PRUNE,all_to_shortest,greedy,6466,11,12,0.0050585269927978,0.1591401175378905,True,5977.0,10,-1,5437.0
Uniform1-5000_Seed59_J20_M10,"[0.001064, 1.000000]",10,20,0.1,max_proc,lowest_lower_bound,NO_PROFILING,all_to_shortest,greedy,5074,8,8,0.0030550956726074,0.0739061884115096,True,4699.0,6,-1,4699.0
Uniform1-5000_Seed59_J20_M10,"[0.001064, 1.000000]",10,20,0.05,max_proc,lowest_lower_bound,PRUNE,all_to_shortest,greedy,5104,10,10,0.0036394596099853,0.0793495297805642,True,4699.0,8,-1,4699.0
Uniform1-5000_Seed60_J20_M10,"[0.009117, 0.916348]",10,20,0.1,max_proc,lowest_lower_bound,NO_PROFILING,all_to_shortest,greedy,5424,359,359,0.1301863193511963,0.0899889380530974,True,4935.9,11,-1,4935.9
Uniform1-5000_Seed60_J20_M10,"[0.009117, 0.916348]",10,20,0.05,max_proc,lowest_lower_bound,PRUNE,all_to_shortest,greedy,5469,14,14,0.0072152614593505,0.0974766867800329,True,4962.0,12,-1,4935.9
Uniform1-5000_Seed41_J50_M25,"[0.022505, 0.900731]",25,50,0.1,max_proc,lowest_lower_bound,NO_PROFILING,all_to_shortest,greedy,6804,135,2001,10.046860933303831,0.1967136978248088,False,5465.56,25,-1,5465.56
Uniform1-5000_Seed41_J50_M25,"[0.022505, 0.900731]",25,50,0.05,max_proc,lowest_lower_bound,PRUNE,all_to_shortest,greedy,6545,31,31,0.1054098606109619,0.1649258976317799,True,6296.0,28,-1,5465.56
Uniform1-5000_Seed42_J50_M25,"[0.027044, 1.000000]",25,50,0.1,max_proc,lowest_lower_bound,NO_PROFILING,all_to_shortest,greedy,5041,32,32,0.1250486373901367,0.0390795477087879,True,4844.0,30,-1,4844.0
Uniform1-5000_Seed42_J50_M25,"[0.027044, 1.000000]",25,50,0.05,max_proc,lowest_lower_bound,PRUNE,all_to_shortest,greedy,5323,23,23,0.0825946331024169,0.0899868495209468,True,4844.0,21,-1,4844.0
Uniform1-5000_Seed43_J50_M25,"[0.006631, 1.000000]",25,50,0.1,max_proc,lowest_lower_bound,NO_PROFILING,all_to_shortest,greedy,5984,1947,2001,7.817331314086914,0.1682820855614973,False,4977.0,29,-1,4977.0
Uniform1-5000_Seed43_J50_M25,"[0.006631, 1.000000]",25,50,0.05,max_proc,lowest_lower_bound,PRUNE,all_to_shortest,greedy,5788,82,89,0.2201020717620849,0.1401174844505874,True,5259.0,30,-1,4977.0
Uniform1-5000_Seed44_J50_M25,"[0.024943, 1.000000]",25,50,0.1,max_proc,lowest_lower_bound,NO_PROFILING,all_to_shortest,greedy,5584,754,2001,11.980289936065674,0.1312679083094556,False,4851.0,28,-1,4851.0
Uniform1-5000_Seed44_J50_M25,"[0.024943, 1.000000]",25,50,0.05,max_proc,lowest_lower_bound,PRUNE,all_to_shortest,greedy,5584,41,106,0.3546638488769531,0.1312679083094556,True,5078.0,30,-1,4851.0
Uniform1-5000_Seed45_J50_M25,"[0.030446, 0.908915]",25,50,0.1,max_proc,lowest_lower_bound,NO_PROFILING,all_to_shortest,greedy,6481,43,2001,10.260509252548218,0.1688566579231599,False,5386.64,25,-1,5386.64
Uniform1-5000_Seed45_J50_M25,"[0.030446, 0.908915]",25,50,0.05,max_proc,lowest_lower_bound,PRUNE,all_to_shortest,greedy,6368,28,32,0.0976016521453857,0.1541080402010049,True,5805.0,28,-1,5386.64
Uniform1-5000_Seed46_J50_M25,"[0.003455, 1.000000]",25,50,0.1,max_proc,lowest_lower_bound,NO_PROFILING,all_to_shortest,greedy,5307,29,29,0.0984225273132324,0.0729225551158846,True,4920.0,27,-1,4920.0
Uniform1-5000_Seed46_J50_M25,"[0.003455, 1.000000]",25,50,0.05,max_proc,lowest_lower_bound,PRUNE,all_to_shortest,greedy,5335,33,33,0.1291964054107666,0.077788191190253,True,4920.0,31,-1,4920.0
Uniform1-5000_Seed47_J50_M25,"[0.029914, 0.908500]",25,50,0.1,max_proc,lowest_lower_bound,NO_PROFILING,all_to_shortest,greedy,6342,75,2001,13.20593285560608,0.1460864080731629,False,5415.52,25,-1,5415.52
Uniform1-5000_Seed47_J50_M25,"[0.029914, 0.908500]",25,50,0.05,max_proc,lowest_lower_bound,PRUNE,all_to_shortest,greedy,6186,35,35,0.1471385955810547,0.1245522146783057,True,5748.0,27,-1,5415.52
Uniform1-5000_Seed48_J50_M25,"[0.009305, 0.897773]",25,50,0.1,max_proc,lowest_lower_bound,NO_PROFILING,all_to_shortest,greedy,6198,517,2001,10.924405097961426,0.1677444336882866,False,5158.32,25,-1,5158.32
Uniform1-5000_Seed48_J50_M25,"[0.009305, 0.897773]",25,50,0.05,max_proc,lowest_lower_bound,PRUNE,all_to_shortest,greedy,6221,53,74,0.3416314125061035,0.1708214113486578,True,5658.0,30,-1,5158.32
Uniform1-5000_Seed49_J50_M25,"[0.036019, 0.800260]",25,50,0.1,max_proc,lowest_lower_bound,NO_PROFILING,all_to_shortest,greedy,7627,357,2001,11.807025909423828,0.1809728595778156,False,6246.72,25,-1,6246.72
Uniform1-5000_Seed49_J50_M25,"[0.036019, 0.800260]",25,50,0.05,max_proc,lowest_lower_bound,PRUNE,all_to_shortest,greedy,7586,31,32,0.1268949508666992,0.176546269443712,True,6892.0,28,-1,6246.72
Uniform1-5000_Seed50_J50_M25,"[0.010306, 0.977509]",25,50,0.1,max_proc,lowest_lower_bound,NO_PROFILING,all_to_shortest,greedy,5680,1224,2001,12.662299394607544,0.1117112676056338,False,5045.48,28,-1,5045.48
Uniform1-5000_Seed50_J50_M25,"[0.010306, 0.977509]",25,50,0.05,max_proc,lowest_lower_bound,PRUNE,all_to_shortest,greedy,5654,82,82,0.3502137660980224,0.1076264591439689,True,5168.0,36,-1,5045.48
Uniform1-5000_Seed51_J50_M25,"[0.010688, 1.000000]",25,50,0.1,max_proc,lowest_lower_bound,NO_PROFILING,all_to_shortest,greedy,5367,29,29,0.1058752536773681,0.0760201229737283,True,4959.0,27,-1,4959.0
Uniform1-5000_Seed51_J50_M25,"[0.010688, 1.000000]",25,50,0.05,max_proc,lowest_lower_bound,PRUNE,all_to_shortest,greedy,5386,34,34,0.1572191715240478,0.0792796138135907,True,4959.0,32,-1,4959.0
Uniform1-5000_Seed52_J50_M25,"[0.003390, 0.980850]",25,50,0.1,max_proc,lowest_lower_bound,NO_PROFILING,all_to_shortest,greedy,6206,590,2001,15.545802354812622,0.1919046084434418,False,5015.04,25,-1,5015.04
Uniform1-5000_Seed52_J50_M25,"[0.003390, 0.980850]",25,50,0.05,max_proc,lowest_lower_bound,PRUNE,all_to_shortest,greedy,5857,43,43,0.136770486831665,0.1437527744579136,True,5488.0,31,-1,5015.04
Uniform1-5000_Seed53_J50_M25,"[0.007216, 0.986803]",25,50,0.1,max_proc,lowest_lower_bound,NO_PROFILING,all_to_shortest,greedy,6093,559,2001,9.0990788936615,0.1812177909075988,False,4988.84,25,-1,4988.84
Uniform1-5000_Seed53_J50_M25,"[0.007216, 0.986803]",25,50,0.05,max_proc,lowest_lower_bound,PRUNE,all_to_shortest,greedy,6126,35,39,0.1133503913879394,0.1856284688214169,True,5605.0,29,-1,4988.84
Uniform1-5000_Seed54_J50_M25,"[0.001790, 0.955458]",25,50,0.1,max_proc,lowest_lower_bound,NO_PROFILING,all_to_shortest,greedy,5810,989,2001,10.617444276809692,0.1344234079173838,False,5029.0,28,-1,5029.0
Uniform1-5000_Seed54_J50_M25,"[0.001790, 0.955458]",25,50,0.05,max_proc,lowest_lower_bound,PRUNE,all_to_shortest,greedy,5875,52,232,0.9091689586639404,0.144,True,5351.0,31,-1,5029.0
Uniform1-5000_Seed55_J50_M25,"[0.044144, 0.849549]",25,50,0.1,max_proc,lowest_lower_bound,NO_PROFILING,all_to_shortest,greedy,6908,200,2001,10.170982837677002,0.1834626519976838,False,5640.64,25,-1,5640.64
Uniform1-5000_Seed55_J50_M25,"[0.044144, 0.849549]",25,50,0.05,max_proc,lowest_lower_bound,PRUNE,all_to_shortest,greedy,7109,23,27,0.0823585987091064,0.2065494443662962,True,6737.0,25,-1,5640.64
Uniform1-5000_Seed56_J50_M25,"[0.017685, 1.000000]",25,50,0.1,max_proc,lowest_lower_bound,NO_PROFILING,all_to_shortest,greedy,5299,36,36,0.0971617698669433,0.0609548971504057,True,4976.0,34,-1,4976.0
Uniform1-5000_Seed56_J50_M25,"[0.017685, 1.000000]",25,50,0.05,max_proc,lowest_lower_bound,PRUNE,all_to_shortest,greedy,5241,47,47,0.133488655090332,0.0505628696813585,True,4992.0,35,-1,4976.0
Uniform1-5000_Seed57_J50_M25,"[0.021027, 1.000000]",25,50,0.1,max_proc,lowest_lower_bound,NO_PROFILING,all_to_shortest,greedy,5339,408,2001,7.347363471984863,0.1537741150028095,False,4518.0,25,-1,4518.0
Uniform1-5000_Seed57_J50_M25,"[0.021027, 1.000000]",25,50,0.05,max_proc,lowest_lower_bound,PRUNE,all_to_shortest,greedy,5321,35,35,0.0989017486572265,0.1509114828039842,True,4932.0,28,-1,4518.0
Uniform1-5000_Seed58_J50_M25,"[0.005490, 0.922743]",25,50,0.1,max_proc,lowest_lower_bound,NO_PROFILING,all_to_shortest,greedy,6396,523,2001,9.488173723220823,0.1741588492808005,False,5282.08,25,-1,5282.08
Uniform1-5000_Seed58_J50_M25,"[0.005490, 0.922743]",25,50,0.05,max_proc,lowest_lower_bound,PRUNE,all_to_shortest,greedy,6062,28,28,0.0811212062835693,0.1286572088419663,True,5645.0,26,-1,5282.08
Uniform1-5000_Seed59_J50_M25,"[0.000957, 0.945470]",25,50,0.1,max_proc,lowest_lower_bound,NO_PROFILING,all_to_shortest,greedy,6150,667,2001,9.148168325424194,0.1507642276422764,False,5222.8,29,-1,5222.8
Uniform1-5000_Seed59_J50_M25,"[0.000957, 0.945470]",25,50,0.05,max_proc,lowest_lower_bound,PRUNE,all_to_shortest,greedy,5898,482,482,1.409468412399292,0.114479484571041,True,5604.0,31,-1,5222.8
Uniform1-5000_Seed60_J50_M25,"[0.007997, 0.877854]",25,50,0.1,max_proc,lowest_lower_bound,NO_PROFILING,all_to_shortest,greedy,7055,437,2001,14.369986295700071,0.2023586109142452,False,5627.36,25,-1,5627.36
Uniform1-5000_Seed60_J50_M25,"[0.007997, 0.877854]",25,50,0.05,max_proc,lowest_lower_bound,PRUNE,all_to_shortest,greedy,6645,114,114,0.5037798881530762,0.1531437170805117,True,6165.0,31,-1,5627.36
Uniform1-5000_Seed41_J100_M50,"[0.019664, 0.998050]",50,100,0.1,max_proc,lowest_lower_bound,NO_PROFILING,all_to_shortest,greedy,6248,546,2001,62.08401799201965,0.202349551856594,False,4983.72,51,-1,4983.72
Uniform1-5000_Seed41_J100_M50,"[0.019664, 0.998050]",50,100,0.05,max_proc,lowest_lower_bound,PRUNE,all_to_shortest,greedy,5694,345,345,7.141836881637573,0.1247418335089567,True,5299.0,67,-1,4983.72
Uniform1-5000_Seed42_J100_M50,"[0.007125, 1.000000]",50,100,0.1,max_proc,lowest_lower_bound,NO_PROFILING,all_to_shortest,greedy,6170,254,2001,50.441638231277466,0.2038897893030794,False,4912.0,50,-1,4912.0
Uniform1-5000_Seed42_J100_M50,"[0.007125, 1.000000]",50,100,0.05,max_proc,lowest_lower_bound,PRUNE,all_to_shortest,greedy,5582,97,97,1.4249310493469238,0.1200286635614475,True,5068.0,68,-1,4912.0
Uniform1-5000_Seed43_J100_M50,"[0.006631, 1.000000]",50,100,0.1,max_proc,lowest_lower_bound,NO_PROFILING,all_to_shortest,greedy,6158,1407,2001,40.776684284210205,0.1917830464436505,False,4977.0,53,-1,4977.0
Uniform1-5000_Seed43_J100_M50,"[0.006631, 1.000000]",50,100,0.05,max_proc,lowest_lower_bound,PRUNE,all_to_shortest,greedy,5761,586,586,11.57354187965393,0.1360874848116646,True,5227.0,63,-1,4977.0
Uniform1-5000_Seed44_J100_M50,"[0.020556, 1.000000]",50,100,0.1,max_proc,lowest_lower_bound,NO_PROFILING,all_to_shortest,greedy,6210,1799,2001,51.59894347190857,0.2009661835748792,False,4962.0,50,-1,4962.0
Uniform1-5000_Seed44_J100_M50,"[0.020556, 1.000000]",50,100,0.05,max_proc,lowest_lower_bound,PRUNE,all_to_shortest,greedy,5697,796,796,16.60732626914978,0.129015271195366,True,5186.0,65,-1,4962.0
Uniform1-5000_Seed45_J100_M50,"[0.013956, 0.981248]",50,100,0.1,max_proc,lowest_lower_bound,NO_PROFILING,all_to_shortest,greedy,6278,342,2001,50.05475831031799,0.1896463841987894,False,5087.4,50,-1,5087.4
Uniform1-5000_Seed45_J100_M50,"[0.013956, 0.981248]",50,100,0.05,max_proc,lowest_lower_bound,PRUNE,all_to_shortest,greedy,5944,169,169,3.775928258895874,0.1441117092866757,True,5421.0,64,-1,5087.4
Uniform1-5000_Seed46_J100_M50,"[0.003412, 1.000000]",50,100,0.1,max_proc,lowest_lower_bound,NO_PROFILING,all_to_shortest,greedy,5905,577,2001,50.206873655319214,0.1561388653683319,False,4983.0,51,-1,4983.0
Uniform1-5000_Seed46_J100_M50,"[0.003412, 1.000000]",50,100,0.05,max_proc,lowest_lower_bound,PRUNE,all_to_shortest,greedy,5556,71,71,1.3985769748687744,0.1031317494600431,True,5044.0,63,-1,4983.0
Uniform1-5000_Seed47_J100_M50,"[0.025390, 0.911820]",50,100,0.1,max_proc,lowest_lower_bound,NO_PROFILING,all_to_shortest,greedy,6861,1005,2001,59.64196515083313,0.2135548753825972,False,5395.8,50,-1,5395.8
Uniform1-5000_Seed47_J100_M50,"[0.025390, 0.911820]",50,100,0.05,max_proc,lowest_lower_bound,PRUNE,all_to_shortest,greedy,6507,79,79,1.7736072540283203,0.1707699400645458,True,5947.0,60,-1,5395.8
Uniform1-5000_Seed48_J100_M50,"[0.009350, 0.967734]",50,100,0.1,max_proc,lowest_lower_bound,NO_PROFILING,all_to_shortest,greedy,6293,293,2001,58.19514060020447,0.1842300969331002,False,5133.64,50,-1,5133.64
Uniform1-5000_Seed48_J100_M50,"[0.009350, 0.967734]",50,100,0.05,max_proc,lowest_lower_bound,PRUNE,all_to_shortest,greedy,5788,611,611,12.709153652191162,0.1130545957152729,True,5271.0,77,-1,5133.64
Uniform1-5000_Seed49_J100_M50,"[0.032679, 0.868944]",50,100,0.1,max_proc,lowest_lower_bound,NO_PROFILING,all_to_shortest,greedy,7519,1738,2001,62.5364248752594,0.2348769783215853,False,5752.96,50,-1,5752.96
Uniform1-5000_Seed49_J100_M50,"[0.032679, 0.868944]",50,100,0.05,max_proc,lowest_lower_bound,PRUNE,all_to_shortest,greedy,7044,62,62,1.31194806098938,0.18328222600795,True,6418.0,56,-1,5752.96
Uniform1-5000_Seed50_J100_M50,"[0.010543, 1.000000]",50,100,0.1,max_proc,lowest_lower_bound,NO_PROFILING,all_to_shortest,greedy,5341,68,68,1.356462478637695,0.0765774199588092,True,4932.0,66,-1,4932.0
Uniform1-5000_Seed50_J100_M50,"[0.010543, 1.000000]",50,100,0.05,max_proc,lowest_lower_bound,PRUNE,all_to_shortest,greedy,5418,67,67,2.0809357166290283,0.0897009966777408,True,4932.0,65,-1,4932.0
Uniform1-5000_Seed51_J100_M50,"[0.000605, 1.000000]",50,100,0.1,max_proc,lowest_lower_bound,NO_PROFILING,all_to_shortest,greedy,5268,72,72,1.2368474006652832,0.0586560364464692,True,4959.0,70,-1,4959.0
Uniform1-5000_Seed51_J100_M50,"[0.000605, 1.000000]",50,100,0.05,max_proc,lowest_lower_bound,PRUNE,all_to_shortest,greedy,5330,241,241,4.563189029693604,0.0696060037523452,True,4959.0,68,-1,4959.0
Uniform1-5000_Seed52_J100_M50,"[0.003165, 0.927777]",50,100,0.1,max_proc,lowest_lower_bound,NO_PROFILING,all_to_shortest,greedy,6987,1366,2001,68.97048473358154,0.231300987548304,False,5370.9,50,-1,5370.9
Uniform1-5000_Seed52_J100_M50,"[0.003165, 0.927777]",50,100,0.05,max_proc,lowest_lower_bound,PRUNE,all_to_shortest,greedy,6245,352,352,7.10650110244751,0.1399679743795036,True,5748.0,70,-1,5370.9
Uniform1-5000_Seed53_J100_M50,"[0.007100, 0.983524]",50,100,0.1,max_proc,lowest_lower_bound,NO_PROFILING,all_to_shortest,greedy,6674,1619,2001,55.037508487701416,0.2402547198082109,False,5070.54,50,-1,5070.54
Uniform1-5000_Seed53_J100_M50,"[0.007100, 0.983524]",50,100,0.05,max_proc,lowest_lower_bound,PRUNE,all_to_shortest,greedy,5943,137,137,2.568535327911377,0.1468046441191317,True,5473.0,60,-1,5070.54
Uniform1-5000_Seed54_J100_M50,"[0.001806, 1.000000]",50,100,0.1,max_proc,lowest_lower_bound,NO_PROFILING,all_to_shortest,greedy,6215,129,2001,57.79894256591797,0.1980691874497184,False,4984.0,55,-1,4984.0
Uniform1-5000_Seed54_J100_M50,"[0.001806, 1.000000]",50,100,0.05,max_proc,lowest_lower_bound,PRUNE,all_to_shortest,greedy,5967,1863,2001,38.35640549659729,0.1647394000335176,False,5136.0,61,-1,4984.0
Uniform1-5000_Seed55_J100_M50,"[0.000764, 0.946804]",50,100,0.1,max_proc,lowest_lower_bound,NO_PROFILING,all_to_shortest,greedy,6759,234,2001,44.28695559501648,0.2250895102825862,False,5237.62,50,-1,5237.62
Uniform1-5000_Seed55_J100_M50,"[0.000764, 0.946804]",50,100,0.05,max_proc,lowest_lower_bound,PRUNE,all_to_shortest,greedy,6560,57,58,1.0529019832611084,0.2015823170731707,True,5956.0,53,-1,5237.62
Uniform1-5000_Seed56_J100_M50,"[0.016896, 0.957285]",50,100,0.1,max_proc,lowest_lower_bound,NO_PROFILING,all_to_shortest,greedy,6421,1132,2001,56.90281629562378,0.1888366298084411,False,5208.48,50,-1,5208.48
Uniform1-5000_Seed56_J100_M50,"[0.016896, 0.957285]",50,100,0.05,max_proc,lowest_lower_bound,PRUNE,all_to_shortest,greedy,5822,72,72,1.6037962436676023,0.1053795946410169,True,5529.0,70,-1,5208.48
Uniform1-5000_Seed57_J100_M50,"[0.017328, 1.000000]",50,100,0.1,max_proc,lowest_lower_bound,NO_PROFILING,all_to_shortest,greedy,5386,1657,2001,50.20398020744324,0.1535462309691793,False,4559.0,55,-1,4559.0
Uniform1-5000_Seed57_J100_M50,"[0.017328, 1.000000]",50,100,0.05,max_proc,lowest_lower_bound,PRUNE,all_to_shortest,greedy,5222,831,831,16.46732783317566,0.1269628494829567,True,4773.0,62,-1,4559.0
Uniform1-5000_Seed58_J100_M50,"[0.005453, 0.916444]",50,100,0.1,max_proc,lowest_lower_bound,NO_PROFILING,all_to_shortest,greedy,6805,856,2001,61.00439620018005,0.2184599559147685,False,5318.38,50,-1,5318.38
Uniform1-5000_Seed58_J100_M50,"[0.005453, 0.916444]",50,100,0.05,max_proc,lowest_lower_bound,PRUNE,all_to_shortest,greedy,6229,65,65,1.4638245105743408,0.1461903997431369,True,5701.0,61,-1,5318.38
Uniform1-5000_Seed59_J100_M50,"[0.000953, 0.941263]",50,100,0.1,max_proc,lowest_lower_bound,NO_PROFILING,all_to_shortest,greedy,6501,299,2001,50.60240507125855,0.1930256883556375,False,5246.14,55,-1,5246.14
Uniform1-5000_Seed59_J100_M50,"[0.000953, 0.941263]",50,100,0.05,max_proc,lowest_lower_bound,PRUNE,all_to_shortest,greedy,6148,1102,2001,44.333842754364014,0.1466916070266752,False,5558.0,67,-1,5246.14
Uniform1-5000_Seed60_J100_M50,"[0.006912, 0.929420]",50,100,0.1,max_proc,lowest_lower_bound,NO_PROFILING,all_to_shortest,greedy,6688,1064,2001,55.81723594665527,0.1996411483253588,False,5352.8,50,-1,5352.8
Uniform1-5000_Seed60_J100_M50,"[0.006912, 0.929420]",50,100,0.05,max_proc,lowest_lower_bound,PRUNE,all_to_shortest,greedy,6053,75,75,1.557723045349121,0.1156781761110193,True,5724.0,68,-1,5352.8
Uniform1-5000_Seed41_J150_M75,"[0.001407, 1.000000]",75,150,0.1,max_proc,lowest_lower_bound,NO_PROFILING,all_to_shortest,greedy,5465,108,108,6.387016534805298,0.0898444647758462,True,4974.0,106,-1,4974.0
Uniform1-5000_Seed41_J150_M75,"[0.001407, 1.000000]",75,150,0.05,max_proc,lowest_lower_bound,PRUNE,all_to_shortest,greedy,5464,112,112,6.697260618209839,0.0896778916544655,True,4974.0,110,-1,4974.0
Uniform1-5000_Seed42_J150_M75,"[0.007125, 1.000000]",75,150,0.1,max_proc,lowest_lower_bound,NO_PROFILING,all_to_shortest,greedy,6056,139,2001,128.48144340515137,0.1889035667107001,False,4912.0,75,-1,4912.0
Uniform1-5000_Seed42_J150_M75,"[0.007125, 1.000000]",75,150,0.05,max_proc,lowest_lower_bound,PRUNE,all_to_shortest,greedy,5451,119,119,8.110355377197266,0.0988809392771968,True,5018.0,117,-1,4912.0
Uniform1-5000_Seed43_J150_M75,"[0.006180, 0.932039]",75,150,0.1,max_proc,lowest_lower_bound,NO_PROFILING,all_to_shortest,greedy,6786,773,2001,125.52013516426086,0.21309951861676,False,5339.906666666667,75,-1,5339.906666666667
Uniform1-5000_Seed43_J150_M75,"[0.006180, 0.932039]",75,150,0.05,max_proc,lowest_lower_bound,PRUNE,all_to_shortest,greedy,6538,1541,2001,137.7729411125183,0.1832507392678699,False,5808.0,96,-1,5339.906666666667
Uniform1-5000_Seed44_J150_M75,"[0.018138, 1.000000]",75,150,0.1,max_proc,lowest_lower_bound,NO_PROFILING,all_to_shortest,greedy,5258,96,96,5.726780891418457,0.0562951692658805,True,4962.0,94,-1,4962.0
Uniform1-5000_Seed44_J150_M75,"[0.018138, 1.000000]",75,150,0.05,max_proc,lowest_lower_bound,PRUNE,all_to_shortest,greedy,5465,101,101,5.708792448043823,0.0920402561756633,True,4962.0,99,-1,4962.0
Uniform1-5000_Seed45_J150_M75,"[0.013717, 0.964461]",75,150,0.1,max_proc,lowest_lower_bound,NO_PROFILING,all_to_shortest,greedy,6511,142,2001,133.89542627334595,0.2050458198945374,False,5175.946666666667,75,-1,5175.946666666667
Uniform1-5000_Seed45_J150_M75,"[0.013717, 0.964461]",75,150,0.05,max_proc,lowest_lower_bound,PRUNE,all_to_shortest,greedy,6041,125,125,7.344400644302368,0.1431970424322683,True,5483.0,107,-1,5175.946666666667
Uniform1-5000_Seed46_J150_M75,"[0.003374, 0.988957]",75,150,0.1,max_proc,lowest_lower_bound,NO_PROFILING,all_to_shortest,greedy,6485,76,2001,143.73544073104858,0.2230316114109483,False,5038.64,75,-1,5038.64
Uniform1-5000_Seed46_J150_M75,"[0.003374, 0.988957]",75,150,0.05,max_proc,lowest_lower_bound,PRUNE,all_to_shortest,greedy,5597,110,110,6.285387754440308,0.0997605860282293,True,5186.0,106,-1,5038.64
Uniform1-5000_Seed47_J150_M75,"[0.025814, 0.938525]",75,150,0.1,max_proc,lowest_lower_bound,NO_PROFILING,all_to_shortest,greedy,6802,1947,2001,141.5692207813263,0.2197490934039008,False,5307.266666666666,75,-1,5307.266666666666
Uniform1-5000_Seed47_J150_M75,"[0.025814, 0.938525]",75,150,0.05,max_proc,lowest_lower_bound,PRUNE,all_to_shortest,greedy,6186,107,107,6.577831983566284,0.1420519452527212,True,5736.0,94,-1,5307.266666666666
Uniform1-5000_Seed48_J150_M75,"[0.009629, 0.996640]",75,150,0.1,max_proc,lowest_lower_bound,NO_PROFILING,all_to_shortest,greedy,5892,256,2001,144.85203409194946,0.1539805385833898,False,4984.746666666667,100,-1,4984.746666666667
Uniform1-5000_Seed48_J150_M75,"[0.009629, 0.996640]",75,150,0.05,max_proc,lowest_lower_bound,PRUNE,all_to_shortest,greedy,5927,1609,2001,118.08450531959534,0.1589764355210617,False,5006.0,92,-1,4984.746666666667
Uniform1-5000_Seed49_J150_M75,"[0.000184, 0.918742]",75,150,0.1,max_proc,lowest_lower_bound,NO_PROFILING,all_to_shortest,greedy,6846,794,2001,131.0467791557312,0.2052098549031064,False,5441.133333333333,75,-1,5441.133333333333
Uniform1-5000_Seed49_J150_M75,"[0.000184, 0.918742]",75,150,0.05,max_proc,lowest_lower_bound,PRUNE,all_to_shortest,greedy,6379,109,109,5.161614179611206,0.1470240894602079,True,5796.0,97,-1,5441.133333333333
Uniform1-5000_Seed50_J150_M75,"[0.006285, 1.000000]",75,150,0.1,max_proc,lowest_lower_bound,NO_PROFILING,all_to_shortest,greedy,5355,101,101,4.422577142715454,0.0789915966386554,True,4932.0,99,-1,4932.0
Uniform1-5000_Seed50_J150_M75,"[0.006285, 1.000000]",75,150,0.05,max_proc,lowest_lower_bound,PRUNE,all_to_shortest,greedy,5437,132,132,6.05689811706543,0.0928821041015265,True,4932.0,98,-1,4932.0
Uniform1-5000_Seed51_J150_M75,"[0.000605, 1.000000]",75,150,0.1,max_proc,lowest_lower_bound,NO_PROFILING,all_to_shortest,greedy,5376,105,105,4.561993360519409,0.0775669642857142,True,4959.0,103,-1,4959.0
Uniform1-5000_Seed51_J150_M75,"[0.000605, 1.000000]",75,150,0.05,max_proc,lowest_lower_bound,PRUNE,all_to_shortest,greedy,5585,1303,2001,124.33731317520142,0.1120859444941808,False,4959.0,99,-1,4959.0
Uniform1-5000_Seed52_J150_M75,"[0.003352, 0.982528]",75,150,0.1,max_proc,lowest_lower_bound,NO_PROFILING,all_to_shortest,greedy,6294,247,2001,140.84611320495603,0.19421459591145,False,5071.613333333334,76,-1,5071.613333333334
Uniform1-5000_Seed52_J150_M75,"[0.003352, 0.982528]",75,150,0.05,max_proc,lowest_lower_bound,PRUNE,all_to_shortest,greedy,5998,1510,2001,130.6974401473999,0.1544492608647326,False,5209.0,95,-1,5071.613333333334
Uniform1-5000_Seed53_J150_M75,"[0.007149, 0.990273]",75,150,0.1,max_proc,lowest_lower_bound,NO_PROFILING,all_to_shortest,greedy,6106,133,2001,128.43504977226257,0.1752396549841685,False,5035.986666666667,87,-1,5035.986666666667
Uniform1-5000_Seed53_J150_M75,"[0.007149, 0.990273]",75,150,0.05,max_proc,lowest_lower_bound,PRUNE,all_to_shortest,greedy,6178,1421,2001,112.94503688812256,0.1848516240423006,False,5035.986666666667,86,-1,5035.986666666667
Uniform1-5000_Seed54_J150_M75,"[0.001805, 1.000000]",75,150,0.1,max_proc,lowest_lower_bound,NO_PROFILING,all_to_shortest,greedy,6121,1731,2001,140.61518096923828,0.1854272177748734,False,4986.0,80,-1,4986.0
Uniform1-5000_Seed54_J150_M75,"[0.001805, 1.000000]",75,150,0.05,max_proc,lowest_lower_bound,PRUNE,all_to_shortest,greedy,5878,1974,2001,139.02763748168945,0.1517522966995576,False,5207.0,93,-1,4986.0
Uniform1-5000_Seed55_J150_M75,"[0.000797, 0.988090]",75,150,0.1,max_proc,lowest_lower_bound,NO_PROFILING,all_to_shortest,greedy,6425,764,2001,135.05605721473694,0.2188679636835278,False,5018.7733333333335,75,-1,5018.7733333333335
Uniform1-5000_Seed55_J150_M75,"[0.000797, 0.988090]",75,150,0.05,max_proc,lowest_lower_bound,PRUNE,all_to_shortest,greedy,6218,1380,2001,154.20253777503967,0.1928637289589364,False,5254.0,87,-1,5018.7733333333335
Uniform1-5000_Seed56_J150_M75,"[0.016236, 0.919892]",75,150,0.1,max_proc,lowest_lower_bound,NO_PROFILING,all_to_shortest,greedy,6792,706,2001,148.3706088066101,0.2019729093050648,False,5420.2,75,-1,5420.2
Uniform1-5000_Seed56_J150_M75,"[0.016236, 0.919892]",75,150,0.05,max_proc,lowest_lower_bound,PRUNE,all_to_shortest,greedy,6306,201,201,12.553648948669434,0.1404693942277196,True,5739.0,105,-1,5420.2
Uniform1-5000_Seed57_J150_M75,"[0.016421, 1.000000]",75,150,0.1,max_proc,lowest_lower_bound,NO_PROFILING,all_to_shortest,greedy,5634,1020,2001,121.21028590202332,0.1460773872914448,False,4811.0,75,-1,4811.0
Uniform1-5000_Seed57_J150_M75,"[0.016421, 1.000000]",75,150,0.05,max_proc,lowest_lower_bound,PRUNE,all_to_shortest,greedy,5421,133,133,8.483057737350464,0.1125253643239254,True,4973.0,96,-1,4811.0
Uniform1-5000_Seed58_J150_M75,"[0.005463, 0.936243]",75,150,0.1,max_proc,lowest_lower_bound,NO_PROFILING,all_to_shortest,greedy,6788,909,2001,142.59552836418152,0.2179650363386368,False,5308.453333333333,75,-1,5308.453333333333
Uniform1-5000_Seed58_J150_M75,"[0.005463, 0.936243]",75,150,0.05,max_proc,lowest_lower_bound,PRUNE,all_to_shortest,greedy,6167,144,144,9.273016452789308,0.1392162585806173,True,5601.0,102,-1,5308.453333333333
Uniform1-5000_Seed59_J150_M75,"[0.000971, 0.970587]",75,150,0.1,max_proc,lowest_lower_bound,NO_PROFILING,all_to_shortest,greedy,6388,1319,2001,134.24540448188782,0.1935629304946774,False,5151.52,83,-1,5151.52
Uniform1-5000_Seed59_J150_M75,"[0.000971, 0.970587]",75,150,0.05,max_proc,lowest_lower_bound,PRUNE,all_to_shortest,greedy,6442,794,2001,116.98115229606628,0.2003228810928282,False,5244.0,84,-1,5151.52
Uniform1-5000_Seed60_J150_M75,"[0.006871, 0.923808]",75,150,0.1,max_proc,lowest_lower_bound,NO_PROFILING,all_to_shortest,greedy,6598,954,2001,145.60142421722412,0.1837950894210367,False,5385.32,83,-1,5385.32
Uniform1-5000_Seed60_J150_M75,"[0.006871, 0.923808]",75,150,0.05,max_proc,lowest_lower_bound,PRUNE,all_to_shortest,greedy,6472,141,2001,135.7160804271698,0.1679048207663782,False,5530.0,98,-1,5385.32
Uniform1-5000_Seed41_J200_M100,"[0.001407, 1.000000]",100,200,0.1,max_proc,lowest_lower_bound,NO_PROFILING,all_to_shortest,greedy,6019,1358,2001,279.3674144744873,0.1736168798803788,False,4974.0,114,-1,4974.0
Uniform1-5000_Seed41_J200_M100,"[0.001407, 1.000000]",100,200,0.05,max_proc,lowest_lower_bound,PRUNE,all_to_shortest,greedy,6031,1124,2001,291.82831048965454,0.1752611507212734,False,4995.0,115,-1,4974.0
Uniform1-5000_Seed42_J200_M100,"[0.007046, 0.992868]",100,200,0.1,max_proc,lowest_lower_bound,NO_PROFILING,all_to_shortest,greedy,6333,1929,2001,293.1477303504944,0.215627664613927,False,4967.43,100,-1,4967.43
Uniform1-5000_Seed42_J200_M100,"[0.007046, 0.992868]",100,200,0.05,max_proc,lowest_lower_bound,PRUNE,all_to_shortest,greedy,5640,159,159,17.67918634414673,0.1192499999999999,True,5265.0,145,-1,4967.43
Uniform1-5000_Seed43_J200_M100,"[0.006405, 0.965924]",100,200,0.1,max_proc,lowest_lower_bound,NO_PROFILING,all_to_shortest,greedy,6743,485,2001,262.18992948532104,0.2358623757971229,False,5152.58,100,-1,5152.58
Uniform1-5000_Seed43_J200_M100,"[0.006405, 0.965924]",100,200,0.05,max_proc,lowest_lower_bound,PRUNE,all_to_shortest,greedy,5986,990,990,149.82934093475342,0.1392281991313064,True,5555.0,130,-1,5152.58
Uniform1-5000_Seed44_J200_M100,"[0.012092, 1.000000]",100,200,0.1,max_proc,lowest_lower_bound,NO_PROFILING,all_to_shortest,greedy,5325,147,147,18.743486404418945,0.068169014084507,True,4962.0,145,-1,4962.0
Uniform1-5000_Seed44_J200_M100,"[0.012092, 1.000000]",100,200,0.05,max_proc,lowest_lower_bound,PRUNE,all_to_shortest,greedy,5439,150,150,19.74355411529541,0.0876999448428019,True,4962.0,148,-1,4962.0
Uniform1-5000_Seed45_J200_M100,"[0.011404, 0.998746]",100,200,0.1,max_proc,lowest_lower_bound,NO_PROFILING,all_to_shortest,greedy,6472,900,2001,288.3745212554932,0.2277085908529047,False,4998.27,100,-1,4998.27
Uniform1-5000_Seed45_J200_M100,"[0.011404, 0.998746]",100,200,0.05,max_proc,lowest_lower_bound,PRUNE,all_to_shortest,greedy,5519,507,507,73.35391354560852,0.0943522377242253,True,5137.0,146,-1,4998.27
Uniform1-5000_Seed46_J200_M100,"[0.003288, 0.963910]",100,200,0.1,max_proc,lowest_lower_bound,NO_PROFILING,all_to_shortest,greedy,6636,515,2001,280.83354353904724,0.2209810126582279,False,5169.57,100,-1,5169.57
Uniform1-5000_Seed46_J200_M100,"[0.003288, 0.963910]",100,200,0.05,max_proc,lowest_lower_bound,PRUNE,all_to_shortest,greedy,6248,1154,2001,299.801393032074,0.172604033290653,False,5430.0,126,-1,5169.57
Uniform1-5000_Seed47_J200_M100,"[0.012786, 0.950533]",100,200,0.1,max_proc,lowest_lower_bound,NO_PROFILING,all_to_shortest,greedy,6728,1955,2001,277.3046758174896,0.2211325802615933,False,5240.22,100,-1,5240.22
Uniform1-5000_Seed47_J200_M100,"[0.012786, 0.950533]",100,200,0.05,max_proc,lowest_lower_bound,PRUNE,all_to_shortest,greedy,6188,128,128,17.16362738609314,0.153164188752424,True,5619.0,126,-1,5240.22
Uniform1-5000_Seed48_J200_M100,"[0.000793, 0.987892]",100,200,0.1,max_proc,lowest_lower_bound,NO_PROFILING,all_to_shortest,greedy,6039,605,2001,286.7652418613434,0.1649180327868852,False,5043.06,129,-1,5043.06
Uniform1-5000_Seed48_J200_M100,"[0.000793, 0.987892]",100,200,0.05,max_proc,lowest_lower_bound,PRUNE,all_to_shortest,greedy,5968,1644,2001,296.6528072357178,0.1549832439678283,False,5124.0,133,-1,5043.06
Uniform1-5000_Seed49_J200_M100,"[0.000183, 0.914998]",100,200,0.1,max_proc,lowest_lower_bound,NO_PROFILING,all_to_shortest,greedy,7217,97,2001,268.81321716308594,0.2429818484134682,False,5463.4,100,-1,5463.4
Uniform1-5000_Seed49_J200_M100,"[0.000183, 0.914998]",100,200,0.05,max_proc,lowest_lower_bound,PRUNE,all_to_shortest,greedy,6475,162,162,21.838680505752563,0.1562316602316603,True,5891.0,129,-1,5463.4
Uniform1-5000_Seed50_J200_M100,"[0.006285, 1.000000]",100,200,0.1,max_proc,lowest_lower_bound,NO_PROFILING,all_to_shortest,greedy,5422,131,131,15.89483904838562,0.0903725562523054,True,4932.0,129,-1,4932.0
Uniform1-5000_Seed50_J200_M100,"[0.006285, 1.000000]",100,200,0.05,max_proc,lowest_lower_bound,PRUNE,all_to_shortest,greedy,5318,148,148,19.53997135162353,0.072583678074464,True,4932.0,146,-1,4932.0
Uniform1-5000_Seed51_J200_M100,"[0.000602, 1.000000]",100,200,0.1,max_proc,lowest_lower_bound,NO_PROFILING,all_to_shortest,greedy,5464,1046,1046,130.779554605484,0.087298682284041,True,4987.0,146,-1,4987.0
Uniform1-5000_Seed51_J200_M100,"[0.000602, 1.000000]",100,200,0.05,max_proc,lowest_lower_bound,PRUNE,all_to_shortest,greedy,5764,1448,2001,246.97619700431824,0.1348022206800832,False,4987.0,136,-1,4987.0
Uniform1-5000_Seed52_J200_M100,"[0.001153, 0.959722]",100,200,0.1,max_proc,lowest_lower_bound,NO_PROFILING,all_to_shortest,greedy,6662,341,2001,287.0069260597229,0.2187586310417291,False,5204.63,100,-1,5204.63
Uniform1-5000_Seed52_J200_M100,"[0.001153, 0.959722]",100,200,0.05,max_proc,lowest_lower_bound,PRUNE,all_to_shortest,greedy,5819,185,185,25.005625009536743,0.1055799965629833,True,5347.0,154,-1,5204.63
Uniform1-5000_Seed53_J200_M100,"[0.007095, 0.982867]",100,200,0.1,max_proc,lowest_lower_bound,NO_PROFILING,all_to_shortest,greedy,6171,1909,2001,263.7868313789368,0.1777783179387457,False,5073.93,114,-1,5073.93
Uniform1-5000_Seed53_J200_M100,"[0.007095, 0.982867]",100,200,0.05,max_proc,lowest_lower_bound,PRUNE,all_to_shortest,greedy,6413,136,2001,317.5096938610077,0.208805551224076,False,5073.93,112,-1,5073.93
Uniform1-5000_Seed54_J200_M100,"[0.001805, 1.000000]",100,200,0.1,max_proc,lowest_lower_bound,NO_PROFILING,all_to_shortest,greedy,5432,148,148,20.147530555725098,0.0821060382916053,True,4986.0,146,-1,4986.0
Uniform1-5000_Seed54_J200_M100,"[0.001805, 1.000000]",100,200,0.05,max_proc,lowest_lower_bound,PRUNE,all_to_shortest,greedy,5490,149,149,20.232818841934204,0.0918032786885245,True,4986.0,147,-1,4986.0
Uniform1-5000_Seed55_J200_M100,"[0.000803, 0.995058]",100,200,0.1,max_proc,lowest_lower_bound,NO_PROFILING,all_to_shortest,greedy,6316,386,2001,268.30497574806213,0.2109515516149461,False,4983.63,100,-1,4983.63
Uniform1-5000_Seed55_J200_M100,"[0.000803, 0.995058]",100,200,0.05,max_proc,lowest_lower_bound,PRUNE,all_to_shortest,greedy,6231,364,2001,273.4210386276245,0.2001877708233028,False,5214.0,115,-1,4983.63
Uniform1-5000_Seed56_J200_M100,"[0.000932, 0.929291]",100,200,0.1,max_proc,lowest_lower_bound,NO_PROFILING,all_to_shortest,greedy,6797,770,2001,301.8257954120636,0.2106252758569957,False,5365.38,100,-1,5365.38
Uniform1-5000_Seed56_J200_M100,"[0.000932, 0.929291]",100,200,0.05,max_proc,lowest_lower_bound,PRUNE,all_to_shortest,greedy,6288,373,2001,290.9690773487091,0.1467270992366412,False,5520.0,137,-1,5365.38
Uniform1-5000_Seed57_J200_M100,"[0.007649, 1.000000]",100,200,0.1,max_proc,lowest_lower_bound,NO_PROFILING,all_to_shortest,greedy,6002,646,2001,269.5137708187103,0.1941019660113295,False,4837.0,100,-1,4837.0
Uniform1-5000_Seed57_J200_M100,"[0.007649, 1.000000]",100,200,0.05,max_proc,lowest_lower_bound,PRUNE,all_to_shortest,greedy,5604,136,136,18.115991353988647,0.1368665239114918,True,5110.0,132,-1,4837.0
Uniform1-5000_Seed58_J200_M100,"[0.005606, 0.960782]",100,200,0.1,max_proc,lowest_lower_bound,NO_PROFILING,all_to_shortest,greedy,6554,190,2001,280.83660221099854,0.210730851388465,False,5172.87,100,-1,5172.87
Uniform1-5000_Seed58_J200_M100,"[0.005606, 0.960782]",100,200,0.05,max_proc,lowest_lower_bound,PRUNE,all_to_shortest,greedy,6004,367,2001,301.3384475708008,0.1384293804130579,False,5320.0,151,-1,5172.87
Uniform1-5000_Seed59_J200_M100,"[0.000966, 0.965963]",100,200,0.1,max_proc,lowest_lower_bound,NO_PROFILING,all_to_shortest,greedy,6697,944,2001,268.1480984687805,0.227089741675377,False,5176.18,100,-1,5176.18
Uniform1-5000_Seed59_J200_M100,"[0.000966, 0.965963]",100,200,0.05,max_proc,lowest_lower_bound,PRUNE,all_to_shortest,greedy,6306,972,2001,266.42117285728455,0.1791658737710117,False,5343.0,128,-1,5176.18
Uniform1-5000_Seed60_J200_M100,"[0.001150, 0.953189]",100,200,0.1,max_proc,lowest_lower_bound,NO_PROFILING,all_to_shortest,greedy,6495,595,2001,295.64711833000183,0.196409545804465,False,5219.32,113,-1,5219.32
Uniform1-5000_Seed60_J200_M100,"[0.001150, 0.953189]",100,200,0.05,max_proc,lowest_lower_bound,PRUNE,all_to_shortest,greedy,6157,1551,2001,291.91365027427673,0.1522949488387202,False,5350.0,133,-1,5219.32
Uniform1-5000_Seed61_J20_M10,"[0.058089, 0.869996]",10,20,0.1,max_proc,lowest_lower_bound,NO_PROFILING,all_to_shortest,greedy,5905,16,2001,0.9942975044250488,0.1108213378492802,False,5250.6,10,-1,5250.6
Uniform1-5000_Seed61_J20_M10,"[0.058089, 0.869996]",10,20,0.05,max_proc,lowest_lower_bound,PRUNE,all_to_shortest,greedy,5877,13,13,0.0048797130584716,0.106584992343032,True,5458.0,11,-1,5250.6
Uniform1-5000_Seed62_J20_M10,"[0.018908, 0.926508]",10,20,0.1,max_proc,lowest_lower_bound,NO_PROFILING,all_to_shortest,greedy,6172,45,2001,1.0084514617919922,0.1602559948152949,False,5182.9,10,-1,5182.9
Uniform1-5000_Seed62_J20_M10,"[0.018908, 0.926508]",10,20,0.05,max_proc,lowest_lower_bound,PRUNE,all_to_shortest,greedy,6367,12,12,0.0040361881256103,0.1859745563059526,True,6060.0,10,-1,5182.9
Uniform1-5000_Seed63_J20_M10,"[0.029885, 0.797703]",10,20,0.1,max_proc,lowest_lower_bound,NO_PROFILING,all_to_shortest,greedy,5262,979,2001,1.326068878173828,0.109711136450019,False,4684.7,10,-1,4684.7
Uniform1-5000_Seed63_J20_M10,"[0.029885, 0.797703]",10,20,0.05,max_proc,lowest_lower_bound,PRUNE,all_to_shortest,greedy,5521,10,12,0.0063910484313964,0.1514761818511139,True,5062.0,10,-1,4684.7
Uniform1-5000_Seed64_J20_M10,"[0.011869, 1.000000]",10,20,0.1,max_proc,lowest_lower_bound,NO_PROFILING,all_to_shortest,greedy,4754,2,2,0.0009982585906982,0.0252419015565839,True,4634.0,0,-1,4634.0
Uniform1-5000_Seed64_J20_M10,"[0.011869, 1.000000]",10,20,0.05,max_proc,lowest_lower_bound,PRUNE,all_to_shortest,greedy,4754,2,2,0.0,0.0252419015565839,True,4634.0,0,-1,4634.0
Uniform1-5000_Seed65_J20_M10,"[0.025683, 0.900020]",10,20,0.1,max_proc,lowest_lower_bound,NO_PROFILING,all_to_shortest,greedy,6174,12,2001,0.8585927486419678,0.1234045999352121,False,5412.1,10,-1,5412.1
Uniform1-5000_Seed65_J20_M10,"[0.025683, 0.900020]",10,20,0.05,max_proc,lowest_lower_bound,PRUNE,all_to_shortest,greedy,6078,13,13,0.0058429241180419,0.1095590654820664,True,6078.0,11,-1,5412.1
Uniform1-5000_Seed66_J20_M10,"[0.010809, 1.000000]",10,20,0.1,max_proc,lowest_lower_bound,NO_PROFILING,all_to_shortest,greedy,5201,7,7,0.0023541450500488,0.0749855796962122,True,4811.0,5,-1,4811.0
Uniform1-5000_Seed66_J20_M10,"[0.010809, 1.000000]",10,20,0.05,max_proc,lowest_lower_bound,PRUNE,all_to_shortest,greedy,5170,11,11,0.005016803741455,0.0694390715667311,True,4811.0,9,-1,4811.0
Uniform1-5000_Seed67_J20_M10,"[0.073404, 1.000000]",10,20,0.1,max_proc,lowest_lower_bound,NO_PROFILING,all_to_shortest,greedy,5231,8,8,0.0027093887329101,0.0598355954884343,True,4918.0,6,-1,4918.0
Uniform1-5000_Seed67_J20_M10,"[0.073404, 1.000000]",10,20,0.05,max_proc,lowest_lower_bound,PRUNE,all_to_shortest,greedy,5300,8,8,0.0040373802185058,0.0720754716981132,True,4918.0,6,-1,4918.0
Uniform1-5000_Seed68_J20_M10,"[0.029437, 1.000000]",10,20,0.1,max_proc,lowest_lower_bound,NO_PROFILING,all_to_shortest,greedy,5165,9,9,0.0042972564697265,0.0791868344627299,True,4756.0,7,-1,4756.0
Uniform1-5000_Seed68_J20_M10,"[0.029437, 1.000000]",10,20,0.05,max_proc,lowest_lower_bound,PRUNE,all_to_shortest,greedy,5162,16,16,0.006636619567871,0.0786516853932584,True,4756.0,14,-1,4756.0
Uniform1-5000_Seed69_J20_M10,"[0.052059, 0.961589]",10,20,0.1,max_proc,lowest_lower_bound,NO_PROFILING,all_to_shortest,greedy,5469,24,24,0.0089404582977294,0.0903090144450538,True,4975.1,11,-1,4975.1
Uniform1-5000_Seed69_J20_M10,"[0.052059, 0.961589]",10,20,0.05,max_proc,lowest_lower_bound,PRUNE,all_to_shortest,greedy,5409,18,18,0.0073587894439697,0.0802181549269735,True,5108.0,14,-1,4975.1
Uniform1-5000_Seed70_J20_M10,"[0.049741, 0.872593]",10,20,0.1,max_proc,lowest_lower_bound,NO_PROFILING,all_to_shortest,greedy,6557,766,2001,1.0398786067962646,0.1414976361140766,False,5629.2,10,-1,5629.2
Uniform1-5000_Seed70_J20_M10,"[0.049741, 0.872593]",10,20,0.05,max_proc,lowest_lower_bound,PRUNE,all_to_shortest,greedy,6529,13,13,0.0029399394989013,0.1378158982998928,True,6195.0,11,-1,5629.2
Uniform1-5000_Seed71_J20_M10,"[0.033752, 1.000000]",10,20,0.1,max_proc,lowest_lower_bound,NO_PROFILING,all_to_shortest,greedy,5062,19,19,0.0076363086700439,0.0869221651521137,True,4622.0,10,-1,4622.0
Uniform1-5000_Seed71_J20_M10,"[0.033752, 1.000000]",10,20,0.05,max_proc,lowest_lower_bound,PRUNE,all_to_shortest,greedy,5050,12,12,0.0050950050354003,0.0847524752475247,True,4886.0,10,-1,4622.0
Uniform1-5000_Seed72_J20_M10,"[0.064515, 0.858174]",10,20,0.1,max_proc,lowest_lower_bound,NO_PROFILING,all_to_shortest,greedy,6438,11,2001,0.9029426574707032,0.130848089468779,False,5595.6,10,-1,5595.6
Uniform1-5000_Seed72_J20_M10,"[0.064515, 0.858174]",10,20,0.05,max_proc,lowest_lower_bound,PRUNE,all_to_shortest,greedy,6662,11,12,0.0058455467224121,0.1600720504353046,True,6307.0,10,-1,5595.6
Uniform1-5000_Seed73_J20_M10,"[0.030924, 0.945809]",10,20,0.1,max_proc,lowest_lower_bound,NO_PROFILING,all_to_shortest,greedy,5348,87,2001,0.9218742847442628,0.1111443530291697,False,4753.6,10,-1,4753.6
Uniform1-5000_Seed73_J20_M10,"[0.030924, 0.945809]",10,20,0.05,max_proc,lowest_lower_bound,PRUNE,all_to_shortest,greedy,5675,10,12,0.0048799514770507,0.1623612334801761,True,5238.0,10,-1,4753.6
Uniform1-5000_Seed74_J20_M10,"[0.043294, 0.854836]",10,20,0.1,max_proc,lowest_lower_bound,NO_PROFILING,all_to_shortest,greedy,6678,11,2001,1.2523882389068604,0.1318358790056902,False,5797.6,10,-1,5797.6
Uniform1-5000_Seed74_J20_M10,"[0.043294, 0.854836]",10,20,0.05,max_proc,lowest_lower_bound,PRUNE,all_to_shortest,greedy,6721,15,32,0.0033051967620849,0.1373902693051628,True,6122.0,13,-1,5797.6
Uniform1-5000_Seed75_J20_M10,"[0.046030, 1.000000]",10,20,0.1,max_proc,lowest_lower_bound,NO_PROFILING,all_to_shortest,greedy,4345,5,5,0.0,0.0,True,4345.0,3,5,4345.0
Uniform1-5000_Seed75_J20_M10,"[0.046030, 1.000000]",10,20,0.05,max_proc,lowest_lower_bound,PRUNE,all_to_shortest,greedy,4345,6,6,0.0028128623962402,0.0,True,4345.0,4,6,4345.0
Uniform1-5000_Seed76_J20_M10,"[0.020525, 0.880029]",10,20,0.1,max_proc,lowest_lower_bound,NO_PROFILING,all_to_shortest,greedy,6352,1243,2001,1.9131219387054443,0.1332651133501259,False,5505.5,11,-1,5505.5
Uniform1-5000_Seed76_J20_M10,"[0.020525, 0.880029]",10,20,0.05,max_proc,lowest_lower_bound,PRUNE,all_to_shortest,greedy,6173,21,26,0.0207376480102539,0.1081321885630973,True,5607.0,15,-1,5505.5
Uniform1-5000_Seed77_J20_M10,"[0.032005, 0.933476]",10,20,0.1,max_proc,lowest_lower_bound,NO_PROFILING,all_to_shortest,greedy,5813,517,2001,1.0741047859191897,0.0969895062790297,False,5249.2,10,-1,5249.2
Uniform1-5000_Seed77_J20_M10,"[0.032005, 0.933476]",10,20,0.05,max_proc,lowest_lower_bound,PRUNE,all_to_shortest,greedy,5731,14,14,0.0048685073852539,0.0840690978886756,True,5316.0,12,-1,5249.2
Uniform1-5000_Seed78_J20_M10,"[0.028684, 0.899990]",10,20,0.1,max_proc,lowest_lower_bound,NO_PROFILING,all_to_shortest,greedy,5886,10,2001,0.7442324161529541,0.1174821610601427,False,5194.5,10,-1,5194.5
Uniform1-5000_Seed78_J20_M10,"[0.028684, 0.899990]",10,20,0.05,max_proc,lowest_lower_bound,PRUNE,all_to_shortest,greedy,6222,10,12,0.0050606727600097,0.1651398264223722,True,5886.0,10,-1,5194.5
Uniform1-5000_Seed79_J20_M10,"[0.035993, 0.910349]",10,20,0.1,max_proc,lowest_lower_bound,NO_PROFILING,all_to_shortest,greedy,6032,668,2001,0.8457882404327393,0.1018401856763926,False,5417.7,13,-1,5417.7
Uniform1-5000_Seed79_J20_M10,"[0.035993, 0.910349]",10,20,0.05,max_proc,lowest_lower_bound,PRUNE,all_to_shortest,greedy,6349,13,25,0.0059983730316162,0.1466845172468105,True,6113.0,13,-1,5417.7
Uniform1-5000_Seed80_J20_M10,"[0.028279, 1.000000]",10,20,0.1,max_proc,lowest_lower_bound,NO_PROFILING,all_to_shortest,greedy,4938,14,14,0.0043184757232666,0.0117456460105305,True,4880.0,12,-1,4880.0
Uniform1-5000_Seed80_J20_M10,"[0.028279, 1.000000]",10,20,0.05,max_proc,lowest_lower_bound,PRUNE,all_to_shortest,greedy,4938,21,21,0.0076167583465576,0.0117456460105305,True,4880.0,12,-1,4880.0
Uniform1-5000_Seed61_J50_M25,"[0.007835, 0.939870]",25,50,0.1,max_proc,lowest_lower_bound,NO_PROFILING,all_to_shortest,greedy,6503,1388,2001,13.290653228759766,0.1953498385360602,False,5232.64,25,-1,5232.64
Uniform1-5000_Seed61_J50_M25,"[0.007835, 0.939870]",25,50,0.05,max_proc,lowest_lower_bound,PRUNE,all_to_shortest,greedy,5886,31,31,0.1242642402648925,0.1110023785253142,True,5756.0,29,-1,5232.64
Uniform1-5000_Seed62_J50_M25,"[0.001729, 0.922468]",25,50,0.1,max_proc,lowest_lower_bound,NO_PROFILING,all_to_shortest,greedy,6497,1343,2001,14.469300031661987,0.1987686624595966,False,5205.6,25,-1,5205.6
Uniform1-5000_Seed62_J50_M25,"[0.001729, 0.922468]",25,50,0.05,max_proc,lowest_lower_bound,PRUNE,all_to_shortest,greedy,6439,36,36,0.1810715198516845,0.1915514831495573,True,6000.0,28,-1,5205.6
Uniform1-5000_Seed63_J50_M25,"[0.027185, 0.947401]",25,50,0.1,max_proc,lowest_lower_bound,NO_PROFILING,all_to_shortest,greedy,6087,388,2001,15.321619033813477,0.1539543288976507,False,5149.88,30,-1,5149.88
Uniform1-5000_Seed63_J50_M25,"[0.027185, 0.947401]",25,50,0.05,max_proc,lowest_lower_bound,PRUNE,all_to_shortest,greedy,5704,680,680,2.8581790924072266,0.0971458625525946,True,5366.0,40,-1,5149.88
Uniform1-5000_Seed64_J50_M25,"[0.011509, 1.000000]",25,50,0.1,max_proc,lowest_lower_bound,NO_PROFILING,all_to_shortest,greedy,5253,21,21,0.0686466693878173,0.0902341519131924,True,4779.0,19,-1,4779.0
Uniform1-5000_Seed64_J50_M25,"[0.011509, 1.000000]",25,50,0.05,max_proc,lowest_lower_bound,PRUNE,all_to_shortest,greedy,5235,24,24,0.1089606285095214,0.087106017191977,True,4779.0,22,-1,4779.0
Uniform1-5000_Seed65_J50_M25,"[0.013023, 1.000000]",25,50,0.1,max_proc,lowest_lower_bound,NO_PROFILING,all_to_shortest,greedy,5768,1772,2001,9.235309839248655,0.1347087378640776,False,4991.0,25,-1,4991.0
Uniform1-5000_Seed65_J50_M25,"[0.013023, 1.000000]",25,50,0.05,max_proc,lowest_lower_bound,PRUNE,all_to_shortest,greedy,5600,32,32,0.1279540061950683,0.10875,True,5167.0,30,-1,4991.0
Uniform1-5000_Seed66_J50_M25,"[0.009871, 0.917053]",25,50,0.1,max_proc,lowest_lower_bound,NO_PROFILING,all_to_shortest,greedy,6302,603,2001,12.118003606796265,0.164081244049508,False,5267.96,25,-1,5267.96
Uniform1-5000_Seed66_J50_M25,"[0.009871, 0.917053]",25,50,0.05,max_proc,lowest_lower_bound,PRUNE,all_to_shortest,greedy,5898,53,53,0.2030425071716308,0.1068226517463546,True,5632.0,33,-1,5267.96
Uniform1-5000_Seed67_J50_M25,"[0.004677, 1.000000]",25,50,0.1,max_proc,lowest_lower_bound,NO_PROFILING,all_to_shortest,greedy,5300,23,23,0.0641055107116699,0.0720754716981132,True,4918.0,21,-1,4918.0
Uniform1-5000_Seed67_J50_M25,"[0.004677, 1.000000]",25,50,0.05,max_proc,lowest_lower_bound,PRUNE,all_to_shortest,greedy,5421,26,26,0.0963590145111084,0.0927873086146467,True,4918.0,24,-1,4918.0
Uniform1-5000_Seed68_J50_M25,"[0.028118, 1.000000]",25,50,0.1,max_proc,lowest_lower_bound,NO_PROFILING,all_to_shortest,greedy,5430,23,23,0.0774612426757812,0.0830570902394106,True,4979.0,21,-1,4979.0
Uniform1-5000_Seed68_J50_M25,"[0.028118, 1.000000]",25,50,0.05,max_proc,lowest_lower_bound,PRUNE,all_to_shortest,greedy,5467,25,25,0.0755908489227294,0.0892628498262301,True,4979.0,23,-1,4979.0
Uniform1-5000_Seed69_J50_M25,"[0.024578, 0.946237]",25,50,0.1,max_proc,lowest_lower_bound,NO_PROFILING,all_to_shortest,greedy,6023,284,2001,12.46535873413086,0.1353146272621617,False,5208.0,32,-1,5208.0
Uniform1-5000_Seed69_J50_M25,"[0.024578, 0.946237]",25,50,0.05,max_proc,lowest_lower_bound,PRUNE,all_to_shortest,greedy,5921,186,561,2.1642520427703857,0.1204188481675392,True,5371.0,36,-1,5208.0
Uniform1-5000_Seed70_J50_M25,"[0.005888, 0.841022]",25,50,0.1,max_proc,lowest_lower_bound,NO_PROFILING,all_to_shortest,greedy,6797,1643,2001,9.523561239242554,0.1255024275415624,False,5943.96,25,-1,5943.96
Uniform1-5000_Seed70_J50_M25,"[0.005888, 0.841022]",25,50,0.05,max_proc,lowest_lower_bound,PRUNE,all_to_shortest,greedy,7294,26,30,0.099738597869873,0.1850891143405538,True,6707.0,26,-1,5943.96
Uniform1-5000_Seed71_J50_M25,"[0.024954, 0.948623]",25,50,0.1,max_proc,lowest_lower_bound,NO_PROFILING,all_to_shortest,greedy,6371,1709,2001,9.51796531677246,0.1885732224140636,False,5169.6,25,-1,5169.6
Uniform1-5000_Seed71_J50_M25,"[0.024954, 0.948623]",25,50,0.05,max_proc,lowest_lower_bound,PRUNE,all_to_shortest,greedy,5978,31,31,0.0895841121673584,0.1352291736366677,True,5533.0,29,-1,5169.6
Uniform1-5000_Seed72_J50_M25,"[0.044358, 0.911900]",25,50,0.1,max_proc,lowest_lower_bound,NO_PROFILING,all_to_shortest,greedy,6684,549,2001,14.282999753952026,0.1837761819269897,False,5455.64,25,-1,5455.64
Uniform1-5000_Seed72_J50_M25,"[0.044358, 0.911900]",25,50,0.05,max_proc,lowest_lower_bound,PRUNE,all_to_shortest,greedy,6163,38,38,0.1465916633605957,0.1147752717832224,True,6163.0,31,-1,5455.64
Uniform1-5000_Seed73_J50_M25,"[0.032696, 1.000000]",25,50,0.1,max_proc,lowest_lower_bound,NO_PROFILING,all_to_shortest,greedy,5478,651,2001,8.877816200256348,0.1792625045637093,False,4496.0,25,-1,4496.0
Uniform1-5000_Seed73_J50_M25,"[0.032696, 1.000000]",25,50,0.05,max_proc,lowest_lower_bound,PRUNE,all_to_shortest,greedy,5330,28,28,0.0835628509521484,0.1564727954971857,True,4856.0,26,-1,4496.0
Uniform1-5000_Seed74_J50_M25,"[0.019702, 0.910501]",25,50,0.1,max_proc,lowest_lower_bound,NO_PROFILING,all_to_shortest,greedy,6317,265,2001,10.156494855880736,0.1322463194554376,False,5481.6,27,-1,5481.6
Uniform1-5000_Seed74_J50_M25,"[0.019702, 0.910501]",25,50,0.05,max_proc,lowest_lower_bound,PRUNE,all_to_shortest,greedy,6326,448,2001,6.609588623046875,0.1334808725893138,False,5674.0,35,-1,5481.6
Uniform1-5000_Seed75_J50_M25,"[0.026328, 0.970552]",25,50,0.1,max_proc,lowest_lower_bound,NO_PROFILING,all_to_shortest,greedy,6052,237,2001,11.735509395599363,0.1715730337078651,False,5013.64,30,-1,5013.64
Uniform1-5000_Seed75_J50_M25,"[0.026328, 0.970552]",25,50,0.05,max_proc,lowest_lower_bound,PRUNE,all_to_shortest,greedy,5476,134,134,0.4101178646087646,0.0844338933528122,True,5160.0,35,-1,5013.64
Uniform1-5000_Seed76_J50_M25,"[0.005616, 0.948987]",25,50,0.1,max_proc,lowest_lower_bound,NO_PROFILING,all_to_shortest,greedy,6234,933,2001,14.8095543384552,0.1717356432467116,False,5163.4,25,-1,5163.4
Uniform1-5000_Seed76_J50_M25,"[0.005616, 0.948987]",25,50,0.05,max_proc,lowest_lower_bound,PRUNE,all_to_shortest,greedy,5815,86,86,0.3818602561950683,0.112055030094583,True,5537.0,34,-1,5163.4
Uniform1-5000_Seed77_J50_M25,"[0.033782, 1.000000]",25,50,0.1,max_proc,lowest_lower_bound,NO_PROFILING,all_to_shortest,greedy,5441,28,28,0.0954713821411132,0.0860136004410953,True,4973.0,26,-1,4973.0
Uniform1-5000_Seed77_J50_M25,"[0.033782, 1.000000]",25,50,0.05,max_proc,lowest_lower_bound,PRUNE,all_to_shortest,greedy,5441,32,32,0.0953197479248046,0.0860136004410953,True,4973.0,30,-1,4973.0
Uniform1-5000_Seed78_J50_M25,"[0.020444, 0.954446]",25,50,0.1,max_proc,lowest_lower_bound,NO_PROFILING,all_to_shortest,greedy,5998,255,2001,18.23834180831909,0.1681760586862287,False,4989.28,28,-1,4989.28
Uniform1-5000_Seed78_J50_M25,"[0.020444, 0.954446]",25,50,0.05,max_proc,lowest_lower_bound,PRUNE,all_to_shortest,greedy,5789,92,92,0.3954429626464844,0.1381447572983244,True,5286.0,33,-1,4989.28
Uniform1-5000_Seed79_J50_M25,"[0.031537, 0.997040]",25,50,0.1,max_proc,lowest_lower_bound,NO_PROFILING,all_to_shortest,greedy,6095,1763,2001,13.614124536514282,0.1884101722723543,False,4946.64,25,-1,4946.64
Uniform1-5000_Seed79_J50_M25,"[0.031537, 0.997040]",25,50,0.05,max_proc,lowest_lower_bound,PRUNE,all_to_shortest,greedy,5680,46,46,0.1900916099548339,0.1291126760563379,True,5268.0,32,-1,4946.64
Uniform1-5000_Seed80_J50_M25,"[0.004303, 1.000000]",25,50,0.1,max_proc,lowest_lower_bound,NO_PROFILING,all_to_shortest,greedy,5171,20,20,0.079538345336914,0.0562753819377296,True,4880.0,18,-1,4880.0
Uniform1-5000_Seed80_J50_M25,"[0.004303, 1.000000]",25,50,0.05,max_proc,lowest_lower_bound,PRUNE,all_to_shortest,greedy,5180,23,23,0.0808429718017578,0.0579150579150579,True,4880.0,21,-1,4880.0
Uniform1-5000_Seed61_J100_M50,"[0.008023, 0.970355]",50,100,0.1,max_proc,lowest_lower_bound,NO_PROFILING,all_to_shortest,greedy,6508,306,2001,64.2490382194519,0.2147357098955132,False,5110.5,50,-1,5110.5
Uniform1-5000_Seed61_J100_M50,"[0.008023, 0.970355]",50,100,0.05,max_proc,lowest_lower_bound,PRUNE,all_to_shortest,greedy,5927,1184,2001,35.73797249794006,0.1377594061076429,False,5362.0,70,-1,5110.5
Uniform1-5000_Seed62_J100_M50,"[0.001781, 0.966531]",50,100,0.1,max_proc,lowest_lower_bound,NO_PROFILING,all_to_shortest,greedy,6434,42,2001,60.296427726745605,0.2144606776499844,False,5054.16,50,-1,5054.16
Uniform1-5000_Seed62_J100_M50,"[0.001781, 0.966531]",50,100,0.05,max_proc,lowest_lower_bound,PRUNE,all_to_shortest,greedy,6238,56,56,1.24931001663208,0.1897787752484771,True,5662.0,54,-1,5054.16
Uniform1-5000_Seed63_J100_M50,"[0.003643, 0.951112]",50,100,0.1,max_proc,lowest_lower_bound,NO_PROFILING,all_to_shortest,greedy,6348,1063,2001,61.41576671600342,0.1783238815374921,False,5216.0,50,-1,5216.0
Uniform1-5000_Seed63_J100_M50,"[0.003643, 0.951112]",50,100,0.05,max_proc,lowest_lower_bound,PRUNE,all_to_shortest,greedy,6294,85,2001,43.39473366737366,0.171274229424849,False,5530.0,62,-1,5216.0
Uniform1-5000_Seed64_J100_M50,"[0.004784, 1.000000]",50,100,0.1,max_proc,lowest_lower_bound,NO_PROFILING,all_to_shortest,greedy,5732,1895,2001,47.60421419143677,0.1612002791346825,False,4808.0,50,-1,4808.0
Uniform1-5000_Seed64_J100_M50,"[0.004784, 1.000000]",50,100,0.05,max_proc,lowest_lower_bound,PRUNE,all_to_shortest,greedy,5413,62,62,1.257129430770874,0.1117679660077591,True,4913.0,58,-1,4808.0
Uniform1-5000_Seed65_J100_M50,"[0.013023, 1.000000]",50,100,0.1,max_proc,lowest_lower_bound,NO_PROFILING,all_to_shortest,greedy,5465,67,67,1.1792171001434326,0.0867337602927721,True,4991.0,65,-1,4991.0
Uniform1-5000_Seed65_J100_M50,"[0.013023, 1.000000]",50,100,0.05,max_proc,lowest_lower_bound,PRUNE,all_to_shortest,greedy,5498,96,96,1.9005436897277832,0.0922153510367406,True,4991.0,72,-1,4991.0
Uniform1-5000_Seed66_J100_M50,"[0.008422, 0.968522]",50,100,0.1,max_proc,lowest_lower_bound,NO_PROFILING,all_to_shortest,greedy,6285,868,2001,57.36851644515991,0.1876340493237867,False,5105.72,50,-1,5105.72
Uniform1-5000_Seed66_J100_M50,"[0.008422, 0.968522]",50,100,0.05,max_proc,lowest_lower_bound,PRUNE,all_to_shortest,greedy,5991,80,80,1.896799802780152,0.1477683191453847,True,5444.0,64,-1,5105.72
Uniform1-5000_Seed67_J100_M50,"[0.001830, 1.000000]",50,100,0.1,max_proc,lowest_lower_bound,NO_PROFILING,all_to_shortest,greedy,5409,76,76,1.5023679733276367,0.0907746348678129,True,4918.0,74,-1,4918.0
Uniform1-5000_Seed67_J100_M50,"[0.001830, 1.000000]",50,100,0.05,max_proc,lowest_lower_bound,PRUNE,all_to_shortest,greedy,5411,78,78,1.4708926677703855,0.09111070042506,True,4925.0,76,-1,4918.0
Uniform1-5000_Seed68_J100_M50,"[0.018826, 1.000000]",50,100,0.1,max_proc,lowest_lower_bound,NO_PROFILING,all_to_shortest,greedy,5480,78,78,1.3793325424194336,0.0888686131386861,True,4993.0,76,-1,4993.0
Uniform1-5000_Seed68_J100_M50,"[0.018826, 1.000000]",50,100,0.05,max_proc,lowest_lower_bound,PRUNE,all_to_shortest,greedy,5697,1816,2001,48.37219977378845,0.1235738107776022,False,4998.0,63,-1,4993.0
Uniform1-5000_Seed69_J100_M50,"[0.003789, 0.941673]",50,100,0.1,max_proc,lowest_lower_bound,NO_PROFILING,all_to_shortest,greedy,6280,376,2001,53.25234603881836,0.1595796178343949,False,5277.84,50,-1,5277.84
Uniform1-5000_Seed69_J100_M50,"[0.003789, 0.941673]",50,100,0.05,max_proc,lowest_lower_bound,PRUNE,all_to_shortest,greedy,6010,704,704,15.309197902679443,0.1218236272878535,True,5458.0,71,-1,5277.84
Uniform1-5000_Seed70_J100_M50,"[0.006452, 0.921512]",50,100,0.1,max_proc,lowest_lower_bound,NO_PROFILING,all_to_shortest,greedy,6668,1501,2001,57.06354522705078,0.1864457108578284,False,5424.78,50,-1,5424.78
Uniform1-5000_Seed70_J100_M50,"[0.006452, 0.921512]",50,100,0.05,max_proc,lowest_lower_bound,PRUNE,all_to_shortest,greedy,6096,139,139,2.711402654647827,0.1101082677165354,True,5547.0,64,-1,5424.78
Uniform1-5000_Seed71_J100_M50,"[0.016621, 0.968349]",50,100,0.1,max_proc,lowest_lower_bound,NO_PROFILING,all_to_shortest,greedy,6493,488,2001,57.73291277885437,0.2124041275219467,False,5113.86,50,-1,5113.86
Uniform1-5000_Seed71_J100_M50,"[0.016621, 0.968349]",50,100,0.05,max_proc,lowest_lower_bound,PRUNE,all_to_shortest,greedy,5743,103,103,2.303085803985596,0.109549016193627,True,5376.0,66,-1,5113.86
Uniform1-5000_Seed72_J100_M50,"[0.012602, 0.949910]",50,100,0.1,max_proc,lowest_lower_bound,NO_PROFILING,all_to_shortest,greedy,6491,555,2001,55.0183732509613,0.1931381913418579,False,5237.34,50,-1,5237.34
Uniform1-5000_Seed72_J100_M50,"[0.012602, 0.949910]",50,100,0.05,max_proc,lowest_lower_bound,PRUNE,all_to_shortest,greedy,6476,48,52,1.0404200553894043,0.1912693020382952,True,5876.0,50,-1,5237.34
Uniform1-5000_Seed73_J100_M50,"[0.007238, 1.000000]",50,100,0.1,max_proc,lowest_lower_bound,NO_PROFILING,all_to_shortest,greedy,5697,135,2001,46.86871647834778,0.1269088994207477,False,4974.0,54,-1,4974.0
Uniform1-5000_Seed73_J100_M50,"[0.007238, 1.000000]",50,100,0.05,max_proc,lowest_lower_bound,PRUNE,all_to_shortest,greedy,5535,69,69,1.447581768035889,0.1013550135501355,True,5025.0,56,-1,4974.0
Uniform1-5000_Seed74_J100_M50,"[0.020545, 0.949466]",50,100,0.1,max_proc,lowest_lower_bound,NO_PROFILING,all_to_shortest,greedy,6712,1186,2001,59.82371234893799,0.216829558998808,False,5256.64,51,-1,5256.64
Uniform1-5000_Seed74_J100_M50,"[0.020545, 0.949466]",50,100,0.05,max_proc,lowest_lower_bound,PRUNE,all_to_shortest,greedy,6097,340,773,14.510810375213625,0.1378317205182876,True,5545.0,66,-1,5256.64
Uniform1-5000_Seed75_J100_M50,"[0.003611, 0.988095]",50,100,0.1,max_proc,lowest_lower_bound,NO_PROFILING,all_to_shortest,greedy,6164,175,2001,55.723227739334106,0.1913789746917585,False,4984.34,50,-1,4984.34
Uniform1-5000_Seed75_J100_M50,"[0.003611, 0.988095]",50,100,0.05,max_proc,lowest_lower_bound,PRUNE,all_to_shortest,greedy,5542,175,175,4.057933807373047,0.1006243233489714,True,5068.0,72,-1,4984.34
Uniform1-5000_Seed76_J100_M50,"[0.005590, 0.959159]",50,100,0.1,max_proc,lowest_lower_bound,NO_PROFILING,all_to_shortest,greedy,6288,750,2001,54.89981985092163,0.1749554707379134,False,5187.88,50,-1,5187.88
Uniform1-5000_Seed76_J100_M50,"[0.005590, 0.959159]",50,100,0.05,max_proc,lowest_lower_bound,PRUNE,all_to_shortest,greedy,6033,71,71,1.416583776473999,0.1400828775070445,True,5545.0,67,-1,5187.88
Uniform1-5000_Seed77_J100_M50,"[0.025618, 0.987588]",50,100,0.1,max_proc,lowest_lower_bound,NO_PROFILING,all_to_shortest,greedy,5888,1829,2001,51.550373554229736,0.1447860054347826,False,5035.5,64,-1,5035.5
Uniform1-5000_Seed77_J100_M50,"[0.025618, 0.987588]",50,100,0.05,max_proc,lowest_lower_bound,PRUNE,all_to_shortest,greedy,5807,763,2001,44.16218161582947,0.1328568968486309,False,5169.0,66,-1,5035.5
Uniform1-5000_Seed78_J100_M50,"[0.004547, 0.920631]",50,100,0.1,max_proc,lowest_lower_bound,NO_PROFILING,all_to_shortest,greedy,6647,398,2001,59.15458631515503,0.2059726192267188,False,5277.9,50,-1,5277.9
Uniform1-5000_Seed78_J100_M50,"[0.004547, 0.920631]",50,100,0.05,max_proc,lowest_lower_bound,PRUNE,all_to_shortest,greedy,6140,70,70,1.4433925151824951,0.1404071661237785,True,5621.0,68,-1,5277.9
Uniform1-5000_Seed79_J100_M50,"[0.001168, 0.972143]",50,100,0.1,max_proc,lowest_lower_bound,NO_PROFILING,all_to_shortest,greedy,6575,917,2001,64.85203957557678,0.2183787072243346,False,5139.16,50,-1,5139.16
Uniform1-5000_Seed79_J100_M50,"[0.001168, 0.972143]",50,100,0.05,max_proc,lowest_lower_bound,PRUNE,all_to_shortest,greedy,5899,280,280,6.323983430862427,0.1288082725885743,True,5523.0,63,-1,5139.16
Uniform1-5000_Seed80_J100_M50,"[0.004269, 0.992047]",50,100,0.1,max_proc,lowest_lower_bound,NO_PROFILING,all_to_shortest,greedy,6201,1774,2001,58.93143939971924,0.2067214965328173,False,4919.12,50,-1,4919.12
Uniform1-5000_Seed80_J100_M50,"[0.004269, 0.992047]",50,100,0.05,max_proc,lowest_lower_bound,PRUNE,all_to_shortest,greedy,5805,123,123,2.8775646686553955,0.1526063738156761,True,5280.0,66,-1,4919.12
Uniform1-5000_Seed61_J150_M75,"[0.008268, 1.000000]",75,150,0.1,max_proc,lowest_lower_bound,NO_PROFILING,all_to_shortest,greedy,6053,1465,2001,134.7192509174347,0.1807368247150173,False,4959.0,75,-1,4959.0
Uniform1-5000_Seed61_J150_M75,"[0.008268, 1.000000]",75,150,0.05,max_proc,lowest_lower_bound,PRUNE,all_to_shortest,greedy,5411,172,172,10.215948820114136,0.0835335427832193,True,5111.0,108,-1,4959.0
Uniform1-5000_Seed62_J150_M75,"[0.001842, 1.000000]",75,150,0.1,max_proc,lowest_lower_bound,NO_PROFILING,all_to_shortest,greedy,6266,1976,2001,154.61663913726807,0.2203957867858282,False,4885.0,75,-1,4885.0
Uniform1-5000_Seed62_J150_M75,"[0.001842, 1.000000]",75,150,0.05,max_proc,lowest_lower_bound,PRUNE,all_to_shortest,greedy,5714,116,116,7.462034225463867,0.1450822541127056,True,5259.0,100,-1,4885.0
Uniform1-5000_Seed63_J150_M75,"[0.003635, 0.949040]",75,150,0.1,max_proc,lowest_lower_bound,NO_PROFILING,all_to_shortest,greedy,6546,178,2001,155.4624309539795,0.2014380283124555,False,5227.386666666666,75,-1,5227.386666666666
Uniform1-5000_Seed63_J150_M75,"[0.003635, 0.949040]",75,150,0.05,max_proc,lowest_lower_bound,PRUNE,all_to_shortest,greedy,6612,1357,2001,131.05829739570618,0.209409155071587,False,5428.0,91,-1,5227.386666666666
Uniform1-5000_Seed64_J150_M75,"[0.004731, 1.000000]",75,150,0.1,max_proc,lowest_lower_bound,NO_PROFILING,all_to_shortest,greedy,6104,1333,2001,131.2763159275055,0.2034731323722149,False,4862.0,75,-1,4862.0
Uniform1-5000_Seed64_J150_M75,"[0.004731, 1.000000]",75,150,0.05,max_proc,lowest_lower_bound,PRUNE,all_to_shortest,greedy,5474,181,181,10.608558893203735,0.1118012422360248,True,4972.0,111,-1,4862.0
Uniform1-5000_Seed65_J150_M75,"[0.012493, 0.959254]",75,150,0.1,max_proc,lowest_lower_bound,NO_PROFILING,all_to_shortest,greedy,6301,1366,2001,149.0831389427185,0.1742580542770988,False,5203.0,93,-1,5203.0
Uniform1-5000_Seed65_J150_M75,"[0.012493, 0.959254]",75,150,0.05,max_proc,lowest_lower_bound,PRUNE,all_to_shortest,greedy,6335,610,2001,120.215313911438,0.1786898184688239,False,5289.0,93,-1,5203.0
Uniform1-5000_Seed66_J150_M75,"[0.008566, 0.985146]",75,150,0.1,max_proc,lowest_lower_bound,NO_PROFILING,all_to_shortest,greedy,6303,1387,2001,145.36894941329956,0.2036236712676502,False,5019.56,75,-1,5019.56
Uniform1-5000_Seed66_J150_M75,"[0.008566, 0.985146]",75,150,0.05,max_proc,lowest_lower_bound,PRUNE,all_to_shortest,greedy,5765,143,143,9.256876707077026,0.129304423243712,True,5293.0,104,-1,5019.56
Uniform1-5000_Seed67_J150_M75,"[0.001830, 1.000000]",75,150,0.1,max_proc,lowest_lower_bound,NO_PROFILING,all_to_shortest,greedy,5382,88,88,5.014933109283447,0.0862133036046079,True,4918.0,86,-1,4918.0
Uniform1-5000_Seed67_J150_M75,"[0.001830, 1.000000]",75,150,0.05,max_proc,lowest_lower_bound,PRUNE,all_to_shortest,greedy,5321,101,101,4.735419988632202,0.0757376433001315,True,4918.0,99,-1,4918.0
Uniform1-5000_Seed68_J150_M75,"[0.006609, 1.000000]",75,150,0.1,max_proc,lowest_lower_bound,NO_PROFILING,all_to_shortest,greedy,5515,119,2001,114.31989741325378,0.0946509519492293,False,4993.0,116,-1,4993.0
Uniform1-5000_Seed68_J150_M75,"[0.006609, 1.000000]",75,150,0.05,max_proc,lowest_lower_bound,PRUNE,all_to_shortest,greedy,5679,680,2001,134.91086292266846,0.1207959147737277,False,4993.0,106,-1,4993.0
Uniform1-5000_Seed69_J150_M75,"[0.003673, 0.918184]",75,150,0.1,max_proc,lowest_lower_bound,NO_PROFILING,all_to_shortest,greedy,7095,1047,2001,149.12126898765564,0.2324829692271552,False,5445.533333333334,75,-1,5445.533333333334
Uniform1-5000_Seed69_J150_M75,"[0.003673, 0.918184]",75,150,0.05,max_proc,lowest_lower_bound,PRUNE,all_to_shortest,greedy,6451,91,91,5.861187696456909,0.1558621402366557,True,5862.0,85,-1,5445.533333333334
Uniform1-5000_Seed70_J150_M75,"[0.006494, 0.927483]",75,150,0.1,max_proc,lowest_lower_bound,NO_PROFILING,all_to_shortest,greedy,6802,1767,2001,144.6749622821808,0.2076075664020386,False,5389.8533333333335,75,-1,5389.8533333333335
Uniform1-5000_Seed70_J150_M75,"[0.006494, 0.927483]",75,150,0.05,max_proc,lowest_lower_bound,PRUNE,all_to_shortest,greedy,6023,914,914,57.9706015586853,0.1051214787758038,True,5534.0,111,-1,5389.8533333333335
Uniform1-5000_Seed71_J150_M75,"[0.011392, 0.961786]",75,150,0.1,max_proc,lowest_lower_bound,NO_PROFILING,all_to_shortest,greedy,6673,1443,2001,145.32578921318054,0.2239012937709176,False,5178.906666666667,75,-1,5178.906666666667
Uniform1-5000_Seed71_J150_M75,"[0.011392, 0.961786]",75,150,0.05,max_proc,lowest_lower_bound,PRUNE,all_to_shortest,greedy,6055,302,302,20.58365535736084,0.1446892375447288,True,5561.0,96,-1,5178.906666666667
Uniform1-5000_Seed72_J150_M75,"[0.006918, 0.983277]",75,150,0.1,max_proc,lowest_lower_bound,NO_PROFILING,all_to_shortest,greedy,6412,220,2001,138.99703860282898,0.2109149511332917,False,5059.613333333334,75,-1,5059.613333333334
Uniform1-5000_Seed72_J150_M75,"[0.006918, 0.983277]",75,150,0.05,max_proc,lowest_lower_bound,PRUNE,all_to_shortest,greedy,5906,127,127,8.478254556655884,0.1433096286262557,True,5437.0,95,-1,5059.613333333334
Uniform1-5000_Seed73_J150_M75,"[0.007238, 1.000000]",75,150,0.1,max_proc,lowest_lower_bound,NO_PROFILING,all_to_shortest,greedy,5779,560,2001,124.78073000907898,0.1392974563073196,False,4974.0,81,-1,4974.0
Uniform1-5000_Seed73_J150_M75,"[0.007238, 1.000000]",75,150,0.05,max_proc,lowest_lower_bound,PRUNE,all_to_shortest,greedy,5532,120,120,7.708739757537842,0.1008676789587852,True,5035.0,84,-1,4974.0
Uniform1-5000_Seed74_J150_M75,"[0.021582, 0.997357]",75,150,0.1,max_proc,lowest_lower_bound,NO_PROFILING,all_to_shortest,greedy,6387,1303,2001,152.4102590084076,0.2164980950889828,False,5004.2266666666665,75,-1,5004.2266666666665
Uniform1-5000_Seed74_J150_M75,"[0.021582, 0.997357]",75,150,0.05,max_proc,lowest_lower_bound,PRUNE,all_to_shortest,greedy,5659,477,477,31.11905789375305,0.1157047770513047,True,5147.0,106,-1,5004.2266666666665
Uniform1-5000_Seed75_J150_M75,"[0.003314, 0.917820]",75,150,0.1,max_proc,lowest_lower_bound,NO_PROFILING,all_to_shortest,greedy,6855,1571,2001,140.1527123451233,0.2076810114271821,False,5431.346666666666,75,-1,5431.346666666666
Uniform1-5000_Seed75_J150_M75,"[0.003314, 0.917820]",75,150,0.05,max_proc,lowest_lower_bound,PRUNE,all_to_shortest,greedy,6334,170,170,11.256998538970947,0.1425092095568888,True,5750.0,103,-1,5431.346666666666
Uniform1-5000_Seed76_J150_M75,"[0.005535, 0.951619]",75,150,0.1,max_proc,lowest_lower_bound,NO_PROFILING,all_to_shortest,greedy,6686,669,2001,150.81941604614258,0.2163485890916343,False,5239.493333333333,77,-1,5239.493333333333
Uniform1-5000_Seed76_J150_M75,"[0.005535, 0.951619]",75,150,0.05,max_proc,lowest_lower_bound,PRUNE,all_to_shortest,greedy,5925,571,571,38.10393595695496,0.1156973277074543,True,5380.0,110,-1,5239.493333333333
Uniform1-5000_Seed77_J150_M75,"[0.004343, 0.938933]",75,150,0.1,max_proc,lowest_lower_bound,NO_PROFILING,all_to_shortest,greedy,6782,1015,2001,145.0010187625885,0.2190445296372752,False,5296.44,75,-1,5296.44
Uniform1-5000_Seed77_J150_M75,"[0.004343, 0.938933]",75,150,0.05,max_proc,lowest_lower_bound,PRUNE,all_to_shortest,greedy,6489,834,2001,141.76532340049744,0.1837817845584836,False,5624.0,93,-1,5296.44
Uniform1-5000_Seed78_J150_M75,"[0.004327, 0.876083]",75,150,0.1,max_proc,lowest_lower_bound,NO_PROFILING,all_to_shortest,greedy,6955,1463,2001,141.08015155792236,0.2025478073328541,False,5546.28,75,-1,5546.28
Uniform1-5000_Seed78_J150_M75,"[0.004327, 0.876083]",75,150,0.05,max_proc,lowest_lower_bound,PRUNE,all_to_shortest,greedy,6473,123,123,7.481963634490967,0.1431670013903909,True,5924.0,94,-1,5546.28
Uniform1-5000_Seed79_J150_M75,"[0.001201, 1.000000]",75,150,0.1,max_proc,lowest_lower_bound,NO_PROFILING,all_to_shortest,greedy,5866,1595,2001,119.47833633422852,0.1483123082168428,False,4996.0,75,-1,4996.0
Uniform1-5000_Seed79_J150_M75,"[0.001201, 1.000000]",75,150,0.05,max_proc,lowest_lower_bound,PRUNE,all_to_shortest,greedy,5631,93,93,5.5009682178497314,0.1127686023796838,True,5113.0,87,-1,4996.0
Uniform1-5000_Seed80_J150_M75,"[0.004303, 1.000000]",75,150,0.1,max_proc,lowest_lower_bound,NO_PROFILING,all_to_shortest,greedy,5791,1388,2001,124.60479140281676,0.1573130720082887,False,4880.0,83,-1,4880.0
Uniform1-5000_Seed80_J150_M75,"[0.004303, 1.000000]",75,150,0.05,max_proc,lowest_lower_bound,PRUNE,all_to_shortest,greedy,5810,603,2001,133.38489270210266,0.1600688468158347,False,5017.0,90,-1,4880.0
Uniform1-5000_Seed61_J200_M100,"[0.008137, 0.984220]",100,200,0.1,max_proc,lowest_lower_bound,NO_PROFILING,all_to_shortest,greedy,6386,134,2001,284.9539165496826,0.2110068900720325,False,5038.51,100,-1,5038.51
Uniform1-5000_Seed61_J200_M100,"[0.008137, 0.984220]",100,200,0.05,max_proc,lowest_lower_bound,PRUNE,all_to_shortest,greedy,6056,145,2001,320.543066740036,0.1680135402906208,False,5204.0,125,-1,5038.51
Uniform1-5000_Seed62_J200_M100,"[0.001842, 1.000000]",100,200,0.1,max_proc,lowest_lower_bound,NO_PROFILING,all_to_shortest,greedy,6387,1478,2001,284.8571903705597,0.235165179270393,False,4885.0,100,-1,4885.0
Uniform1-5000_Seed62_J200_M100,"[0.001842, 1.000000]",100,200,0.05,max_proc,lowest_lower_bound,PRUNE,all_to_shortest,greedy,5729,147,147,19.773273944854736,0.1473206493279804,True,5243.0,132,-1,4885.0
Uniform1-5000_Seed63_J200_M100,"[0.003677, 0.960159]",100,200,0.1,max_proc,lowest_lower_bound,NO_PROFILING,all_to_shortest,greedy,6640,576,2001,309.3218150138855,0.2218599397590361,False,5166.85,101,-1,5166.85
Uniform1-5000_Seed63_J200_M100,"[0.003677, 0.960159]",100,200,0.05,max_proc,lowest_lower_bound,PRUNE,all_to_shortest,greedy,6403,399,2001,306.4578890800476,0.1930579415898796,False,5375.0,119,-1,5166.85
Uniform1-5000_Seed64_J200_M100,"[0.001808, 1.000000]",100,200,0.1,max_proc,lowest_lower_bound,NO_PROFILING,all_to_shortest,greedy,5405,136,136,16.87556290626526,0.0788159111933395,True,4979.0,134,-1,4979.0
Uniform1-5000_Seed64_J200_M100,"[0.001808, 1.000000]",100,200,0.05,max_proc,lowest_lower_bound,PRUNE,all_to_shortest,greedy,5489,140,140,17.782095670700073,0.0929130989251229,True,4979.0,138,-1,4979.0
Uniform1-5000_Seed65_J200_M100,"[0.010004, 0.979046]",100,200,0.1,max_proc,lowest_lower_bound,NO_PROFILING,all_to_shortest,greedy,6030,606,2001,279.1137044429779,0.1545903814262023,False,5097.82,128,-1,5097.82
Uniform1-5000_Seed65_J200_M100,"[0.010004, 0.979046]",100,200,0.05,max_proc,lowest_lower_bound,PRUNE,all_to_shortest,greedy,6259,250,2001,301.9997718334198,0.185521648825691,False,5097.82,118,-1,5097.82
Uniform1-5000_Seed66_J200_M100,"[0.008579, 0.986542]",100,200,0.1,max_proc,lowest_lower_bound,NO_PROFILING,all_to_shortest,greedy,6367,101,2001,302.85790824890137,0.2127438354012878,False,5012.46,100,-1,5012.46
Uniform1-5000_Seed66_J200_M100,"[0.008579, 0.986542]",100,200,0.05,max_proc,lowest_lower_bound,PRUNE,all_to_shortest,greedy,5669,170,170,23.59701657295227,0.1158123125771741,True,5160.0,152,-1,5012.46
Uniform1-5000_Seed67_J200_M100,"[0.001804, 1.000000]",100,200,0.1,max_proc,lowest_lower_bound,NO_PROFILING,all_to_shortest,greedy,5484,98,98,11.695415019989014,0.0904449307075127,True,4988.0,96,-1,4988.0
Uniform1-5000_Seed67_J200_M100,"[0.001804, 1.000000]",100,200,0.05,max_proc,lowest_lower_bound,PRUNE,all_to_shortest,greedy,5491,100,100,12.117273807525637,0.0916044436350391,True,4988.0,98,-1,4988.0
Uniform1-5000_Seed68_J200_M100,"[0.003755, 0.986661]",100,200,0.1,max_proc,lowest_lower_bound,NO_PROFILING,all_to_shortest,greedy,6311,1577,2001,273.5271723270416,0.1981460941213753,False,5060.5,100,-1,5060.5
Uniform1-5000_Seed68_J200_M100,"[0.003755, 0.986661]",100,200,0.05,max_proc,lowest_lower_bound,PRUNE,all_to_shortest,greedy,5949,1365,2001,269.8339943885803,0.1493528324088082,False,5195.0,139,-1,5060.5
Uniform1-5000_Seed69_J200_M100,"[0.003589, 0.897230]",100,200,0.1,max_proc,lowest_lower_bound,NO_PROFILING,all_to_shortest,greedy,7260,783,2001,281.38745164871216,0.2324090909090909,False,5572.71,100,-1,5572.71
Uniform1-5000_Seed69_J200_M100,"[0.003589, 0.897230]",100,200,0.05,max_proc,lowest_lower_bound,PRUNE,all_to_shortest,greedy,6759,119,119,15.92199206352234,0.1755126498002663,True,6137.0,114,-1,5572.71
Uniform1-5000_Seed70_J200_M100,"[0.003767, 0.896683]",100,200,0.1,max_proc,lowest_lower_bound,NO_PROFILING,all_to_shortest,greedy,7112,182,2001,269.5036132335663,0.2161150168728909,False,5574.99,100,-1,5574.99
Uniform1-5000_Seed70_J200_M100,"[0.003767, 0.896683]",100,200,0.05,max_proc,lowest_lower_bound,PRUNE,all_to_shortest,greedy,6413,138,138,19.933574676513672,0.1306736316856385,True,5927.0,136,-1,5574.99
Uniform1-5000_Seed71_J200_M100,"[0.003910, 0.977387]",100,200,0.1,max_proc,lowest_lower_bound,NO_PROFILING,all_to_shortest,greedy,6673,1132,2001,290.34025597572327,0.2333762925221039,False,5115.68,100,-1,5115.68
Uniform1-5000_Seed71_J200_M100,"[0.003910, 0.977387]",100,200,0.05,max_proc,lowest_lower_bound,PRUNE,all_to_shortest,greedy,6007,1337,2001,289.639345407486,0.1483802230730813,False,5434.0,132,-1,5115.68
Uniform1-5000_Seed72_J200_M100,"[0.000804, 1.000000]",100,200,0.1,max_proc,lowest_lower_bound,NO_PROFILING,all_to_shortest,greedy,6163,100,2001,263.0000801086426,0.1927632646438422,False,4975.0,100,-1,4975.0
Uniform1-5000_Seed72_J200_M100,"[0.000804, 1.000000]",100,200,0.05,max_proc,lowest_lower_bound,PRUNE,all_to_shortest,greedy,6024,1690,2001,307.2903866767884,0.174136786188579,False,5279.0,119,-1,4975.0
Uniform1-5000_Seed73_J200_M100,"[0.007235, 1.000000]",100,200,0.1,max_proc,lowest_lower_bound,NO_PROFILING,all_to_shortest,greedy,5409,128,128,16.675564765930176,0.080051765575892,True,4976.0,126,-1,4976.0
Uniform1-5000_Seed73_J200_M100,"[0.007235, 1.000000]",100,200,0.05,max_proc,lowest_lower_bound,PRUNE,all_to_shortest,greedy,5445,140,140,18.56003880500793,0.0861340679522497,True,4976.0,134,-1,4976.0
Uniform1-5000_Seed74_J200_M100,"[0.021639, 1.000000]",100,200,0.1,max_proc,lowest_lower_bound,NO_PROFILING,all_to_shortest,greedy,5403,128,128,16.817579984664917,0.076253933000185,True,4991.0,126,-1,4991.0
Uniform1-5000_Seed74_J200_M100,"[0.021639, 1.000000]",100,200,0.05,max_proc,lowest_lower_bound,PRUNE,all_to_shortest,greedy,5484,153,153,20.88590908050537,0.0898978847556528,True,4991.0,151,-1,4991.0
Uniform1-5000_Seed75_J200_M100,"[0.003431, 0.950166]",100,200,0.1,max_proc,lowest_lower_bound,NO_PROFILING,all_to_shortest,greedy,6741,1772,2001,305.3995509147644,0.2217104287197745,False,5246.45,100,-1,5246.45
Uniform1-5000_Seed75_J200_M100,"[0.003431, 0.950166]",100,200,0.05,max_proc,lowest_lower_bound,PRUNE,all_to_shortest,greedy,6462,241,2001,320.4210512638092,0.188107397090684,False,5563.0,124,-1,5246.45
Uniform1-5000_Seed76_J200_M100,"[0.005737, 0.986307]",100,200,0.1,max_proc,lowest_lower_bound,NO_PROFILING,all_to_shortest,greedy,6420,976,2001,306.98053193092346,0.2125825545171339,False,5055.22,113,-1,5055.22
Uniform1-5000_Seed76_J200_M100,"[0.005737, 0.986307]",100,200,0.05,max_proc,lowest_lower_bound,PRUNE,all_to_shortest,greedy,5767,1271,2001,285.7177739143372,0.1234229235304317,False,5152.0,143,-1,5055.22
Uniform1-5000_Seed77_J200_M100,"[0.000382, 0.949655]",100,200,0.1,max_proc,lowest_lower_bound,NO_PROFILING,all_to_shortest,greedy,6795,1353,2001,286.7116503715515,0.2293392200147166,False,5236.64,100,-1,5236.64
Uniform1-5000_Seed77_J200_M100,"[0.000382, 0.949655]",100,200,0.05,max_proc,lowest_lower_bound,PRUNE,all_to_shortest,greedy,6275,502,2001,292.1935999393463,0.1654756972111553,False,5496.0,123,-1,5236.64
Uniform1-5000_Seed78_J200_M100,"[0.004482, 0.918951]",100,200,0.1,max_proc,lowest_lower_bound,NO_PROFILING,all_to_shortest,greedy,6816,356,2001,287.8614799976349,0.2143456572769952,False,5355.02,100,-1,5355.02
Uniform1-5000_Seed78_J200_M100,"[0.004482, 0.918951]",100,200,0.05,max_proc,lowest_lower_bound,PRUNE,all_to_shortest,greedy,6328,392,392,54.47537446022034,0.1537579013906446,True,5778.0,131,-1,5355.02
Uniform1-5000_Seed79_J200_M100,"[0.001201, 1.000000]",100,200,0.1,max_proc,lowest_lower_bound,NO_PROFILING,all_to_shortest,greedy,5398,131,131,16.94309091567993,0.0744720266765468,True,4996.0,129,-1,4996.0
Uniform1-5000_Seed79_J200_M100,"[0.001201, 1.000000]",100,200,0.05,max_proc,lowest_lower_bound,PRUNE,all_to_shortest,greedy,5506,121,121,14.864682912826538,0.0926262259353432,True,4996.0,119,-1,4996.0
Uniform1-5000_Seed80_J200_M100,"[0.004251, 1.000000]",100,200,0.1,max_proc,lowest_lower_bound,NO_PROFILING,all_to_shortest,greedy,5312,133,133,16.7756245136261,0.0700301204819277,True,4940.0,131,-1,4940.0
Uniform1-5000_Seed80_J200_M100,"[0.004251, 1.000000]",100,200,0.05,max_proc,lowest_lower_bound,PRUNE,all_to_shortest,greedy,5401,135,135,17.626250743865967,0.0853545639696352,True,4940.0,133,-1,4940.0
Uniform1-5000_Seed81_J20_M10,"[0.018898, 0.938604]",10,20,0.1,max_proc,lowest_lower_bound,NO_PROFILING,all_to_shortest,greedy,5329,5,2001,0.8031964302062988,0.1659035466316382,False,4444.9,10,-1,4444.9
Uniform1-5000_Seed81_J20_M10,"[0.018898, 0.938604]",10,20,0.05,max_proc,lowest_lower_bound,PRUNE,all_to_shortest,greedy,5329,12,12,0.0095446109771728,0.1659035466316382,True,5329.0,10,-1,4444.9
Uniform1-5000_Seed82_J20_M10,"[0.025937, 0.893461]",10,20,0.1,max_proc,lowest_lower_bound,NO_PROFILING,all_to_shortest,greedy,5844,302,2001,1.045081377029419,0.1291581108829569,False,5089.2,10,-1,5089.2
Uniform1-5000_Seed82_J20_M10,"[0.025937, 0.893461]",10,20,0.05,max_proc,lowest_lower_bound,PRUNE,all_to_shortest,greedy,5862,12,12,0.0013880729675292,0.1318321392016377,True,5459.0,10,-1,5089.2
Uniform1-5000_Seed83_J20_M10,"[0.048174, 0.872977]",10,20,0.1,max_proc,lowest_lower_bound,NO_PROFILING,all_to_shortest,greedy,6368,34,2001,1.009706974029541,0.1133479899497487,False,5646.2,10,-1,5646.2
Uniform1-5000_Seed83_J20_M10,"[0.048174, 0.872977]",10,20,0.05,max_proc,lowest_lower_bound,PRUNE,all_to_shortest,greedy,6526,12,12,0.0041744709014892,0.1348145878026356,True,6247.0,10,-1,5646.2
Uniform1-5000_Seed84_J20_M10,"[0.053931, 0.881761]",10,20,0.1,max_proc,lowest_lower_bound,NO_PROFILING,all_to_shortest,greedy,6782,9,2001,0.7589051723480225,0.1715865526393394,False,5618.3,10,-1,5618.3
Uniform1-5000_Seed84_J20_M10,"[0.053931, 0.881761]",10,20,0.05,max_proc,lowest_lower_bound,PRUNE,all_to_shortest,greedy,6999,12,12,0.0188298225402832,0.1972710387198171,True,6910.0,10,-1,5618.3
Uniform1-5000_Seed85_J20_M10,"[0.066961, 1.000000]",10,20,0.1,max_proc,lowest_lower_bound,NO_PROFILING,all_to_shortest,greedy,5183,2,2,0.0009999275207519,0.0808412116534825,True,4764.0,0,-1,4764.0
Uniform1-5000_Seed85_J20_M10,"[0.066961, 1.000000]",10,20,0.05,max_proc,lowest_lower_bound,PRUNE,all_to_shortest,greedy,5183,2,2,0.0009992122650146,0.0808412116534825,True,4764.0,0,-1,4764.0
Uniform1-5000_Seed86_J20_M10,"[0.071309, 0.930435]",10,20,0.1,max_proc,lowest_lower_bound,NO_PROFILING,all_to_shortest,greedy,5998,809,2001,1.44691801071167,0.1209069689896631,False,5272.8,10,-1,5272.8
Uniform1-5000_Seed86_J20_M10,"[0.071309, 0.930435]",10,20,0.05,max_proc,lowest_lower_bound,PRUNE,all_to_shortest,greedy,5998,13,13,0.0061824321746826,0.1209069689896631,True,5824.0,11,-1,5272.8
Uniform1-5000_Seed87_J20_M10,"[0.013279, 1.000000]",10,20,0.1,max_proc,lowest_lower_bound,NO_PROFILING,all_to_shortest,greedy,5105,73,73,0.0385587215423584,0.0854064642507345,True,4669.0,11,-1,4669.0
Uniform1-5000_Seed87_J20_M10,"[0.013279, 1.000000]",10,20,0.05,max_proc,lowest_lower_bound,PRUNE,all_to_shortest,greedy,5167,15,16,0.0085387229919433,0.0963808786529901,True,4775.0,12,-1,4669.0
Uniform1-5000_Seed88_J20_M10,"[0.001571, 0.969320]",10,20,0.1,max_proc,lowest_lower_bound,NO_PROFILING,all_to_shortest,greedy,5647,197,2001,1.2842249870300293,0.0984239419160616,False,5091.2,11,-1,5091.2
Uniform1-5000_Seed88_J20_M10,"[0.001571, 0.969320]",10,20,0.05,max_proc,lowest_lower_bound,PRUNE,all_to_shortest,greedy,5541,14,14,0.006706953048706,0.0811766829092222,True,5297.0,12,-1,5091.2
Uniform1-5000_Seed89_J20_M10,"[0.050606, 1.000000]",10,20,0.1,max_proc,lowest_lower_bound,NO_PROFILING,all_to_shortest,greedy,5163,3,3,0.0023179054260253,0.073794305636258,True,4782.0,1,-1,4782.0
Uniform1-5000_Seed89_J20_M10,"[0.050606, 1.000000]",10,20,0.05,max_proc,lowest_lower_bound,PRUNE,all_to_shortest,greedy,5163,3,3,0.0019960403442382,0.073794305636258,True,4782.0,1,-1,4782.0
Uniform1-5000_Seed90_J20_M10,"[0.022032, 1.000000]",10,20,0.1,max_proc,lowest_lower_bound,NO_PROFILING,all_to_shortest,greedy,5202,7,7,0.002406358718872,0.0576701268742791,True,4902.0,5,-1,4902.0
Uniform1-5000_Seed90_J20_M10,"[0.022032, 1.000000]",10,20,0.05,max_proc,lowest_lower_bound,PRUNE,all_to_shortest,greedy,5337,8,8,0.004467487335205,0.0815064643057897,True,4902.0,6,-1,4902.0
Uniform1-5000_Seed91_J20_M10,"[0.031164, 0.988130]",10,20,0.1,max_proc,lowest_lower_bound,NO_PROFILING,all_to_shortest,greedy,5449,14,14,0.0090601444244384,0.0754633877775738,True,5037.8,12,-1,5037.8
Uniform1-5000_Seed91_J20_M10,"[0.031164, 0.988130]",10,20,0.05,max_proc,lowest_lower_bound,PRUNE,all_to_shortest,greedy,5591,26,26,0.0165281295776367,0.0989447326059738,True,5075.0,12,-1,5037.8
Uniform1-5000_Seed92_J20_M10,"[0.008839, 0.932168]",10,20,0.1,max_proc,lowest_lower_bound,NO_PROFILING,all_to_shortest,greedy,6130,791,2001,1.114384651184082,0.1510603588907014,False,5204.0,10,-1,5204.0
Uniform1-5000_Seed92_J20_M10,"[0.008839, 0.932168]",10,20,0.05,max_proc,lowest_lower_bound,PRUNE,all_to_shortest,greedy,5822,13,13,0.0089092254638671,0.1061490896599106,True,5419.0,10,-1,5204.0
Uniform1-5000_Seed93_J20_M10,"[0.040605, 0.801870]",10,20,0.1,max_proc,lowest_lower_bound,NO_PROFILING,all_to_shortest,greedy,6681,11,2001,1.510873556137085,0.1226912138901361,False,5861.3,11,-1,5861.3
Uniform1-5000_Seed93_J20_M10,"[0.040605, 0.801870]",10,20,0.05,max_proc,lowest_lower_bound,PRUNE,all_to_shortest,greedy,6524,15,15,0.0094146728515625,0.101578786020846,True,5981.0,13,-1,5861.3
Uniform1-5000_Seed94_J20_M10,"[0.045161, 0.872650]",10,20,0.1,max_proc,lowest_lower_bound,NO_PROFILING,all_to_shortest,greedy,5571,345,2001,1.329665184020996,0.1017232094776521,False,5004.3,11,-1,5004.3
Uniform1-5000_Seed94_J20_M10,"[0.045161, 0.872650]",10,20,0.05,max_proc,lowest_lower_bound,PRUNE,all_to_shortest,greedy,5445,26,26,0.007300853729248,0.0809366391184572,True,5175.0,13,-1,5004.3
Uniform1-5000_Seed95_J20_M10,"[0.063753, 0.803684]",10,20,0.1,max_proc,lowest_lower_bound,NO_PROFILING,all_to_shortest,greedy,6503,872,2001,1.1639983654022217,0.1485468245425188,False,5537.0,10,-1,5537.0
Uniform1-5000_Seed95_J20_M10,"[0.063753, 0.803684]",10,20,0.05,max_proc,lowest_lower_bound,PRUNE,all_to_shortest,greedy,6891,12,12,0.0061957836151123,0.1964881729792482,True,6283.0,10,-1,5537.0
Uniform1-5000_Seed96_J20_M10,"[0.083278, 0.842368]",10,20,0.1,max_proc,lowest_lower_bound,NO_PROFILING,all_to_shortest,greedy,5248,739,2001,1.4738123416900637,0.1053544207317072,False,4695.1,11,-1,4695.1
Uniform1-5000_Seed96_J20_M10,"[0.083278, 0.842368]",10,20,0.05,max_proc,lowest_lower_bound,PRUNE,all_to_shortest,greedy,5162,34,34,0.0123639106750488,0.0904494382022471,True,4857.0,15,-1,4695.1
Uniform1-5000_Seed97_J20_M10,"[0.021115, 0.985817]",10,20,0.1,max_proc,lowest_lower_bound,NO_PROFILING,all_to_shortest,greedy,5346,12,12,0.0086486339569091,0.0609427609427609,True,5020.2,10,-1,5020.2
Uniform1-5000_Seed97_J20_M10,"[0.021115, 0.985817]",10,20,0.05,max_proc,lowest_lower_bound,PRUNE,all_to_shortest,greedy,5509,11,11,0.0069451332092285,0.0887275367580323,True,5020.2,9,-1,5020.2
Uniform1-5000_Seed98_J20_M10,"[0.000551, 0.884611]",10,20,0.1,max_proc,lowest_lower_bound,NO_PROFILING,all_to_shortest,greedy,6816,37,2001,1.0960805416107178,0.2012617370892019,False,5444.2,10,-1,5444.2
Uniform1-5000_Seed98_J20_M10,"[0.000551, 0.884611]",10,20,0.05,max_proc,lowest_lower_bound,PRUNE,all_to_shortest,greedy,7107,8,12,0.0085830688476562,0.2339665118896862,True,6655.0,10,-1,5444.2
Uniform1-5000_Seed99_J20_M10,"[0.011419, 1.000000]",10,20,0.1,max_proc,lowest_lower_bound,NO_PROFILING,all_to_shortest,greedy,4977,7,7,0.0033731460571289,0.0146674703636728,True,4904.0,5,-1,4904.0
Uniform1-5000_Seed99_J20_M10,"[0.011419, 1.000000]",10,20,0.05,max_proc,lowest_lower_bound,PRUNE,all_to_shortest,greedy,5061,7,7,0.0029408931732177,0.0310215372456036,True,4904.0,5,-1,4904.0
Uniform1-5000_Seed100_J20_M10,"[0.015744, 0.982819]",10,20,0.1,max_proc,lowest_lower_bound,NO_PROFILING,all_to_shortest,greedy,5504,424,424,0.2547175884246826,0.076798691860465,True,5081.3,13,-1,5081.3
Uniform1-5000_Seed100_J20_M10,"[0.015744, 0.982819]",10,20,0.05,max_proc,lowest_lower_bound,PRUNE,all_to_shortest,greedy,5682,13,20,0.0019993782043457,0.105719816965857,True,5192.0,13,-1,5081.3
Uniform1-5000_Seed81_J50_M25,"[0.017784, 0.987221]",25,50,0.1,max_proc,lowest_lower_bound,NO_PROFILING,all_to_shortest,greedy,5721,1543,2001,12.567145109176636,0.1743821010312883,False,4723.36,26,-1,4723.36
Uniform1-5000_Seed81_J50_M25,"[0.017784, 0.987221]",25,50,0.05,max_proc,lowest_lower_bound,PRUNE,all_to_shortest,greedy,5201,54,54,0.2278869152069091,0.0918361853489714,True,4853.0,35,-1,4723.36
Uniform1-5000_Seed82_J50_M25,"[0.020997, 0.936005]",25,50,0.1,max_proc,lowest_lower_bound,NO_PROFILING,all_to_shortest,greedy,5719,25,2001,9.510554552078249,0.1505717782829165,False,4857.88,25,-1,4857.88
Uniform1-5000_Seed82_J50_M25,"[0.020997, 0.936005]",25,50,0.05,max_proc,lowest_lower_bound,PRUNE,all_to_shortest,greedy,5794,36,36,0.1476309299468994,0.1615671384190541,True,5459.0,28,-1,4857.88
Uniform1-5000_Seed83_J50_M25,"[0.028709, 0.989560]",25,50,0.1,max_proc,lowest_lower_bound,NO_PROFILING,all_to_shortest,greedy,5809,1041,2001,13.215925931930542,0.1425374419004992,False,4981.0,25,-1,4981.0
Uniform1-5000_Seed83_J50_M25,"[0.028709, 0.989560]",25,50,0.05,max_proc,lowest_lower_bound,PRUNE,all_to_shortest,greedy,5542,37,37,0.1205697059631347,0.1012269938650306,True,5128.0,35,-1,4981.0
Uniform1-5000_Seed84_J50_M25,"[0.027571, 0.968683]",25,50,0.1,max_proc,lowest_lower_bound,NO_PROFILING,all_to_shortest,greedy,6326,1294,2001,10.453367710113524,0.1915649699652229,False,5114.16,25,-1,5114.16
Uniform1-5000_Seed84_J50_M25,"[0.027571, 0.968683]",25,50,0.05,max_proc,lowest_lower_bound,PRUNE,all_to_shortest,greedy,6436,27,27,0.1250123977661132,0.2053822249844624,True,6120.0,25,-1,5114.16
Uniform1-5000_Seed85_J50_M25,"[0.023929, 1.000000]",25,50,0.1,max_proc,lowest_lower_bound,NO_PROFILING,all_to_shortest,greedy,5197,28,28,0.0971438884735107,0.0833172984414085,True,4764.0,26,-1,4764.0
Uniform1-5000_Seed85_J50_M25,"[0.023929, 1.000000]",25,50,0.05,max_proc,lowest_lower_bound,PRUNE,all_to_shortest,greedy,5080,53,53,0.2231667041778564,0.0622047244094488,True,4764.0,29,-1,4764.0
Uniform1-5000_Seed86_J50_M25,"[0.034651, 1.000000]",25,50,0.1,max_proc,lowest_lower_bound,NO_PROFILING,all_to_shortest,greedy,5316,30,30,0.1434497833251953,0.0771256583897667,True,4906.0,28,-1,4906.0
Uniform1-5000_Seed86_J50_M25,"[0.034651, 1.000000]",25,50,0.05,max_proc,lowest_lower_bound,PRUNE,all_to_shortest,greedy,5403,37,37,0.1206698417663574,0.0919859337405145,True,4906.0,35,-1,4906.0
Uniform1-5000_Seed87_J50_M25,"[0.013279, 1.000000]",25,50,0.1,max_proc,lowest_lower_bound,NO_PROFILING,all_to_shortest,greedy,5220,1320,2001,9.91748571395874,0.1055555555555555,False,4669.0,25,-1,4669.0
Uniform1-5000_Seed87_J50_M25,"[0.013279, 1.000000]",25,50,0.05,max_proc,lowest_lower_bound,PRUNE,all_to_shortest,greedy,4964,36,36,0.1147756576538086,0.0594278807413376,True,4708.0,31,-1,4669.0
Uniform1-5000_Seed88_J50_M25,"[0.001505, 0.929431]",25,50,0.1,max_proc,lowest_lower_bound,NO_PROFILING,all_to_shortest,greedy,6544,1014,2001,12.488298654556274,0.1877933985330073,False,5315.08,25,-1,5315.08
Uniform1-5000_Seed88_J50_M25,"[0.001505, 0.929431]",25,50,0.05,max_proc,lowest_lower_bound,PRUNE,all_to_shortest,greedy,6434,31,31,0.1084644794464111,0.1739073671122163,True,5933.0,29,-1,5315.08
Uniform1-5000_Seed89_J50_M25,"[0.006539, 1.000000]",25,50,0.1,max_proc,lowest_lower_bound,NO_PROFILING,all_to_shortest,greedy,5134,9,9,0.0346851348876953,0.0467471756914686,True,4894.0,7,-1,4894.0
Uniform1-5000_Seed89_J50_M25,"[0.006539, 1.000000]",25,50,0.05,max_proc,lowest_lower_bound,PRUNE,all_to_shortest,greedy,5134,9,9,0.0429499149322509,0.0467471756914686,True,4894.0,7,-1,4894.0
Uniform1-5000_Seed90_J50_M25,"[0.021565, 0.981391]",25,50,0.1,max_proc,lowest_lower_bound,NO_PROFILING,all_to_shortest,greedy,5770,621,2001,10.112030506134031,0.1320277296360485,False,5008.2,25,-1,5008.2
Uniform1-5000_Seed90_J50_M25,"[0.021565, 0.981391]",25,50,0.05,max_proc,lowest_lower_bound,PRUNE,all_to_shortest,greedy,5609,35,35,0.1125223636627197,0.1071135674808344,True,5116.0,32,-1,5008.2
Uniform1-5000_Seed91_J50_M25,"[0.016519, 0.978973]",25,50,0.1,max_proc,lowest_lower_bound,NO_PROFILING,all_to_shortest,greedy,5805,545,2001,8.050880193710327,0.1240447889750215,False,5084.92,34,-1,5084.92
Uniform1-5000_Seed91_J50_M25,"[0.016519, 0.978973]",25,50,0.05,max_proc,lowest_lower_bound,PRUNE,all_to_shortest,greedy,5841,71,2001,5.7178709506988525,0.1294435884266392,False,5201.0,34,-1,5084.92
Uniform1-5000_Seed92_J50_M25,"[0.008489, 0.902947]",25,50,0.1,max_proc,lowest_lower_bound,NO_PROFILING,all_to_shortest,greedy,6551,458,2001,13.209271907806396,0.1728102579758815,False,5418.92,25,-1,5418.92
Uniform1-5000_Seed92_J50_M25,"[0.008489, 0.902947]",25,50,0.05,max_proc,lowest_lower_bound,PRUNE,all_to_shortest,greedy,6335,40,40,0.1502571105957031,0.1446061562746645,True,5763.0,32,-1,5418.92
Uniform1-5000_Seed93_J50_M25,"[0.043561, 0.891795]",25,50,0.1,max_proc,lowest_lower_bound,NO_PROFILING,all_to_shortest,greedy,6277,26,2001,10.481016874313354,0.1478795602995061,False,5348.76,31,-1,5348.76
Uniform1-5000_Seed93_J50_M25,"[0.043561, 0.891795]",25,50,0.05,max_proc,lowest_lower_bound,PRUNE,all_to_shortest,greedy,5854,430,430,1.0687134265899658,0.0863067987700717,True,5507.0,36,-1,5348.76
Uniform1-5000_Seed94_J50_M25,"[0.019186, 0.970838]",25,50,0.1,max_proc,lowest_lower_bound,NO_PROFILING,all_to_shortest,greedy,6109,1371,2001,12.070885181427002,0.163863152725487,False,5107.96,32,-1,5107.96
Uniform1-5000_Seed94_J50_M25,"[0.019186, 0.970838]",25,50,0.05,max_proc,lowest_lower_bound,PRUNE,all_to_shortest,greedy,5550,1466,1466,4.924961090087891,0.0796468468468468,True,5357.0,34,-1,5107.96
Uniform1-5000_Seed95_J50_M25,"[0.028009, 0.944656]",25,50,0.1,max_proc,lowest_lower_bound,NO_PROFILING,all_to_shortest,greedy,6204,278,2001,10.05949854850769,0.1770535138620244,False,5105.56,25,-1,5105.56
Uniform1-5000_Seed95_J50_M25,"[0.028009, 0.944656]",25,50,0.05,max_proc,lowest_lower_bound,PRUNE,all_to_shortest,greedy,5906,31,31,0.1301186084747314,0.1355299695225194,True,5400.0,29,-1,5105.56
Uniform1-5000_Seed96_J50_M25,"[0.022992, 0.919291]",25,50,0.1,max_proc,lowest_lower_bound,NO_PROFILING,all_to_shortest,greedy,6358,84,2001,12.929827451705933,0.1791066373073293,False,5219.24,25,-1,5219.24
Uniform1-5000_Seed96_J50_M25,"[0.022992, 0.919291]",25,50,0.05,max_proc,lowest_lower_bound,PRUNE,all_to_shortest,greedy,6128,83,83,0.4320394992828369,0.1482963446475196,True,5563.0,32,-1,5219.24
Uniform1-5000_Seed97_J50_M25,"[0.001616, 1.000000]",25,50,0.1,max_proc,lowest_lower_bound,NO_PROFILING,all_to_shortest,greedy,5242,26,26,0.1250948905944824,0.0558946966806562,True,4949.0,24,-1,4949.0
Uniform1-5000_Seed97_J50_M25,"[0.001616, 1.000000]",25,50,0.05,max_proc,lowest_lower_bound,PRUNE,all_to_shortest,greedy,5286,28,28,0.1337018013000488,0.0637533106318577,True,4949.0,26,-1,4949.0
Uniform1-5000_Seed98_J50_M25,"[0.000623, 1.000000]",25,50,0.1,max_proc,lowest_lower_bound,NO_PROFILING,all_to_shortest,greedy,5879,1685,2001,14.060198307037354,0.1808130634461643,False,4816.0,25,-1,4816.0
Uniform1-5000_Seed98_J50_M25,"[0.000623, 1.000000]",25,50,0.05,max_proc,lowest_lower_bound,PRUNE,all_to_shortest,greedy,5487,39,39,0.161473274230957,0.1222890468379806,True,5297.0,30,-1,4816.0
Uniform1-5000_Seed99_J50_M25,"[0.002447, 1.000000]",25,50,0.1,max_proc,lowest_lower_bound,NO_PROFILING,all_to_shortest,greedy,5154,34,34,0.1227211952209472,0.0485060147458284,True,4904.0,32,-1,4904.0
Uniform1-5000_Seed99_J50_M25,"[0.002447, 1.000000]",25,50,0.05,max_proc,lowest_lower_bound,PRUNE,all_to_shortest,greedy,5341,35,35,0.1196119785308837,0.0818198839168695,True,4904.0,32,-1,4904.0
Uniform1-5000_Seed100_J50_M25,"[0.000542, 0.902846]",25,50,0.1,max_proc,lowest_lower_bound,NO_PROFILING,all_to_shortest,greedy,6618,524,2001,12.399414539337158,0.1641885766092475,False,5531.4,25,-1,5531.4
Uniform1-5000_Seed100_J50_M25,"[0.000542, 0.902846]",25,50,0.05,max_proc,lowest_lower_bound,PRUNE,all_to_shortest,greedy,6281,35,35,0.1585497856140136,0.1193440534946665,True,5877.0,33,-1,5531.4
Uniform1-5000_Seed81_J100_M50,"[0.006404, 1.000000]",50,100,0.1,max_proc,lowest_lower_bound,NO_PROFILING,all_to_shortest,greedy,5472,47,47,0.973118782043457,0.0868055555555555,True,4997.0,45,-1,4997.0
Uniform1-5000_Seed81_J100_M50,"[0.006404, 1.000000]",50,100,0.05,max_proc,lowest_lower_bound,PRUNE,all_to_shortest,greedy,5469,62,62,1.252786636352539,0.0863046260742366,True,4997.0,60,-1,4997.0
Uniform1-5000_Seed82_J100_M50,"[0.020652, 1.000000]",50,100,0.1,max_proc,lowest_lower_bound,NO_PROFILING,all_to_shortest,greedy,5694,1617,2001,56.05392813682556,0.1325957147874956,False,4939.0,57,-1,4939.0
Uniform1-5000_Seed82_J100_M50,"[0.020652, 1.000000]",50,100,0.05,max_proc,lowest_lower_bound,PRUNE,all_to_shortest,greedy,5503,484,484,10.59192967414856,0.102489551153916,True,5016.0,62,-1,4939.0
Uniform1-5000_Seed83_J100_M50,"[0.014304, 0.993029]",50,100,0.1,max_proc,lowest_lower_bound,NO_PROFILING,all_to_shortest,greedy,6123,633,2001,50.42135524749756,0.1893516250204147,False,4963.6,50,-1,4963.6
Uniform1-5000_Seed83_J100_M50,"[0.014304, 0.993029]",50,100,0.05,max_proc,lowest_lower_bound,PRUNE,all_to_shortest,greedy,5787,1362,1362,34.0987331867218,0.1422844306203559,True,5307.0,66,-1,4963.6
Uniform1-5000_Seed84_J100_M50,"[0.001963, 0.972398]",50,100,0.1,max_proc,lowest_lower_bound,NO_PROFILING,all_to_shortest,greedy,6451,778,2001,49.371071338653564,0.2102588745930863,False,5094.62,50,-1,5094.62
Uniform1-5000_Seed84_J100_M50,"[0.001963, 0.972398]",50,100,0.05,max_proc,lowest_lower_bound,PRUNE,all_to_shortest,greedy,6060,61,61,1.2107772827148438,0.1593036303630363,True,5633.0,53,-1,5094.62
Uniform1-5000_Seed85_J100_M50,"[0.003038, 1.000000]",50,100,0.1,max_proc,lowest_lower_bound,NO_PROFILING,all_to_shortest,greedy,5344,70,70,1.2560114860534668,0.0761601796407185,True,4937.0,68,-1,4937.0
Uniform1-5000_Seed85_J100_M50,"[0.003038, 1.000000]",50,100,0.05,max_proc,lowest_lower_bound,PRUNE,all_to_shortest,greedy,5429,97,97,1.976698875427246,0.0906244243875483,True,4937.0,71,-1,4937.0
Uniform1-5000_Seed86_J100_M50,"[0.012026, 1.000000]",50,100,0.1,max_proc,lowest_lower_bound,NO_PROFILING,all_to_shortest,greedy,5319,43,43,0.7837369441986084,0.0776461740928746,True,4906.0,41,-1,4906.0
Uniform1-5000_Seed86_J100_M50,"[0.012026, 1.000000]",50,100,0.05,max_proc,lowest_lower_bound,PRUNE,all_to_shortest,greedy,5321,51,51,1.009531021118164,0.0779928584852471,True,4906.0,49,-1,4906.0
Uniform1-5000_Seed87_J100_M50,"[0.012563, 1.000000]",50,100,0.1,max_proc,lowest_lower_bound,NO_PROFILING,all_to_shortest,greedy,5427,51,51,0.9115138053894044,0.0906578220011055,True,4935.0,49,-1,4935.0
Uniform1-5000_Seed87_J100_M50,"[0.012563, 1.000000]",50,100,0.05,max_proc,lowest_lower_bound,PRUNE,all_to_shortest,greedy,5226,66,66,1.3319807052612305,0.0556831228473019,True,4935.0,64,-1,4935.0
Uniform1-5000_Seed88_J100_M50,"[0.001507, 0.931858]",50,100,0.1,max_proc,lowest_lower_bound,NO_PROFILING,all_to_shortest,greedy,6640,1012,2001,53.8887836933136,0.2003283132530121,False,5309.82,50,-1,5309.82
Uniform1-5000_Seed88_J100_M50,"[0.001507, 0.931858]",50,100,0.05,max_proc,lowest_lower_bound,PRUNE,all_to_shortest,greedy,5806,203,203,4.572919607162476,0.0854598691009301,True,5609.0,71,-1,5309.82
Uniform1-5000_Seed89_J100_M50,"[0.006529, 1.000000]",50,100,0.1,max_proc,lowest_lower_bound,NO_PROFILING,all_to_shortest,greedy,5291,24,24,0.5327959060668945,0.0737100737100737,True,4901.0,22,-1,4901.0
Uniform1-5000_Seed89_J100_M50,"[0.006529, 1.000000]",50,100,0.05,max_proc,lowest_lower_bound,PRUNE,all_to_shortest,greedy,5351,34,34,0.7010152339935303,0.0840964305737245,True,4901.0,32,-1,4901.0
Uniform1-5000_Seed90_J100_M50,"[0.006568, 0.957753]",50,100,0.1,max_proc,lowest_lower_bound,NO_PROFILING,all_to_shortest,greedy,6499,1990,2001,56.03005599975586,0.2034620710878596,False,5176.7,56,-1,5176.7
Uniform1-5000_Seed90_J100_M50,"[0.006568, 0.957753]",50,100,0.05,max_proc,lowest_lower_bound,PRUNE,all_to_shortest,greedy,6078,143,2001,41.778722524642944,0.1482889108259296,False,5431.0,59,-1,5176.7
Uniform1-5000_Seed91_J100_M50,"[0.009220, 0.936714]",50,100,0.1,max_proc,lowest_lower_bound,NO_PROFILING,all_to_shortest,greedy,6371,1203,2001,53.84518074989319,0.1658577931250981,False,5314.32,63,-1,5314.32
Uniform1-5000_Seed91_J100_M50,"[0.009220, 0.936714]",50,100,0.05,max_proc,lowest_lower_bound,PRUNE,all_to_shortest,greedy,6209,110,2001,42.91709613800049,0.1440940570140119,False,5454.0,64,-1,5314.32
Uniform1-5000_Seed92_J100_M50,"[0.003913, 0.924321]",50,100,0.1,max_proc,lowest_lower_bound,NO_PROFILING,all_to_shortest,greedy,6765,151,2001,62.0482292175293,0.2067849223946784,False,5366.1,50,-1,5366.1
Uniform1-5000_Seed92_J100_M50,"[0.003913, 0.924321]",50,100,0.05,max_proc,lowest_lower_bound,PRUNE,all_to_shortest,greedy,6276,68,68,1.4297635555267334,0.1449808795411089,True,5702.0,66,-1,5366.1
Uniform1-5000_Seed93_J100_M50,"[0.009845, 0.935698]",50,100,0.1,max_proc,lowest_lower_bound,NO_PROFILING,all_to_shortest,greedy,6607,1091,2001,61.81007099151611,0.2006023914030573,False,5281.62,52,-1,5281.62
Uniform1-5000_Seed93_J100_M50,"[0.009845, 0.935698]",50,100,0.05,max_proc,lowest_lower_bound,PRUNE,all_to_shortest,greedy,5801,286,286,6.292990684509277,0.0895328391656611,True,5424.0,74,-1,5281.62
Uniform1-5000_Seed94_J100_M50,"[0.018543, 0.938334]",50,100,0.1,max_proc,lowest_lower_bound,NO_PROFILING,all_to_shortest,greedy,6268,1049,2001,59.00951361656189,0.1568442884492661,False,5284.9,64,-1,5284.9
Uniform1-5000_Seed94_J100_M50,"[0.018543, 0.938334]",50,100,0.05,max_proc,lowest_lower_bound,PRUNE,all_to_shortest,greedy,6214,416,2001,50.820438623428345,0.1495172191824912,False,5284.9,64,-1,5284.9
Uniform1-5000_Seed95_J100_M50,"[0.000829, 1.000000]",50,100,0.1,max_proc,lowest_lower_bound,NO_PROFILING,all_to_shortest,greedy,5612,1278,2001,51.67515587806702,0.140591589451176,False,4823.0,65,-1,4823.0
Uniform1-5000_Seed95_J100_M50,"[0.000829, 1.000000]",50,100,0.05,max_proc,lowest_lower_bound,PRUNE,all_to_shortest,greedy,5626,1695,2001,38.3193781375885,0.142730181301102,False,4823.0,65,-1,4823.0
Uniform1-5000_Seed96_J100_M50,"[0.001787, 0.992816]",50,100,0.1,max_proc,lowest_lower_bound,NO_PROFILING,all_to_shortest,greedy,6165,994,2001,60.26293301582336,0.1831013787510137,False,5036.18,52,-1,5036.18
Uniform1-5000_Seed96_J100_M50,"[0.001787, 0.992816]",50,100,0.05,max_proc,lowest_lower_bound,PRUNE,all_to_shortest,greedy,5701,960,960,21.091975450515747,0.1166146290124539,True,5198.0,74,-1,5036.18
Uniform1-5000_Seed97_J100_M50,"[0.001580, 0.977669]",50,100,0.1,max_proc,lowest_lower_bound,NO_PROFILING,all_to_shortest,greedy,6295,1245,2001,61.24691438674927,0.1958633836378077,False,5062.04,50,-1,5062.04
Uniform1-5000_Seed97_J100_M50,"[0.001580, 0.977669]",50,100,0.05,max_proc,lowest_lower_bound,PRUNE,all_to_shortest,greedy,5926,793,793,16.357712984085083,0.1457914276071549,True,5402.0,69,-1,5062.04
Uniform1-5000_Seed98_J100_M50,"[0.000593, 0.987693]",50,100,0.1,max_proc,lowest_lower_bound,NO_PROFILING,all_to_shortest,greedy,6533,135,2001,58.02447080612183,0.2251186285014541,False,5062.3,50,-1,5062.3
Uniform1-5000_Seed98_J100_M50,"[0.000593, 0.987693]",50,100,0.05,max_proc,lowest_lower_bound,PRUNE,all_to_shortest,greedy,6076,61,61,1.2231814861297607,0.1668367346938775,True,5535.0,57,-1,5062.3
Uniform1-5000_Seed99_J100_M50,"[0.002298, 0.942045]",50,100,0.1,max_proc,lowest_lower_bound,NO_PROFILING,all_to_shortest,greedy,6810,1610,2001,59.36600303649902,0.233086637298091,False,5222.68,50,-1,5222.68
Uniform1-5000_Seed99_J100_M50,"[0.002298, 0.942045]",50,100,0.05,max_proc,lowest_lower_bound,PRUNE,all_to_shortest,greedy,6153,68,68,1.3705387115478516,0.1511977896960831,True,5641.0,62,-1,5222.68
Uniform1-5000_Seed100_J100_M50,"[0.000563, 0.937862]",50,100,0.1,max_proc,lowest_lower_bound,NO_PROFILING,all_to_shortest,greedy,6737,855,2001,57.2573344707489,0.2096066498441442,False,5324.88,50,-1,5324.88
Uniform1-5000_Seed100_J100_M50,"[0.000563, 0.937862]",50,100,0.05,max_proc,lowest_lower_bound,PRUNE,all_to_shortest,greedy,6194,122,122,2.5242745876312256,0.1403164352599289,True,5667.0,65,-1,5324.88
Uniform1-5000_Seed81_J150_M75,"[0.002201, 1.000000]",75,150,0.1,max_proc,lowest_lower_bound,NO_PROFILING,all_to_shortest,greedy,5837,1925,2001,133.37867331504822,0.1439095425732396,False,4997.0,99,-1,4997.0
Uniform1-5000_Seed81_J150_M75,"[0.002201, 1.000000]",75,150,0.05,max_proc,lowest_lower_bound,PRUNE,all_to_shortest,greedy,5854,1406,2001,128.14146637916565,0.1463956269217629,False,4997.0,94,-1,4997.0
Uniform1-5000_Seed82_J150_M75,"[0.007069, 1.000000]",75,150,0.1,max_proc,lowest_lower_bound,NO_PROFILING,all_to_shortest,greedy,5432,91,91,5.27780032157898,0.0885493372606774,True,4951.0,89,-1,4951.0
Uniform1-5000_Seed82_J150_M75,"[0.007069, 1.000000]",75,150,0.05,max_proc,lowest_lower_bound,PRUNE,all_to_shortest,greedy,5390,101,101,6.158785820007324,0.0814471243042671,True,4951.0,99,-1,4951.0
Uniform1-5000_Seed83_J150_M75,"[0.014223, 1.000000]",75,150,0.1,max_proc,lowest_lower_bound,NO_PROFILING,all_to_shortest,greedy,6190,992,2001,141.9084231853485,0.1935379644588045,False,4992.0,75,-1,4992.0
Uniform1-5000_Seed83_J150_M75,"[0.014223, 1.000000]",75,150,0.05,max_proc,lowest_lower_bound,PRUNE,all_to_shortest,greedy,6103,1230,2001,140.6980595588684,0.1820416188759626,False,5239.0,90,-1,4992.0
Uniform1-5000_Seed84_J150_M75,"[0.001855, 0.927463]",75,150,0.1,max_proc,lowest_lower_bound,NO_PROFILING,all_to_shortest,greedy,7165,1766,2001,153.35997891426086,0.2477357525005815,False,5389.973333333333,75,-1,5389.973333333333
Uniform1-5000_Seed84_J150_M75,"[0.001855, 0.927463]",75,150,0.05,max_proc,lowest_lower_bound,PRUNE,all_to_shortest,greedy,6692,84,84,5.188711643218994,0.1945646543136082,True,6077.0,82,-1,5389.973333333333
Uniform1-5000_Seed85_J150_M75,"[0.002975, 0.979136]",75,150,0.1,max_proc,lowest_lower_bound,NO_PROFILING,all_to_shortest,greedy,6105,706,2001,145.14915537834167,0.1740868140868141,False,5042.2,94,-1,5042.2
Uniform1-5000_Seed85_J150_M75,"[0.002975, 0.979136]",75,150,0.05,max_proc,lowest_lower_bound,PRUNE,all_to_shortest,greedy,6191,700,2001,151.72752714157104,0.1855596834114037,False,5071.0,92,-1,5042.2
Uniform1-5000_Seed86_J150_M75,"[0.011807, 1.000000]",75,150,0.1,max_proc,lowest_lower_bound,NO_PROFILING,all_to_shortest,greedy,5456,108,108,5.95215916633606,0.0841275659824046,True,4997.0,106,-1,4997.0
Uniform1-5000_Seed86_J150_M75,"[0.011807, 1.000000]",75,150,0.05,max_proc,lowest_lower_bound,PRUNE,all_to_shortest,greedy,5750,1848,2001,124.3866205215454,0.1309565217391304,False,5010.0,98,-1,4997.0
Uniform1-5000_Seed87_J150_M75,"[0.000808, 1.000000]",75,150,0.1,max_proc,lowest_lower_bound,NO_PROFILING,all_to_shortest,greedy,5339,111,111,6.393069267272949,0.0724854841730661,True,4952.0,109,-1,4952.0
Uniform1-5000_Seed87_J150_M75,"[0.000808, 1.000000]",75,150,0.05,max_proc,lowest_lower_bound,PRUNE,all_to_shortest,greedy,5421,115,115,7.04219913482666,0.0865154030621656,True,4952.0,111,-1,4952.0
Uniform1-5000_Seed88_J150_M75,"[0.001500, 0.935548]",75,150,0.1,max_proc,lowest_lower_bound,NO_PROFILING,all_to_shortest,greedy,7021,1299,2001,133.21847772598267,0.2403114466125433,False,5333.7733333333335,75,-1,5333.7733333333335
Uniform1-5000_Seed88_J150_M75,"[0.001500, 0.935548]",75,150,0.05,max_proc,lowest_lower_bound,PRUNE,all_to_shortest,greedy,6427,99,99,6.259904623031616,0.1700990612520097,True,5932.0,96,-1,5333.7733333333335
Uniform1-5000_Seed89_J150_M75,"[0.006412, 1.000000]",75,150,0.1,max_proc,lowest_lower_bound,NO_PROFILING,all_to_shortest,greedy,5407,73,73,4.058954000473023,0.0769373034954688,True,4991.0,71,-1,4991.0
Uniform1-5000_Seed89_J150_M75,"[0.006412, 1.000000]",75,150,0.05,max_proc,lowest_lower_bound,PRUNE,all_to_shortest,greedy,5414,77,77,4.498553037643433,0.0781307720724048,True,4991.0,75,-1,4991.0
Uniform1-5000_Seed90_J150_M75,"[0.006562, 0.956906]",75,150,0.1,max_proc,lowest_lower_bound,NO_PROFILING,all_to_shortest,greedy,6445,222,2001,140.23204398155212,0.196077579519007,False,5181.28,79,-1,5181.28
Uniform1-5000_Seed90_J150_M75,"[0.006562, 0.956906]",75,150,0.05,max_proc,lowest_lower_bound,PRUNE,all_to_shortest,greedy,6472,129,2001,143.0094666481018,0.1994313967861558,False,5347.0,87,-1,5181.28
Uniform1-5000_Seed91_J150_M75,"[0.004435, 0.959862]",75,150,0.1,max_proc,lowest_lower_bound,NO_PROFILING,all_to_shortest,greedy,6108,402,2001,137.9269118309021,0.1509233791748526,False,5186.16,90,-1,5186.16
Uniform1-5000_Seed91_J150_M75,"[0.004435, 0.959862]",75,150,0.05,max_proc,lowest_lower_bound,PRUNE,all_to_shortest,greedy,6195,1983,2001,119.90479302406312,0.1628474576271186,False,5260.0,98,-1,5186.16
Uniform1-5000_Seed92_J150_M75,"[0.000586, 0.969285]",75,150,0.1,max_proc,lowest_lower_bound,NO_PROFILING,all_to_shortest,greedy,6398,1514,2001,140.95382642745972,0.2001917265812233,False,5117.173333333333,75,-1,5117.173333333333
Uniform1-5000_Seed92_J150_M75,"[0.000586, 0.969285]",75,150,0.05,max_proc,lowest_lower_bound,PRUNE,all_to_shortest,greedy,6056,680,2001,135.38034510612488,0.1550242184059885,False,5362.0,102,-1,5117.173333333333
Uniform1-5000_Seed93_J150_M75,"[0.003807, 0.940614]",75,150,0.1,max_proc,lowest_lower_bound,NO_PROFILING,all_to_shortest,greedy,6691,936,2001,148.37660694122314,0.2147641109948687,False,5254.013333333333,77,-1,5254.013333333333
Uniform1-5000_Seed93_J150_M75,"[0.003807, 0.940614]",75,150,0.05,max_proc,lowest_lower_bound,PRUNE,all_to_shortest,greedy,5880,130,130,8.258962154388428,0.1064603174603174,True,5407.0,111,-1,5254.013333333333
Uniform1-5000_Seed94_J150_M75,"[0.002851, 0.948973]",75,150,0.1,max_proc,lowest_lower_bound,NO_PROFILING,all_to_shortest,greedy,6348,752,2001,153.60841155052185,0.1711594202898551,False,5261.48,95,-1,5261.48
Uniform1-5000_Seed94_J150_M75,"[0.002851, 0.948973]",75,150,0.05,max_proc,lowest_lower_bound,PRUNE,all_to_shortest,greedy,6374,1890,2001,125.64334225654602,0.174540320050204,False,5261.48,94,-1,5261.48
Uniform1-5000_Seed95_J150_M75,"[0.000818, 0.986533]",75,150,0.1,max_proc,lowest_lower_bound,NO_PROFILING,all_to_shortest,greedy,5859,180,2001,136.98961973190308,0.165584570745861,False,4888.84,94,-1,4888.84
Uniform1-5000_Seed95_J150_M75,"[0.000818, 0.986533]",75,150,0.05,max_proc,lowest_lower_bound,PRUNE,all_to_shortest,greedy,5893,102,2001,141.6581838130951,0.1703987782114372,False,4913.0,94,-1,4888.84
Uniform1-5000_Seed96_J150_M75,"[0.001760, 0.977629]",75,150,0.1,max_proc,lowest_lower_bound,NO_PROFILING,all_to_shortest,greedy,6351,561,2001,144.62484502792358,0.1947073951608671,False,5114.413333333333,79,-1,5114.413333333333
Uniform1-5000_Seed96_J150_M75,"[0.001760, 0.977629]",75,150,0.05,max_proc,lowest_lower_bound,PRUNE,all_to_shortest,greedy,6282,739,2001,139.77927017211914,0.1858622519367505,False,5290.0,91,-1,5114.413333333333
Uniform1-5000_Seed97_J150_M75,"[0.001579, 0.976607]",75,150,0.1,max_proc,lowest_lower_bound,NO_PROFILING,all_to_shortest,greedy,6285,1295,2001,145.7059509754181,0.1937077698223282,False,5067.546666666667,75,-1,5067.546666666667
Uniform1-5000_Seed97_J150_M75,"[0.001579, 0.976607]",75,150,0.05,max_proc,lowest_lower_bound,PRUNE,all_to_shortest,greedy,5799,273,273,17.69801616668701,0.1261343909869517,True,5439.0,106,-1,5067.546666666667
Uniform1-5000_Seed98_J150_M75,"[0.000600, 1.000000]",75,150,0.1,max_proc,lowest_lower_bound,NO_PROFILING,all_to_shortest,greedy,5404,96,96,5.273020505905151,0.0747594374537379,True,5000.0,94,-1,5000.0
Uniform1-5000_Seed98_J150_M75,"[0.000600, 1.000000]",75,150,0.05,max_proc,lowest_lower_bound,PRUNE,all_to_shortest,greedy,5486,102,102,5.866894483566284,0.0885891359825009,True,5000.0,100,-1,5000.0
Uniform1-5000_Seed99_J150_M75,"[0.002282, 0.940488]",75,150,0.1,max_proc,lowest_lower_bound,NO_PROFILING,all_to_shortest,greedy,6711,718,2001,139.65962290763855,0.2165241146376595,False,5257.906666666667,75,-1,5257.906666666667
Uniform1-5000_Seed99_J150_M75,"[0.002282, 0.940488]",75,150,0.05,max_proc,lowest_lower_bound,PRUNE,all_to_shortest,greedy,6176,102,102,4.884885311126709,0.1486550086355785,True,5679.0,94,-1,5257.906666666667
Uniform1-5000_Seed100_J150_M75,"[0.000584, 0.972592]",75,150,0.1,max_proc,lowest_lower_bound,NO_PROFILING,all_to_shortest,greedy,6311,648,2001,131.37185788154602,0.1863835630908994,False,5134.733333333334,75,-1,5134.733333333334
Uniform1-5000_Seed100_J150_M75,"[0.000584, 0.972592]",75,150,0.05,max_proc,lowest_lower_bound,PRUNE,all_to_shortest,greedy,5674,201,201,12.73628067970276,0.095041710727294,True,5297.0,114,-1,5134.733333333334
Uniform1-5000_Seed81_J200_M100,"[0.002181, 0.990869]",100,200,0.1,max_proc,lowest_lower_bound,NO_PROFILING,all_to_shortest,greedy,6383,462,2001,287.27537965774536,0.2099248002506658,False,5043.05,100,-1,5043.05
Uniform1-5000_Seed81_J200_M100,"[0.002181, 0.990869]",100,200,0.05,max_proc,lowest_lower_bound,PRUNE,all_to_shortest,greedy,5963,564,2001,305.7637667655945,0.1542763709542176,False,5184.0,132,-1,5043.05
Uniform1-5000_Seed82_J200_M100,"[0.007038, 1.000000]",100,200,0.1,max_proc,lowest_lower_bound,NO_PROFILING,all_to_shortest,greedy,5307,128,128,17.348812580108643,0.062935745242133,True,4973.0,126,-1,4973.0
Uniform1-5000_Seed82_J200_M100,"[0.007038, 1.000000]",100,200,0.05,max_proc,lowest_lower_bound,PRUNE,all_to_shortest,greedy,5477,151,151,21.283400535583496,0.0920211794778163,True,4973.0,149,-1,4973.0
Uniform1-5000_Seed83_J200_M100,"[0.001603, 1.000000]",100,200,0.1,max_proc,lowest_lower_bound,NO_PROFILING,all_to_shortest,greedy,5393,152,152,21.942599534988403,0.0743556462080474,True,4992.0,150,-1,4992.0
Uniform1-5000_Seed83_J200_M100,"[0.001603, 1.000000]",100,200,0.05,max_proc,lowest_lower_bound,PRUNE,all_to_shortest,greedy,5518,277,277,39.82669138908386,0.0953243928959768,True,5007.0,151,-1,4992.0
Uniform1-5000_Seed84_J200_M100,"[0.001876, 0.937934]",100,200,0.1,max_proc,lowest_lower_bound,NO_PROFILING,all_to_shortest,greedy,7185,1629,2001,278.53336906433105,0.2582045929018789,False,5329.8,100,-1,5329.8
Uniform1-5000_Seed84_J200_M100,"[0.001876, 0.937934]",100,200,0.05,max_proc,lowest_lower_bound,PRUNE,all_to_shortest,greedy,6453,117,117,15.835209369659424,0.1740585774058577,True,5944.0,115,-1,5329.8
Uniform1-5000_Seed85_J200_M100,"[0.003023, 0.995042]",100,200,0.1,max_proc,lowest_lower_bound,NO_PROFILING,all_to_shortest,greedy,6433,1875,2001,284.3000798225403,0.2287268770402611,False,4961.6,100,-1,4961.6
Uniform1-5000_Seed85_J200_M100,"[0.003023, 0.995042]",100,200,0.05,max_proc,lowest_lower_bound,PRUNE,all_to_shortest,greedy,5812,1705,2001,303.3362443447113,0.1463179628355126,False,5057.0,132,-1,4961.6
Uniform1-5000_Seed86_J200_M100,"[0.011807, 1.000000]",100,200,0.1,max_proc,lowest_lower_bound,NO_PROFILING,all_to_shortest,greedy,5372,131,131,16.321478605270386,0.0698064035740878,True,4997.0,129,-1,4997.0
Uniform1-5000_Seed86_J200_M100,"[0.011807, 1.000000]",100,200,0.05,max_proc,lowest_lower_bound,PRUNE,all_to_shortest,greedy,5498,139,139,18.57159209251404,0.0911240451073117,True,4997.0,137,-1,4997.0
Uniform1-5000_Seed87_J200_M100,"[0.000792, 0.985336]",100,200,0.1,max_proc,lowest_lower_bound,NO_PROFILING,all_to_shortest,greedy,6428,987,2001,286.11612248420715,0.2138923459863098,False,5053.1,100,-1,5053.1
Uniform1-5000_Seed87_J200_M100,"[0.000792, 0.985336]",100,200,0.05,max_proc,lowest_lower_bound,PRUNE,all_to_shortest,greedy,5682,177,177,24.39887571334839,0.1106828581485391,True,5203.0,156,-1,5053.1
Uniform1-5000_Seed88_J200_M100,"[0.001493, 0.931839]",100,200,0.1,max_proc,lowest_lower_bound,NO_PROFILING,all_to_shortest,greedy,7073,739,2001,291.98300290107727,0.2424402657995192,False,5358.22,100,-1,5358.22
Uniform1-5000_Seed88_J200_M100,"[0.001493, 0.931839]",100,200,0.05,max_proc,lowest_lower_bound,PRUNE,all_to_shortest,greedy,6245,151,151,19.45409369468689,0.1419983987189751,True,5774.0,138,-1,5358.22
Uniform1-5000_Seed89_J200_M100,"[0.006412, 1.000000]",100,200,0.1,max_proc,lowest_lower_bound,NO_PROFILING,all_to_shortest,greedy,5343,93,93,10.162173986434937,0.0658805914280366,True,4991.0,91,-1,4991.0
Uniform1-5000_Seed89_J200_M100,"[0.006412, 1.000000]",100,200,0.05,max_proc,lowest_lower_bound,PRUNE,all_to_shortest,greedy,5384,102,102,11.960096597671509,0.0729940564635958,True,4991.0,100,-1,4991.0
Uniform1-5000_Seed90_J200_M100,"[0.006495, 0.947138]",100,200,0.1,max_proc,lowest_lower_bound,NO_PROFILING,all_to_shortest,greedy,6691,862,2001,285.97831988334656,0.2176475863099685,False,5234.72,100,-1,5234.72
Uniform1-5000_Seed90_J200_M100,"[0.006495, 0.947138]",100,200,0.05,max_proc,lowest_lower_bound,PRUNE,all_to_shortest,greedy,6558,456,2001,305.6795320510864,0.2017810308020737,False,5408.0,115,-1,5234.72
Uniform1-5000_Seed91_J200_M100,"[0.004620, 1.000000]",100,200,0.1,max_proc,lowest_lower_bound,NO_PROFILING,all_to_shortest,greedy,5460,131,131,15.55609965324402,0.0882783882783882,True,4978.0,129,-1,4978.0
Uniform1-5000_Seed91_J200_M100,"[0.004620, 1.000000]",100,200,0.05,max_proc,lowest_lower_bound,PRUNE,all_to_shortest,greedy,5530,1787,2001,260.9955081939697,0.0998191681735985,False,4978.0,145,-1,4978.0
Uniform1-5000_Seed92_J200_M100,"[0.000587, 0.971144]",100,200,0.1,max_proc,lowest_lower_bound,NO_PROFILING,all_to_shortest,greedy,6533,170,2001,288.4571549892425,0.2182182764426756,False,5107.38,100,-1,5107.38
Uniform1-5000_Seed92_J200_M100,"[0.000587, 0.971144]",100,200,0.05,max_proc,lowest_lower_bound,PRUNE,all_to_shortest,greedy,6014,138,138,18.52281093597412,0.1507515796474891,True,5494.0,135,-1,5107.38
Uniform1-5000_Seed93_J200_M100,"[0.003822, 0.954527]",100,200,0.1,max_proc,lowest_lower_bound,NO_PROFILING,all_to_shortest,greedy,6472,106,2001,286.4648983478546,0.1914462299134734,False,5232.96,107,-1,5232.96
Uniform1-5000_Seed93_J200_M100,"[0.003822, 0.954527]",100,200,0.05,max_proc,lowest_lower_bound,PRUNE,all_to_shortest,greedy,6275,1230,2001,258.33293533325195,0.1660621513944223,False,5381.0,124,-1,5232.96
Uniform1-5000_Seed94_J200_M100,"[0.002899, 0.965142]",100,200,0.1,max_proc,lowest_lower_bound,NO_PROFILING,all_to_shortest,greedy,6289,290,2001,307.0137231349945,0.1774002226109079,False,5173.33,121,-1,5173.33
Uniform1-5000_Seed94_J200_M100,"[0.002899, 0.965142]",100,200,0.05,max_proc,lowest_lower_bound,PRUNE,all_to_shortest,greedy,6270,109,2001,306.9053382873535,0.1749074960127591,False,5173.33,120,-1,5173.33
Uniform1-5000_Seed95_J200_M100,"[0.000800, 0.999550]",100,200,0.1,max_proc,lowest_lower_bound,NO_PROFILING,all_to_shortest,greedy,6321,358,2001,283.2736361026764,0.2086299636133523,False,5002.25,100,-1,5002.25
Uniform1-5000_Seed95_J200_M100,"[0.000800, 0.999550]",100,200,0.05,max_proc,lowest_lower_bound,PRUNE,all_to_shortest,greedy,6011,180,2001,290.8446102142334,0.1678173348860422,False,5137.0,126,-1,5002.25
Uniform1-5000_Seed96_J200_M100,"[0.001770, 0.983342]",100,200,0.1,max_proc,lowest_lower_bound,NO_PROFILING,all_to_shortest,greedy,6293,765,2001,288.110235452652,0.1920069918957572,False,5084.7,110,-1,5084.7
Uniform1-5000_Seed96_J200_M100,"[0.001770, 0.983342]",100,200,0.05,max_proc,lowest_lower_bound,PRUNE,all_to_shortest,greedy,6029,1742,2001,301.9608018398285,0.156626306186764,False,5217.0,141,-1,5084.7
Uniform1-5000_Seed97_J200_M100,"[0.001598, 0.988661]",100,200,0.1,max_proc,lowest_lower_bound,NO_PROFILING,all_to_shortest,greedy,6326,1490,2001,298.9196400642395,0.2087006006955421,False,5005.76,100,-1,5005.76
Uniform1-5000_Seed97_J200_M100,"[0.001598, 0.988661]",100,200,0.05,max_proc,lowest_lower_bound,PRUNE,all_to_shortest,greedy,6187,112,2001,304.7540018558502,0.1909229028608372,False,5240.0,123,-1,5005.76
Uniform1-5000_Seed98_J200_M100,"[0.000600, 1.000000]",100,200,0.1,max_proc,lowest_lower_bound,NO_PROFILING,all_to_shortest,greedy,6061,634,2001,249.7590548992157,0.1750536215146015,False,5000.0,104,-1,5000.0
Uniform1-5000_Seed98_J200_M100,"[0.000600, 1.000000]",100,200,0.05,max_proc,lowest_lower_bound,PRUNE,all_to_shortest,greedy,5556,234,234,31.936012268066406,0.1000719942404607,True,5102.0,134,-1,5000.0
Uniform1-5000_Seed99_J200_M100,"[0.002273, 0.936768]",100,200,0.1,max_proc,lowest_lower_bound,NO_PROFILING,all_to_shortest,greedy,6811,1553,2001,303.3665165901184,0.2249610923506093,False,5278.79,100,-1,5278.79
Uniform1-5000_Seed99_J200_M100,"[0.002273, 0.936768]",100,200,0.05,max_proc,lowest_lower_bound,PRUNE,all_to_shortest,greedy,6265,131,131,18.307759761810303,0.1574158020750199,True,5691.0,129,-1,5278.79
Uniform1-5000_Seed100_J200_M100,"[0.000582, 0.968423]",100,200,0.1,max_proc,lowest_lower_bound,NO_PROFILING,all_to_shortest,greedy,6561,98,2001,278.17715525627136,0.2140161560737692,False,5156.84,100,-1,5156.84
Uniform1-5000_Seed100_J200_M100,"[0.000582, 0.968423]",100,200,0.05,max_proc,lowest_lower_bound,PRUNE,all_to_shortest,greedy,5950,142,142,18.84525990486145,0.1333042016806722,True,5463.0,140,-1,5156.84
