instance,epsilon_range,n_machines,n_jobs,epsilon,branching_rule,node_selection,profiling_mode,rounding_rule,lower_bound,best_solution,nodes_to_best_solution,nodes_explored,runtime,opt_gap,terminate,best_bound,depth,number_of_nodes_for_optimality,optimal_solution
Uniform1-5000_Seed101_J20_M10,"[0.009012, 0.894000]",10,20,0.2,max_proc,lowest_lower_bound,NO_PROFILING,all_to_shortest,greedy,6653,9,9,0.003524303436279297,0.16607545468209825,True,5548.1,7,-1,5548.1
Uniform1-5000_Seed101_J20_M10,"[0.009012, 0.894000]",10,20,0.1,max_proc,lowest_lower_bound,PRUNE,all_to_shortest,greedy,6704,11,11,0.002310037612915039,0.17241945107398562,True,5548.1,9,-1,5548.1
Uniform1-5000_Seed102_J20_M10,"[0.014668, 0.912358]",10,20,0.2,max_proc,lowest_lower_bound,NO_PROFILING,all_to_shortest,greedy,6163,10,10,0.0020215511322021484,0.1150413759532695,True,5454.0,8,-1,5454.0
Uniform1-5000_Seed102_J20_M10,"[0.014668, 0.912358]",10,20,0.1,max_proc,lowest_lower_bound,PRUNE,all_to_shortest,greedy,6523,9,9,0.0020036697387695312,0.1638816495477541,True,5454.0,7,-1,5454.0
Uniform1-5000_Seed103_J20_M10,"[0.001890, 0.835997]",10,20,0.2,max_proc,lowest_lower_bound,NO_PROFILING,all_to_shortest,greedy,6845,10,10,0.0019347667694091797,0.14983199415631854,True,5819.4,8,-1,5819.4
Uniform1-5000_Seed103_J20_M10,"[0.001890, 0.835997]",10,20,0.1,max_proc,lowest_lower_bound,PRUNE,all_to_shortest,greedy,7198,11,12,0.0024263858795166016,0.19152542372881362,True,6839.0,10,-1,5819.4
Uniform1-5000_Seed104_J20_M10,"[0.014608, 1.000000]",10,20,0.2,max_proc,lowest_lower_bound,NO_PROFILING,all_to_shortest,greedy,5646,6,6,0.0011665821075439453,0.15125752745306412,True,4792.0,4,-1,4792.0
Uniform1-5000_Seed104_J20_M10,"[0.014608, 1.000000]",10,20,0.1,max_proc,lowest_lower_bound,PRUNE,all_to_shortest,greedy,5054,11,11,0.002209186553955078,0.0518401266323704,True,4792.0,9,-1,4792.0
Uniform1-5000_Seed105_J20_M10,"[0.014357, 0.955319]",10,20,0.2,max_proc,lowest_lower_bound,NO_PROFILING,all_to_shortest,greedy,5666,7,7,0.0014095306396484375,0.09031062477938578,True,5154.3,5,-1,5154.3
Uniform1-5000_Seed105_J20_M10,"[0.014357, 0.955319]",10,20,0.1,max_proc,lowest_lower_bound,PRUNE,all_to_shortest,greedy,6038,8,8,0.0017974376678466797,0.1463564094070884,True,5154.3,6,-1,5154.3
Uniform1-5000_Seed106_J20_M10,"[0.001107, 0.915852]",10,20,0.2,max_proc,lowest_lower_bound,NO_PROFILING,all_to_shortest,greedy,6372,12,12,0.002245664596557617,0.14956057752667923,True,5419.0,10,-1,5419.0
Uniform1-5000_Seed106_J20_M10,"[0.001107, 0.915852]",10,20,0.1,max_proc,lowest_lower_bound,PRUNE,all_to_shortest,greedy,6581,13,14,0.0027747154235839844,0.17656891049992401,True,5706.0,11,-1,5419.0
Uniform1-5000_Seed107_J20_M10,"[0.094764, 0.817126]",10,20,0.2,max_proc,lowest_lower_bound,NO_PROFILING,all_to_shortest,greedy,6969,255,255,0.04681992530822754,0.16112785191562629,True,5846.1,10,-1,5846.1
Uniform1-5000_Seed107_J20_M10,"[0.094764, 0.817126]",10,20,0.1,max_proc,lowest_lower_bound,PRUNE,all_to_shortest,greedy,7082,12,12,0.002532482147216797,0.17451284947754866,True,6139.0,10,-1,5846.1
Uniform1-5000_Seed108_J20_M10,"[0.028808, 0.976914]",10,20,0.2,max_proc,lowest_lower_bound,NO_PROFILING,all_to_shortest,greedy,5554,12,12,0.002390146255493164,0.0875045012603529,True,5068.0,10,-1,5068.0
Uniform1-5000_Seed108_J20_M10,"[0.028808, 0.976914]",10,20,0.1,max_proc,lowest_lower_bound,PRUNE,all_to_shortest,greedy,5614,14,14,0.0029773712158203125,0.09725685785536159,True,5068.0,12,-1,5068.0
Uniform1-5000_Seed109_J20_M10,"[0.032539, 1.000000]",10,20,0.2,max_proc,lowest_lower_bound,NO_PROFILING,all_to_shortest,greedy,5003,4,4,0.0008029937744140625,0.12772336598041176,True,4364.0,2,-1,4364.0
Uniform1-5000_Seed109_J20_M10,"[0.032539, 1.000000]",10,20,0.1,max_proc,lowest_lower_bound,PRUNE,all_to_shortest,greedy,5003,4,4,0.0009315013885498047,0.12772336598041176,True,4364.0,2,-1,4364.0
Uniform1-5000_Seed110_J20_M10,"[0.105819, 1.000000]",10,20,0.2,max_proc,lowest_lower_bound,NO_PROFILING,all_to_shortest,greedy,5235,2,2,0.00032448768615722656,0.0775549188156638,True,4829.0,0,-1,4829.0
Uniform1-5000_Seed110_J20_M10,"[0.105819, 1.000000]",10,20,0.1,max_proc,lowest_lower_bound,PRUNE,all_to_shortest,greedy,5235,2,2,0.0003559589385986328,0.0775549188156638,True,4829.0,0,-1,4829.0
Uniform1-5000_Seed111_J20_M10,"[0.135878, 0.960512]",10,20,0.2,max_proc,lowest_lower_bound,NO_PROFILING,all_to_shortest,greedy,5857,9,9,0.0018842220306396484,0.14304251323203007,True,5019.2,7,-1,5019.2
Uniform1-5000_Seed111_J20_M10,"[0.135878, 0.960512]",10,20,0.1,max_proc,lowest_lower_bound,PRUNE,all_to_shortest,greedy,5857,9,9,0.001984834671020508,0.14304251323203007,True,5019.2,7,-1,5019.2
Uniform1-5000_Seed112_J20_M10,"[0.010465, 1.000000]",10,20,0.2,max_proc,lowest_lower_bound,NO_PROFILING,all_to_shortest,greedy,5564,3,3,0.0005655288696289062,0.10693745506829619,True,4969.0,1,-1,4969.0
Uniform1-5000_Seed112_J20_M10,"[0.010465, 1.000000]",10,20,0.1,max_proc,lowest_lower_bound,PRUNE,all_to_shortest,greedy,5592,3,3,0.0006287097930908203,0.11140915593705293,True,4969.0,1,-1,4969.0
Uniform1-5000_Seed113_J20_M10,"[0.001897, 0.763370]",10,20,0.2,max_proc,lowest_lower_bound,NO_PROFILING,all_to_shortest,greedy,7445,5,5,0.001077413558959961,0.1503156480859638,True,6325.9,3,-1,6325.9
Uniform1-5000_Seed113_J20_M10,"[0.001897, 0.763370]",10,20,0.1,max_proc,lowest_lower_bound,PRUNE,all_to_shortest,greedy,7398,11,11,0.002451181411743164,0.14491754528250883,True,6325.9,9,-1,6325.9
Uniform1-5000_Seed114_J20_M10,"[0.010128, 1.000000]",10,20,0.2,max_proc,lowest_lower_bound,NO_PROFILING,all_to_shortest,greedy,5357,4,4,0.0007960796356201172,0.09688258353556095,True,4838.0,2,-1,4838.0
Uniform1-5000_Seed114_J20_M10,"[0.010128, 1.000000]",10,20,0.1,max_proc,lowest_lower_bound,PRUNE,all_to_shortest,greedy,5356,5,5,0.0011279582977294922,0.09671396564600448,True,4838.0,3,-1,4838.0
Uniform1-5000_Seed115_J20_M10,"[0.028606, 1.000000]",10,20,0.2,max_proc,lowest_lower_bound,NO_PROFILING,all_to_shortest,greedy,5641,-1,2,0.00031828880310058594,0.11380960822549194,True,4999.0,0,-1,4999.0
Uniform1-5000_Seed115_J20_M10,"[0.028606, 1.000000]",10,20,0.1,max_proc,lowest_lower_bound,PRUNE,all_to_shortest,greedy,5641,-1,2,0.00035881996154785156,0.11380960822549194,True,4999.0,0,-1,4999.0
Uniform1-5000_Seed116_J20_M10,"[0.101981, 0.766010]",10,20,0.2,max_proc,lowest_lower_bound,NO_PROFILING,all_to_shortest,greedy,7703,21,21,0.004291534423828125,0.15347267298455144,True,6520.8,10,-1,6520.8
Uniform1-5000_Seed116_J20_M10,"[0.101981, 0.766010]",10,20,0.1,max_proc,lowest_lower_bound,PRUNE,all_to_shortest,greedy,7802,10,10,0.0021893978118896484,0.16421430402460904,True,6520.8,8,-1,6520.8
Uniform1-5000_Seed117_J20_M10,"[0.033583, 1.000000]",10,20,0.2,max_proc,lowest_lower_bound,NO_PROFILING,all_to_shortest,greedy,5721,3,3,0.000568389892578125,0.13599021150148574,True,4943.0,1,-1,4943.0
Uniform1-5000_Seed117_J20_M10,"[0.033583, 1.000000]",10,20,0.1,max_proc,lowest_lower_bound,PRUNE,all_to_shortest,greedy,5961,10,10,0.0020630359649658203,0.1707767153162221,True,4943.0,8,-1,4943.0
Uniform1-5000_Seed118_J20_M10,"[0.089228, 0.898774]",10,20,0.2,max_proc,lowest_lower_bound,NO_PROFILING,all_to_shortest,greedy,5532,12,12,0.0022575855255126953,0.16532899493853948,True,4617.4,10,-1,4617.4
Uniform1-5000_Seed118_J20_M10,"[0.089228, 0.898774]",10,20,0.1,max_proc,lowest_lower_bound,PRUNE,all_to_shortest,greedy,5532,12,12,0.002443552017211914,0.16532899493853948,True,4617.4,10,-1,4617.4
Uniform1-5000_Seed119_J20_M10,"[0.000652, 1.000000]",10,20,0.2,max_proc,lowest_lower_bound,NO_PROFILING,all_to_shortest,greedy,5308,5,5,0.0009794235229492188,0.13262999246420498,True,4604.0,3,-1,4604.0
Uniform1-5000_Seed119_J20_M10,"[0.000652, 1.000000]",10,20,0.1,max_proc,lowest_lower_bound,PRUNE,all_to_shortest,greedy,5340,5,5,0.0011353492736816406,0.13782771535580524,True,4604.0,3,-1,4604.0
Uniform1-5000_Seed120_J20_M10,"[0.002333, 1.000000]",10,20,0.2,max_proc,lowest_lower_bound,NO_PROFILING,all_to_shortest,greedy,5391,-1,2,0.00031447410583496094,0.1255796698200705,True,4714.0,0,-1,4714.0
Uniform1-5000_Seed120_J20_M10,"[0.002333, 1.000000]",10,20,0.1,max_proc,lowest_lower_bound,PRUNE,all_to_shortest,greedy,5391,-1,2,0.0003502368927001953,0.1255796698200705,True,4714.0,0,-1,4714.0
Uniform1-5000_Seed121_J20_M10,"[0.010151, 0.935836]",10,20,0.2,max_proc,lowest_lower_bound,NO_PROFILING,all_to_shortest,greedy,5880,6,6,0.0012035369873046875,0.11207482993197279,True,5221.0,4,-1,5221.0
Uniform1-5000_Seed121_J20_M10,"[0.010151, 0.935836]",10,20,0.1,max_proc,lowest_lower_bound,PRUNE,all_to_shortest,greedy,6210,6,6,0.0013186931610107422,0.15925925925925927,True,5221.0,4,-1,5221.0
Uniform1-5000_Seed122_J20_M10,"[0.028554, 1.000000]",10,20,0.2,max_proc,lowest_lower_bound,NO_PROFILING,all_to_shortest,greedy,5854,10,10,0.0017483234405517578,0.1504953877690468,True,4973.0,8,-1,4973.0
Uniform1-5000_Seed122_J20_M10,"[0.028554, 1.000000]",10,20,0.1,max_proc,lowest_lower_bound,PRUNE,all_to_shortest,greedy,6009,-1,2,0.0003452301025390625,0.17240805458478947,True,4973.0,0,-1,4973.0
Uniform1-5000_Seed123_J20_M10,"[0.008791, 0.999560]",10,20,0.2,max_proc,lowest_lower_bound,NO_PROFILING,all_to_shortest,greedy,5417,3,3,0.0005702972412109375,0.16005168912682297,True,4550.0,1,-1,4550.0
Uniform1-5000_Seed123_J20_M10,"[0.008791, 0.999560]",10,20,0.1,max_proc,lowest_lower_bound,PRUNE,all_to_shortest,greedy,5431,10,10,0.002036571502685547,0.16221690296446326,True,4550.0,8,-1,4550.0
Uniform1-5000_Seed124_J20_M10,"[0.028541, 1.000000]",10,20,0.2,max_proc,lowest_lower_bound,NO_PROFILING,all_to_shortest,greedy,5017,4,4,0.000759124755859375,0.05022922064979071,True,4765.0,2,-1,4765.0
Uniform1-5000_Seed124_J20_M10,"[0.028541, 1.000000]",10,20,0.1,max_proc,lowest_lower_bound,PRUNE,all_to_shortest,greedy,5017,4,4,0.0008447170257568359,0.05022922064979071,True,4765.0,2,-1,4765.0
Uniform1-5000_Seed125_J20_M10,"[0.041687, 0.904455]",10,20,0.2,max_proc,lowest_lower_bound,NO_PROFILING,all_to_shortest,greedy,6285,9,9,0.0017094612121582031,0.145043754972156,True,5373.4,7,-1,5373.4
Uniform1-5000_Seed125_J20_M10,"[0.041687, 0.904455]",10,20,0.1,max_proc,lowest_lower_bound,PRUNE,all_to_shortest,greedy,6260,9,9,0.0019257068634033203,0.14162939297124608,True,5373.4,7,-1,5373.4
Uniform1-5000_Seed126_J20_M10,"[0.000949, 1.000000]",10,20,0.2,max_proc,lowest_lower_bound,NO_PROFILING,all_to_shortest,greedy,4771,5,5,0.0009586811065673828,0.11653741354013833,True,4215.0,3,-1,4215.0
Uniform1-5000_Seed126_J20_M10,"[0.000949, 1.000000]",10,20,0.1,max_proc,lowest_lower_bound,PRUNE,all_to_shortest,greedy,4739,12,12,0.0023162364959716797,0.1105718506013927,True,4357.0,10,-1,4215.0
Uniform1-5000_Seed127_J20_M10,"[0.012614, 1.000000]",10,20,0.2,max_proc,lowest_lower_bound,NO_PROFILING,all_to_shortest,greedy,5332,6,6,0.0011754035949707031,0.09302325581395349,True,4836.0,4,-1,4836.0
Uniform1-5000_Seed127_J20_M10,"[0.012614, 1.000000]",10,20,0.1,max_proc,lowest_lower_bound,PRUNE,all_to_shortest,greedy,5788,11,11,0.0022475719451904297,0.16447823082239116,True,4836.0,9,-1,4836.0
Uniform1-5000_Seed128_J20_M10,"[0.036847, 1.000000]",10,20,0.2,max_proc,lowest_lower_bound,NO_PROFILING,all_to_shortest,greedy,5610,3,3,0.0005331039428710938,0.12923351158645277,True,4885.0,1,-1,4885.0
Uniform1-5000_Seed128_J20_M10,"[0.036847, 1.000000]",10,20,0.1,max_proc,lowest_lower_bound,PRUNE,all_to_shortest,greedy,5610,3,3,0.0006022453308105469,0.12923351158645277,True,4885.0,1,-1,4885.0
Uniform1-5000_Seed129_J20_M10,"[0.029268, 1.000000]",10,20,0.2,max_proc,lowest_lower_bound,NO_PROFILING,all_to_shortest,greedy,4504,2,2,0.0003113746643066406,0.13521314387211367,True,3895.0,0,-1,3895.0
Uniform1-5000_Seed129_J20_M10,"[0.029268, 1.000000]",10,20,0.1,max_proc,lowest_lower_bound,PRUNE,all_to_shortest,greedy,4504,2,2,0.0003490447998046875,0.13521314387211367,True,3895.0,0,-1,3895.0
Uniform1-5000_Seed130_J20_M10,"[0.055602, 1.000000]",10,20,0.2,max_proc,lowest_lower_bound,NO_PROFILING,all_to_shortest,greedy,5451,7,7,0.0013260841369628906,0.1256650155934691,True,4766.0,5,-1,4766.0
Uniform1-5000_Seed130_J20_M10,"[0.055602, 1.000000]",10,20,0.1,max_proc,lowest_lower_bound,PRUNE,all_to_shortest,greedy,5331,10,10,0.0019698143005371094,0.10598386794222472,True,4766.0,8,-1,4766.0
Uniform1-5000_Seed131_J20_M10,"[0.047288, 0.836234]",10,20,0.2,max_proc,lowest_lower_bound,NO_PROFILING,all_to_shortest,greedy,6555,9,9,0.0017538070678710938,0.1321739130434782,True,5688.6,7,-1,5688.6
Uniform1-5000_Seed131_J20_M10,"[0.047288, 0.836234]",10,20,0.1,max_proc,lowest_lower_bound,PRUNE,all_to_shortest,greedy,6831,7,7,0.00153350830078125,0.1672375933245498,True,5688.6,5,-1,5688.6
Uniform1-5000_Seed132_J20_M10,"[0.108718, 0.888876]",10,20,0.2,max_proc,lowest_lower_bound,NO_PROFILING,all_to_shortest,greedy,6285,9,9,0.0018181800842285156,0.15995226730310266,True,5279.7,7,-1,5279.7
Uniform1-5000_Seed132_J20_M10,"[0.108718, 0.888876]",10,20,0.1,max_proc,lowest_lower_bound,PRUNE,all_to_shortest,greedy,5986,13,13,0.002546548843383789,0.11799198128967595,True,5279.7,11,-1,5279.7
Uniform1-5000_Seed133_J20_M10,"[0.017427, 1.000000]",10,20,0.2,max_proc,lowest_lower_bound,NO_PROFILING,all_to_shortest,greedy,4935,5,5,0.0010166168212890625,0.0,True,4935.0,3,5,4935.0
Uniform1-5000_Seed133_J20_M10,"[0.017427, 1.000000]",10,20,0.1,max_proc,lowest_lower_bound,PRUNE,all_to_shortest,greedy,5710,5,5,0.0010666847229003906,0.13572679509632224,True,4935.0,3,-1,4935.0
Uniform1-5000_Seed134_J20_M10,"[0.091765, 0.958673]",10,20,0.2,max_proc,lowest_lower_bound,NO_PROFILING,all_to_shortest,greedy,5529,4,4,0.0008807182312011719,0.16234400434074883,True,4631.4,2,-1,4631.4
Uniform1-5000_Seed134_J20_M10,"[0.091765, 0.958673]",10,20,0.1,max_proc,lowest_lower_bound,PRUNE,all_to_shortest,greedy,5254,11,11,0.0022852420806884766,0.11850019033117631,True,4631.4,9,-1,4631.4
Uniform1-5000_Seed135_J20_M10,"[0.015676, 0.989542]",10,20,0.2,max_proc,lowest_lower_bound,NO_PROFILING,all_to_shortest,greedy,5570,3,3,0.0006058216094970703,0.16396768402154402,True,4656.7,1,-1,4656.7
Uniform1-5000_Seed135_J20_M10,"[0.015676, 0.989542]",10,20,0.1,max_proc,lowest_lower_bound,PRUNE,all_to_shortest,greedy,5559,6,6,0.0013484954833984375,0.1623133657132578,True,4656.7,4,-1,4656.7
Uniform1-5000_Seed136_J20_M10,"[0.075510, 0.981009]",10,20,0.2,max_proc,lowest_lower_bound,NO_PROFILING,all_to_shortest,greedy,5657,11,11,0.0021321773529052734,0.14551882623298565,True,4833.8,9,-1,4833.8
Uniform1-5000_Seed136_J20_M10,"[0.075510, 0.981009]",10,20,0.1,max_proc,lowest_lower_bound,PRUNE,all_to_shortest,greedy,5677,3,3,0.0006368160247802734,0.1485291527215078,True,4833.8,1,-1,4833.8
Uniform1-5000_Seed137_J20_M10,"[0.206629, 0.826164]",10,20,0.2,max_proc,lowest_lower_bound,NO_PROFILING,all_to_shortest,greedy,6500,9,9,0.00180816650390625,0.12738461538461537,True,5672.0,7,-1,5672.0
Uniform1-5000_Seed137_J20_M10,"[0.206629, 0.826164]",10,20,0.1,max_proc,lowest_lower_bound,PRUNE,all_to_shortest,greedy,6682,9,9,0.001961231231689453,0.15115234959592935,True,5672.0,7,-1,5672.0
Uniform1-5000_Seed138_J20_M10,"[0.068440, 0.960344]",10,20,0.2,max_proc,lowest_lower_bound,NO_PROFILING,all_to_shortest,greedy,4992,679,2001,0.40746426582336426,0.17459935897435905,False,4120.4,10,-1,4120.4
Uniform1-5000_Seed138_J20_M10,"[0.068440, 0.960344]",10,20,0.1,max_proc,lowest_lower_bound,PRUNE,all_to_shortest,greedy,5292,11,12,0.0024766921997070312,0.22139077853363576,True,4701.0,10,-1,4120.4
Uniform1-5000_Seed139_J20_M10,"[0.100293, 0.916800]",10,20,0.2,max_proc,lowest_lower_bound,NO_PROFILING,all_to_shortest,greedy,5846,13,13,0.0023910999298095703,0.09433800889497092,True,5294.5,11,-1,5294.5
Uniform1-5000_Seed139_J20_M10,"[0.100293, 0.916800]",10,20,0.1,max_proc,lowest_lower_bound,PRUNE,all_to_shortest,greedy,5849,11,11,0.002301931381225586,0.09480253034706787,True,5294.5,9,-1,5294.5
Uniform1-5000_Seed140_J20_M10,"[0.024255, 1.000000]",10,20,0.2,max_proc,lowest_lower_bound,NO_PROFILING,all_to_shortest,greedy,5269,2,2,0.0003256797790527344,0.07667489087113304,True,4865.0,0,-1,4865.0
Uniform1-5000_Seed140_J20_M10,"[0.024255, 1.000000]",10,20,0.1,max_proc,lowest_lower_bound,PRUNE,all_to_shortest,greedy,5269,2,2,0.0003445148468017578,0.07667489087113304,True,4865.0,0,-1,4865.0
Uniform1-5000_Seed141_J20_M10,"[0.010140, 1.000000]",10,20,0.2,max_proc,lowest_lower_bound,NO_PROFILING,all_to_shortest,greedy,5835,4,4,0.0008146762847900391,0.15492716366752357,True,4931.0,2,-1,4931.0
Uniform1-5000_Seed141_J20_M10,"[0.010140, 1.000000]",10,20,0.1,max_proc,lowest_lower_bound,PRUNE,all_to_shortest,greedy,5745,7,7,0.0015094280242919922,0.14168842471714535,True,4931.0,5,-1,4931.0
Uniform1-5000_Seed142_J20_M10,"[0.026380, 1.000000]",10,20,0.2,max_proc,lowest_lower_bound,NO_PROFILING,all_to_shortest,greedy,5462,5,5,0.0010166168212890625,0.09776638593921641,True,4928.0,3,-1,4928.0
Uniform1-5000_Seed142_J20_M10,"[0.026380, 1.000000]",10,20,0.1,max_proc,lowest_lower_bound,PRUNE,all_to_shortest,greedy,5462,5,5,0.0011341571807861328,0.09776638593921641,True,4928.0,3,-1,4928.0
Uniform1-5000_Seed143_J20_M10,"[0.031082, 1.000000]",10,20,0.2,max_proc,lowest_lower_bound,NO_PROFILING,all_to_shortest,greedy,5296,2,2,0.00034117698669433594,0.08874622356495468,True,4826.0,0,-1,4826.0
Uniform1-5000_Seed143_J20_M10,"[0.031082, 1.000000]",10,20,0.1,max_proc,lowest_lower_bound,PRUNE,all_to_shortest,greedy,5296,2,2,0.0003612041473388672,0.08874622356495468,True,4826.0,0,-1,4826.0
Uniform1-5000_Seed144_J20_M10,"[0.001408, 0.998411]",10,20,0.2,max_proc,lowest_lower_bound,NO_PROFILING,all_to_shortest,greedy,5737,4,4,0.0008726119995117188,0.13353669165068857,True,4970.9,2,-1,4970.9
Uniform1-5000_Seed144_J20_M10,"[0.001408, 0.998411]",10,20,0.1,max_proc,lowest_lower_bound,PRUNE,all_to_shortest,greedy,5852,4,4,0.0008990764617919922,0.15056390977443615,True,4970.9,2,-1,4970.9
Uniform1-5000_Seed145_J20_M10,"[0.007373, 0.990610]",10,20,0.2,max_proc,lowest_lower_bound,NO_PROFILING,all_to_shortest,greedy,5301,5,5,0.0010547637939453125,0.1301075268817204,True,4611.3,3,-1,4611.3
Uniform1-5000_Seed145_J20_M10,"[0.007373, 0.990610]",10,20,0.1,max_proc,lowest_lower_bound,PRUNE,all_to_shortest,greedy,5300,10,10,0.0022268295288085938,0.12994339622641507,True,4611.3,8,-1,4611.3
Uniform1-5000_Seed146_J20_M10,"[0.002265, 0.923126]",10,20,0.2,max_proc,lowest_lower_bound,NO_PROFILING,all_to_shortest,greedy,6057,1815,1815,0.48391222953796387,0.125260029717682,True,5298.3,10,-1,5298.3
Uniform1-5000_Seed146_J20_M10,"[0.002265, 0.923126]",10,20,0.1,max_proc,lowest_lower_bound,PRUNE,all_to_shortest,greedy,6895,11,12,0.0025022029876708984,0.23157360406091368,True,5953.0,10,-1,5298.3
Uniform1-5000_Seed147_J20_M10,"[0.043414, 1.000000]",10,20,0.2,max_proc,lowest_lower_bound,NO_PROFILING,all_to_shortest,greedy,5168,5,5,0.0010223388671875,0.08184984520123839,True,4745.0,3,-1,4745.0
Uniform1-5000_Seed147_J20_M10,"[0.043414, 1.000000]",10,20,0.1,max_proc,lowest_lower_bound,PRUNE,all_to_shortest,greedy,5610,10,10,0.002070188522338867,0.15418894830659535,True,4745.0,8,-1,4745.0
Uniform1-5000_Seed148_J20_M10,"[0.003515, 1.000000]",10,20,0.2,max_proc,lowest_lower_bound,NO_PROFILING,all_to_shortest,greedy,5754,5,5,0.001519918441772461,0.15954118873826903,True,4836.0,3,-1,4836.0
Uniform1-5000_Seed148_J20_M10,"[0.003515, 1.000000]",10,20,0.1,max_proc,lowest_lower_bound,PRUNE,all_to_shortest,greedy,5143,10,10,0.0020389556884765625,0.059692786311491344,True,4836.0,8,-1,4836.0
Uniform1-5000_Seed149_J20_M10,"[0.058543, 0.881274]",10,20,0.2,max_proc,lowest_lower_bound,NO_PROFILING,all_to_shortest,greedy,6086,4,4,0.0009062290191650391,0.1580019717384161,True,5124.4,2,-1,5124.4
Uniform1-5000_Seed149_J20_M10,"[0.058543, 0.881274]",10,20,0.1,max_proc,lowest_lower_bound,PRUNE,all_to_shortest,greedy,6133,5,5,0.0012829303741455078,0.16445458992336545,True,5124.4,3,-1,5124.4
Uniform1-5000_Seed150_J20_M10,"[0.005236, 1.000000]",10,20,0.2,max_proc,lowest_lower_bound,NO_PROFILING,all_to_shortest,greedy,5429,-1,2,0.00034308433532714844,0.08528274083624977,True,4966.0,0,-1,4966.0
Uniform1-5000_Seed150_J20_M10,"[0.005236, 1.000000]",10,20,0.1,max_proc,lowest_lower_bound,PRUNE,all_to_shortest,greedy,5429,-1,2,0.0003943443298339844,0.08528274083624977,True,4966.0,0,-1,4966.0
Uniform1-5000_Seed151_J20_M10,"[0.048477, 0.795129]",10,20,0.2,max_proc,lowest_lower_bound,NO_PROFILING,all_to_shortest,greedy,7196,11,11,0.0021266937255859375,0.1658143413007226,True,6002.8,9,-1,6002.8
Uniform1-5000_Seed151_J20_M10,"[0.048477, 0.795129]",10,20,0.1,max_proc,lowest_lower_bound,PRUNE,all_to_shortest,greedy,7317,11,12,0.0024216175079345703,0.17960912942462756,True,6718.0,10,-1,6002.8
Uniform1-5000_Seed152_J20_M10,"[0.021536, 0.838703]",10,20,0.2,max_proc,lowest_lower_bound,NO_PROFILING,all_to_shortest,greedy,6902,3,3,0.0006279945373535156,0.1657925239061142,True,5757.7,1,-1,5757.7
Uniform1-5000_Seed152_J20_M10,"[0.021536, 0.838703]",10,20,0.1,max_proc,lowest_lower_bound,PRUNE,all_to_shortest,greedy,6951,11,11,0.002385854721069336,0.1716731405553158,True,5757.7,9,-1,5757.7
Uniform1-5000_Seed153_J20_M10,"[0.026194, 1.000000]",10,20,0.2,max_proc,lowest_lower_bound,NO_PROFILING,all_to_shortest,greedy,4939,4,4,0.0008230209350585938,0.1265438347843693,True,4314.0,2,-1,4314.0
Uniform1-5000_Seed153_J20_M10,"[0.026194, 1.000000]",10,20,0.1,max_proc,lowest_lower_bound,PRUNE,all_to_shortest,greedy,5183,-1,2,0.00035762786865234375,0.167663515338607,True,4314.0,0,-1,4314.0
Uniform1-5000_Seed154_J20_M10,"[0.057394, 0.934972]",10,20,0.2,max_proc,lowest_lower_bound,NO_PROFILING,all_to_shortest,greedy,6296,115,115,0.020026445388793945,0.16148348157560352,True,5279.3,10,-1,5279.3
Uniform1-5000_Seed154_J20_M10,"[0.057394, 0.934972]",10,20,0.1,max_proc,lowest_lower_bound,PRUNE,all_to_shortest,greedy,6365,8,8,0.0017566680908203125,0.17057344854673995,True,5279.3,6,-1,5279.3
Uniform1-5000_Seed155_J20_M10,"[0.000894, 1.000000]",10,20,0.2,max_proc,lowest_lower_bound,NO_PROFILING,all_to_shortest,greedy,4867,6,6,0.0012269020080566406,0.0807478939798644,True,4474.0,4,-1,4474.0
Uniform1-5000_Seed155_J20_M10,"[0.000894, 1.000000]",10,20,0.1,max_proc,lowest_lower_bound,PRUNE,all_to_shortest,greedy,4748,7,7,0.0014736652374267578,0.05770850884582982,True,4474.0,5,-1,4474.0
Uniform1-5000_Seed156_J20_M10,"[0.092587, 0.959137]",10,20,0.2,max_proc,lowest_lower_bound,NO_PROFILING,all_to_shortest,greedy,5978,8,8,0.0017223358154296875,0.16528939444630317,True,4989.9,6,-1,4989.9
Uniform1-5000_Seed156_J20_M10,"[0.092587, 0.959137]",10,20,0.1,max_proc,lowest_lower_bound,PRUNE,all_to_shortest,greedy,5934,9,9,0.0019974708557128906,0.15910010111223463,True,4989.9,7,-1,4989.9
Uniform1-5000_Seed157_J20_M10,"[0.029099, 0.966721]",10,20,0.2,max_proc,lowest_lower_bound,NO_PROFILING,all_to_shortest,greedy,6017,11,11,0.002185344696044922,0.1490111351171681,True,5120.4,9,-1,5120.4
Uniform1-5000_Seed157_J20_M10,"[0.029099, 0.966721]",10,20,0.1,max_proc,lowest_lower_bound,PRUNE,all_to_shortest,greedy,6164,11,11,0.0022706985473632812,0.16930564568462045,True,5120.4,9,-1,5120.4
Uniform1-5000_Seed158_J20_M10,"[0.046063, 0.915564]",10,20,0.2,max_proc,lowest_lower_bound,NO_PROFILING,all_to_shortest,greedy,6534,3,3,0.0006234645843505859,0.16603917967554327,True,5449.1,1,-1,5449.1
Uniform1-5000_Seed158_J20_M10,"[0.046063, 0.915564]",10,20,0.1,max_proc,lowest_lower_bound,PRUNE,all_to_shortest,greedy,6434,10,10,0.0021436214447021484,0.15307740130556413,True,5449.1,8,-1,5449.1
Uniform1-5000_Seed159_J20_M10,"[0.002520, 1.000000]",10,20,0.2,max_proc,lowest_lower_bound,NO_PROFILING,all_to_shortest,greedy,4762,6,6,0.0011522769927978516,0.0,True,4762.0,4,6,4762.0
Uniform1-5000_Seed159_J20_M10,"[0.002520, 1.000000]",10,20,0.1,max_proc,lowest_lower_bound,PRUNE,all_to_shortest,greedy,5716,2,2,0.00035834312438964844,0.1668999300209937,True,4762.0,0,-1,4762.0
Uniform1-5000_Seed160_J20_M10,"[0.150885, 0.905129]",10,20,0.2,max_proc,lowest_lower_bound,NO_PROFILING,all_to_shortest,greedy,6325,12,12,0.0023686885833740234,0.1292490118577075,True,5507.5,10,-1,5507.5
Uniform1-5000_Seed160_J20_M10,"[0.150885, 0.905129]",10,20,0.1,max_proc,lowest_lower_bound,PRUNE,all_to_shortest,greedy,6647,7,7,0.0015838146209716797,0.17143072062584624,True,5507.5,5,-1,5507.5
Uniform1-5000_Seed161_J20_M10,"[0.053615, 0.990420]",10,20,0.2,max_proc,lowest_lower_bound,NO_PROFILING,all_to_shortest,greedy,5595,12,12,0.0022068023681640625,0.13992850759606784,True,4812.1,10,-1,4812.1
Uniform1-5000_Seed161_J20_M10,"[0.053615, 0.990420]",10,20,0.1,max_proc,lowest_lower_bound,PRUNE,all_to_shortest,greedy,5595,12,12,0.002502918243408203,0.13992850759606784,True,4812.1,10,-1,4812.1
Uniform1-5000_Seed162_J20_M10,"[0.030023, 0.811133]",10,20,0.2,max_proc,lowest_lower_bound,NO_PROFILING,all_to_shortest,greedy,6833,11,11,0.002061605453491211,0.151822040099517,True,5795.6,9,-1,5795.6
Uniform1-5000_Seed162_J20_M10,"[0.030023, 0.811133]",10,20,0.1,max_proc,lowest_lower_bound,PRUNE,all_to_shortest,greedy,6969,11,11,0.002395153045654297,0.1683742287272205,True,5795.6,9,-1,5795.6
Uniform1-5000_Seed163_J20_M10,"[0.012638, 0.821809]",10,20,0.2,max_proc,lowest_lower_bound,NO_PROFILING,all_to_shortest,greedy,6621,66,66,0.011394500732421875,0.16341942304787796,True,5539.0,10,-1,5539.0
Uniform1-5000_Seed163_J20_M10,"[0.012638, 0.821809]",10,20,0.1,max_proc,lowest_lower_bound,PRUNE,all_to_shortest,greedy,6874,12,12,0.0023915767669677734,0.19421006691882456,True,6469.0,10,-1,5539.0
Uniform1-5000_Seed164_J20_M10,"[0.022045, 0.944243]",10,20,0.2,max_proc,lowest_lower_bound,NO_PROFILING,all_to_shortest,greedy,5832,9,9,0.0018529891967773438,0.12109053497942383,True,5125.8,7,-1,5125.8
Uniform1-5000_Seed164_J20_M10,"[0.022045, 0.944243]",10,20,0.1,max_proc,lowest_lower_bound,PRUNE,all_to_shortest,greedy,6261,10,12,0.002359628677368164,0.1813128893148059,True,5709.0,10,-1,5125.8
Uniform1-5000_Seed165_J20_M10,"[0.033905, 1.000000]",10,20,0.2,max_proc,lowest_lower_bound,NO_PROFILING,all_to_shortest,greedy,5776,2,2,0.0003292560577392578,0.16256925207756232,True,4837.0,0,-1,4837.0
Uniform1-5000_Seed165_J20_M10,"[0.033905, 1.000000]",10,20,0.1,max_proc,lowest_lower_bound,PRUNE,all_to_shortest,greedy,5776,2,2,0.000347137451171875,0.16256925207756232,True,4837.0,0,-1,4837.0
Uniform1-5000_Seed166_J20_M10,"[0.001177, 0.919132]",10,20,0.2,max_proc,lowest_lower_bound,NO_PROFILING,all_to_shortest,greedy,6060,11,11,0.0021398067474365234,0.1588778877887789,True,5097.2,9,-1,5097.2
Uniform1-5000_Seed166_J20_M10,"[0.001177, 0.919132]",10,20,0.1,max_proc,lowest_lower_bound,PRUNE,all_to_shortest,greedy,6101,12,12,0.002440214157104492,0.1645304048516637,True,5492.0,10,-1,5097.2
Uniform1-5000_Seed167_J20_M10,"[0.105252, 1.000000]",10,20,0.2,max_proc,lowest_lower_bound,NO_PROFILING,all_to_shortest,greedy,5286,3,3,0.0005879402160644531,0.1102913356034809,True,4703.0,1,-1,4703.0
Uniform1-5000_Seed167_J20_M10,"[0.105252, 1.000000]",10,20,0.1,max_proc,lowest_lower_bound,PRUNE,all_to_shortest,greedy,5286,3,3,0.0006272792816162109,0.1102913356034809,True,4703.0,1,-1,4703.0
Uniform1-5000_Seed168_J20_M10,"[0.016051, 0.851100]",10,20,0.2,max_proc,lowest_lower_bound,NO_PROFILING,all_to_shortest,greedy,6300,3,3,0.0005943775177001953,0.15944444444444444,True,5295.5,1,-1,5295.5
Uniform1-5000_Seed168_J20_M10,"[0.016051, 0.851100]",10,20,0.1,max_proc,lowest_lower_bound,PRUNE,all_to_shortest,greedy,6184,10,10,0.002341747283935547,0.14367723156532988,True,5295.5,8,-1,5295.5
Uniform1-5000_Seed169_J20_M10,"[0.080972, 0.937695]",10,20,0.2,max_proc,lowest_lower_bound,NO_PROFILING,all_to_shortest,greedy,6278,3,3,0.0005996227264404297,0.15608474036317294,True,5298.1,1,-1,5298.1
Uniform1-5000_Seed169_J20_M10,"[0.080972, 0.937695]",10,20,0.1,max_proc,lowest_lower_bound,PRUNE,all_to_shortest,greedy,6362,12,12,0.0025937557220458984,0.16722728701666137,True,5465.0,10,-1,5298.1
Uniform1-5000_Seed170_J20_M10,"[0.033711, 0.919834]",10,20,0.2,max_proc,lowest_lower_bound,NO_PROFILING,all_to_shortest,greedy,6399,4,4,0.0008604526519775391,0.15630567276136895,True,5398.8,2,-1,5398.8
Uniform1-5000_Seed170_J20_M10,"[0.033711, 0.919834]",10,20,0.1,max_proc,lowest_lower_bound,PRUNE,all_to_shortest,greedy,6241,9,9,0.002023458480834961,0.13494632270469473,True,5398.8,7,-1,5398.8
Uniform1-5000_Seed171_J20_M10,"[0.098003, 0.793167]",10,20,0.2,max_proc,lowest_lower_bound,NO_PROFILING,all_to_shortest,greedy,7157,12,12,0.0023415088653564453,0.12889478831912812,True,6234.5,10,-1,6234.5
Uniform1-5000_Seed171_J20_M10,"[0.098003, 0.793167]",10,20,0.1,max_proc,lowest_lower_bound,PRUNE,all_to_shortest,greedy,7159,8,8,0.0017850399017333984,0.12913814778600363,True,6234.5,6,-1,6234.5
Uniform1-5000_Seed172_J20_M10,"[0.086485, 1.000000]",10,20,0.2,max_proc,lowest_lower_bound,NO_PROFILING,all_to_shortest,greedy,5805,4,4,0.0008416175842285156,0.1574504737295435,True,4891.0,2,-1,4891.0
Uniform1-5000_Seed172_J20_M10,"[0.086485, 1.000000]",10,20,0.1,max_proc,lowest_lower_bound,PRUNE,all_to_shortest,greedy,5917,7,7,0.001522064208984375,0.17339868176440765,True,4891.0,5,-1,4891.0
Uniform1-5000_Seed173_J20_M10,"[0.057569, 0.869791]",10,20,0.2,max_proc,lowest_lower_bound,NO_PROFILING,all_to_shortest,greedy,6567,12,12,0.0024869441986083984,0.14827166133698794,True,5593.3,10,-1,5593.3
Uniform1-5000_Seed173_J20_M10,"[0.057569, 0.869791]",10,20,0.1,max_proc,lowest_lower_bound,PRUNE,all_to_shortest,greedy,6641,13,13,0.0029392242431640625,0.15776238518295435,True,5593.3,10,-1,5593.3
Uniform1-5000_Seed174_J20_M10,"[0.122716, 0.963269]",10,20,0.2,max_proc,lowest_lower_bound,NO_PROFILING,all_to_shortest,greedy,5556,3,3,0.0006313323974609375,0.14199064074874004,True,4767.1,1,-1,4767.1
Uniform1-5000_Seed174_J20_M10,"[0.122716, 0.963269]",10,20,0.1,max_proc,lowest_lower_bound,PRUNE,all_to_shortest,greedy,5630,10,10,0.0022826194763183594,0.15326820603907632,True,4767.1,8,-1,4767.1
Uniform1-5000_Seed175_J20_M10,"[0.057986, 1.000000]",10,20,0.2,max_proc,lowest_lower_bound,NO_PROFILING,all_to_shortest,greedy,5154,5,5,0.0010533332824707031,0.07314707023670936,True,4777.0,3,-1,4777.0
Uniform1-5000_Seed175_J20_M10,"[0.057986, 1.000000]",10,20,0.1,max_proc,lowest_lower_bound,PRUNE,all_to_shortest,greedy,5768,3,3,0.0006289482116699219,0.1718099861303745,True,4777.0,1,-1,4777.0
Uniform1-5000_Seed176_J20_M10,"[0.045710, 0.978117]",10,20,0.2,max_proc,lowest_lower_bound,NO_PROFILING,all_to_shortest,greedy,5666,833,833,0.19240283966064453,0.14669961171902574,True,4834.8,10,-1,4834.8
Uniform1-5000_Seed176_J20_M10,"[0.045710, 0.978117]",10,20,0.1,max_proc,lowest_lower_bound,PRUNE,all_to_shortest,greedy,5920,7,12,0.002606630325317383,0.18331081081081077,True,5145.0,10,-1,4834.8
Uniform1-5000_Seed177_J20_M10,"[0.015921, 1.000000]",10,20,0.2,max_proc,lowest_lower_bound,NO_PROFILING,all_to_shortest,greedy,5591,4,4,0.0008802413940429688,0.11250223573600429,True,4962.0,2,-1,4962.0
Uniform1-5000_Seed177_J20_M10,"[0.015921, 1.000000]",10,20,0.1,max_proc,lowest_lower_bound,PRUNE,all_to_shortest,greedy,5811,4,4,0.0009028911590576172,0.1461022199277233,True,4962.0,2,-1,4962.0
Uniform1-5000_Seed178_J20_M10,"[0.015375, 0.825784]",10,20,0.2,max_proc,lowest_lower_bound,NO_PROFILING,all_to_shortest,greedy,6827,10,10,0.0019850730895996094,0.1139885747766222,True,6048.8,8,-1,6048.8
Uniform1-5000_Seed178_J20_M10,"[0.015375, 0.825784]",10,20,0.1,max_proc,lowest_lower_bound,PRUNE,all_to_shortest,greedy,7317,10,10,0.0022079944610595703,0.17332239989066556,True,6048.8,8,-1,6048.8
Uniform1-5000_Seed179_J20_M10,"[0.005129, 1.000000]",10,20,0.2,max_proc,lowest_lower_bound,NO_PROFILING,all_to_shortest,greedy,5502,10,10,0.002045154571533203,0.1495819701926572,True,4679.0,8,-1,4679.0
Uniform1-5000_Seed179_J20_M10,"[0.005129, 1.000000]",10,20,0.1,max_proc,lowest_lower_bound,PRUNE,all_to_shortest,greedy,5347,11,11,0.002384185791015625,0.12492986721526089,True,4679.0,9,-1,4679.0
Uniform1-5000_Seed180_J20_M10,"[0.097494, 0.906726]",10,20,0.2,max_proc,lowest_lower_bound,NO_PROFILING,all_to_shortest,greedy,6415,2,2,0.0003600120544433594,0.14297739672642243,True,5497.8,0,-1,5497.8
Uniform1-5000_Seed180_J20_M10,"[0.097494, 0.906726]",10,20,0.1,max_proc,lowest_lower_bound,PRUNE,all_to_shortest,greedy,6334,10,10,0.002094745635986328,0.13201768234922637,True,5497.8,8,-1,5497.8
Uniform1-5000_Seed181_J20_M10,"[0.046565, 0.975314]",10,20,0.2,max_proc,lowest_lower_bound,NO_PROFILING,all_to_shortest,greedy,5356,6,6,0.001378774642944336,0.12190067214339052,True,4703.1,4,-1,4703.1
Uniform1-5000_Seed181_J20_M10,"[0.046565, 0.975314]",10,20,0.1,max_proc,lowest_lower_bound,PRUNE,all_to_shortest,greedy,5612,11,11,0.002320528030395508,0.16195652173913036,True,4703.1,9,-1,4703.1
Uniform1-5000_Seed182_J20_M10,"[0.046889, 1.000000]",10,20,0.2,max_proc,lowest_lower_bound,NO_PROFILING,all_to_shortest,greedy,4969,5,5,0.0010759830474853516,0.06862547796337291,True,4628.0,3,-1,4628.0
Uniform1-5000_Seed182_J20_M10,"[0.046889, 1.000000]",10,20,0.1,max_proc,lowest_lower_bound,PRUNE,all_to_shortest,greedy,4969,5,5,0.0011038780212402344,0.06862547796337291,True,4628.0,3,-1,4628.0
Uniform1-5000_Seed183_J20_M10,"[0.006275, 0.953660]",10,20,0.2,max_proc,lowest_lower_bound,NO_PROFILING,all_to_shortest,greedy,6069,11,11,0.002232074737548828,0.15977920579996702,True,5099.3,9,-1,5099.3
Uniform1-5000_Seed183_J20_M10,"[0.006275, 0.953660]",10,20,0.1,max_proc,lowest_lower_bound,PRUNE,all_to_shortest,greedy,6002,9,9,0.001995086669921875,0.15039986671109626,True,5099.3,7,-1,5099.3
Uniform1-5000_Seed184_J20_M10,"[0.084127, 0.894023]",10,20,0.2,max_proc,lowest_lower_bound,NO_PROFILING,all_to_shortest,greedy,6102,2,2,0.0003826618194580078,0.14872173058013766,True,5194.5,0,-1,5194.5
Uniform1-5000_Seed184_J20_M10,"[0.084127, 0.894023]",10,20,0.1,max_proc,lowest_lower_bound,PRUNE,all_to_shortest,greedy,6048,4,4,0.0009129047393798828,0.14112103174603174,True,5194.5,2,-1,5194.5
Uniform1-5000_Seed185_J20_M10,"[0.029817, 1.000000]",10,20,0.2,max_proc,lowest_lower_bound,NO_PROFILING,all_to_shortest,greedy,5902,4,4,0.0009598731994628906,0.16468993561504575,True,4930.0,2,-1,4930.0
Uniform1-5000_Seed185_J20_M10,"[0.029817, 1.000000]",10,20,0.1,max_proc,lowest_lower_bound,PRUNE,all_to_shortest,greedy,5323,4,4,0.0008924007415771484,0.07383054668420064,True,4930.0,2,-1,4930.0
Uniform1-5000_Seed186_J20_M10,"[0.044139, 0.860877]",10,20,0.2,max_proc,lowest_lower_bound,NO_PROFILING,all_to_shortest,greedy,7038,201,2001,0.6880347728729248,0.17591645353793697,False,5799.9,10,-1,5799.9
Uniform1-5000_Seed186_J20_M10,"[0.044139, 0.860877]",10,20,0.1,max_proc,lowest_lower_bound,PRUNE,all_to_shortest,greedy,7251,12,12,0.002565145492553711,0.20012412081092268,True,6321.0,10,-1,5799.9
Uniform1-5000_Seed187_J20_M10,"[0.060415, 0.829544]",10,20,0.2,max_proc,lowest_lower_bound,NO_PROFILING,all_to_shortest,greedy,7180,7,7,0.0014233589172363281,0.16086350974930363,True,6025.0,5,-1,6025.0
Uniform1-5000_Seed187_J20_M10,"[0.060415, 0.829544]",10,20,0.1,max_proc,lowest_lower_bound,PRUNE,all_to_shortest,greedy,7240,9,9,0.0019664764404296875,0.16781767955801105,True,6025.0,7,-1,6025.0
Uniform1-5000_Seed188_J20_M10,"[0.012250, 0.954902]",10,20,0.2,max_proc,lowest_lower_bound,NO_PROFILING,all_to_shortest,greedy,5653,10,10,0.0019249916076660156,0.14802759596674336,True,4816.2,8,-1,4816.2
Uniform1-5000_Seed188_J20_M10,"[0.012250, 0.954902]",10,20,0.1,max_proc,lowest_lower_bound,PRUNE,all_to_shortest,greedy,5508,8,8,0.0017576217651367188,0.12559912854030506,True,4816.2,6,-1,4816.2
Uniform1-5000_Seed189_J20_M10,"[0.021952, 0.848234]",10,20,0.2,max_proc,lowest_lower_bound,NO_PROFILING,all_to_shortest,greedy,6274,10,10,0.001924276351928711,0.15047816385081295,True,5329.9,8,-1,5329.9
Uniform1-5000_Seed189_J20_M10,"[0.021952, 0.848234]",10,20,0.1,max_proc,lowest_lower_bound,PRUNE,all_to_shortest,greedy,6233,11,11,0.002292633056640625,0.14489010107492384,True,5329.9,9,-1,5329.9
Uniform1-5000_Seed190_J20_M10,"[0.030083, 1.000000]",10,20,0.2,max_proc,lowest_lower_bound,NO_PROFILING,all_to_shortest,greedy,5834,24,24,0.0044744014739990234,0.15101131299280082,True,4953.0,10,-1,4953.0
Uniform1-5000_Seed190_J20_M10,"[0.030083, 1.000000]",10,20,0.1,max_proc,lowest_lower_bound,PRUNE,all_to_shortest,greedy,5979,9,9,0.0018811225891113281,0.17160060210737582,True,4953.0,7,-1,4953.0
Uniform1-5000_Seed191_J20_M10,"[0.000902, 0.997272]",10,20,0.2,max_proc,lowest_lower_bound,NO_PROFILING,all_to_shortest,greedy,5214,4,4,0.0008723735809326172,0.14938626774069805,True,4435.1,2,-1,4435.1
Uniform1-5000_Seed191_J20_M10,"[0.000902, 0.997272]",10,20,0.1,max_proc,lowest_lower_bound,PRUNE,all_to_shortest,greedy,5384,6,12,0.0023136138916015625,0.17624442793462103,True,5214.0,10,-1,4435.1
Uniform1-5000_Seed192_J20_M10,"[0.010908, 0.910318]",10,20,0.2,max_proc,lowest_lower_bound,NO_PROFILING,all_to_shortest,greedy,6002,1048,1048,0.19170665740966797,0.09878373875374868,True,5409.1,10,-1,5409.1
Uniform1-5000_Seed192_J20_M10,"[0.010908, 0.910318]",10,20,0.1,max_proc,lowest_lower_bound,PRUNE,all_to_shortest,greedy,6728,11,12,0.002440214157104492,0.19603151010701542,True,5684.0,10,-1,5409.1
Uniform1-5000_Seed193_J20_M10,"[0.129080, 0.856075]",10,20,0.2,max_proc,lowest_lower_bound,NO_PROFILING,all_to_shortest,greedy,6716,12,12,0.002403736114501953,0.1313877307921381,True,5833.6,10,-1,5833.6
Uniform1-5000_Seed193_J20_M10,"[0.129080, 0.856075]",10,20,0.1,max_proc,lowest_lower_bound,PRUNE,all_to_shortest,greedy,6851,13,13,0.0027348995208740234,0.14850386804846002,True,5833.6,11,-1,5833.6
Uniform1-5000_Seed194_J20_M10,"[0.133293, 1.000000]",10,20,0.2,max_proc,lowest_lower_bound,NO_PROFILING,all_to_shortest,greedy,5033,7,7,0.001420736312866211,0.017683290284124777,True,4944.0,5,-1,4944.0
Uniform1-5000_Seed194_J20_M10,"[0.133293, 1.000000]",10,20,0.1,max_proc,lowest_lower_bound,PRUNE,all_to_shortest,greedy,5353,8,8,0.0017511844635009766,0.07640575378292547,True,4944.0,6,-1,4944.0
Uniform1-5000_Seed195_J20_M10,"[0.070205, 1.000000]",10,20,0.2,max_proc,lowest_lower_bound,NO_PROFILING,all_to_shortest,greedy,5552,9,9,0.0017609596252441406,0.1482348703170029,True,4729.0,7,-1,4729.0
Uniform1-5000_Seed195_J20_M10,"[0.070205, 1.000000]",10,20,0.1,max_proc,lowest_lower_bound,PRUNE,all_to_shortest,greedy,5694,5,5,0.0011534690856933594,0.16947664207938182,True,4729.0,3,-1,4729.0
Uniform1-5000_Seed196_J20_M10,"[0.014200, 0.989975]",10,20,0.2,max_proc,lowest_lower_bound,NO_PROFILING,all_to_shortest,greedy,5407,10,10,0.0018608570098876953,0.12737192528204178,True,4718.3,8,-1,4718.3
Uniform1-5000_Seed196_J20_M10,"[0.014200, 0.989975]",10,20,0.1,max_proc,lowest_lower_bound,PRUNE,all_to_shortest,greedy,5547,9,9,0.0018913745880126953,0.14939606994771945,True,4718.3,7,-1,4718.3
Uniform1-5000_Seed197_J20_M10,"[0.031126, 0.962508]",10,20,0.2,max_proc,lowest_lower_bound,NO_PROFILING,all_to_shortest,greedy,5632,13,13,0.0024216175079345703,0.11582031250000004,True,4979.7,11,-1,4979.7
Uniform1-5000_Seed197_J20_M10,"[0.031126, 0.962508]",10,20,0.1,max_proc,lowest_lower_bound,PRUNE,all_to_shortest,greedy,5997,12,12,0.002490520477294922,0.16963481740870437,True,4979.7,10,-1,4979.7
Uniform1-5000_Seed198_J20_M10,"[0.022835, 1.000000]",10,20,0.2,max_proc,lowest_lower_bound,NO_PROFILING,all_to_shortest,greedy,5491,5,5,0.0010361671447753906,0.15461664541977782,True,4642.0,3,-1,4642.0
Uniform1-5000_Seed198_J20_M10,"[0.022835, 1.000000]",10,20,0.1,max_proc,lowest_lower_bound,PRUNE,all_to_shortest,greedy,5491,5,5,0.001073598861694336,0.15461664541977782,True,4642.0,3,-1,4642.0
Uniform1-5000_Seed199_J20_M10,"[0.066256, 1.000000]",10,20,0.2,max_proc,lowest_lower_bound,NO_PROFILING,all_to_shortest,greedy,5714,4,4,0.0008046627044677734,0.14683234161708086,True,4875.0,2,-1,4875.0
Uniform1-5000_Seed199_J20_M10,"[0.066256, 1.000000]",10,20,0.1,max_proc,lowest_lower_bound,PRUNE,all_to_shortest,greedy,5850,7,7,0.00152587890625,0.16666666666666666,True,4875.0,5,-1,4875.0
Uniform1-5000_Seed200_J20_M10,"[0.038821, 0.988896]",10,20,0.2,max_proc,lowest_lower_bound,NO_PROFILING,all_to_shortest,greedy,5684,4,4,0.0008521080017089844,0.15707248416608025,True,4791.2,2,-1,4791.2
Uniform1-5000_Seed200_J20_M10,"[0.038821, 0.988896]",10,20,0.1,max_proc,lowest_lower_bound,PRUNE,all_to_shortest,greedy,5707,10,10,0.0021266937255859375,0.16046959873839148,True,4791.2,8,-1,4791.2
Uniform1-5000_Seed101_J50_M25,"[0.008840, 0.876889]",25,50,0.2,max_proc,lowest_lower_bound,NO_PROFILING,all_to_shortest,greedy,6911,463,2001,3.1592342853546143,0.18154246852843298,False,5656.36,25,-1,5656.36
Uniform1-5000_Seed101_J50_M25,"[0.008840, 0.876889]",25,50,0.1,max_proc,lowest_lower_bound,PRUNE,all_to_shortest,greedy,7121,27,27,0.04210710525512695,0.20567897767167537,True,6362.0,25,-1,5656.36
Uniform1-5000_Seed102_J50_M25,"[0.014874, 0.961182]",25,50,0.2,max_proc,lowest_lower_bound,NO_PROFILING,all_to_shortest,greedy,6229,752,2001,3.192094326019287,0.16889388344838657,False,5176.96,25,-1,5176.96
Uniform1-5000_Seed102_J50_M25,"[0.014874, 0.961182]",25,50,0.1,max_proc,lowest_lower_bound,PRUNE,all_to_shortest,greedy,6824,27,27,0.040940046310424805,0.2413599062133646,True,5751.0,25,-1,5176.96
Uniform1-5000_Seed103_J50_M25,"[0.002107, 0.955371]",25,50,0.2,max_proc,lowest_lower_bound,NO_PROFILING,all_to_shortest,greedy,6251,25,25,0.034681081771850586,0.16494000959846425,True,5219.96,23,-1,5219.96
Uniform1-5000_Seed103_J50_M25,"[0.002107, 0.955371]",25,50,0.1,max_proc,lowest_lower_bound,PRUNE,all_to_shortest,greedy,6311,25,25,0.03546309471130371,0.17287909998415465,True,5219.96,23,-1,5219.96
Uniform1-5000_Seed104_J50_M25,"[0.013562, 0.955555]",25,50,0.2,max_proc,lowest_lower_bound,NO_PROFILING,all_to_shortest,greedy,6551,1784,2001,3.1166369915008545,0.21212028697908722,False,5161.4,25,-1,5161.4
Uniform1-5000_Seed104_J50_M25,"[0.013562, 0.955555]",25,50,0.1,max_proc,lowest_lower_bound,PRUNE,all_to_shortest,greedy,6743,25,27,0.03898215293884277,0.23455435266201993,True,5672.0,25,-1,5161.4
Uniform1-5000_Seed105_J50_M25,"[0.013999, 0.931496]",25,50,0.2,max_proc,lowest_lower_bound,NO_PROFILING,all_to_shortest,greedy,6328,314,314,0.4272310733795166,0.16464601769911505,True,5286.12,25,-1,5286.12
Uniform1-5000_Seed105_J50_M25,"[0.013999, 0.931496]",25,50,0.1,max_proc,lowest_lower_bound,PRUNE,all_to_shortest,greedy,6832,23,27,0.04217696189880371,0.2262704918032787,True,5726.0,25,-1,5286.12
Uniform1-5000_Seed106_J50_M25,"[0.001105, 0.913720]",25,50,0.2,max_proc,lowest_lower_bound,NO_PROFILING,all_to_shortest,greedy,6567,578,2001,3.102923631668091,0.17288868585350992,False,5431.64,25,-1,5431.64
Uniform1-5000_Seed106_J50_M25,"[0.001105, 0.913720]",25,50,0.1,max_proc,lowest_lower_bound,PRUNE,all_to_shortest,greedy,6752,34,34,0.04699373245239258,0.19555094786729854,True,5811.0,28,-1,5431.64
Uniform1-5000_Seed107_J50_M25,"[0.039643, 0.988793]",25,50,0.2,max_proc,lowest_lower_bound,NO_PROFILING,all_to_shortest,greedy,5510,25,25,0.0336763858795166,0.12100181488203271,True,4843.28,23,-1,4843.28
Uniform1-5000_Seed107_J50_M25,"[0.039643, 0.988793]",25,50,0.1,max_proc,lowest_lower_bound,PRUNE,all_to_shortest,greedy,5667,25,25,0.03522205352783203,0.14535380271748724,True,4843.28,23,-1,4843.28
Uniform1-5000_Seed108_J50_M25,"[0.029489, 1.000000]",25,50,0.2,max_proc,lowest_lower_bound,NO_PROFILING,all_to_shortest,greedy,5720,29,29,0.040596723556518555,0.13444055944055944,True,4951.0,27,-1,4951.0
Uniform1-5000_Seed108_J50_M25,"[0.029489, 1.000000]",25,50,0.1,max_proc,lowest_lower_bound,PRUNE,all_to_shortest,greedy,5721,30,30,0.04318833351135254,0.13459185457087922,True,4951.0,28,-1,4951.0
Uniform1-5000_Seed109_J50_M25,"[0.029254, 1.000000]",25,50,0.2,max_proc,lowest_lower_bound,NO_PROFILING,all_to_shortest,greedy,5819,6,6,0.009073257446289062,0.16583605430486337,True,4854.0,4,-1,4854.0
Uniform1-5000_Seed109_J50_M25,"[0.029254, 1.000000]",25,50,0.1,max_proc,lowest_lower_bound,PRUNE,all_to_shortest,greedy,5819,6,6,0.009343385696411133,0.16583605430486337,True,4854.0,4,-1,4854.0
Uniform1-5000_Seed110_J50_M25,"[0.044716, 0.915385]",25,50,0.2,max_proc,lowest_lower_bound,NO_PROFILING,all_to_shortest,greedy,6475,24,24,0.034394025802612305,0.15726332046332042,True,5456.72,22,-1,5456.72
Uniform1-5000_Seed110_J50_M25,"[0.044716, 0.915385]",25,50,0.1,max_proc,lowest_lower_bound,PRUNE,all_to_shortest,greedy,6541,25,25,0.03725481033325195,0.16576670233909185,True,5456.72,23,-1,5456.72
Uniform1-5000_Seed111_J50_M25,"[0.025035, 1.000000]",25,50,0.2,max_proc,lowest_lower_bound,NO_PROFILING,all_to_shortest,greedy,5926,24,24,0.033028602600097656,0.16419169760377994,True,4953.0,22,-1,4953.0
Uniform1-5000_Seed111_J50_M25,"[0.025035, 1.000000]",25,50,0.1,max_proc,lowest_lower_bound,PRUNE,all_to_shortest,greedy,6015,25,27,0.039275169372558594,0.1765586034912718,True,4994.0,25,-1,4953.0
Uniform1-5000_Seed112_J50_M25,"[0.010465, 1.000000]",25,50,0.2,max_proc,lowest_lower_bound,NO_PROFILING,all_to_shortest,greedy,5881,19,19,0.026117563247680664,0.15507566740350281,True,4969.0,17,-1,4969.0
Uniform1-5000_Seed112_J50_M25,"[0.010465, 1.000000]",25,50,0.1,max_proc,lowest_lower_bound,PRUNE,all_to_shortest,greedy,5887,20,20,0.029306888580322266,0.15593680992016307,True,4969.0,18,-1,4969.0
Uniform1-5000_Seed113_J50_M25,"[0.002139, 0.860594]",25,50,0.2,max_proc,lowest_lower_bound,NO_PROFILING,all_to_shortest,greedy,6732,501,501,0.7444889545440674,0.16648247177658945,True,5611.24,25,-1,5611.24
Uniform1-5000_Seed113_J50_M25,"[0.002139, 0.860594]",25,50,0.1,max_proc,lowest_lower_bound,PRUNE,all_to_shortest,greedy,6771,25,25,0.037431955337524414,0.1712834145621031,True,5611.24,23,-1,5611.24
Uniform1-5000_Seed114_J50_M25,"[0.009808, 1.000000]",25,50,0.2,max_proc,lowest_lower_bound,NO_PROFILING,all_to_shortest,greedy,5902,24,24,0.03358888626098633,0.153507285665876,True,4996.0,22,-1,4996.0
Uniform1-5000_Seed114_J50_M25,"[0.009808, 1.000000]",25,50,0.1,max_proc,lowest_lower_bound,PRUNE,all_to_shortest,greedy,5949,25,25,0.03647971153259277,0.1601949907547487,True,4996.0,23,-1,4996.0
Uniform1-5000_Seed115_J50_M25,"[0.006401, 1.000000]",25,50,0.2,max_proc,lowest_lower_bound,NO_PROFILING,all_to_shortest,greedy,5953,13,13,0.018571138381958008,0.1602553334453217,True,4999.0,11,-1,4999.0
Uniform1-5000_Seed115_J50_M25,"[0.006401, 1.000000]",25,50,0.1,max_proc,lowest_lower_bound,PRUNE,all_to_shortest,greedy,5612,15,15,0.02205061912536621,0.10923022095509623,True,4999.0,13,-1,4999.0
Uniform1-5000_Seed116_J50_M25,"[0.003724, 0.845435]",25,50,0.2,max_proc,lowest_lower_bound,NO_PROFILING,all_to_shortest,greedy,7459,759,2001,3.4990427494049072,0.20790990749430222,False,5908.2,25,-1,5908.2
Uniform1-5000_Seed116_J50_M25,"[0.003724, 0.845435]",25,50,0.1,max_proc,lowest_lower_bound,PRUNE,all_to_shortest,greedy,7640,21,27,0.04075503349304199,0.2266753926701571,True,6809.0,25,-1,5908.2
Uniform1-5000_Seed117_J50_M25,"[0.001803, 1.000000]",25,50,0.2,max_proc,lowest_lower_bound,NO_PROFILING,all_to_shortest,greedy,5946,27,27,0.036460161209106445,0.16027581567440297,True,4993.0,25,-1,4993.0
Uniform1-5000_Seed117_J50_M25,"[0.001803, 1.000000]",25,50,0.1,max_proc,lowest_lower_bound,PRUNE,all_to_shortest,greedy,6026,22,22,0.03121805191040039,0.17142383006969797,True,4993.0,20,-1,4993.0
Uniform1-5000_Seed118_J50_M25,"[0.010640, 1.000000]",25,50,0.2,max_proc,lowest_lower_bound,NO_PROFILING,all_to_shortest,greedy,5677,6,6,0.00886988639831543,0.13915800598907874,True,4887.0,4,-1,4887.0
Uniform1-5000_Seed118_J50_M25,"[0.010640, 1.000000]",25,50,0.1,max_proc,lowest_lower_bound,PRUNE,all_to_shortest,greedy,5756,22,22,0.03072953224182129,0.1509728978457262,True,4887.0,20,-1,4887.0
Uniform1-5000_Seed119_J50_M25,"[0.000582, 0.948849]",25,50,0.2,max_proc,lowest_lower_bound,NO_PROFILING,all_to_shortest,greedy,6050,23,23,0.03199958801269531,0.14833719008264457,True,5152.56,21,-1,5152.56
Uniform1-5000_Seed119_J50_M25,"[0.000582, 0.948849]",25,50,0.1,max_proc,lowest_lower_bound,PRUNE,all_to_shortest,greedy,6178,30,30,0.04293251037597656,0.16598251861443827,True,5308.0,26,-1,5152.56
Uniform1-5000_Seed120_J50_M25,"[0.002251, 0.964868]",25,50,0.2,max_proc,lowest_lower_bound,NO_PROFILING,all_to_shortest,greedy,6021,907,2001,3.215435028076172,0.1885666832752034,False,4885.64,25,-1,4885.64
Uniform1-5000_Seed120_J50_M25,"[0.002251, 0.964868]",25,50,0.1,max_proc,lowest_lower_bound,PRUNE,all_to_shortest,greedy,6096,24,27,0.03889179229736328,0.19854986876640415,True,5221.0,25,-1,4885.64
Uniform1-5000_Seed121_J50_M25,"[0.002800, 1.000000]",25,50,0.2,max_proc,lowest_lower_bound,NO_PROFILING,all_to_shortest,greedy,5615,25,25,0.03443598747253418,0.10952804986642921,True,5000.0,23,-1,5000.0
Uniform1-5000_Seed121_J50_M25,"[0.002800, 1.000000]",25,50,0.1,max_proc,lowest_lower_bound,PRUNE,all_to_shortest,greedy,6036,23,23,0.0329747200012207,0.17163684559310802,True,5000.0,21,-1,5000.0
Uniform1-5000_Seed122_J50_M25,"[0.026957, 0.944073]",25,50,0.2,max_proc,lowest_lower_bound,NO_PROFILING,all_to_shortest,greedy,6367,28,2001,2.901779890060425,0.1726715878749803,False,5267.6,25,-1,5267.6
Uniform1-5000_Seed122_J50_M25,"[0.026957, 0.944073]",25,50,0.1,max_proc,lowest_lower_bound,PRUNE,all_to_shortest,greedy,6534,27,27,0.04052162170410156,0.19381695745332103,True,5674.0,25,-1,5267.6
Uniform1-5000_Seed123_J50_M25,"[0.007871, 0.975843]",25,50,0.2,max_proc,lowest_lower_bound,NO_PROFILING,all_to_shortest,greedy,5986,27,27,0.03826117515563965,0.15105913798864012,True,5081.76,25,-1,5081.76
Uniform1-5000_Seed123_J50_M25,"[0.007871, 0.975843]",25,50,0.1,max_proc,lowest_lower_bound,PRUNE,all_to_shortest,greedy,6112,28,28,0.040776968002319336,0.16856020942408373,True,5198.0,25,-1,5081.76
Uniform1-5000_Seed124_J50_M25,"[0.013793, 1.000000]",25,50,0.2,max_proc,lowest_lower_bound,NO_PROFILING,all_to_shortest,greedy,5455,14,14,0.019529104232788086,0.09624197983501374,True,4930.0,12,-1,4930.0
Uniform1-5000_Seed124_J50_M25,"[0.013793, 1.000000]",25,50,0.1,max_proc,lowest_lower_bound,PRUNE,all_to_shortest,greedy,5700,16,16,0.0231778621673584,0.13508771929824562,True,4930.0,14,-1,4930.0
Uniform1-5000_Seed125_J50_M25,"[0.038644, 0.854996]",25,50,0.2,max_proc,lowest_lower_bound,NO_PROFILING,all_to_shortest,greedy,6954,311,311,0.4540560245513916,0.16644808743169393,True,5796.52,25,-1,5796.52
Uniform1-5000_Seed125_J50_M25,"[0.038644, 0.854996]",25,50,0.1,max_proc,lowest_lower_bound,PRUNE,all_to_shortest,greedy,7389,18,27,0.040634870529174805,0.21552036811476513,True,6137.0,25,-1,5796.52
Uniform1-5000_Seed126_J50_M25,"[0.000799, 0.982124]",25,50,0.2,max_proc,lowest_lower_bound,NO_PROFILING,all_to_shortest,greedy,6286,1218,2001,3.138178825378418,0.20403436207445122,False,5003.44,25,-1,5003.44
Uniform1-5000_Seed126_J50_M25,"[0.000799, 0.982124]",25,50,0.1,max_proc,lowest_lower_bound,PRUNE,all_to_shortest,greedy,6430,22,29,0.04077482223510742,0.22186003110419913,True,5368.0,25,-1,5003.44
Uniform1-5000_Seed127_J50_M25,"[0.012368, 1.000000]",25,50,0.2,max_proc,lowest_lower_bound,NO_PROFILING,all_to_shortest,greedy,5741,23,23,0.03137636184692383,0.14091621668698834,True,4932.0,21,-1,4932.0
Uniform1-5000_Seed127_J50_M25,"[0.012368, 1.000000]",25,50,0.1,max_proc,lowest_lower_bound,PRUNE,all_to_shortest,greedy,6030,28,28,0.03937125205993652,0.18208955223880596,True,5054.0,25,-1,4932.0
Uniform1-5000_Seed128_J50_M25,"[0.036847, 1.000000]",25,50,0.2,max_proc,lowest_lower_bound,NO_PROFILING,all_to_shortest,greedy,5836,13,13,0.018598318099975586,0.1629540781357094,True,4885.0,11,-1,4885.0
Uniform1-5000_Seed128_J50_M25,"[0.036847, 1.000000]",25,50,0.1,max_proc,lowest_lower_bound,PRUNE,all_to_shortest,greedy,5861,18,18,0.02640819549560547,0.1665244838764716,True,4885.0,16,-1,4885.0
Uniform1-5000_Seed129_J50_M25,"[0.023438, 1.000000]",25,50,0.2,max_proc,lowest_lower_bound,NO_PROFILING,all_to_shortest,greedy,5826,13,13,0.019166946411132812,0.16512186749055957,True,4864.0,11,-1,4864.0
Uniform1-5000_Seed129_J50_M25,"[0.023438, 1.000000]",25,50,0.1,max_proc,lowest_lower_bound,PRUNE,all_to_shortest,greedy,5803,18,18,0.026424884796142578,0.16181285541961055,True,4864.0,16,-1,4864.0
Uniform1-5000_Seed130_J50_M25,"[0.053309, 1.000000]",25,50,0.2,max_proc,lowest_lower_bound,NO_PROFILING,all_to_shortest,greedy,5904,26,26,0.03663372993469238,0.15802845528455284,True,4971.0,24,-1,4971.0
Uniform1-5000_Seed130_J50_M25,"[0.053309, 1.000000]",25,50,0.1,max_proc,lowest_lower_bound,PRUNE,all_to_shortest,greedy,5967,25,25,0.03654742240905762,0.16691804927099044,True,4971.0,23,-1,4971.0
Uniform1-5000_Seed131_J50_M25,"[0.013051, 0.936389]",25,50,0.2,max_proc,lowest_lower_bound,NO_PROFILING,all_to_shortest,greedy,6203,28,28,0.03986382484436035,0.16001289698532975,True,5210.44,26,-1,5210.44
Uniform1-5000_Seed131_J50_M25,"[0.013051, 0.936389]",25,50,0.1,max_proc,lowest_lower_bound,PRUNE,all_to_shortest,greedy,6090,26,26,0.03769207000732422,0.1444269293924467,True,5210.44,24,-1,5210.44
Uniform1-5000_Seed132_J50_M25,"[0.013164, 0.926679]",25,50,0.2,max_proc,lowest_lower_bound,NO_PROFILING,all_to_shortest,greedy,6084,545,545,0.7229204177856445,0.15092702169625244,True,5165.76,25,-1,5165.76
Uniform1-5000_Seed132_J50_M25,"[0.013164, 0.926679]",25,50,0.1,max_proc,lowest_lower_bound,PRUNE,all_to_shortest,greedy,6345,27,27,0.039049386978149414,0.18585342789598105,True,5340.0,25,-1,5165.76
Uniform1-5000_Seed133_J50_M25,"[0.001216, 1.000000]",25,50,0.2,max_proc,lowest_lower_bound,NO_PROFILING,all_to_shortest,greedy,5526,4,4,0.005655050277709961,0.10694896851248643,True,4935.0,2,-1,4935.0
Uniform1-5000_Seed133_J50_M25,"[0.001216, 1.000000]",25,50,0.1,max_proc,lowest_lower_bound,PRUNE,all_to_shortest,greedy,5526,4,4,0.005819559097290039,0.10694896851248643,True,4935.0,2,-1,4935.0
Uniform1-5000_Seed134_J50_M25,"[0.042698, 0.955108]",25,50,0.2,max_proc,lowest_lower_bound,NO_PROFILING,all_to_shortest,greedy,6122,1452,2001,3.6963565349578857,0.18131329630839596,False,5012.0,25,-1,5012.0
Uniform1-5000_Seed134_J50_M25,"[0.042698, 0.955108]",25,50,0.1,max_proc,lowest_lower_bound,PRUNE,all_to_shortest,greedy,6352,28,28,0.04347515106201172,0.21095717884130982,True,5254.0,26,-1,5012.0
Uniform1-5000_Seed135_J50_M25,"[0.014228, 0.962813]",25,50,0.2,max_proc,lowest_lower_bound,NO_PROFILING,all_to_shortest,greedy,6040,22,22,0.031862735748291016,0.15052980132450328,True,5130.8,20,-1,5130.8
Uniform1-5000_Seed135_J50_M25,"[0.014228, 0.962813]",25,50,0.1,max_proc,lowest_lower_bound,PRUNE,all_to_shortest,greedy,6087,23,23,0.03412461280822754,0.15708887793658613,True,5130.8,21,-1,5130.8
Uniform1-5000_Seed136_J50_M25,"[0.021734, 0.954286]",25,50,0.2,max_proc,lowest_lower_bound,NO_PROFILING,all_to_shortest,greedy,5858,29,29,0.041654109954833984,0.15173096620006832,True,4969.16,27,-1,4969.16
Uniform1-5000_Seed136_J50_M25,"[0.021734, 0.954286]",25,50,0.1,max_proc,lowest_lower_bound,PRUNE,all_to_shortest,greedy,5958,27,27,0.04116964340209961,0.16596844578717693,True,4969.16,25,-1,4969.16
Uniform1-5000_Seed137_J50_M25,"[0.039766, 0.927934]",25,50,0.2,max_proc,lowest_lower_bound,NO_PROFILING,all_to_shortest,greedy,6197,24,24,0.0345759391784668,0.15188639664353715,True,5255.76,22,-1,5255.76
Uniform1-5000_Seed137_J50_M25,"[0.039766, 0.927934]",25,50,0.1,max_proc,lowest_lower_bound,PRUNE,all_to_shortest,greedy,6543,24,27,0.03995633125305176,0.19673544245758823,True,5547.0,25,-1,5255.76
Uniform1-5000_Seed138_J50_M25,"[0.050842, 0.948298]",25,50,0.2,max_proc,lowest_lower_bound,NO_PROFILING,all_to_shortest,greedy,5280,1316,1316,1.9689640998840332,0.1543863636363636,True,4464.84,25,-1,4464.84
Uniform1-5000_Seed138_J50_M25,"[0.050842, 0.948298]",25,50,0.1,max_proc,lowest_lower_bound,PRUNE,all_to_shortest,greedy,5564,26,27,0.040793657302856445,0.19754852624011499,True,4804.0,25,-1,4464.84
Uniform1-5000_Seed139_J50_M25,"[0.017030, 0.916056]",25,50,0.2,max_proc,lowest_lower_bound,NO_PROFILING,all_to_shortest,greedy,6380,519,519,0.7242071628570557,0.16245141065830715,True,5343.56,25,-1,5343.56
Uniform1-5000_Seed139_J50_M25,"[0.017030, 0.916056]",25,50,0.1,max_proc,lowest_lower_bound,PRUNE,all_to_shortest,greedy,6556,25,27,0.04058098793029785,0.18493593654667473,True,5479.0,25,-1,5343.56
Uniform1-5000_Seed140_J50_M25,"[0.017097, 1.000000]",25,50,0.2,max_proc,lowest_lower_bound,NO_PROFILING,all_to_shortest,greedy,5839,9,9,0.013466596603393555,0.15858879945196094,True,4913.0,7,-1,4913.0
Uniform1-5000_Seed140_J50_M25,"[0.017097, 1.000000]",25,50,0.1,max_proc,lowest_lower_bound,PRUNE,all_to_shortest,greedy,5818,20,20,0.02759528160095215,0.15555173599174973,True,4913.0,18,-1,4913.0
Uniform1-5000_Seed141_J50_M25,"[0.010140, 1.000000]",25,50,0.2,max_proc,lowest_lower_bound,NO_PROFILING,all_to_shortest,greedy,5755,17,17,0.024234771728515625,0.1431798436142485,True,4931.0,15,-1,4931.0
Uniform1-5000_Seed141_J50_M25,"[0.010140, 1.000000]",25,50,0.1,max_proc,lowest_lower_bound,PRUNE,all_to_shortest,greedy,5844,16,16,0.023773670196533203,0.15622861054072554,True,4931.0,14,-1,4931.0
Uniform1-5000_Seed142_J50_M25,"[0.025614, 0.970973]",25,50,0.2,max_proc,lowest_lower_bound,NO_PROFILING,all_to_shortest,greedy,5921,26,26,0.03628134727478027,0.1428272251308901,True,5075.32,24,-1,5075.32
Uniform1-5000_Seed142_J50_M25,"[0.025614, 0.970973]",25,50,0.1,max_proc,lowest_lower_bound,PRUNE,all_to_shortest,greedy,6002,27,27,0.03900456428527832,0.1543952015994669,True,5075.32,25,-1,5075.32
Uniform1-5000_Seed143_J50_M25,"[0.027745, 0.963289]",25,50,0.2,max_proc,lowest_lower_bound,NO_PROFILING,all_to_shortest,greedy,6021,100,2001,3.4897572994232178,0.16792559375519014,False,5009.92,29,-1,5009.92
Uniform1-5000_Seed143_J50_M25,"[0.027745, 0.963289]",25,50,0.1,max_proc,lowest_lower_bound,PRUNE,all_to_shortest,greedy,6165,54,54,0.07523560523986816,0.18736090835360908,True,5139.0,29,-1,5009.92
Uniform1-5000_Seed144_J50_M25,"[0.001385, 0.982413]",25,50,0.2,max_proc,lowest_lower_bound,NO_PROFILING,all_to_shortest,greedy,6060,73,73,0.09787178039550781,0.1656897689768977,True,5055.92,25,-1,5055.92
Uniform1-5000_Seed144_J50_M25,"[0.001385, 0.982413]",25,50,0.1,max_proc,lowest_lower_bound,PRUNE,all_to_shortest,greedy,6327,24,27,0.0398101806640625,0.20089773984510825,True,5296.0,25,-1,5055.92
Uniform1-5000_Seed145_J50_M25,"[0.003423, 1.000000]",25,50,0.2,max_proc,lowest_lower_bound,NO_PROFILING,all_to_shortest,greedy,5924,21,21,0.029554367065429688,0.16154625253207291,True,4967.0,19,-1,4967.0
Uniform1-5000_Seed145_J50_M25,"[0.003423, 1.000000]",25,50,0.1,max_proc,lowest_lower_bound,PRUNE,all_to_shortest,greedy,5991,23,23,0.033693790435791016,0.17092305124353196,True,4967.0,21,-1,4967.0
Uniform1-5000_Seed146_J50_M25,"[0.002418, 1.000000]",25,50,0.2,max_proc,lowest_lower_bound,NO_PROFILING,all_to_shortest,greedy,5859,12,12,0.017973661422729492,0.1530977982590886,True,4962.0,10,-1,4962.0
Uniform1-5000_Seed146_J50_M25,"[0.002418, 1.000000]",25,50,0.1,max_proc,lowest_lower_bound,PRUNE,all_to_shortest,greedy,5976,16,16,0.023361921310424805,0.16967871485943775,True,4962.0,14,-1,4962.0
Uniform1-5000_Seed147_J50_M25,"[0.002175, 0.984669]",25,50,0.2,max_proc,lowest_lower_bound,NO_PROFILING,all_to_shortest,greedy,5727,30,30,0.04215407371520996,0.11707351143705248,True,5056.52,28,-1,5056.52
Uniform1-5000_Seed147_J50_M25,"[0.002175, 0.984669]",25,50,0.1,max_proc,lowest_lower_bound,PRUNE,all_to_shortest,greedy,5804,31,31,0.046534061431884766,0.1287870434183321,True,5056.52,29,-1,5056.52
Uniform1-5000_Seed148_J50_M25,"[0.003509, 0.998142]",25,50,0.2,max_proc,lowest_lower_bound,NO_PROFILING,all_to_shortest,greedy,5860,1436,2001,3.180955171585083,0.17320819112627986,False,4845.0,27,-1,4845.0
Uniform1-5000_Seed148_J50_M25,"[0.003509, 0.998142]",25,50,0.1,max_proc,lowest_lower_bound,PRUNE,all_to_shortest,greedy,6035,27,32,0.04647374153137207,0.19718309859154928,True,5068.0,27,-1,4845.0
Uniform1-5000_Seed149_J50_M25,"[0.008627, 0.949404]",25,50,0.2,max_proc,lowest_lower_bound,NO_PROFILING,all_to_shortest,greedy,6094,22,22,0.03237462043762207,0.16310469314079423,True,5100.04,20,-1,5100.04
Uniform1-5000_Seed149_J50_M25,"[0.008627, 0.949404]",25,50,0.1,max_proc,lowest_lower_bound,PRUNE,all_to_shortest,greedy,6199,23,27,0.04047250747680664,0.17728020648491694,True,5284.0,25,-1,5100.04
Uniform1-5000_Seed150_J50_M25,"[0.005236, 1.000000]",25,50,0.2,max_proc,lowest_lower_bound,NO_PROFILING,all_to_shortest,greedy,5429,7,7,0.010454654693603516,0.08528274083624977,True,4966.0,5,-1,4966.0
Uniform1-5000_Seed150_J50_M25,"[0.005236, 1.000000]",25,50,0.1,max_proc,lowest_lower_bound,PRUNE,all_to_shortest,greedy,5508,9,9,0.01390218734741211,0.09840232389251997,True,4966.0,7,-1,4966.0
Uniform1-5000_Seed151_J50_M25,"[0.010915, 0.890655]",25,50,0.2,max_proc,lowest_lower_bound,NO_PROFILING,all_to_shortest,greedy,6763,1026,2001,2.9195995330810547,0.1871832027206861,False,5497.08,25,-1,5497.08
Uniform1-5000_Seed151_J50_M25,"[0.010915, 0.890655]",25,50,0.1,max_proc,lowest_lower_bound,PRUNE,all_to_shortest,greedy,6939,27,27,0.038573265075683594,0.20779939472546477,True,6010.0,25,-1,5497.08
Uniform1-5000_Seed152_J50_M25,"[0.023002, 0.920993]",25,50,0.2,max_proc,lowest_lower_bound,NO_PROFILING,all_to_shortest,greedy,6473,1675,2001,3.023426055908203,0.16716823729337246,False,5390.92,25,-1,5390.92
Uniform1-5000_Seed152_J50_M25,"[0.023002, 0.920993]",25,50,0.1,max_proc,lowest_lower_bound,PRUNE,all_to_shortest,greedy,6524,26,27,0.0396883487701416,0.1736787247087676,True,6034.0,25,-1,5390.92
Uniform1-5000_Seed153_J50_M25,"[0.013716, 1.000000]",25,50,0.2,max_proc,lowest_lower_bound,NO_PROFILING,all_to_shortest,greedy,5684,19,19,0.025517702102661133,0.1534130893736805,True,4812.0,17,-1,4812.0
Uniform1-5000_Seed153_J50_M25,"[0.013716, 1.000000]",25,50,0.1,max_proc,lowest_lower_bound,PRUNE,all_to_shortest,greedy,5644,14,14,0.020449399948120117,0.147413182140326,True,4812.0,12,-1,4812.0
Uniform1-5000_Seed154_J50_M25,"[0.003669, 0.959310]",25,50,0.2,max_proc,lowest_lower_bound,NO_PROFILING,all_to_shortest,greedy,6202,30,30,0.04276323318481445,0.16499193808448884,True,5178.72,28,-1,5178.72
Uniform1-5000_Seed154_J50_M25,"[0.003669, 0.959310]",25,50,0.1,max_proc,lowest_lower_bound,PRUNE,all_to_shortest,greedy,6229,38,38,0.05411076545715332,0.16861133408251722,True,5178.72,29,-1,5178.72
Uniform1-5000_Seed155_J50_M25,"[0.000860, 1.000000]",25,50,0.2,max_proc,lowest_lower_bound,NO_PROFILING,all_to_shortest,greedy,5166,18,18,0.024883031845092773,0.10007742934572203,True,4649.0,16,-1,4649.0
Uniform1-5000_Seed155_J50_M25,"[0.000860, 1.000000]",25,50,0.1,max_proc,lowest_lower_bound,PRUNE,all_to_shortest,greedy,5496,22,22,0.03098154067993164,0.15411208151382824,True,4649.0,20,-1,4649.0
Uniform1-5000_Seed156_J50_M25,"[0.041434, 0.951022]",25,50,0.2,max_proc,lowest_lower_bound,NO_PROFILING,all_to_shortest,greedy,6093,23,23,0.033887624740600586,0.1602494666010175,True,5116.6,21,-1,5116.6
Uniform1-5000_Seed156_J50_M25,"[0.041434, 0.951022]",25,50,0.1,max_proc,lowest_lower_bound,PRUNE,all_to_shortest,greedy,6109,35,35,0.05292868614196777,0.16244884596496967,True,5116.6,27,-1,5116.6
Uniform1-5000_Seed157_J50_M25,"[0.016970, 1.000000]",25,50,0.2,max_proc,lowest_lower_bound,NO_PROFILING,all_to_shortest,greedy,5525,23,23,0.03060626983642578,0.10407239819004525,True,4950.0,21,-1,4950.0
Uniform1-5000_Seed157_J50_M25,"[0.016970, 1.000000]",25,50,0.1,max_proc,lowest_lower_bound,PRUNE,all_to_shortest,greedy,5731,22,22,0.030799388885498047,0.1362763915547025,True,4950.0,20,-1,4950.0
Uniform1-5000_Seed158_J50_M25,"[0.043092, 0.959748]",25,50,0.2,max_proc,lowest_lower_bound,NO_PROFILING,all_to_shortest,greedy,6224,27,27,0.03775334358215332,0.16480719794344476,True,5198.24,25,-1,5198.24
Uniform1-5000_Seed158_J50_M25,"[0.043092, 0.959748]",25,50,0.1,max_proc,lowest_lower_bound,PRUNE,all_to_shortest,greedy,6280,24,24,0.03604245185852051,0.17225477707006373,True,5198.24,22,-1,5198.24
Uniform1-5000_Seed159_J50_M25,"[0.002520, 1.000000]",25,50,0.2,max_proc,lowest_lower_bound,NO_PROFILING,all_to_shortest,greedy,5693,6,6,0.009061813354492188,0.16353416476374494,True,4762.0,4,-1,4762.0
Uniform1-5000_Seed159_J50_M25,"[0.002520, 1.000000]",25,50,0.1,max_proc,lowest_lower_bound,PRUNE,all_to_shortest,greedy,5693,6,6,0.009055137634277344,0.16353416476374494,True,4762.0,4,-1,4762.0
Uniform1-5000_Seed160_J50_M25,"[0.045209, 0.867663]",25,50,0.2,max_proc,lowest_lower_bound,NO_PROFILING,all_to_shortest,greedy,6946,1144,2001,3.144089698791504,0.17202994529225454,False,5751.08,25,-1,5751.08
Uniform1-5000_Seed160_J50_M25,"[0.045209, 0.867663]",25,50,0.1,max_proc,lowest_lower_bound,PRUNE,all_to_shortest,greedy,7154,27,27,0.0402226448059082,0.1961028795079676,True,6001.0,25,-1,5751.08
Uniform1-5000_Seed161_J50_M25,"[0.007064, 1.000000]",25,50,0.2,max_proc,lowest_lower_bound,NO_PROFILING,all_to_shortest,greedy,5444,24,24,0.032083749771118164,0.11590742101396033,True,4813.0,22,-1,4813.0
Uniform1-5000_Seed161_J50_M25,"[0.007064, 1.000000]",25,50,0.1,max_proc,lowest_lower_bound,PRUNE,all_to_shortest,greedy,5806,20,20,0.02834796905517578,0.1710299689975887,True,4813.0,18,-1,4813.0
Uniform1-5000_Seed162_J50_M25,"[0.029853, 0.848592]",25,50,0.2,max_proc,lowest_lower_bound,NO_PROFILING,all_to_shortest,greedy,7189,39,2001,3.2981414794921875,0.18925024342745866,False,5828.48,25,-1,5828.48
Uniform1-5000_Seed162_J50_M25,"[0.029853, 0.848592]",25,50,0.1,max_proc,lowest_lower_bound,PRUNE,all_to_shortest,greedy,7458,26,27,0.04004216194152832,0.21849289353714138,True,6216.0,25,-1,5828.48
Uniform1-5000_Seed163_J50_M25,"[0.012494, 0.879075]",25,50,0.2,max_proc,lowest_lower_bound,NO_PROFILING,all_to_shortest,greedy,6774,1010,2001,3.033249616622925,0.1729436079126071,False,5602.48,25,-1,5602.48
Uniform1-5000_Seed163_J50_M25,"[0.012494, 0.879075]",25,50,0.1,max_proc,lowest_lower_bound,PRUNE,all_to_shortest,greedy,6907,26,27,0.04020118713378906,0.18886926306645438,True,6469.0,25,-1,5602.48
Uniform1-5000_Seed164_J50_M25,"[0.018299, 0.921428]",25,50,0.2,max_proc,lowest_lower_bound,NO_PROFILING,all_to_shortest,greedy,6726,63,2001,3.401768922805786,0.19564674397859055,False,5410.08,25,-1,5410.08
Uniform1-5000_Seed164_J50_M25,"[0.018299, 0.921428]",25,50,0.1,max_proc,lowest_lower_bound,PRUNE,all_to_shortest,greedy,6738,27,27,0.04010725021362305,0.1970792520035619,True,5592.0,25,-1,5410.08
Uniform1-5000_Seed165_J50_M25,"[0.030184, 1.000000]",25,50,0.2,max_proc,lowest_lower_bound,NO_PROFILING,all_to_shortest,greedy,5724,25,25,0.03444099426269531,0.15496156533892383,True,4837.0,23,-1,4837.0
Uniform1-5000_Seed165_J50_M25,"[0.030184, 1.000000]",25,50,0.1,max_proc,lowest_lower_bound,PRUNE,all_to_shortest,greedy,5807,25,25,0.034870147705078125,0.16703977957637334,True,4837.0,23,-1,4837.0
Uniform1-5000_Seed166_J50_M25,"[0.001161, 0.952005]",25,50,0.2,max_proc,lowest_lower_bound,NO_PROFILING,all_to_shortest,greedy,6342,62,2001,3.0055344104766846,0.18510879848628192,False,5168.04,25,-1,5168.04
Uniform1-5000_Seed166_J50_M25,"[0.001161, 0.952005]",25,50,0.1,max_proc,lowest_lower_bound,PRUNE,all_to_shortest,greedy,6569,27,27,0.03910470008850098,0.21326838179327143,True,5724.0,25,-1,5168.04
Uniform1-5000_Seed167_J50_M25,"[0.010116, 1.000000]",25,50,0.2,max_proc,lowest_lower_bound,NO_PROFILING,all_to_shortest,greedy,5047,16,16,0.022258520126342773,0.04022191400832178,True,4844.0,14,-1,4844.0
Uniform1-5000_Seed167_J50_M25,"[0.010116, 1.000000]",25,50,0.1,max_proc,lowest_lower_bound,PRUNE,all_to_shortest,greedy,5616,11,11,0.016947507858276367,0.13746438746438747,True,4844.0,9,-1,4844.0
Uniform1-5000_Seed168_J50_M25,"[0.013466, 0.905829]",25,50,0.2,max_proc,lowest_lower_bound,NO_PROFILING,all_to_shortest,greedy,6373,1263,2001,3.9076743125915527,0.17267848736858615,False,5272.52,25,-1,5272.52
Uniform1-5000_Seed168_J50_M25,"[0.013466, 0.905829]",25,50,0.1,max_proc,lowest_lower_bound,PRUNE,all_to_shortest,greedy,6505,17,27,0.04256296157836914,0.18946656418139884,True,5586.0,25,-1,5272.52
Uniform1-5000_Seed169_J50_M25,"[0.017672, 0.976696]",25,50,0.2,max_proc,lowest_lower_bound,NO_PROFILING,all_to_shortest,greedy,6046,21,21,0.0299532413482666,0.1576778035064505,True,5092.68,19,-1,5092.68
Uniform1-5000_Seed169_J50_M25,"[0.017672, 0.976696]",25,50,0.1,max_proc,lowest_lower_bound,PRUNE,all_to_shortest,greedy,5928,24,24,0.03472018241882324,0.140910931174089,True,5092.68,22,-1,5092.68
Uniform1-5000_Seed170_J50_M25,"[0.031836, 0.975922]",25,50,0.2,max_proc,lowest_lower_bound,NO_PROFILING,all_to_shortest,greedy,6100,27,27,0.03690195083618164,0.1658163934426229,True,5088.52,25,-1,5088.52
Uniform1-5000_Seed170_J50_M25,"[0.031836, 0.975922]",25,50,0.1,max_proc,lowest_lower_bound,PRUNE,all_to_shortest,greedy,6155,26,26,0.03731703758239746,0.17327051177904135,True,5088.52,24,-1,5088.52
Uniform1-5000_Seed171_J50_M25,"[0.093701, 0.885706]",25,50,0.2,max_proc,lowest_lower_bound,NO_PROFILING,all_to_shortest,greedy,6696,29,29,0.04195523262023926,0.1616487455197132,True,5613.6,27,-1,5613.6
Uniform1-5000_Seed171_J50_M25,"[0.093701, 0.885706]",25,50,0.1,max_proc,lowest_lower_bound,PRUNE,all_to_shortest,greedy,6834,25,28,0.04166460037231445,0.178577699736611,True,5683.0,26,-1,5613.6
Uniform1-5000_Seed172_J50_M25,"[0.070556, 0.912929]",25,50,0.2,max_proc,lowest_lower_bound,NO_PROFILING,all_to_shortest,greedy,6421,266,266,0.3565793037414551,0.165631521569849,True,5357.48,27,-1,5357.48
Uniform1-5000_Seed172_J50_M25,"[0.070556, 0.912929]",25,50,0.1,max_proc,lowest_lower_bound,PRUNE,all_to_shortest,greedy,6598,28,32,0.04776144027709961,0.1880145498635951,True,5502.0,28,-1,5357.48
Uniform1-5000_Seed173_J50_M25,"[0.037475, 0.959566]",25,50,0.2,max_proc,lowest_lower_bound,NO_PROFILING,all_to_shortest,greedy,5921,21,21,0.02993941307067871,0.14372572200641784,True,5070.0,19,-1,5070.0
Uniform1-5000_Seed173_J50_M25,"[0.037475, 0.959566]",25,50,0.1,max_proc,lowest_lower_bound,PRUNE,all_to_shortest,greedy,6055,22,22,0.03188800811767578,0.16267547481420314,True,5070.0,20,-1,5070.0
Uniform1-5000_Seed174_J50_M25,"[0.010546, 1.000000]",25,50,0.2,max_proc,lowest_lower_bound,NO_PROFILING,all_to_shortest,greedy,5631,23,23,0.03192400932312012,0.15805363168176167,True,4741.0,21,-1,4741.0
Uniform1-5000_Seed174_J50_M25,"[0.010546, 1.000000]",25,50,0.1,max_proc,lowest_lower_bound,PRUNE,all_to_shortest,greedy,5454,30,30,0.04346108436584473,0.13072973964063073,True,4741.0,26,-1,4741.0
Uniform1-5000_Seed175_J50_M25,"[0.015282, 1.000000]",25,50,0.2,max_proc,lowest_lower_bound,NO_PROFILING,all_to_shortest,greedy,5171,17,17,0.02397012710571289,0.07619415973699478,True,4777.0,15,-1,4777.0
Uniform1-5000_Seed175_J50_M25,"[0.015282, 1.000000]",25,50,0.1,max_proc,lowest_lower_bound,PRUNE,all_to_shortest,greedy,5755,17,17,0.024796485900878906,0.16993918331885316,True,4777.0,15,-1,4777.0
Uniform1-5000_Seed176_J50_M25,"[0.030239, 1.000000]",25,50,0.2,max_proc,lowest_lower_bound,NO_PROFILING,all_to_shortest,greedy,5672,24,24,0.03424477577209473,0.16625528913963328,True,4729.0,22,-1,4729.0
Uniform1-5000_Seed176_J50_M25,"[0.030239, 1.000000]",25,50,0.1,max_proc,lowest_lower_bound,PRUNE,all_to_shortest,greedy,5770,27,27,0.03972959518432617,0.1804159445407279,True,4919.0,25,-1,4729.0
Uniform1-5000_Seed177_J50_M25,"[0.005844, 1.000000]",25,50,0.2,max_proc,lowest_lower_bound,NO_PROFILING,all_to_shortest,greedy,5943,55,55,0.07101583480834961,0.16506814740030287,True,4962.0,25,-1,4962.0
Uniform1-5000_Seed177_J50_M25,"[0.005844, 1.000000]",25,50,0.1,max_proc,lowest_lower_bound,PRUNE,all_to_shortest,greedy,6004,26,26,0.036394596099853516,0.17355096602265158,True,4962.0,24,-1,4962.0
Uniform1-5000_Seed178_J50_M25,"[0.016162, 0.887155]",25,50,0.2,max_proc,lowest_lower_bound,NO_PROFILING,all_to_shortest,greedy,7080,1738,2001,2.9391767978668213,0.20475141242937858,False,5630.36,25,-1,5630.36
Uniform1-5000_Seed178_J50_M25,"[0.016162, 0.887155]",25,50,0.1,max_proc,lowest_lower_bound,PRUNE,all_to_shortest,greedy,7035,24,27,0.03902602195739746,0.19966453447050467,True,6554.0,25,-1,5630.36
Uniform1-5000_Seed179_J50_M25,"[0.005023, 1.000000]",25,50,0.2,max_proc,lowest_lower_bound,NO_PROFILING,all_to_shortest,greedy,5485,28,28,0.03803563117980957,0.12889699179580674,True,4778.0,26,-1,4778.0
Uniform1-5000_Seed179_J50_M25,"[0.005023, 1.000000]",25,50,0.1,max_proc,lowest_lower_bound,PRUNE,all_to_shortest,greedy,5773,25,25,0.035314083099365234,0.1723540620128183,True,4778.0,23,-1,4778.0
Uniform1-5000_Seed180_J50_M25,"[0.016247, 0.976189]",25,50,0.2,max_proc,lowest_lower_bound,NO_PROFILING,all_to_shortest,greedy,6224,618,2001,3.0587265491485596,0.17920308483290484,False,5108.64,25,-1,5108.64
Uniform1-5000_Seed180_J50_M25,"[0.016247, 0.976189]",25,50,0.1,max_proc,lowest_lower_bound,PRUNE,all_to_shortest,greedy,6320,26,27,0.03834080696105957,0.19167088607594931,True,5614.0,25,-1,5108.64
Uniform1-5000_Seed181_J50_M25,"[0.019262, 1.000000]",25,50,0.2,max_proc,lowest_lower_bound,NO_PROFILING,all_to_shortest,greedy,5041,10,10,0.014967918395996094,0.011307280301527474,True,4984.0,8,-1,4984.0
Uniform1-5000_Seed181_J50_M25,"[0.019262, 1.000000]",25,50,0.1,max_proc,lowest_lower_bound,PRUNE,all_to_shortest,greedy,6021,10,10,0.015320539474487305,0.17223052649061618,True,4984.0,8,-1,4984.0
Uniform1-5000_Seed182_J50_M25,"[0.036855, 1.000000]",25,50,0.2,max_proc,lowest_lower_bound,NO_PROFILING,all_to_shortest,greedy,5445,27,27,0.035410404205322266,0.10303030303030303,True,4884.0,25,-1,4884.0
Uniform1-5000_Seed182_J50_M25,"[0.036855, 1.000000]",25,50,0.1,max_proc,lowest_lower_bound,PRUNE,all_to_shortest,greedy,5907,24,24,0.034073591232299805,0.17318435754189945,True,4884.0,22,-1,4884.0
Uniform1-5000_Seed183_J50_M25,"[0.003699, 1.000000]",25,50,0.2,max_proc,lowest_lower_bound,NO_PROFILING,all_to_shortest,greedy,5788,23,23,0.03116011619567871,0.15929509329647545,True,4866.0,21,-1,4866.0
Uniform1-5000_Seed183_J50_M25,"[0.003699, 1.000000]",25,50,0.1,max_proc,lowest_lower_bound,PRUNE,all_to_shortest,greedy,5817,21,21,0.029784440994262695,0.1634863331614234,True,4866.0,19,-1,4866.0
Uniform1-5000_Seed184_J50_M25,"[0.028378, 0.906966]",25,50,0.2,max_proc,lowest_lower_bound,NO_PROFILING,all_to_shortest,greedy,6382,26,26,0.03640174865722656,0.1662425571921028,True,5321.04,24,-1,5321.04
Uniform1-5000_Seed184_J50_M25,"[0.028378, 0.906966]",25,50,0.1,max_proc,lowest_lower_bound,PRUNE,all_to_shortest,greedy,6761,23,27,0.03900003433227539,0.21298032835379382,True,6146.0,25,-1,5321.04
Uniform1-5000_Seed185_J50_M25,"[0.000609, 1.000000]",25,50,0.2,max_proc,lowest_lower_bound,NO_PROFILING,all_to_shortest,greedy,5863,14,14,0.01991415023803711,0.1591335493774518,True,4930.0,12,-1,4930.0
Uniform1-5000_Seed185_J50_M25,"[0.000609, 1.000000]",25,50,0.1,max_proc,lowest_lower_bound,PRUNE,all_to_shortest,greedy,5963,12,12,0.0181427001953125,0.17323494885124938,True,4930.0,10,-1,4930.0
Uniform1-5000_Seed186_J50_M25,"[0.047218, 0.920932]",25,50,0.2,max_proc,lowest_lower_bound,NO_PROFILING,all_to_shortest,greedy,6490,1288,1288,2.306036949157715,0.16461016949152538,True,5421.68,25,-1,5421.68
Uniform1-5000_Seed186_J50_M25,"[0.047218, 0.920932]",25,50,0.1,max_proc,lowest_lower_bound,PRUNE,all_to_shortest,greedy,6736,20,27,0.041481971740722656,0.19511876484560567,True,5800.0,25,-1,5421.68
Uniform1-5000_Seed187_J50_M25,"[0.032817, 0.916298]",25,50,0.2,max_proc,lowest_lower_bound,NO_PROFILING,all_to_shortest,greedy,6470,22,22,0.03110671043395996,0.15694590417310658,True,5454.56,20,-1,5454.56
Uniform1-5000_Seed187_J50_M25,"[0.032817, 0.916298]",25,50,0.1,max_proc,lowest_lower_bound,PRUNE,all_to_shortest,greedy,6538,22,22,0.0319976806640625,0.16571428571428565,True,5454.56,20,-1,5454.56
Uniform1-5000_Seed188_J50_M25,"[0.009627, 1.000000]",25,50,0.2,max_proc,lowest_lower_bound,NO_PROFILING,all_to_shortest,greedy,5858,16,16,0.021897315979003906,0.1488562649368385,True,4986.0,14,-1,4986.0
Uniform1-5000_Seed188_J50_M25,"[0.009627, 1.000000]",25,50,0.1,max_proc,lowest_lower_bound,PRUNE,all_to_shortest,greedy,5933,19,19,0.026848554611206055,0.15961570874768247,True,4986.0,17,-1,4986.0
Uniform1-5000_Seed189_J50_M25,"[0.021480, 1.000000]",25,50,0.2,max_proc,lowest_lower_bound,NO_PROFILING,all_to_shortest,greedy,5271,24,24,0.03256702423095703,0.1079491557579207,True,4702.0,22,-1,4702.0
Uniform1-5000_Seed189_J50_M25,"[0.021480, 1.000000]",25,50,0.1,max_proc,lowest_lower_bound,PRUNE,all_to_shortest,greedy,5573,21,21,0.030615568161010742,0.15628925174950656,True,4702.0,19,-1,4702.0
Uniform1-5000_Seed190_J50_M25,"[0.030083, 1.000000]",25,50,0.2,max_proc,lowest_lower_bound,NO_PROFILING,all_to_shortest,greedy,5859,19,19,0.026576995849609375,0.15463389656938045,True,4953.0,17,-1,4953.0
Uniform1-5000_Seed190_J50_M25,"[0.030083, 1.000000]",25,50,0.1,max_proc,lowest_lower_bound,PRUNE,all_to_shortest,greedy,5850,15,15,0.022490739822387695,0.15333333333333332,True,4953.0,13,-1,4953.0
Uniform1-5000_Seed191_J50_M25,"[0.000803, 1.000000]",25,50,0.2,max_proc,lowest_lower_bound,NO_PROFILING,all_to_shortest,greedy,5755,18,18,0.02641773223876953,0.13397046046915725,True,4984.0,16,-1,4984.0
Uniform1-5000_Seed191_J50_M25,"[0.000803, 1.000000]",25,50,0.1,max_proc,lowest_lower_bound,PRUNE,all_to_shortest,greedy,6099,21,27,0.038884639739990234,0.18281685522216756,True,5178.0,25,-1,4984.0
Uniform1-5000_Seed192_J50_M25,"[0.011018, 0.919563]",25,50,0.2,max_proc,lowest_lower_bound,NO_PROFILING,all_to_shortest,greedy,6777,23,2001,3.0893301963806152,0.2098686734543308,False,5354.72,25,-1,5354.72
Uniform1-5000_Seed192_J50_M25,"[0.011018, 0.919563]",25,50,0.1,max_proc,lowest_lower_bound,PRUNE,all_to_shortest,greedy,6795,22,27,0.039139747619628906,0.21196173657100806,True,5751.0,25,-1,5354.72
Uniform1-5000_Seed193_J50_M25,"[0.002163, 0.981950]",25,50,0.2,max_proc,lowest_lower_bound,NO_PROFILING,all_to_shortest,greedy,6087,343,343,0.461639404296875,0.16448168227369803,True,5085.8,30,-1,5085.8
Uniform1-5000_Seed193_J50_M25,"[0.002163, 0.981950]",25,50,0.1,max_proc,lowest_lower_bound,PRUNE,all_to_shortest,greedy,6278,20,27,0.038514137268066406,0.1899012424338961,True,5201.0,25,-1,5085.8
Uniform1-5000_Seed194_J50_M25,"[0.098706, 1.000000]",25,50,0.2,max_proc,lowest_lower_bound,NO_PROFILING,all_to_shortest,greedy,5829,20,20,0.029424667358398438,0.15182707153885744,True,4944.0,18,-1,4944.0
Uniform1-5000_Seed194_J50_M25,"[0.098706, 1.000000]",25,50,0.1,max_proc,lowest_lower_bound,PRUNE,all_to_shortest,greedy,5861,23,23,0.0344386100769043,0.1564579423306603,True,4944.0,21,-1,4944.0
Uniform1-5000_Seed195_J50_M25,"[0.012435, 0.987875]",25,50,0.2,max_proc,lowest_lower_bound,NO_PROFILING,all_to_shortest,greedy,5920,1798,2001,3.0294015407562256,0.1713716216216217,False,4905.48,25,-1,4905.48
Uniform1-5000_Seed195_J50_M25,"[0.012435, 0.987875]",25,50,0.1,max_proc,lowest_lower_bound,PRUNE,all_to_shortest,greedy,6098,22,27,0.03832221031188965,0.19555919973761896,True,5387.0,25,-1,4905.48
Uniform1-5000_Seed196_J50_M25,"[0.012798, 0.907122]",25,50,0.2,max_proc,lowest_lower_bound,NO_PROFILING,all_to_shortest,greedy,6777,660,2001,3.1455776691436768,0.22749889331562642,False,5235.24,25,-1,5235.24
Uniform1-5000_Seed196_J50_M25,"[0.012798, 0.907122]",25,50,0.1,max_proc,lowest_lower_bound,PRUNE,all_to_shortest,greedy,6105,29,29,0.042136192321777344,0.1424668304668305,True,5469.0,27,-1,5235.24
Uniform1-5000_Seed197_J50_M25,"[0.027971, 0.900494]",25,50,0.2,max_proc,lowest_lower_bound,NO_PROFILING,all_to_shortest,greedy,6723,204,2001,3.3069210052490234,0.17575487133720072,False,5541.4,27,-1,5541.4
Uniform1-5000_Seed197_J50_M25,"[0.027971, 0.900494]",25,50,0.1,max_proc,lowest_lower_bound,PRUNE,all_to_shortest,greedy,6846,26,39,0.055307626724243164,0.1905638328951213,True,5746.0,28,-1,5541.4
Uniform1-5000_Seed198_J50_M25,"[0.010195, 0.928504]",25,50,0.2,max_proc,lowest_lower_bound,NO_PROFILING,all_to_shortest,greedy,6430,1419,2001,3.66406512260437,0.20673716951788487,False,5100.68,25,-1,5100.68
Uniform1-5000_Seed198_J50_M25,"[0.010195, 0.928504]",25,50,0.1,max_proc,lowest_lower_bound,PRUNE,all_to_shortest,greedy,6410,30,30,0.042966365814208984,0.2042620904836193,True,5323.0,28,-1,5100.68
Uniform1-5000_Seed199_J50_M25,"[0.001231, 1.000000]",25,50,0.2,max_proc,lowest_lower_bound,NO_PROFILING,all_to_shortest,greedy,5713,14,14,0.02081155776977539,0.14668300367582707,True,4875.0,12,-1,4875.0
Uniform1-5000_Seed199_J50_M25,"[0.001231, 1.000000]",25,50,0.1,max_proc,lowest_lower_bound,PRUNE,all_to_shortest,greedy,5817,19,19,0.02790236473083496,0.16193914388860237,True,4875.0,17,-1,4875.0
Uniform1-5000_Seed200_J50_M25,"[0.032096, 1.000000]",25,50,0.2,max_proc,lowest_lower_bound,NO_PROFILING,all_to_shortest,greedy,5898,14,14,0.020002126693725586,0.15479823669040352,True,4985.0,12,-1,4985.0
Uniform1-5000_Seed200_J50_M25,"[0.032096, 1.000000]",25,50,0.1,max_proc,lowest_lower_bound,PRUNE,all_to_shortest,greedy,5874,19,19,0.02689647674560547,0.15134490977187606,True,4985.0,17,-1,4985.0
Uniform1-5000_Seed101_J100_M50,"[0.009329, 0.925408]",50,100,0.2,max_proc,lowest_lower_bound,NO_PROFILING,all_to_shortest,greedy,6525,1532,2001,16.64281916618347,0.17857471264367814,False,5359.8,50,-1,5359.8
Uniform1-5000_Seed101_J100_M50,"[0.009329, 0.925408]",50,100,0.1,max_proc,lowest_lower_bound,PRUNE,all_to_shortest,greedy,6599,50,52,0.4121856689453125,0.18778602818608878,True,5596.0,50,-1,5359.8
Uniform1-5000_Seed102_J100_M50,"[0.014766, 0.954229]",50,100,0.2,max_proc,lowest_lower_bound,NO_PROFILING,all_to_shortest,greedy,6453,1743,2001,18.320176601409912,0.19189834185650081,False,5214.68,50,-1,5214.68
Uniform1-5000_Seed102_J100_M50,"[0.014766, 0.954229]",50,100,0.1,max_proc,lowest_lower_bound,PRUNE,all_to_shortest,greedy,6622,51,52,0.4234740734100342,0.21252189670794316,True,5571.0,50,-1,5214.68
Uniform1-5000_Seed103_J100_M50,"[0.002206, 1.000000]",50,100,0.2,max_proc,lowest_lower_bound,NO_PROFILING,all_to_shortest,greedy,5980,53,53,0.40974998474121094,0.1660535117056856,True,4987.0,51,-1,4987.0
Uniform1-5000_Seed103_J100_M50,"[0.002206, 1.000000]",50,100,0.1,max_proc,lowest_lower_bound,PRUNE,all_to_shortest,greedy,5889,65,65,0.5122199058532715,0.1531669213788419,True,4987.0,54,-1,4987.0
Uniform1-5000_Seed104_J100_M50,"[0.013969, 0.984191]",50,100,0.2,max_proc,lowest_lower_bound,NO_PROFILING,all_to_shortest,greedy,6363,1469,2001,17.096848487854004,0.2124438158101524,False,5011.22,50,-1,5011.22
Uniform1-5000_Seed104_J100_M50,"[0.013969, 0.984191]",50,100,0.1,max_proc,lowest_lower_bound,PRUNE,all_to_shortest,greedy,6308,50,52,0.41953301429748535,0.205577045022194,True,5313.0,50,-1,5011.22
Uniform1-5000_Seed105_J100_M50,"[0.000200, 1.000000]",50,100,0.2,max_proc,lowest_lower_bound,NO_PROFILING,all_to_shortest,greedy,5788,21,21,0.16561031341552734,0.13614374568071874,True,5000.0,19,-1,5000.0
Uniform1-5000_Seed105_J100_M50,"[0.000200, 1.000000]",50,100,0.1,max_proc,lowest_lower_bound,PRUNE,all_to_shortest,greedy,5958,26,26,0.21064400672912598,0.16079221215172876,True,5000.0,24,-1,5000.0
Uniform1-5000_Seed106_J100_M50,"[0.001209, 1.000000]",50,100,0.2,max_proc,lowest_lower_bound,NO_PROFILING,all_to_shortest,greedy,5652,50,50,0.36601996421813965,0.1219037508846426,True,4963.0,48,-1,4963.0
Uniform1-5000_Seed106_J100_M50,"[0.001209, 1.000000]",50,100,0.1,max_proc,lowest_lower_bound,PRUNE,all_to_shortest,greedy,5894,45,45,0.33652710914611816,0.15795724465558195,True,4963.0,43,-1,4963.0
Uniform1-5000_Seed107_J100_M50,"[0.001019, 0.996378]",50,100,0.2,max_proc,lowest_lower_bound,NO_PROFILING,all_to_shortest,greedy,6257,324,2001,16.799885511398315,0.21547386926642165,False,4908.78,50,-1,4908.78
Uniform1-5000_Seed107_J100_M50,"[0.001019, 0.996378]",50,100,0.1,max_proc,lowest_lower_bound,PRUNE,all_to_shortest,greedy,6075,54,54,0.4231860637664795,0.1919703703703704,True,5164.0,52,-1,4908.78
Uniform1-5000_Seed108_J100_M50,"[0.016870, 0.943947]",50,100,0.2,max_proc,lowest_lower_bound,NO_PROFILING,all_to_shortest,greedy,6496,555,2001,18.846561193466187,0.18785098522167484,False,5275.72,57,-1,5275.72
Uniform1-5000_Seed108_J100_M50,"[0.016870, 0.943947]",50,100,0.1,max_proc,lowest_lower_bound,PRUNE,all_to_shortest,greedy,6587,65,157,1.3469421863555908,0.1990708972218005,True,5474.0,58,-1,5275.72
Uniform1-5000_Seed109_J100_M50,"[0.008123, 0.961702]",50,100,0.2,max_proc,lowest_lower_bound,NO_PROFILING,all_to_shortest,greedy,6063,887,2001,14.083373546600342,0.16752432789048322,False,5047.3,50,-1,5047.3
Uniform1-5000_Seed109_J100_M50,"[0.008123, 0.961702]",50,100,0.1,max_proc,lowest_lower_bound,PRUNE,all_to_shortest,greedy,6190,50,52,0.39046454429626465,0.18460420032310174,True,5352.0,50,-1,5047.3
Uniform1-5000_Seed110_J100_M50,"[0.021646, 0.916272]",50,100,0.2,max_proc,lowest_lower_bound,NO_PROFILING,all_to_shortest,greedy,6940,1249,2001,17.868672132492065,0.21448991354466865,False,5451.44,50,-1,5451.44
Uniform1-5000_Seed110_J100_M50,"[0.021646, 0.916272]",50,100,0.1,max_proc,lowest_lower_bound,PRUNE,all_to_shortest,greedy,6628,56,56,0.45357680320739746,0.17751357875678944,True,5663.0,54,-1,5451.44
Uniform1-5000_Seed111_J100_M50,"[0.015344, 1.000000]",50,100,0.2,max_proc,lowest_lower_bound,NO_PROFILING,all_to_shortest,greedy,5878,37,37,0.2698061466217041,0.15736645117386866,True,4953.0,35,-1,4953.0
Uniform1-5000_Seed111_J100_M50,"[0.015344, 1.000000]",50,100,0.1,max_proc,lowest_lower_bound,PRUNE,all_to_shortest,greedy,5987,46,46,0.34334349632263184,0.17270753298814098,True,4953.0,44,-1,4953.0
Uniform1-5000_Seed112_J100_M50,"[0.009801, 0.938592]",50,100,0.2,max_proc,lowest_lower_bound,NO_PROFILING,all_to_shortest,greedy,6775,305,2001,18.98309826850891,0.21685313653136537,False,5305.82,50,-1,5305.82
Uniform1-5000_Seed112_J100_M50,"[0.009801, 0.938592]",50,100,0.1,max_proc,lowest_lower_bound,PRUNE,all_to_shortest,greedy,6485,54,54,0.4463322162628174,0.18183191981495764,True,5770.0,51,-1,5305.82
Uniform1-5000_Seed113_J100_M50,"[0.002152, 0.966750]",50,100,0.2,max_proc,lowest_lower_bound,NO_PROFILING,all_to_shortest,greedy,6732,86,2001,18.15128254890442,0.2407991681521094,False,5110.94,50,-1,5110.94
Uniform1-5000_Seed113_J100_M50,"[0.002152, 0.966750]",50,100,0.1,max_proc,lowest_lower_bound,PRUNE,all_to_shortest,greedy,6741,36,52,0.39884114265441895,0.2418127874202641,True,5597.0,50,-1,5110.94
Uniform1-5000_Seed114_J100_M50,"[0.007206, 1.000000]",50,100,0.2,max_proc,lowest_lower_bound,NO_PROFILING,all_to_shortest,greedy,5490,54,54,0.3924674987792969,0.08998178506375228,True,4996.0,52,-1,4996.0
Uniform1-5000_Seed114_J100_M50,"[0.007206, 1.000000]",50,100,0.1,max_proc,lowest_lower_bound,PRUNE,all_to_shortest,greedy,6018,45,45,0.3261995315551758,0.16982386174808906,True,4996.0,43,-1,4996.0
Uniform1-5000_Seed115_J100_M50,"[0.001200, 1.000000]",50,100,0.2,max_proc,lowest_lower_bound,NO_PROFILING,all_to_shortest,greedy,5857,52,52,0.36698222160339355,0.14649137783848387,True,4999.0,50,-1,4999.0
Uniform1-5000_Seed115_J100_M50,"[0.001200, 1.000000]",50,100,0.1,max_proc,lowest_lower_bound,PRUNE,all_to_shortest,greedy,6023,63,63,0.46559977531433105,0.17001494271957496,True,4999.0,54,-1,4999.0
Uniform1-5000_Seed116_J100_M50,"[0.004108, 0.932756]",50,100,0.2,max_proc,lowest_lower_bound,NO_PROFILING,all_to_shortest,greedy,6849,486,2001,17.8876314163208,0.21811943349394067,False,5355.1,50,-1,5355.1
Uniform1-5000_Seed116_J100_M50,"[0.004108, 0.932756]",50,100,0.1,max_proc,lowest_lower_bound,PRUNE,all_to_shortest,greedy,6775,53,53,0.48783373832702637,0.20957933579335788,True,5724.0,51,-1,5355.1
Uniform1-5000_Seed117_J100_M50,"[0.001803, 1.000000]",50,100,0.2,max_proc,lowest_lower_bound,NO_PROFILING,all_to_shortest,greedy,5667,55,55,0.41933536529541016,0.1189341803423328,True,4993.0,53,-1,4993.0
Uniform1-5000_Seed117_J100_M50,"[0.001803, 1.000000]",50,100,0.1,max_proc,lowest_lower_bound,PRUNE,all_to_shortest,greedy,6008,49,49,0.37757086753845215,0.16894141145139813,True,4993.0,47,-1,4993.0
Uniform1-5000_Seed118_J100_M50,"[0.003885, 1.000000]",50,100,0.2,max_proc,lowest_lower_bound,NO_PROFILING,all_to_shortest,greedy,5796,44,44,0.3159189224243164,0.15614216701173222,True,4891.0,42,-1,4891.0
Uniform1-5000_Seed118_J100_M50,"[0.003885, 1.000000]",50,100,0.1,max_proc,lowest_lower_bound,PRUNE,all_to_shortest,greedy,5713,48,48,0.36377549171447754,0.14388237353404515,True,4891.0,46,-1,4891.0
Uniform1-5000_Seed119_J100_M50,"[0.000608, 0.996606]",50,100,0.2,max_proc,lowest_lower_bound,NO_PROFILING,all_to_shortest,greedy,6249,1369,2001,17.269893884658813,0.21063530164826375,False,4932.74,50,-1,4932.74
Uniform1-5000_Seed119_J100_M50,"[0.000608, 0.996606]",50,100,0.1,max_proc,lowest_lower_bound,PRUNE,all_to_shortest,greedy,6327,57,57,0.46567678451538086,0.22036668247194566,True,5291.0,55,-1,4932.74
Uniform1-5000_Seed120_J100_M50,"[0.002137, 0.954657]",50,100,0.2,max_proc,lowest_lower_bound,NO_PROFILING,all_to_shortest,greedy,6434,1979,2001,18.062617778778076,0.19996891513832768,False,5147.4,50,-1,5147.4
Uniform1-5000_Seed120_J100_M50,"[0.002137, 0.954657]",50,100,0.1,max_proc,lowest_lower_bound,PRUNE,all_to_shortest,greedy,6532,44,52,0.42253661155700684,0.21197183098591554,True,5540.0,50,-1,5147.4
Uniform1-5000_Seed121_J100_M50,"[0.002800, 1.000000]",50,100,0.2,max_proc,lowest_lower_bound,NO_PROFILING,all_to_shortest,greedy,5865,46,46,0.3497166633605957,0.1474850809889173,True,5000.0,44,-1,5000.0
Uniform1-5000_Seed121_J100_M50,"[0.002800, 1.000000]",50,100,0.1,max_proc,lowest_lower_bound,PRUNE,all_to_shortest,greedy,6033,58,58,0.45575618743896484,0.171224929554119,True,5000.0,56,-1,5000.0
Uniform1-5000_Seed122_J100_M50,"[0.010456, 1.000000]",50,100,0.2,max_proc,lowest_lower_bound,NO_PROFILING,all_to_shortest,greedy,5997,495,2001,16.276243209838867,0.17075204268801067,False,4973.0,55,-1,4973.0
Uniform1-5000_Seed122_J100_M50,"[0.010456, 1.000000]",50,100,0.1,max_proc,lowest_lower_bound,PRUNE,all_to_shortest,greedy,6099,53,53,0.4121537208557129,0.18462042957861943,True,5056.0,51,-1,4973.0
Uniform1-5000_Seed123_J100_M50,"[0.008066, 1.000000]",50,100,0.2,max_proc,lowest_lower_bound,NO_PROFILING,all_to_shortest,greedy,5840,57,57,0.45491743087768555,0.15085616438356164,True,4959.0,55,-1,4959.0
Uniform1-5000_Seed123_J100_M50,"[0.008066, 1.000000]",50,100,0.1,max_proc,lowest_lower_bound,PRUNE,all_to_shortest,greedy,6056,55,55,0.43311381340026855,0.18114266842800528,True,5054.0,51,-1,4959.0
Uniform1-5000_Seed124_J100_M50,"[0.008316, 1.000000]",50,100,0.2,max_proc,lowest_lower_bound,NO_PROFILING,all_to_shortest,greedy,5903,41,41,0.3005514144897461,0.16483144163984415,True,4930.0,39,-1,4930.0
Uniform1-5000_Seed124_J100_M50,"[0.008316, 1.000000]",50,100,0.1,max_proc,lowest_lower_bound,PRUNE,all_to_shortest,greedy,5917,40,40,0.3108038902282715,0.16680750380260267,True,4930.0,38,-1,4930.0
Uniform1-5000_Seed125_J100_M50,"[0.003091, 0.907758]",50,100,0.2,max_proc,lowest_lower_bound,NO_PROFILING,all_to_shortest,greedy,6777,1662,2001,18.772481441497803,0.1885406522059908,False,5499.26,50,-1,5499.26
Uniform1-5000_Seed125_J100_M50,"[0.003091, 0.907758]",50,100,0.1,max_proc,lowest_lower_bound,PRUNE,all_to_shortest,greedy,7053,52,52,0.4399900436401367,0.22029490996738973,True,5886.0,50,-1,5499.26
Uniform1-5000_Seed126_J100_M50,"[0.000814, 1.000000]",50,100,0.2,max_proc,lowest_lower_bound,NO_PROFILING,all_to_shortest,greedy,5977,51,2001,15.743126392364502,0.1778484189392672,False,4914.0,50,-1,4914.0
Uniform1-5000_Seed126_J100_M50,"[0.000814, 1.000000]",50,100,0.1,max_proc,lowest_lower_bound,PRUNE,all_to_shortest,greedy,6002,49,52,0.4131743907928467,0.18127290903032323,True,5095.0,50,-1,4914.0
Uniform1-5000_Seed127_J100_M50,"[0.007230, 0.976239]",50,100,0.2,max_proc,lowest_lower_bound,NO_PROFILING,all_to_shortest,greedy,6508,411,2001,16.763996362686157,0.2136447449293177,False,5117.6,50,-1,5117.6
Uniform1-5000_Seed127_J100_M50,"[0.007230, 0.976239]",50,100,0.1,max_proc,lowest_lower_bound,PRUNE,all_to_shortest,greedy,6556,53,53,0.42937421798706055,0.21940207443563142,True,5424.0,50,-1,5117.6
Uniform1-5000_Seed128_J100_M50,"[0.006866, 1.000000]",50,100,0.2,max_proc,lowest_lower_bound,NO_PROFILING,all_to_shortest,greedy,5876,42,42,0.31197619438171387,0.1572498298162015,True,4952.0,40,-1,4952.0
Uniform1-5000_Seed128_J100_M50,"[0.006866, 1.000000]",50,100,0.1,max_proc,lowest_lower_bound,PRUNE,all_to_shortest,greedy,5983,48,48,0.3816814422607422,0.17232157780377738,True,4952.0,46,-1,4952.0
Uniform1-5000_Seed129_J100_M50,"[0.022873, 1.000000]",50,100,0.2,max_proc,lowest_lower_bound,NO_PROFILING,all_to_shortest,greedy,6232,1322,2001,15.876176357269287,0.20025673940949937,False,4984.0,50,-1,4984.0
Uniform1-5000_Seed129_J100_M50,"[0.022873, 1.000000]",50,100,0.1,max_proc,lowest_lower_bound,PRUNE,all_to_shortest,greedy,6267,53,53,0.41945338249206543,0.20472315302377533,True,5195.0,50,-1,4984.0
Uniform1-5000_Seed130_J100_M50,"[0.034014, 0.953358]",50,100,0.2,max_proc,lowest_lower_bound,NO_PROFILING,all_to_shortest,greedy,6501,451,2001,17.781083583831787,0.1950346100599908,False,5233.08,50,-1,5233.08
Uniform1-5000_Seed130_J100_M50,"[0.034014, 0.953358]",50,100,0.1,max_proc,lowest_lower_bound,PRUNE,all_to_shortest,greedy,6522,43,52,0.5096909999847412,0.1976264949402024,True,5557.0,50,-1,5233.08
Uniform1-5000_Seed131_J100_M50,"[0.013071, 0.958969]",50,100,0.2,max_proc,lowest_lower_bound,NO_PROFILING,all_to_shortest,greedy,6340,1234,2001,17.328479528427124,0.17942271293375395,False,5202.46,61,-1,5202.46
Uniform1-5000_Seed131_J100_M50,"[0.013071, 0.958969]",50,100,0.1,max_proc,lowest_lower_bound,PRUNE,all_to_shortest,greedy,6317,149,149,1.2862350940704346,0.17643501662181416,True,5235.0,59,-1,5202.46
Uniform1-5000_Seed132_J100_M50,"[0.001856, 1.000000]",50,100,0.2,max_proc,lowest_lower_bound,NO_PROFILING,all_to_shortest,greedy,5810,62,62,0.47702527046203613,0.1655765920826162,True,4848.0,60,-1,4848.0
Uniform1-5000_Seed132_J100_M50,"[0.001856, 1.000000]",50,100,0.1,max_proc,lowest_lower_bound,PRUNE,all_to_shortest,greedy,5835,75,75,0.5892057418823242,0.16915167095115682,True,4848.0,61,-1,4848.0
Uniform1-5000_Seed133_J100_M50,"[0.001201, 1.000000]",50,100,0.2,max_proc,lowest_lower_bound,NO_PROFILING,all_to_shortest,greedy,5964,21,21,0.16212081909179688,0.16247484909456741,True,4995.0,19,-1,4995.0
Uniform1-5000_Seed133_J100_M50,"[0.001201, 1.000000]",50,100,0.1,max_proc,lowest_lower_bound,PRUNE,all_to_shortest,greedy,6034,19,19,0.1647779941558838,0.1721909181305933,True,4995.0,17,-1,4995.0
Uniform1-5000_Seed134_J100_M50,"[0.015876, 1.000000]",50,100,0.2,max_proc,lowest_lower_bound,NO_PROFILING,all_to_shortest,greedy,5942,59,2001,18.00571608543396,0.19437899697071692,False,4787.0,60,-1,4787.0
Uniform1-5000_Seed134_J100_M50,"[0.015876, 1.000000]",50,100,0.1,max_proc,lowest_lower_bound,PRUNE,all_to_shortest,greedy,5860,95,95,0.7380557060241699,0.18310580204778157,True,4890.0,61,-1,4787.0
Uniform1-5000_Seed135_J100_M50,"[0.014767, 0.999324]",50,100,0.2,max_proc,lowest_lower_bound,NO_PROFILING,all_to_shortest,greedy,5814,49,49,0.3811373710632324,0.14975232198142413,True,4943.34,47,-1,4943.34
Uniform1-5000_Seed135_J100_M50,"[0.014767, 0.999324]",50,100,0.1,max_proc,lowest_lower_bound,PRUNE,all_to_shortest,greedy,5959,48,48,0.38716745376586914,0.1704413492196677,True,4943.34,46,-1,4943.34
Uniform1-5000_Seed136_J100_M50,"[0.021724, 0.988631]",50,100,0.2,max_proc,lowest_lower_bound,NO_PROFILING,all_to_shortest,greedy,5983,65,2001,18.571057319641113,0.16905900050142061,False,4971.52,66,-1,4971.52
Uniform1-5000_Seed136_J100_M50,"[0.021724, 0.988631]",50,100,0.1,max_proc,lowest_lower_bound,PRUNE,all_to_shortest,greedy,5954,44,44,0.34911489486694336,0.16501175680214974,True,4971.52,42,-1,4971.52
Uniform1-5000_Seed137_J100_M50,"[0.039546, 0.939255]",50,100,0.2,max_proc,lowest_lower_bound,NO_PROFILING,all_to_shortest,greedy,6523,1991,2001,18.001508474349976,0.18978384179058716,False,5285.04,56,-1,5285.04
Uniform1-5000_Seed137_J100_M50,"[0.039546, 0.939255]",50,100,0.1,max_proc,lowest_lower_bound,PRUNE,all_to_shortest,greedy,6649,52,68,0.5795834064483643,0.2051376146788991,True,5547.0,56,-1,5285.04
Uniform1-5000_Seed138_J100_M50,"[0.006926, 1.000000]",50,100,0.2,max_proc,lowest_lower_bound,NO_PROFILING,all_to_shortest,greedy,5858,46,46,0.36638879776000977,0.16200068282690339,True,4909.0,44,-1,4909.0
Uniform1-5000_Seed138_J100_M50,"[0.006926, 1.000000]",50,100,0.1,max_proc,lowest_lower_bound,PRUNE,all_to_shortest,greedy,5760,48,48,0.3847064971923828,0.14774305555555556,True,4909.0,46,-1,4909.0
Uniform1-5000_Seed139_J100_M50,"[0.005917, 0.965460]",50,100,0.2,max_proc,lowest_lower_bound,NO_PROFILING,all_to_shortest,greedy,6228,52,2001,15.7217276096344,0.1859152215799615,False,5070.12,50,-1,5070.12
Uniform1-5000_Seed139_J100_M50,"[0.005917, 0.965460]",50,100,0.1,max_proc,lowest_lower_bound,PRUNE,all_to_shortest,greedy,6244,52,52,0.4106564521789551,0.1880012812299808,True,5453.0,50,-1,5070.12
Uniform1-5000_Seed140_J100_M50,"[0.000798, 0.983602]",50,100,0.2,max_proc,lowest_lower_bound,NO_PROFILING,all_to_shortest,greedy,5973,62,62,0.4829976558685303,0.1603482337183995,True,5015.24,60,-1,5015.24
Uniform1-5000_Seed140_J100_M50,"[0.000798, 0.983602]",50,100,0.1,max_proc,lowest_lower_bound,PRUNE,all_to_shortest,greedy,6042,59,59,0.4759948253631592,0.16993710691823902,True,5015.24,57,-1,5015.24
Uniform1-5000_Seed141_J100_M50,"[0.009307, 0.989493]",50,100,0.2,max_proc,lowest_lower_bound,NO_PROFILING,all_to_shortest,greedy,6120,125,2001,17.080567836761475,0.17482679738562085,False,5050.06,50,-1,5050.06
Uniform1-5000_Seed141_J100_M50,"[0.009307, 0.989493]",50,100,0.1,max_proc,lowest_lower_bound,PRUNE,all_to_shortest,greedy,6332,46,52,0.42658066749572754,0.20245420088439664,True,5251.0,50,-1,5050.06
Uniform1-5000_Seed142_J100_M50,"[0.017955, 0.921687]",50,100,0.2,max_proc,lowest_lower_bound,NO_PROFILING,all_to_shortest,greedy,6642,1048,2001,16.254578351974487,0.1950135501355013,False,5346.72,50,-1,5346.72
Uniform1-5000_Seed142_J100_M50,"[0.017955, 0.921687]",50,100,0.1,max_proc,lowest_lower_bound,PRUNE,all_to_shortest,greedy,6743,51,54,0.44010114669799805,0.20707103663057982,True,5605.0,52,-1,5346.72
Uniform1-5000_Seed143_J100_M50,"[0.017814, 1.000000]",50,100,0.2,max_proc,lowest_lower_bound,NO_PROFILING,all_to_shortest,greedy,5992,49,49,0.3779869079589844,0.16622162883845126,True,4996.0,47,-1,4996.0
Uniform1-5000_Seed143_J100_M50,"[0.017814, 1.000000]",50,100,0.1,max_proc,lowest_lower_bound,PRUNE,all_to_shortest,greedy,6038,52,52,0.41477274894714355,0.17257369990062935,True,5139.0,50,-1,4996.0
Uniform1-5000_Seed144_J100_M50,"[0.001396, 0.990239]",50,100,0.2,max_proc,lowest_lower_bound,NO_PROFILING,all_to_shortest,greedy,6293,547,2001,17.113975524902344,0.20293023994914985,False,5015.96,50,-1,5015.96
Uniform1-5000_Seed144_J100_M50,"[0.001396, 0.990239]",50,100,0.1,max_proc,lowest_lower_bound,PRUNE,all_to_shortest,greedy,6302,55,55,0.4450809955596924,0.20406854966677246,True,5335.0,53,-1,5015.96
Uniform1-5000_Seed145_J100_M50,"[0.003423, 1.000000]",50,100,0.2,max_proc,lowest_lower_bound,NO_PROFILING,all_to_shortest,greedy,6078,865,2001,15.346614599227905,0.18279039157617638,False,4967.0,53,-1,4967.0
Uniform1-5000_Seed145_J100_M50,"[0.003423, 1.000000]",50,100,0.1,max_proc,lowest_lower_bound,PRUNE,all_to_shortest,greedy,6188,55,59,0.4730958938598633,0.19731738849385907,True,5139.0,53,-1,4967.0
Uniform1-5000_Seed146_J100_M50,"[0.002411, 1.000000]",50,100,0.2,max_proc,lowest_lower_bound,NO_PROFILING,all_to_shortest,greedy,5952,215,215,1.5793931484222412,0.16364247311827956,True,4978.0,50,-1,4978.0
Uniform1-5000_Seed146_J100_M50,"[0.002411, 1.000000]",50,100,0.1,max_proc,lowest_lower_bound,PRUNE,all_to_shortest,greedy,6159,42,52,0.4014291763305664,0.19175190777723655,True,5227.0,50,-1,4978.0
Uniform1-5000_Seed147_J100_M50,"[0.002209, 1.000000]",50,100,0.2,max_proc,lowest_lower_bound,NO_PROFILING,all_to_shortest,greedy,5921,26,26,0.19672203063964844,0.15909474750886674,True,4979.0,24,-1,4979.0
Uniform1-5000_Seed147_J100_M50,"[0.002209, 1.000000]",50,100,0.1,max_proc,lowest_lower_bound,PRUNE,all_to_shortest,greedy,5990,34,34,0.26589441299438477,0.1687813021702838,True,4979.0,32,-1,4979.0
Uniform1-5000_Seed148_J100_M50,"[0.003285, 0.934616]",50,100,0.2,max_proc,lowest_lower_bound,NO_PROFILING,all_to_shortest,greedy,6396,92,2001,17.794475317001343,0.19100687929956228,False,5174.32,57,-1,5174.32
Uniform1-5000_Seed148_J100_M50,"[0.003285, 0.934616]",50,100,0.1,max_proc,lowest_lower_bound,PRUNE,all_to_shortest,greedy,6431,53,74,0.6241824626922607,0.19540973410045098,True,5352.0,57,-1,5174.32
Uniform1-5000_Seed149_J100_M50,"[0.006578, 0.965215]",50,100,0.2,max_proc,lowest_lower_bound,NO_PROFILING,all_to_shortest,greedy,6281,1809,2001,17.619067907333374,0.2013214456296768,False,5016.5,52,-1,5016.5
Uniform1-5000_Seed149_J100_M50,"[0.006578, 0.965215]",50,100,0.1,max_proc,lowest_lower_bound,PRUNE,all_to_shortest,greedy,6084,64,64,0.4968109130859375,0.1754602235371466,True,5202.0,54,-1,5016.5
Uniform1-5000_Seed150_J100_M50,"[0.005236, 1.000000]",50,100,0.2,max_proc,lowest_lower_bound,NO_PROFILING,all_to_shortest,greedy,5925,24,24,0.18363547325134277,0.16185654008438818,True,4966.0,22,-1,4966.0
Uniform1-5000_Seed150_J100_M50,"[0.005236, 1.000000]",50,100,0.1,max_proc,lowest_lower_bound,PRUNE,all_to_shortest,greedy,5995,14,14,0.11835694313049316,0.17164303586321936,True,4966.0,12,-1,4966.0
Uniform1-5000_Seed151_J100_M50,"[0.011145, 0.928048]",50,100,0.2,max_proc,lowest_lower_bound,NO_PROFILING,all_to_shortest,greedy,6821,47,2001,17.937058687210083,0.2107696818648292,False,5383.34,50,-1,5383.34
Uniform1-5000_Seed151_J100_M50,"[0.011145, 0.928048]",50,100,0.1,max_proc,lowest_lower_bound,PRUNE,all_to_shortest,greedy,6834,50,53,0.423583984375,0.21227099795141935,True,5754.0,51,-1,5383.34
Uniform1-5000_Seed152_J100_M50,"[0.014572, 0.956937]",50,100,0.2,max_proc,lowest_lower_bound,NO_PROFILING,all_to_shortest,greedy,6571,249,2001,15.512770414352417,0.20626997412874748,False,5215.6,50,-1,5215.6
Uniform1-5000_Seed152_J100_M50,"[0.014572, 0.956937]",50,100,0.1,max_proc,lowest_lower_bound,PRUNE,all_to_shortest,greedy,6567,52,52,0.4098174571990967,0.20578650829907105,True,5613.0,50,-1,5215.6
Uniform1-5000_Seed153_J100_M50,"[0.003618, 1.000000]",50,100,0.2,max_proc,lowest_lower_bound,NO_PROFILING,all_to_shortest,greedy,5798,59,59,0.4365410804748535,0.1419454984477406,True,4975.0,57,-1,4975.0
Uniform1-5000_Seed153_J100_M50,"[0.003618, 1.000000]",50,100,0.1,max_proc,lowest_lower_bound,PRUNE,all_to_shortest,greedy,5996,57,57,0.44506072998046875,0.17028018679119414,True,4975.0,52,-1,4975.0
Uniform1-5000_Seed154_J100_M50,"[0.003824, 1.000000]",50,100,0.2,max_proc,lowest_lower_bound,NO_PROFILING,all_to_shortest,greedy,5848,59,59,0.4517490863800049,0.15047879616963064,True,4968.0,57,-1,4968.0
Uniform1-5000_Seed154_J100_M50,"[0.003824, 1.000000]",50,100,0.1,max_proc,lowest_lower_bound,PRUNE,all_to_shortest,greedy,6075,55,143,1.061537504196167,0.18222222222222223,True,5080.0,57,-1,4968.0
Uniform1-5000_Seed155_J100_M50,"[0.000832, 1.000000]",50,100,0.2,max_proc,lowest_lower_bound,NO_PROFILING,all_to_shortest,greedy,6068,1388,2001,15.724223375320435,0.20814106789716547,False,4805.0,50,-1,4805.0
Uniform1-5000_Seed155_J100_M50,"[0.000832, 1.000000]",50,100,0.1,max_proc,lowest_lower_bound,PRUNE,all_to_shortest,greedy,5644,60,60,0.46673130989074707,0.14865343727852587,True,4996.0,55,-1,4805.0
Uniform1-5000_Seed156_J100_M50,"[0.015306, 1.000000]",50,100,0.2,max_proc,lowest_lower_bound,NO_PROFILING,all_to_shortest,greedy,5871,50,50,0.38674449920654297,0.16538920115823538,True,4900.0,48,-1,4900.0
Uniform1-5000_Seed156_J100_M50,"[0.015306, 1.000000]",50,100,0.1,max_proc,lowest_lower_bound,PRUNE,all_to_shortest,greedy,5822,44,44,0.3345012664794922,0.15836482308485056,True,4900.0,42,-1,4900.0
Uniform1-5000_Seed157_J100_M50,"[0.009912, 0.981321]",50,100,0.2,max_proc,lowest_lower_bound,NO_PROFILING,all_to_shortest,greedy,6520,1425,2001,16.924540042877197,0.22634662576687112,False,5044.22,50,-1,5044.22
Uniform1-5000_Seed157_J100_M50,"[0.009912, 0.981321]",50,100,0.1,max_proc,lowest_lower_bound,PRUNE,all_to_shortest,greedy,6569,51,52,0.40227770805358887,0.23211752169279948,True,5449.0,50,-1,5044.22
Uniform1-5000_Seed158_J100_M50,"[0.005722, 0.984396]",50,100,0.2,max_proc,lowest_lower_bound,NO_PROFILING,all_to_shortest,greedy,6023,53,53,0.39722228050231934,0.15854557529470364,True,5068.08,51,-1,5068.08
Uniform1-5000_Seed158_J100_M50,"[0.005722, 0.984396]",50,100,0.1,max_proc,lowest_lower_bound,PRUNE,all_to_shortest,greedy,6027,68,68,0.5345718860626221,0.15910403185664512,True,5068.08,57,-1,5068.08
Uniform1-5000_Seed159_J100_M50,"[0.002406, 1.000000]",50,100,0.2,max_proc,lowest_lower_bound,NO_PROFILING,all_to_shortest,greedy,5842,16,16,0.12357759475708008,0.14635398836015062,True,4987.0,14,-1,4987.0
Uniform1-5000_Seed159_J100_M50,"[0.002406, 1.000000]",50,100,0.1,max_proc,lowest_lower_bound,PRUNE,all_to_shortest,greedy,5842,16,16,0.12665128707885742,0.14635398836015062,True,4987.0,14,-1,4987.0
Uniform1-5000_Seed160_J100_M50,"[0.045403, 0.871381]",50,100,0.2,max_proc,lowest_lower_bound,NO_PROFILING,all_to_shortest,greedy,7212,933,2001,16.557498455047607,0.2059706045479756,False,5726.54,50,-1,5726.54
Uniform1-5000_Seed160_J100_M50,"[0.045403, 0.871381]",50,100,0.1,max_proc,lowest_lower_bound,PRUNE,all_to_shortest,greedy,7318,50,52,0.42118215560913086,0.21747198688166167,True,6255.0,50,-1,5726.54
Uniform1-5000_Seed161_J100_M50,"[0.006816, 1.000000]",50,100,0.2,max_proc,lowest_lower_bound,NO_PROFILING,all_to_shortest,greedy,5634,63,63,0.49211740493774414,0.11466098686545971,True,4988.0,61,-1,4988.0
Uniform1-5000_Seed161_J100_M50,"[0.006816, 1.000000]",50,100,0.1,max_proc,lowest_lower_bound,PRUNE,all_to_shortest,greedy,6055,158,158,1.2238311767578125,0.17621800165152765,True,5020.0,57,-1,4988.0
Uniform1-5000_Seed162_J100_M50,"[0.013510, 0.935034]",50,100,0.2,max_proc,lowest_lower_bound,NO_PROFILING,all_to_shortest,greedy,6934,1534,2001,17.561437129974365,0.23143640034612054,False,5329.22,50,-1,5329.22
Uniform1-5000_Seed162_J100_M50,"[0.013510, 0.935034]",50,100,0.1,max_proc,lowest_lower_bound,PRUNE,all_to_shortest,greedy,6514,58,58,0.44819211959838867,0.18188210009210926,True,5734.0,52,-1,5329.22
Uniform1-5000_Seed163_J100_M50,"[0.012940, 0.910412]",50,100,0.2,max_proc,lowest_lower_bound,NO_PROFILING,all_to_shortest,greedy,7128,1160,2001,20.76692771911621,0.2410718294051627,False,5409.64,50,-1,5409.64
Uniform1-5000_Seed163_J100_M50,"[0.012940, 0.910412]",50,100,0.1,max_proc,lowest_lower_bound,PRUNE,all_to_shortest,greedy,6894,46,52,0.4239473342895508,0.2153118653901943,True,5879.0,50,-1,5409.64
Uniform1-5000_Seed164_J100_M50,"[0.018376, 0.925293]",50,100,0.2,max_proc,lowest_lower_bound,NO_PROFILING,all_to_shortest,greedy,6464,56,56,0.42450952529907227,0.1665408415841585,True,5387.48,54,-1,5387.48
Uniform1-5000_Seed164_J100_M50,"[0.018376, 0.925293]",50,100,0.1,max_proc,lowest_lower_bound,PRUNE,all_to_shortest,greedy,6461,58,58,0.4571840763092041,0.16615384615384624,True,5387.48,56,-1,5387.48
Uniform1-5000_Seed165_J100_M50,"[0.004860, 0.959168]",50,100,0.2,max_proc,lowest_lower_bound,NO_PROFILING,all_to_shortest,greedy,6499,1444,2001,15.996100902557373,0.20848745960917064,False,5144.04,50,-1,5144.04
Uniform1-5000_Seed165_J100_M50,"[0.004860, 0.959168]",50,100,0.1,max_proc,lowest_lower_bound,PRUNE,all_to_shortest,greedy,6604,54,54,0.423159122467041,0.22107207752877045,True,5619.0,51,-1,5144.04
Uniform1-5000_Seed166_J100_M50,"[0.001189, 0.975018]",50,100,0.2,max_proc,lowest_lower_bound,NO_PROFILING,all_to_shortest,greedy,6101,230,2001,16.630687475204468,0.1729126372725782,False,5046.06,50,-1,5046.06
Uniform1-5000_Seed166_J100_M50,"[0.001189, 0.975018]",50,100,0.1,max_proc,lowest_lower_bound,PRUNE,all_to_shortest,greedy,6357,49,52,0.41524744033813477,0.2062199150542708,True,5324.0,50,-1,5046.06
Uniform1-5000_Seed167_J100_M50,"[0.008047, 1.000000]",50,100,0.2,max_proc,lowest_lower_bound,NO_PROFILING,all_to_shortest,greedy,5885,49,49,0.3530747890472412,0.15531011045029736,True,4971.0,47,-1,4971.0
Uniform1-5000_Seed167_J100_M50,"[0.008047, 1.000000]",50,100,0.1,max_proc,lowest_lower_bound,PRUNE,all_to_shortest,greedy,6012,43,43,0.32151246070861816,0.17315369261477045,True,4971.0,41,-1,4971.0
Uniform1-5000_Seed168_J100_M50,"[0.008795, 0.926142]",50,100,0.2,max_proc,lowest_lower_bound,NO_PROFILING,all_to_shortest,greedy,6747,354,2001,20.516279935836792,0.22479620572106118,False,5230.3,50,-1,5230.3
Uniform1-5000_Seed168_J100_M50,"[0.008795, 0.926142]",50,100,0.1,max_proc,lowest_lower_bound,PRUNE,all_to_shortest,greedy,6536,47,52,0.41522979736328125,0.1997705018359853,True,5631.0,50,-1,5230.3
Uniform1-5000_Seed169_J100_M50,"[0.000402, 1.000000]",50,100,0.2,max_proc,lowest_lower_bound,NO_PROFILING,all_to_shortest,greedy,5968,50,50,0.36582016944885254,0.1665549597855228,True,4974.0,48,-1,4974.0
Uniform1-5000_Seed169_J100_M50,"[0.000402, 1.000000]",50,100,0.1,max_proc,lowest_lower_bound,PRUNE,all_to_shortest,greedy,5994,53,53,0.40265989303588867,0.17017017017017017,True,4974.0,51,-1,4974.0
Uniform1-5000_Seed170_J100_M50,"[0.001394, 0.989160]",50,100,0.2,max_proc,lowest_lower_bound,NO_PROFILING,all_to_shortest,greedy,6466,1114,2001,17.512531995773315,0.22356634704608722,False,5020.42,50,-1,5020.42
Uniform1-5000_Seed170_J100_M50,"[0.001394, 0.989160]",50,100,0.1,max_proc,lowest_lower_bound,PRUNE,all_to_shortest,greedy,6241,69,69,0.5515549182891846,0.19557442717513218,True,5340.0,58,-1,5020.42
Uniform1-5000_Seed171_J100_M50,"[0.010821, 0.911922]",50,100,0.2,max_proc,lowest_lower_bound,NO_PROFILING,all_to_shortest,greedy,6996,220,2001,19.13718008995056,0.2206660949113779,False,5452.22,50,-1,5452.22
Uniform1-5000_Seed171_J100_M50,"[0.010821, 0.911922]",50,100,0.1,max_proc,lowest_lower_bound,PRUNE,all_to_shortest,greedy,7035,52,52,0.40925121307373047,0.22498649609097365,True,6002.0,50,-1,5452.22
Uniform1-5000_Seed172_J100_M50,"[0.014518, 0.922152]",50,100,0.2,max_proc,lowest_lower_bound,NO_PROFILING,all_to_shortest,greedy,6627,992,2001,17.643401622772217,0.19965293496303008,False,5303.9,50,-1,5303.9
Uniform1-5000_Seed172_J100_M50,"[0.014518, 0.922152]",50,100,0.1,max_proc,lowest_lower_bound,PRUNE,all_to_shortest,greedy,6664,54,56,0.4909510612487793,0.20409663865546224,True,5530.0,52,-1,5303.9
Uniform1-5000_Seed173_J100_M50,"[0.016238, 1.000000]",50,100,0.2,max_proc,lowest_lower_bound,NO_PROFILING,all_to_shortest,greedy,5713,55,55,0.421872615814209,0.14843339751444076,True,4865.0,53,-1,4865.0
Uniform1-5000_Seed173_J100_M50,"[0.016238, 1.000000]",50,100,0.1,max_proc,lowest_lower_bound,PRUNE,all_to_shortest,greedy,5872,48,48,0.3720700740814209,0.17149182561307902,True,4865.0,46,-1,4865.0
Uniform1-5000_Seed174_J100_M50,"[0.001427, 0.969229]",50,100,0.2,max_proc,lowest_lower_bound,NO_PROFILING,all_to_shortest,greedy,6019,604,2001,16.700725555419922,0.18526333277953155,False,4903.9,50,-1,4903.9
Uniform1-5000_Seed174_J100_M50,"[0.001427, 0.969229]",50,100,0.1,max_proc,lowest_lower_bound,PRUNE,all_to_shortest,greedy,6133,51,52,0.4299652576446533,0.20040763084950275,True,5108.0,50,-1,4903.9
Uniform1-5000_Seed175_J100_M50,"[0.014635, 0.971296]",50,100,0.2,max_proc,lowest_lower_bound,NO_PROFILING,all_to_shortest,greedy,6379,908,2001,17.107974529266357,0.2180310393478601,False,4988.18,50,-1,4988.18
Uniform1-5000_Seed175_J100_M50,"[0.014635, 0.971296]",50,100,0.1,max_proc,lowest_lower_bound,PRUNE,all_to_shortest,greedy,6470,49,52,0.4505884647369385,0.22902936630602777,True,5401.0,50,-1,4988.18
Uniform1-5000_Seed176_J100_M50,"[0.010084, 1.000000]",50,100,0.2,max_proc,lowest_lower_bound,NO_PROFILING,all_to_shortest,greedy,5861,489,2001,16.570647478103638,0.17096058693055793,False,4859.0,54,-1,4859.0
Uniform1-5000_Seed176_J100_M50,"[0.010084, 1.000000]",50,100,0.1,max_proc,lowest_lower_bound,PRUNE,all_to_shortest,greedy,6000,50,58,0.47547006607055664,0.19016666666666668,True,5024.0,53,-1,4859.0
Uniform1-5000_Seed177_J100_M50,"[0.004031, 1.000000]",50,100,0.2,max_proc,lowest_lower_bound,NO_PROFILING,all_to_shortest,greedy,6385,921,2001,16.66684603691101,0.22286609240407204,False,4962.0,50,-1,4962.0
Uniform1-5000_Seed177_J100_M50,"[0.004031, 1.000000]",50,100,0.1,max_proc,lowest_lower_bound,PRUNE,all_to_shortest,greedy,6185,57,57,0.4385824203491211,0.1977364591754244,True,5124.0,52,-1,4962.0
Uniform1-5000_Seed178_J100_M50,"[0.016140, 0.885899]",50,100,0.2,max_proc,lowest_lower_bound,NO_PROFILING,all_to_shortest,greedy,7218,1158,2001,17.09119749069214,0.21885009697977276,False,5638.34,50,-1,5638.34
Uniform1-5000_Seed178_J100_M50,"[0.016140, 0.885899]",50,100,0.1,max_proc,lowest_lower_bound,PRUNE,all_to_shortest,greedy,7156,58,58,0.4972341060638428,0.2120821688093907,True,6113.0,53,-1,5638.34
Uniform1-5000_Seed179_J100_M50,"[0.004862, 1.000000]",50,100,0.2,max_proc,lowest_lower_bound,NO_PROFILING,all_to_shortest,greedy,5929,1746,2001,15.984493255615234,0.1674818687805701,False,4936.0,50,-1,4936.0
Uniform1-5000_Seed179_J100_M50,"[0.004862, 1.000000]",50,100,0.1,max_proc,lowest_lower_bound,PRUNE,all_to_shortest,greedy,5996,51,52,0.4170863628387451,0.17678452301534356,True,5091.0,50,-1,4936.0
Uniform1-5000_Seed180_J100_M50,"[0.006690, 0.926690]",50,100,0.2,max_proc,lowest_lower_bound,NO_PROFILING,all_to_shortest,greedy,6752,798,2001,15.716397762298584,0.20297393364928903,False,5381.52,50,-1,5381.52
Uniform1-5000_Seed180_J100_M50,"[0.006690, 0.926690]",50,100,0.1,max_proc,lowest_lower_bound,PRUNE,all_to_shortest,greedy,6878,51,52,0.406724214553833,0.21757487641756318,True,5776.0,50,-1,5381.52
Uniform1-5000_Seed181_J100_M50,"[0.003812, 1.000000]",50,100,0.2,max_proc,lowest_lower_bound,NO_PROFILING,all_to_shortest,greedy,5925,41,41,0.3132815361022949,0.15881856540084388,True,4984.0,39,-1,4984.0
Uniform1-5000_Seed181_J100_M50,"[0.003812, 1.000000]",50,100,0.1,max_proc,lowest_lower_bound,PRUNE,all_to_shortest,greedy,5990,43,43,0.3308689594268799,0.1679465776293823,True,4984.0,41,-1,4984.0
Uniform1-5000_Seed182_J100_M50,"[0.036298, 1.000000]",50,100,0.2,max_proc,lowest_lower_bound,NO_PROFILING,all_to_shortest,greedy,5848,62,62,0.46048712730407715,0.15201778385772913,True,4959.0,60,-1,4959.0
Uniform1-5000_Seed182_J100_M50,"[0.036298, 1.000000]",50,100,0.1,max_proc,lowest_lower_bound,PRUNE,all_to_shortest,greedy,5923,71,71,0.5329432487487793,0.16275536045922676,True,4959.0,54,-1,4959.0
Uniform1-5000_Seed183_J100_M50,"[0.003699, 1.000000]",50,100,0.2,max_proc,lowest_lower_bound,NO_PROFILING,all_to_shortest,greedy,5733,23,23,0.18304944038391113,0.1512297226582941,True,4866.0,21,-1,4866.0
Uniform1-5000_Seed183_J100_M50,"[0.003699, 1.000000]",50,100,0.1,max_proc,lowest_lower_bound,PRUNE,all_to_shortest,greedy,5763,22,22,0.1811537742614746,0.1556480999479438,True,4866.0,20,-1,4866.0
Uniform1-5000_Seed184_J100_M50,"[0.028514, 0.942840]",50,100,0.2,max_proc,lowest_lower_bound,NO_PROFILING,all_to_shortest,greedy,6664,490,2001,17.057960987091064,0.20532713085234097,False,5295.7,50,-1,5295.7
Uniform1-5000_Seed184_J100_M50,"[0.028514, 0.942840]",50,100,0.1,max_proc,lowest_lower_bound,PRUNE,all_to_shortest,greedy,6902,47,52,0.42023515701293945,0.23272964358157058,True,5722.0,50,-1,5295.7
Uniform1-5000_Seed185_J100_M50,"[0.000603, 0.994834]",50,100,0.2,max_proc,lowest_lower_bound,NO_PROFILING,all_to_shortest,greedy,6193,608,2001,17.396053791046143,0.19607298562893585,False,4978.72,53,-1,4978.72
Uniform1-5000_Seed185_J100_M50,"[0.000603, 0.994834]",50,100,0.1,max_proc,lowest_lower_bound,PRUNE,all_to_shortest,greedy,6289,43,57,0.4463062286376953,0.20834472889171565,True,5219.0,51,-1,4978.72
Uniform1-5000_Seed186_J100_M50,"[0.009021, 0.979177]",50,100,0.2,max_proc,lowest_lower_bound,NO_PROFILING,all_to_shortest,greedy,6300,144,2001,17.327173471450806,0.19060634920634917,False,5099.18,50,-1,5099.18
Uniform1-5000_Seed186_J100_M50,"[0.009021, 0.979177]",50,100,0.1,max_proc,lowest_lower_bound,PRUNE,all_to_shortest,greedy,6436,51,52,0.4319899082183838,0.20770975761342444,True,5384.0,50,-1,5099.18
Uniform1-5000_Seed187_J100_M50,"[0.002990, 0.933965]",50,100,0.2,max_proc,lowest_lower_bound,NO_PROFILING,all_to_shortest,greedy,6864,1965,2001,18.239490032196045,0.2203700466200466,False,5351.38,50,-1,5351.38
Uniform1-5000_Seed187_J100_M50,"[0.002990, 0.933965]",50,100,0.1,max_proc,lowest_lower_bound,PRUNE,all_to_shortest,greedy,6664,54,54,0.43415141105651855,0.19697178871548618,True,5580.0,52,-1,5351.38
Uniform1-5000_Seed188_J100_M50,"[0.009627, 1.000000]",50,100,0.2,max_proc,lowest_lower_bound,NO_PROFILING,all_to_shortest,greedy,5813,12,12,0.09881806373596191,0.14226733184242216,True,4986.0,10,-1,4986.0
Uniform1-5000_Seed188_J100_M50,"[0.009627, 1.000000]",50,100,0.1,max_proc,lowest_lower_bound,PRUNE,all_to_shortest,greedy,5914,12,12,0.10072708129882812,0.15691579303347988,True,4986.0,10,-1,4986.0
Uniform1-5000_Seed189_J100_M50,"[0.008226, 1.000000]",50,100,0.2,max_proc,lowest_lower_bound,NO_PROFILING,all_to_shortest,greedy,5934,41,41,0.30446290969848633,0.1600943714189417,True,4984.0,39,-1,4984.0
Uniform1-5000_Seed189_J100_M50,"[0.008226, 1.000000]",50,100,0.1,max_proc,lowest_lower_bound,PRUNE,all_to_shortest,greedy,5982,40,40,0.3044166564941406,0.16683383483784686,True,4984.0,38,-1,4984.0
Uniform1-5000_Seed190_J100_M50,"[0.024632, 1.000000]",50,100,0.2,max_proc,lowest_lower_bound,NO_PROFILING,all_to_shortest,greedy,5834,52,52,0.3881869316101074,0.15101131299280082,True,4953.0,50,-1,4953.0
Uniform1-5000_Seed190_J100_M50,"[0.024632, 1.000000]",50,100,0.1,max_proc,lowest_lower_bound,PRUNE,all_to_shortest,greedy,5850,34,34,0.2631845474243164,0.15333333333333332,True,4953.0,32,-1,4953.0
Uniform1-5000_Seed191_J100_M50,"[0.000782, 0.973826]",50,100,0.2,max_proc,lowest_lower_bound,NO_PROFILING,all_to_shortest,greedy,6626,1582,2001,18.226912260055542,0.22759432538484756,False,5117.96,50,-1,5117.96
Uniform1-5000_Seed191_J100_M50,"[0.000782, 0.973826]",50,100,0.1,max_proc,lowest_lower_bound,PRUNE,all_to_shortest,greedy,6537,57,57,0.4738802909851074,0.21707817041456326,True,5527.0,53,-1,5117.96
Uniform1-5000_Seed192_J100_M50,"[0.011240, 0.938094]",50,100,0.2,max_proc,lowest_lower_bound,NO_PROFILING,all_to_shortest,greedy,6550,154,2001,15.96157431602478,0.19863511450381685,False,5248.94,50,-1,5248.94
Uniform1-5000_Seed192_J100_M50,"[0.011240, 0.938094]",50,100,0.1,max_proc,lowest_lower_bound,PRUNE,all_to_shortest,greedy,6655,53,53,0.4360959529876709,0.21127873779113454,True,5563.0,51,-1,5248.94
Uniform1-5000_Seed193_J100_M50,"[0.002174, 0.986945]",50,100,0.2,max_proc,lowest_lower_bound,NO_PROFILING,all_to_shortest,greedy,6231,1513,2001,16.48086977005005,0.1879216819130155,False,5060.06,50,-1,5060.06
Uniform1-5000_Seed193_J100_M50,"[0.002174, 0.986945]",50,100,0.1,max_proc,lowest_lower_bound,PRUNE,all_to_shortest,greedy,6298,53,54,0.42380380630493164,0.19656081295649405,True,5284.0,51,-1,5060.06
Uniform1-5000_Seed194_J100_M50,"[0.001156, 0.952656]",50,100,0.2,max_proc,lowest_lower_bound,NO_PROFILING,all_to_shortest,greedy,6405,1907,2001,19.66716170310974,0.18974238875878224,False,5189.7,62,-1,5189.7
Uniform1-5000_Seed194_J100_M50,"[0.001156, 0.952656]",50,100,0.1,max_proc,lowest_lower_bound,PRUNE,all_to_shortest,greedy,6413,103,169,1.5030548572540283,0.19075315764852646,True,5316.0,62,-1,5189.7
Uniform1-5000_Seed195_J100_M50,"[0.011865, 0.968032]",50,100,0.2,max_proc,lowest_lower_bound,NO_PROFILING,all_to_shortest,greedy,6710,527,2001,20.34107494354248,0.23377645305514164,False,5141.36,50,-1,5141.36
Uniform1-5000_Seed195_J100_M50,"[0.011865, 0.968032]",50,100,0.1,max_proc,lowest_lower_bound,PRUNE,all_to_shortest,greedy,6448,56,56,0.44715261459350586,0.20264267990074447,True,5544.0,53,-1,5141.36
Uniform1-5000_Seed196_J100_M50,"[0.011014, 0.891389]",50,100,0.2,max_proc,lowest_lower_bound,NO_PROFILING,all_to_shortest,greedy,7068,1967,2001,17.809120178222656,0.22924731182795693,False,5447.68,50,-1,5447.68
Uniform1-5000_Seed196_J100_M50,"[0.011014, 0.891389]",50,100,0.1,max_proc,lowest_lower_bound,PRUNE,all_to_shortest,greedy,6813,53,53,0.41443777084350586,0.20039923675326576,True,5870.0,50,-1,5447.68
Uniform1-5000_Seed197_J100_M50,"[0.016460, 0.944089]",50,100,0.2,max_proc,lowest_lower_bound,NO_PROFILING,all_to_shortest,greedy,6476,1367,2001,16.439358234405518,0.18382952439777633,False,5285.52,50,-1,5285.52
Uniform1-5000_Seed197_J100_M50,"[0.016460, 0.944089]",50,100,0.1,max_proc,lowest_lower_bound,PRUNE,all_to_shortest,greedy,6513,52,52,0.4068312644958496,0.18846614463380923,True,5436.0,50,-1,5285.52
Uniform1-5000_Seed198_J100_M50,"[0.010081, 0.943733]",50,100,0.2,max_proc,lowest_lower_bound,NO_PROFILING,all_to_shortest,greedy,6530,981,2001,21.282450437545776,0.2100704441041348,False,5158.24,50,-1,5158.24
Uniform1-5000_Seed198_J100_M50,"[0.010081, 0.943733]",50,100,0.1,max_proc,lowest_lower_bound,PRUNE,all_to_shortest,greedy,6583,50,52,0.407745361328125,0.2164301989974176,True,5472.0,50,-1,5158.24
Uniform1-5000_Seed199_J100_M50,"[0.001219, 1.000000]",50,100,0.2,max_proc,lowest_lower_bound,NO_PROFILING,all_to_shortest,greedy,5893,54,54,0.4082322120666504,0.16477176310877312,True,4922.0,52,-1,4922.0
Uniform1-5000_Seed199_J100_M50,"[0.001219, 1.000000]",50,100,0.1,max_proc,lowest_lower_bound,PRUNE,all_to_shortest,greedy,5925,53,53,0.40702271461486816,0.16928270042194093,True,4922.0,50,-1,4922.0
Uniform1-5000_Seed200_J100_M50,"[0.027683, 1.000000]",50,100,0.2,max_proc,lowest_lower_bound,NO_PROFILING,all_to_shortest,greedy,5751,47,47,0.3390662670135498,0.1331942270909407,True,4985.0,45,-1,4985.0
Uniform1-5000_Seed200_J100_M50,"[0.027683, 1.000000]",50,100,0.1,max_proc,lowest_lower_bound,PRUNE,all_to_shortest,greedy,5953,42,42,0.3128948211669922,0.16260708886275826,True,4985.0,40,-1,4985.0
Uniform1-5000_Seed101_J150_M75,"[0.007778, 0.940891]",75,150,0.2,max_proc,lowest_lower_bound,NO_PROFILING,all_to_shortest,greedy,6479,1282,2001,57.9650502204895,0.18635591912332145,False,5271.6,90,-1,5271.6
Uniform1-5000_Seed101_J150_M75,"[0.007778, 0.940891]",75,150,0.1,max_proc,lowest_lower_bound,PRUNE,all_to_shortest,greedy,6445,110,235,5.634679079055786,0.18206361520558567,True,5337.0,83,-1,5271.6
Uniform1-5000_Seed102_J150_M75,"[0.015013, 0.970213]",75,150,0.2,max_proc,lowest_lower_bound,NO_PROFILING,all_to_shortest,greedy,6545,533,2001,58.85314702987671,0.21638298955946011,False,5128.7733333333335,75,-1,5128.7733333333335
Uniform1-5000_Seed102_J150_M75,"[0.015013, 0.970213]",75,150,0.1,max_proc,lowest_lower_bound,PRUNE,all_to_shortest,greedy,6581,82,82,1.844499111175537,0.22066960441675526,True,5456.0,77,-1,5128.7733333333335
Uniform1-5000_Seed103_J150_M75,"[0.002206, 1.000000]",75,150,0.2,max_proc,lowest_lower_bound,NO_PROFILING,all_to_shortest,greedy,5928,66,66,1.3365042209625244,0.1587381916329285,True,4987.0,64,-1,4987.0
Uniform1-5000_Seed103_J150_M75,"[0.002206, 1.000000]",75,150,0.1,max_proc,lowest_lower_bound,PRUNE,all_to_shortest,greedy,5927,66,66,1.362293004989624,0.15859625442888475,True,4987.0,64,-1,4987.0
Uniform1-5000_Seed104_J150_M75,"[0.009577, 0.963906]",75,150,0.2,max_proc,lowest_lower_bound,NO_PROFILING,all_to_shortest,greedy,6668,474,2001,58.19260239601135,0.23265146970605874,False,5116.68,75,-1,5116.68
Uniform1-5000_Seed104_J150_M75,"[0.009577, 0.963906]",75,150,0.1,max_proc,lowest_lower_bound,PRUNE,all_to_shortest,greedy,6534,67,77,1.7037672996520996,0.21691460055096415,True,5531.0,75,-1,5116.68
Uniform1-5000_Seed105_J150_M75,"[0.000200, 1.000000]",75,150,0.2,max_proc,lowest_lower_bound,NO_PROFILING,all_to_shortest,greedy,5913,70,70,1.4312472343444824,0.15440554709961102,True,5000.0,68,-1,5000.0
Uniform1-5000_Seed105_J150_M75,"[0.000200, 1.000000]",75,150,0.1,max_proc,lowest_lower_bound,PRUNE,all_to_shortest,greedy,5879,69,69,1.4697277545928955,0.14951522367749617,True,5000.0,67,-1,5000.0
Uniform1-5000_Seed106_J150_M75,"[0.001187, 0.982000]",75,150,0.2,max_proc,lowest_lower_bound,NO_PROFILING,all_to_shortest,greedy,6013,82,82,1.7896175384521484,0.15949221131991795,True,5053.973333333333,80,-1,5053.973333333333
Uniform1-5000_Seed106_J150_M75,"[0.001187, 0.982000]",75,150,0.1,max_proc,lowest_lower_bound,PRUNE,all_to_shortest,greedy,6093,86,86,1.913666009902954,0.17052792822364463,True,5053.973333333333,82,-1,5053.973333333333
Uniform1-5000_Seed107_J150_M75,"[0.000979, 0.957983]",75,150,0.2,max_proc,lowest_lower_bound,NO_PROFILING,all_to_shortest,greedy,6526,795,2001,54.66615557670593,0.21766472571253442,False,5105.52,75,-1,5105.52
Uniform1-5000_Seed107_J150_M75,"[0.000979, 0.957983]",75,150,0.1,max_proc,lowest_lower_bound,PRUNE,all_to_shortest,greedy,6609,73,77,1.6933152675628662,0.2274897866545619,True,5474.0,75,-1,5105.52
Uniform1-5000_Seed108_J150_M75,"[0.017069, 0.955070]",75,150,0.2,max_proc,lowest_lower_bound,NO_PROFILING,all_to_shortest,greedy,6270,1903,2001,58.729398250579834,0.16837639553429032,False,5214.28,90,-1,5214.28
Uniform1-5000_Seed108_J150_M75,"[0.017069, 0.955070]",75,150,0.1,max_proc,lowest_lower_bound,PRUNE,all_to_shortest,greedy,6486,78,520,13.313231945037842,0.19607153869873578,True,5361.0,86,-1,5214.28
Uniform1-5000_Seed109_J150_M75,"[0.007884, 0.943214]",75,150,0.2,max_proc,lowest_lower_bound,NO_PROFILING,all_to_shortest,greedy,6585,902,2001,52.003554821014404,0.21027992913186538,False,5200.306666666666,75,-1,5200.306666666666
Uniform1-5000_Seed109_J150_M75,"[0.007884, 0.943214]",75,150,0.1,max_proc,lowest_lower_bound,PRUNE,all_to_shortest,greedy,6677,77,77,1.7284810543060303,0.22116120013978338,True,6003.0,75,-1,5200.306666666666
Uniform1-5000_Seed110_J150_M75,"[0.022803, 0.965250]",75,150,0.2,max_proc,lowest_lower_bound,NO_PROFILING,all_to_shortest,greedy,6203,1477,1477,40.10408353805542,0.16575420495459184,True,5174.826666666667,96,-1,5174.826666666667
Uniform1-5000_Seed110_J150_M75,"[0.022803, 0.965250]",75,150,0.1,max_proc,lowest_lower_bound,PRUNE,all_to_shortest,greedy,6181,94,94,2.198965311050415,0.16278487839076738,True,5174.826666666667,88,-1,5174.826666666667
Uniform1-5000_Seed111_J150_M75,"[0.015344, 1.000000]",75,150,0.2,max_proc,lowest_lower_bound,NO_PROFILING,all_to_shortest,greedy,5812,69,69,1.4513182640075684,0.14779766001376463,True,4953.0,67,-1,4953.0
Uniform1-5000_Seed111_J150_M75,"[0.015344, 1.000000]",75,150,0.1,max_proc,lowest_lower_bound,PRUNE,all_to_shortest,greedy,5876,71,71,1.5569956302642822,0.1570796460176991,True,4953.0,69,-1,4953.0
Uniform1-5000_Seed112_J150_M75,"[0.010263, 0.983856]",75,150,0.2,max_proc,lowest_lower_bound,NO_PROFILING,all_to_shortest,greedy,6475,1868,2001,57.923892974853516,0.21748262548262545,False,5066.8,75,-1,5066.8
Uniform1-5000_Seed112_J150_M75,"[0.010263, 0.983856]",75,150,0.1,max_proc,lowest_lower_bound,PRUNE,all_to_shortest,greedy,6469,72,77,1.7314703464508057,0.2167568403153501,True,5349.0,75,-1,5066.8
Uniform1-5000_Seed113_J150_M75,"[0.002181, 0.991431]",75,150,0.2,max_proc,lowest_lower_bound,NO_PROFILING,all_to_shortest,greedy,6574,143,2001,55.607118368148804,0.23285468005273302,False,5043.213333333333,75,-1,5043.213333333333
Uniform1-5000_Seed113_J150_M75,"[0.002181, 0.991431]",75,150,0.1,max_proc,lowest_lower_bound,PRUNE,all_to_shortest,greedy,6586,78,78,1.694979190826416,0.23425245470189293,True,5456.0,76,-1,5043.213333333333
Uniform1-5000_Seed114_J150_M75,"[0.007204, 1.000000]",75,150,0.2,max_proc,lowest_lower_bound,NO_PROFILING,all_to_shortest,greedy,5975,67,67,1.3617377281188965,0.16368200836820085,True,4997.0,65,-1,4997.0
Uniform1-5000_Seed114_J150_M75,"[0.007204, 1.000000]",75,150,0.1,max_proc,lowest_lower_bound,PRUNE,all_to_shortest,greedy,5975,68,68,1.410310983657837,0.16368200836820085,True,4997.0,66,-1,4997.0
Uniform1-5000_Seed115_J150_M75,"[0.001193, 0.994298]",75,150,0.2,max_proc,lowest_lower_bound,NO_PROFILING,all_to_shortest,greedy,6443,216,2001,53.700778007507324,0.21966992601790053,False,5027.666666666667,75,-1,5027.666666666667
Uniform1-5000_Seed115_J150_M75,"[0.001193, 0.994298]",75,150,0.1,max_proc,lowest_lower_bound,PRUNE,all_to_shortest,greedy,6176,83,83,1.8236885070800781,0.18593480138169252,True,5178.0,80,-1,5027.666666666667
Uniform1-5000_Seed116_J150_M75,"[0.004017, 0.912895]",75,150,0.2,max_proc,lowest_lower_bound,NO_PROFILING,all_to_shortest,greedy,6805,1009,2001,56.79755783081055,0.19513886847905954,False,5477.08,75,-1,5477.08
Uniform1-5000_Seed116_J150_M75,"[0.004017, 0.912895]",75,150,0.1,max_proc,lowest_lower_bound,PRUNE,all_to_shortest,greedy,6893,76,77,1.7819175720214844,0.2054141883069781,True,5800.0,75,-1,5477.08
Uniform1-5000_Seed117_J150_M75,"[0.001803, 1.000000]",75,150,0.2,max_proc,lowest_lower_bound,NO_PROFILING,all_to_shortest,greedy,6334,736,2001,51.38474798202515,0.21171455636248815,False,4993.0,75,-1,4993.0
Uniform1-5000_Seed117_J150_M75,"[0.001803, 1.000000]",75,150,0.1,max_proc,lowest_lower_bound,PRUNE,all_to_shortest,greedy,6143,79,79,1.761232852935791,0.18720494872212273,True,5281.0,77,-1,4993.0
Uniform1-5000_Seed118_J150_M75,"[0.003821, 1.000000]",75,150,0.2,max_proc,lowest_lower_bound,NO_PROFILING,all_to_shortest,greedy,5900,76,76,1.5631704330444336,0.15728813559322033,True,4972.0,74,-1,4972.0
Uniform1-5000_Seed118_J150_M75,"[0.003821, 1.000000]",75,150,0.1,max_proc,lowest_lower_bound,PRUNE,all_to_shortest,greedy,6010,77,77,1.635746717453003,0.17271214642262894,True,5144.0,75,-1,4972.0
Uniform1-5000_Seed119_J150_M75,"[0.000575, 0.950933]",75,150,0.2,max_proc,lowest_lower_bound,NO_PROFILING,all_to_shortest,greedy,6806,240,2001,60.16585636138916,0.23378195709667937,False,5214.88,75,-1,5214.88
Uniform1-5000_Seed119_J150_M75,"[0.000575, 0.950933]",75,150,0.1,max_proc,lowest_lower_bound,PRUNE,all_to_shortest,greedy,6628,90,90,2.0908045768737793,0.21320458660229327,True,5543.0,81,-1,5214.88
Uniform1-5000_Seed120_J150_M75,"[0.002175, 0.986863]",75,150,0.2,max_proc,lowest_lower_bound,NO_PROFILING,all_to_shortest,greedy,6617,409,2001,58.48436951637268,0.23553674877839914,False,5058.453333333333,75,-1,5058.453333333333
Uniform1-5000_Seed120_J150_M75,"[0.002175, 0.986863]",75,150,0.1,max_proc,lowest_lower_bound,PRUNE,all_to_shortest,greedy,6612,77,77,1.7926256656646729,0.23495866102036708,True,5509.0,75,-1,5058.453333333333
Uniform1-5000_Seed121_J150_M75,"[0.002800, 1.000000]",75,150,0.2,max_proc,lowest_lower_bound,NO_PROFILING,all_to_shortest,greedy,5869,87,87,1.888664960861206,0.1480661100698586,True,5000.0,85,-1,5000.0
Uniform1-5000_Seed121_J150_M75,"[0.002800, 1.000000]",75,150,0.1,max_proc,lowest_lower_bound,PRUNE,all_to_shortest,greedy,6050,80,80,1.7723233699798584,0.17355371900826447,True,5000.0,78,-1,5000.0
Uniform1-5000_Seed122_J150_M75,"[0.010456, 1.000000]",75,150,0.2,max_proc,lowest_lower_bound,NO_PROFILING,all_to_shortest,greedy,5685,86,86,1.8271021842956543,0.12524186455584874,True,4973.0,84,-1,4973.0
Uniform1-5000_Seed122_J150_M75,"[0.010456, 1.000000]",75,150,0.1,max_proc,lowest_lower_bound,PRUNE,all_to_shortest,greedy,5997,83,83,1.8346519470214844,0.17075204268801067,True,5040.0,78,-1,4973.0
Uniform1-5000_Seed123_J150_M75,"[0.003592, 0.989628]",75,150,0.2,max_proc,lowest_lower_bound,NO_PROFILING,all_to_shortest,greedy,6398,431,2001,53.64051842689514,0.21679066374908826,False,5010.973333333333,75,-1,5010.973333333333
Uniform1-5000_Seed123_J150_M75,"[0.003592, 0.989628]",75,150,0.1,max_proc,lowest_lower_bound,PRUNE,all_to_shortest,greedy,6342,79,79,1.77439546585083,0.20987490802060338,True,5298.0,76,-1,5010.973333333333
Uniform1-5000_Seed124_J150_M75,"[0.008316, 1.000000]",75,150,0.2,max_proc,lowest_lower_bound,NO_PROFILING,all_to_shortest,greedy,5798,60,60,1.2346832752227783,0.14970679544670576,True,4930.0,58,-1,4930.0
Uniform1-5000_Seed124_J150_M75,"[0.008316, 1.000000]",75,150,0.1,max_proc,lowest_lower_bound,PRUNE,all_to_shortest,greedy,5938,62,62,1.3252527713775635,0.1697541259683395,True,4930.0,60,-1,4930.0
Uniform1-5000_Seed125_J150_M75,"[0.003112, 0.913884]",75,150,0.2,max_proc,lowest_lower_bound,NO_PROFILING,all_to_shortest,greedy,6945,1583,2001,62.657872915267944,0.2134773218142549,False,5462.4,75,-1,5462.4
Uniform1-5000_Seed125_J150_M75,"[0.003112, 0.913884]",75,150,0.1,max_proc,lowest_lower_bound,PRUNE,all_to_shortest,greedy,6917,74,77,1.8067269325256348,0.2102934798322973,True,5875.0,75,-1,5462.4
Uniform1-5000_Seed126_J150_M75,"[0.000805, 1.000000]",75,150,0.2,max_proc,lowest_lower_bound,NO_PROFILING,all_to_shortest,greedy,6119,527,2001,47.95141077041626,0.18826605654518713,False,4967.0,75,-1,4967.0
Uniform1-5000_Seed126_J150_M75,"[0.000805, 1.000000]",75,150,0.1,max_proc,lowest_lower_bound,PRUNE,all_to_shortest,greedy,6185,67,77,1.6638495922088623,0.19692805173807598,True,5144.0,75,-1,4967.0
Uniform1-5000_Seed127_J150_M75,"[0.007273, 0.982006]",75,150,0.2,max_proc,lowest_lower_bound,NO_PROFILING,all_to_shortest,greedy,6630,1209,2001,60.321399211883545,0.232647561588738,False,5087.546666666667,75,-1,5087.546666666667
Uniform1-5000_Seed127_J150_M75,"[0.007273, 0.982006]",75,150,0.1,max_proc,lowest_lower_bound,PRUNE,all_to_shortest,greedy,6559,80,80,1.8179147243499756,0.22434110890887832,True,5437.0,78,-1,5087.546666666667
Uniform1-5000_Seed128_J150_M75,"[0.006866, 1.000000]",75,150,0.2,max_proc,lowest_lower_bound,NO_PROFILING,all_to_shortest,greedy,6090,1728,2001,52.353492736816406,0.18686371100164204,False,4952.0,75,-1,4952.0
Uniform1-5000_Seed128_J150_M75,"[0.006866, 1.000000]",75,150,0.1,max_proc,lowest_lower_bound,PRUNE,all_to_shortest,greedy,6111,73,77,1.7140476703643799,0.18965799378170511,True,5156.0,75,-1,4952.0
Uniform1-5000_Seed129_J150_M75,"[0.004063, 0.964332]",75,150,0.2,max_proc,lowest_lower_bound,NO_PROFILING,all_to_shortest,greedy,6760,1982,2001,51.24949526786804,0.23545167652859966,False,5168.346666666666,75,-1,5168.346666666666
Uniform1-5000_Seed129_J150_M75,"[0.004063, 0.964332]",75,150,0.1,max_proc,lowest_lower_bound,PRUNE,all_to_shortest,greedy,6636,79,79,1.9879491329193115,0.22116536065903158,True,5565.0,76,-1,5168.346666666666
Uniform1-5000_Seed130_J150_M75,"[0.031082, 0.957214]",75,150,0.2,max_proc,lowest_lower_bound,NO_PROFILING,all_to_shortest,greedy,6713,1255,2001,48.63770127296448,0.22359600774616417,False,5212.0,75,-1,5212.0
Uniform1-5000_Seed130_J150_M75,"[0.031082, 0.957214]",75,150,0.1,max_proc,lowest_lower_bound,PRUNE,all_to_shortest,greedy,6505,81,81,1.8837471008300781,0.19877017678708686,True,5522.0,79,-1,5212.0
Uniform1-5000_Seed131_J150_M75,"[0.013029, 1.000000]",75,150,0.2,max_proc,lowest_lower_bound,NO_PROFILING,all_to_shortest,greedy,5957,93,93,2.0840489864349365,0.1624979016283364,True,4989.0,91,-1,4989.0
Uniform1-5000_Seed131_J150_M75,"[0.013029, 1.000000]",75,150,0.1,max_proc,lowest_lower_bound,PRUNE,all_to_shortest,greedy,6007,139,139,3.1942644119262695,0.169468952888297,True,4989.0,93,-1,4989.0
Uniform1-5000_Seed132_J150_M75,"[0.001815, 1.000000]",75,150,0.2,max_proc,lowest_lower_bound,NO_PROFILING,all_to_shortest,greedy,5895,66,66,1.3660106658935547,0.15877862595419848,True,4959.0,64,-1,4959.0
Uniform1-5000_Seed132_J150_M75,"[0.001815, 1.000000]",75,150,0.1,max_proc,lowest_lower_bound,PRUNE,all_to_shortest,greedy,5977,72,72,1.5853028297424316,0.1703195583068429,True,4959.0,70,-1,4959.0
Uniform1-5000_Seed133_J150_M75,"[0.001200, 1.000000]",75,150,0.2,max_proc,lowest_lower_bound,NO_PROFILING,all_to_shortest,greedy,5996,67,67,1.5302600860595703,0.16611074049366245,True,5000.0,65,-1,5000.0
Uniform1-5000_Seed133_J150_M75,"[0.001200, 1.000000]",75,150,0.1,max_proc,lowest_lower_bound,PRUNE,all_to_shortest,greedy,5950,67,67,1.4615001678466797,0.15966386554621848,True,5000.0,65,-1,5000.0
Uniform1-5000_Seed134_J150_M75,"[0.010746, 1.000000]",75,150,0.2,max_proc,lowest_lower_bound,NO_PROFILING,all_to_shortest,greedy,5867,72,72,1.5596139430999756,0.15936594511675473,True,4932.0,70,-1,4932.0
Uniform1-5000_Seed134_J150_M75,"[0.010746, 1.000000]",75,150,0.1,max_proc,lowest_lower_bound,PRUNE,all_to_shortest,greedy,5920,74,74,1.659653663635254,0.16689189189189188,True,4932.0,72,-1,4932.0
Uniform1-5000_Seed135_J150_M75,"[0.014432, 0.976604]",75,150,0.2,max_proc,lowest_lower_bound,NO_PROFILING,all_to_shortest,greedy,6045,313,313,7.1208696365356445,0.16321808657292533,True,5058.346666666666,95,-1,5058.346666666666
Uniform1-5000_Seed135_J150_M75,"[0.014432, 0.976604]",75,150,0.1,max_proc,lowest_lower_bound,PRUNE,all_to_shortest,greedy,6115,101,101,2.649909257888794,0.172796947397111,True,5058.346666666666,94,-1,5058.346666666666
Uniform1-5000_Seed136_J150_M75,"[0.021345, 0.980271]",75,150,0.2,max_proc,lowest_lower_bound,NO_PROFILING,all_to_shortest,greedy,6088,837,2001,49.5078501701355,0.16888523872098113,False,5059.826666666667,94,-1,5059.826666666667
Uniform1-5000_Seed136_J150_M75,"[0.021345, 0.980271]",75,150,0.1,max_proc,lowest_lower_bound,PRUNE,all_to_shortest,greedy,6099,89,89,2.1389284133911133,0.1703842159916926,True,5126.0,81,-1,5059.826666666667
Uniform1-5000_Seed137_J150_M75,"[0.021620, 0.993701]",75,150,0.2,max_proc,lowest_lower_bound,NO_PROFILING,all_to_shortest,greedy,6342,155,2001,47.90298342704773,0.2123199831809104,False,4995.466666666666,80,-1,4995.466666666666
Uniform1-5000_Seed137_J150_M75,"[0.021620, 0.993701]",75,150,0.1,max_proc,lowest_lower_bound,PRUNE,all_to_shortest,greedy,6088,100,100,2.3550431728363037,0.17945685501533076,True,5081.0,89,-1,4995.466666666666
Uniform1-5000_Seed138_J150_M75,"[0.005500, 1.000000]",75,150,0.2,max_proc,lowest_lower_bound,NO_PROFILING,all_to_shortest,greedy,5802,75,75,1.770787239074707,0.1539124439848328,True,4909.0,73,-1,4909.0
Uniform1-5000_Seed138_J150_M75,"[0.005500, 1.000000]",75,150,0.1,max_proc,lowest_lower_bound,PRUNE,all_to_shortest,greedy,5931,73,73,1.6566131114959717,0.17231495531950766,True,4909.0,71,-1,4909.0
Uniform1-5000_Seed139_J150_M75,"[0.005809, 0.956916]",75,150,0.2,max_proc,lowest_lower_bound,NO_PROFILING,all_to_shortest,greedy,6721,473,2001,49.54365563392639,0.23158656945890982,False,5164.506666666667,75,-1,5164.506666666667
Uniform1-5000_Seed139_J150_M75,"[0.005809, 0.956916]",75,150,0.1,max_proc,lowest_lower_bound,PRUNE,all_to_shortest,greedy,6494,86,86,2.009547233581543,0.2047264141258597,True,5387.0,79,-1,5164.506666666667
Uniform1-5000_Seed140_J150_M75,"[0.000811, 0.999886]",75,150,0.2,max_proc,lowest_lower_bound,NO_PROFILING,all_to_shortest,greedy,5857,82,82,1.796651840209961,0.15766433327642132,True,4933.56,80,-1,4933.56
Uniform1-5000_Seed140_J150_M75,"[0.000811, 0.999886]",75,150,0.1,max_proc,lowest_lower_bound,PRUNE,all_to_shortest,greedy,5952,251,251,6.068868637084961,0.17110887096774186,True,4933.56,91,-1,4933.56
Uniform1-5000_Seed141_J150_M75,"[0.009406, 1.000000]",75,150,0.2,max_proc,lowest_lower_bound,NO_PROFILING,all_to_shortest,greedy,5829,84,84,1.848534107208252,0.14273460284782982,True,4997.0,82,-1,4997.0
Uniform1-5000_Seed141_J150_M75,"[0.009406, 1.000000]",75,150,0.1,max_proc,lowest_lower_bound,PRUNE,all_to_shortest,greedy,5953,98,98,2.2491233348846436,0.1605912985049555,True,5024.0,81,-1,4997.0
Uniform1-5000_Seed142_J150_M75,"[0.003261, 0.957706]",75,150,0.2,max_proc,lowest_lower_bound,NO_PROFILING,all_to_shortest,greedy,6633,175,2001,50.315375566482544,0.21416352580531692,False,5212.453333333333,78,-1,5212.453333333333
Uniform1-5000_Seed142_J150_M75,"[0.003261, 0.957706]",75,150,0.1,max_proc,lowest_lower_bound,PRUNE,all_to_shortest,greedy,6518,86,86,2.1335082054138184,0.20029866012069147,True,5405.0,83,-1,5212.453333333333
Uniform1-5000_Seed143_J150_M75,"[0.016613, 1.000000]",75,150,0.2,max_proc,lowest_lower_bound,NO_PROFILING,all_to_shortest,greedy,5998,422,2001,50.042667627334595,0.16705568522840947,False,4996.0,86,-1,4996.0
Uniform1-5000_Seed143_J150_M75,"[0.016613, 1.000000]",75,150,0.1,max_proc,lowest_lower_bound,PRUNE,all_to_shortest,greedy,6050,91,91,2.1260156631469727,0.17421487603305785,True,5023.0,80,-1,4996.0
Uniform1-5000_Seed144_J150_M75,"[0.001402, 0.994801]",75,150,0.2,max_proc,lowest_lower_bound,NO_PROFILING,all_to_shortest,greedy,6301,1012,2001,45.26825404167175,0.20759244564354865,False,4992.96,75,-1,4992.96
Uniform1-5000_Seed144_J150_M75,"[0.001402, 0.994801]",75,150,0.1,max_proc,lowest_lower_bound,PRUNE,all_to_shortest,greedy,6358,130,167,3.883575439453125,0.21469644542308902,True,5268.0,90,-1,4992.96
Uniform1-5000_Seed145_J150_M75,"[0.003423, 1.000000]",75,150,0.2,max_proc,lowest_lower_bound,NO_PROFILING,all_to_shortest,greedy,6170,606,2001,43.43681287765503,0.19497568881685576,False,4967.0,79,-1,4967.0
Uniform1-5000_Seed145_J150_M75,"[0.003423, 1.000000]",75,150,0.1,max_proc,lowest_lower_bound,PRUNE,all_to_shortest,greedy,6228,83,91,2.0415828227996826,0.20247270391779063,True,5203.0,80,-1,4967.0
Uniform1-5000_Seed146_J150_M75,"[0.000602, 1.000000]",75,150,0.2,max_proc,lowest_lower_bound,NO_PROFILING,all_to_shortest,greedy,6038,73,2001,45.10407543182373,0.17472673070553163,False,4983.0,79,-1,4983.0
Uniform1-5000_Seed146_J150_M75,"[0.000602, 1.000000]",75,150,0.1,max_proc,lowest_lower_bound,PRUNE,all_to_shortest,greedy,6151,73,77,1.640946388244629,0.18988782311819216,True,5130.0,75,-1,4983.0
Uniform1-5000_Seed147_J150_M75,"[0.002209, 1.000000]",75,150,0.2,max_proc,lowest_lower_bound,NO_PROFILING,all_to_shortest,greedy,6218,1709,2001,49.129420042037964,0.19926021228690896,False,4979.0,75,-1,4979.0
Uniform1-5000_Seed147_J150_M75,"[0.002209, 1.000000]",75,150,0.1,max_proc,lowest_lower_bound,PRUNE,all_to_shortest,greedy,6032,134,134,3.0467875003814697,0.17456896551724138,True,5090.0,89,-1,4979.0
Uniform1-5000_Seed148_J150_M75,"[0.003227, 0.942134]",75,150,0.2,max_proc,lowest_lower_bound,NO_PROFILING,all_to_shortest,greedy,6446,536,2001,45.627925872802734,0.1827758816837315,False,5267.826666666667,75,-1,5267.826666666667
Uniform1-5000_Seed148_J150_M75,"[0.003227, 0.942134]",75,150,0.1,max_proc,lowest_lower_bound,PRUNE,all_to_shortest,greedy,6517,75,78,1.752138614654541,0.19167919799498745,True,5460.0,75,-1,5267.826666666667
Uniform1-5000_Seed149_J150_M75,"[0.006535, 0.987436]",75,150,0.2,max_proc,lowest_lower_bound,NO_PROFILING,all_to_shortest,greedy,6167,901,2001,52.68964982032776,0.1812161504783526,False,5049.44,78,-1,5049.44
Uniform1-5000_Seed149_J150_M75,"[0.006535, 0.987436]",75,150,0.1,max_proc,lowest_lower_bound,PRUNE,all_to_shortest,greedy,6275,73,78,1.6556377410888672,0.1953083665338646,True,5256.0,76,-1,5049.44
Uniform1-5000_Seed150_J150_M75,"[0.004229, 1.000000]",75,150,0.2,max_proc,lowest_lower_bound,NO_PROFILING,all_to_shortest,greedy,5833,57,57,1.1651041507720947,0.14863706497514143,True,4966.0,55,-1,4966.0
Uniform1-5000_Seed150_J150_M75,"[0.004229, 1.000000]",75,150,0.1,max_proc,lowest_lower_bound,PRUNE,all_to_shortest,greedy,5832,58,58,1.3645350933074951,0.14849108367626887,True,4966.0,56,-1,4966.0
Uniform1-5000_Seed151_J150_M75,"[0.002997, 0.935697]",75,150,0.2,max_proc,lowest_lower_bound,NO_PROFILING,all_to_shortest,greedy,6832,668,2001,55.67337393760681,0.21848165495706484,False,5339.333333333333,75,-1,5339.333333333333
Uniform1-5000_Seed151_J150_M75,"[0.002997, 0.935697]",75,150,0.1,max_proc,lowest_lower_bound,PRUNE,all_to_shortest,greedy,6823,71,82,2.076887607574463,0.217450779227124,True,5754.0,77,-1,5339.333333333333
Uniform1-5000_Seed152_J150_M75,"[0.003406, 1.000000]",75,150,0.2,max_proc,lowest_lower_bound,NO_PROFILING,all_to_shortest,greedy,6264,898,2001,47.08245301246643,0.20322477650063858,False,4991.0,80,-1,4991.0
Uniform1-5000_Seed152_J150_M75,"[0.003406, 1.000000]",75,150,0.1,max_proc,lowest_lower_bound,PRUNE,all_to_shortest,greedy,6269,124,141,3.381425380706787,0.20386026479502312,True,5197.0,87,-1,4991.0
Uniform1-5000_Seed153_J150_M75,"[0.003590, 0.992314]",75,150,0.2,max_proc,lowest_lower_bound,NO_PROFILING,all_to_shortest,greedy,6437,813,2001,52.27484083175659,0.22113821138211376,False,5013.533333333334,75,-1,5013.533333333334
Uniform1-5000_Seed153_J150_M75,"[0.003590, 0.992314]",75,150,0.1,max_proc,lowest_lower_bound,PRUNE,all_to_shortest,greedy,6371,80,80,1.8189685344696045,0.2130696384659655,True,5319.0,77,-1,5013.533333333334
Uniform1-5000_Seed154_J150_M75,"[0.003799, 0.993211]",75,150,0.2,max_proc,lowest_lower_bound,NO_PROFILING,all_to_shortest,greedy,6084,1071,2001,47.010570764541626,0.17785009861932938,False,5001.96,93,-1,5001.96
Uniform1-5000_Seed154_J150_M75,"[0.003799, 0.993211]",75,150,0.1,max_proc,lowest_lower_bound,PRUNE,all_to_shortest,greedy,6251,122,471,11.198539018630981,0.1998144296912494,True,5170.0,85,-1,5001.96
Uniform1-5000_Seed155_J150_M75,"[0.000815, 1.000000]",75,150,0.2,max_proc,lowest_lower_bound,NO_PROFILING,all_to_shortest,greedy,5861,87,87,1.8544249534606934,0.16260023886708752,True,4908.0,85,-1,4908.0
Uniform1-5000_Seed155_J150_M75,"[0.000815, 1.000000]",75,150,0.1,max_proc,lowest_lower_bound,PRUNE,all_to_shortest,greedy,5971,86,86,1.9195435047149658,0.17802713113381344,True,4970.0,84,-1,4908.0
Uniform1-5000_Seed156_J150_M75,"[0.014921, 0.975845]",75,150,0.2,max_proc,lowest_lower_bound,NO_PROFILING,all_to_shortest,greedy,6067,316,2001,46.135334491729736,0.17151585077742987,False,5026.413333333333,90,-1,5026.413333333333
Uniform1-5000_Seed156_J150_M75,"[0.014921, 0.975845]",75,150,0.1,max_proc,lowest_lower_bound,PRUNE,all_to_shortest,greedy,6134,222,471,11.322517395019531,0.18056515596130862,True,5071.0,91,-1,5026.413333333333
Uniform1-5000_Seed157_J150_M75,"[0.009839, 0.975815]",75,150,0.2,max_proc,lowest_lower_bound,NO_PROFILING,all_to_shortest,greedy,6478,722,2001,43.9398295879364,0.21551301842132345,False,5081.906666666667,75,-1,5081.906666666667
Uniform1-5000_Seed157_J150_M75,"[0.009839, 0.975815]",75,150,0.1,max_proc,lowest_lower_bound,PRUNE,all_to_shortest,greedy,6498,75,77,1.6413302421569824,0.21792756745665331,True,5471.0,75,-1,5081.906666666667
Uniform1-5000_Seed158_J150_M75,"[0.002405, 1.000000]",75,150,0.2,max_proc,lowest_lower_bound,NO_PROFILING,all_to_shortest,greedy,5883,94,94,2.0419275760650635,0.15196328403875572,True,4989.0,92,-1,4989.0
Uniform1-5000_Seed158_J150_M75,"[0.002405, 1.000000]",75,150,0.1,max_proc,lowest_lower_bound,PRUNE,all_to_shortest,greedy,5938,106,106,2.293156862258911,0.15981812057931963,True,4989.0,85,-1,4989.0
Uniform1-5000_Seed159_J150_M75,"[0.002401, 1.000000]",75,150,0.2,max_proc,lowest_lower_bound,NO_PROFILING,all_to_shortest,greedy,5668,53,53,1.0513675212860107,0.1182074805928017,True,4998.0,51,-1,4998.0
Uniform1-5000_Seed159_J150_M75,"[0.002401, 1.000000]",75,150,0.1,max_proc,lowest_lower_bound,PRUNE,all_to_shortest,greedy,5904,55,55,1.1304161548614502,0.15345528455284552,True,4998.0,53,-1,4998.0
Uniform1-5000_Seed160_J150_M75,"[0.004334, 0.940209]",75,150,0.2,max_proc,lowest_lower_bound,NO_PROFILING,all_to_shortest,greedy,6614,1288,2001,44.687955141067505,0.1975607297651447,False,5307.333333333333,75,-1,5307.333333333333
Uniform1-5000_Seed160_J150_M75,"[0.004334, 0.940209]",75,150,0.1,max_proc,lowest_lower_bound,PRUNE,all_to_shortest,greedy,6625,77,77,1.7126262187957764,0.19889308176100634,True,5561.0,75,-1,5307.333333333333
Uniform1-5000_Seed161_J150_M75,"[0.006684, 0.980544]",75,150,0.2,max_proc,lowest_lower_bound,NO_PROFILING,all_to_shortest,greedy,6212,661,2001,45.92217516899109,0.1811053874221936,False,5086.973333333333,88,-1,5086.973333333333
Uniform1-5000_Seed161_J150_M75,"[0.006684, 0.980544]",75,150,0.1,max_proc,lowest_lower_bound,PRUNE,all_to_shortest,greedy,6345,120,120,2.8088412284851074,0.19827055424218545,True,5257.0,84,-1,5086.973333333333
Uniform1-5000_Seed162_J150_M75,"[0.012657, 0.970286]",75,150,0.2,max_proc,lowest_lower_bound,NO_PROFILING,all_to_shortest,greedy,6551,1901,2001,44.58271908760071,0.21605861700503734,False,5135.6,75,-1,5135.6
Uniform1-5000_Seed162_J150_M75,"[0.012657, 0.970286]",75,150,0.1,max_proc,lowest_lower_bound,PRUNE,all_to_shortest,greedy,6548,84,84,1.8211593627929688,0.21569945021380568,True,5421.0,78,-1,5135.6
Uniform1-5000_Seed163_J150_M75,"[0.005105, 0.935536]",75,150,0.2,max_proc,lowest_lower_bound,NO_PROFILING,all_to_shortest,greedy,6888,473,2001,48.65845608711243,0.23215060007742933,False,5288.946666666667,75,-1,5288.946666666667
Uniform1-5000_Seed163_J150_M75,"[0.005105, 0.935536]",75,150,0.1,max_proc,lowest_lower_bound,PRUNE,all_to_shortest,greedy,6980,79,79,1.778334617614746,0.2422712511938873,True,5803.0,75,-1,5288.946666666667
Uniform1-5000_Seed164_J150_M75,"[0.007261, 0.954376]",75,150,0.2,max_proc,lowest_lower_bound,NO_PROFILING,all_to_shortest,greedy,6208,99,99,2.175769329071045,0.15692869415807556,True,5233.786666666667,97,-1,5233.786666666667
Uniform1-5000_Seed164_J150_M75,"[0.007261, 0.954376]",75,150,0.1,max_proc,lowest_lower_bound,PRUNE,all_to_shortest,greedy,6317,83,83,1.8611698150634766,0.17147591156139513,True,5233.786666666667,81,-1,5233.786666666667
Uniform1-5000_Seed165_J150_M75,"[0.004881, 0.971493]",75,150,0.2,max_proc,lowest_lower_bound,NO_PROFILING,all_to_shortest,greedy,6366,676,2001,41.86046314239502,0.19541103780500577,False,5122.013333333333,75,-1,5122.013333333333
Uniform1-5000_Seed165_J150_M75,"[0.004881, 0.971493]",75,150,0.1,max_proc,lowest_lower_bound,PRUNE,all_to_shortest,greedy,6399,77,77,1.647916316986084,0.19956034797103714,True,5390.0,75,-1,5122.013333333333
Uniform1-5000_Seed166_J150_M75,"[0.001152, 0.951550]",75,150,0.2,max_proc,lowest_lower_bound,NO_PROFILING,all_to_shortest,greedy,6698,1378,2001,48.44509267807007,0.22240270727580377,False,5208.346666666666,75,-1,5208.346666666666
Uniform1-5000_Seed166_J150_M75,"[0.001152, 0.951550]",75,150,0.1,max_proc,lowest_lower_bound,PRUNE,all_to_shortest,greedy,6429,80,80,1.8614144325256348,0.1898667496240992,True,5439.0,78,-1,5208.346666666666
Uniform1-5000_Seed167_J150_M75,"[0.001207, 1.000000]",75,150,0.2,max_proc,lowest_lower_bound,NO_PROFILING,all_to_shortest,greedy,5934,56,56,1.113361120223999,0.16228513650151669,True,4971.0,54,-1,4971.0
Uniform1-5000_Seed167_J150_M75,"[0.001207, 1.000000]",75,150,0.1,max_proc,lowest_lower_bound,PRUNE,all_to_shortest,greedy,6008,61,61,1.277703046798706,0.17260319573901464,True,4971.0,59,-1,4971.0
Uniform1-5000_Seed168_J150_M75,"[0.008822, 0.929376]",75,150,0.2,max_proc,lowest_lower_bound,NO_PROFILING,all_to_shortest,greedy,6754,922,2001,50.793598890304565,0.2279755206791038,False,5214.253333333333,75,-1,5214.253333333333
Uniform1-5000_Seed168_J150_M75,"[0.008822, 0.929376]",75,150,0.1,max_proc,lowest_lower_bound,PRUNE,all_to_shortest,greedy,6803,74,88,2.0523550510406494,0.23353618501641435,True,5630.0,84,-1,5214.253333333333
Uniform1-5000_Seed169_J150_M75,"[0.000401, 1.000000]",75,150,0.2,max_proc,lowest_lower_bound,NO_PROFILING,all_to_shortest,greedy,5953,73,73,1.4910304546356201,0.16176717621367379,True,4990.0,71,-1,4990.0
Uniform1-5000_Seed169_J150_M75,"[0.000401, 1.000000]",75,150,0.1,max_proc,lowest_lower_bound,PRUNE,all_to_shortest,greedy,6009,77,77,1.6314780712127686,0.16957896488600432,True,4990.0,75,-1,4990.0
Uniform1-5000_Seed170_J150_M75,"[0.001390, 0.991019]",75,150,0.2,max_proc,lowest_lower_bound,NO_PROFILING,all_to_shortest,greedy,6399,578,2001,45.362948179244995,0.21328124186070743,False,5034.213333333333,76,-1,5034.213333333333
Uniform1-5000_Seed170_J150_M75,"[0.001390, 0.991019]",75,150,0.1,max_proc,lowest_lower_bound,PRUNE,all_to_shortest,greedy,6418,94,94,2.083056926727295,0.21561026280253456,True,5318.0,85,-1,5034.213333333333
Uniform1-5000_Seed171_J150_M75,"[0.011041, 0.933811]",75,150,0.2,max_proc,lowest_lower_bound,NO_PROFILING,all_to_shortest,greedy,6752,1611,2001,46.88306260108948,0.20857622432859396,False,5343.693333333334,75,-1,5343.693333333334
Uniform1-5000_Seed171_J150_M75,"[0.011041, 0.933811]",75,150,0.1,max_proc,lowest_lower_bound,PRUNE,all_to_shortest,greedy,6981,77,77,1.757462739944458,0.2345375543140906,True,6203.0,75,-1,5343.693333333334
Uniform1-5000_Seed172_J150_M75,"[0.002615, 0.932370]",75,150,0.2,max_proc,lowest_lower_bound,NO_PROFILING,all_to_shortest,greedy,6598,1567,2001,46.69717192649841,0.18868950186925332,False,5353.026666666667,75,-1,5353.026666666667
Uniform1-5000_Seed172_J150_M75,"[0.002615, 0.932370]",75,150,0.1,max_proc,lowest_lower_bound,PRUNE,all_to_shortest,greedy,6747,69,77,1.759181261062622,0.20660639296477448,True,5677.0,75,-1,5353.026666666667
Uniform1-5000_Seed173_J150_M75,"[0.011838, 1.000000]",75,150,0.2,max_proc,lowest_lower_bound,NO_PROFILING,all_to_shortest,greedy,5977,68,68,1.4183216094970703,0.16613685795549607,True,4984.0,66,-1,4984.0
Uniform1-5000_Seed173_J150_M75,"[0.011838, 1.000000]",75,150,0.1,max_proc,lowest_lower_bound,PRUNE,all_to_shortest,greedy,5907,70,70,1.472379446029663,0.15625529033350263,True,4984.0,68,-1,4984.0
Uniform1-5000_Seed174_J150_M75,"[0.001379, 0.982809]",75,150,0.2,max_proc,lowest_lower_bound,NO_PROFILING,all_to_shortest,greedy,6613,922,2001,50.6123583316803,0.23238066434800145,False,5076.266666666666,75,-1,5076.266666666666
Uniform1-5000_Seed174_J150_M75,"[0.001379, 0.982809]",75,150,0.1,max_proc,lowest_lower_bound,PRUNE,all_to_shortest,greedy,6468,80,80,1.825598955154419,0.21517212945784378,True,5422.0,78,-1,5076.266666666666
Uniform1-5000_Seed175_J150_M75,"[0.014737, 0.987549]",75,150,0.2,max_proc,lowest_lower_bound,NO_PROFILING,all_to_shortest,greedy,6296,1257,2001,45.65245270729065,0.21320203303684876,False,4953.68,75,-1,4953.68
Uniform1-5000_Seed175_J150_M75,"[0.014737, 0.987549]",75,150,0.1,max_proc,lowest_lower_bound,PRUNE,all_to_shortest,greedy,6227,84,84,1.8773081302642822,0.20448370001605906,True,5207.0,81,-1,4953.68
Uniform1-5000_Seed176_J150_M75,"[0.009336, 1.000000]",75,150,0.2,max_proc,lowest_lower_bound,NO_PROFILING,all_to_shortest,greedy,5965,607,2001,46.7104127407074,0.17401508801341156,False,4927.0,82,-1,4927.0
Uniform1-5000_Seed176_J150_M75,"[0.009336, 1.000000]",75,150,0.1,max_proc,lowest_lower_bound,PRUNE,all_to_shortest,greedy,5977,78,78,1.706482172012329,0.17567341475656684,True,5084.0,76,-1,4927.0
Uniform1-5000_Seed177_J150_M75,"[0.003225, 1.000000]",75,150,0.2,max_proc,lowest_lower_bound,NO_PROFILING,all_to_shortest,greedy,6167,966,2001,42.864481687545776,0.19539484352197178,False,4962.0,78,-1,4962.0
Uniform1-5000_Seed177_J150_M75,"[0.003225, 1.000000]",75,150,0.1,max_proc,lowest_lower_bound,PRUNE,all_to_shortest,greedy,6185,92,92,1.9519798755645752,0.1977364591754244,True,5126.0,80,-1,4962.0
Uniform1-5000_Seed178_J150_M75,"[0.004041, 0.917479]",75,150,0.2,max_proc,lowest_lower_bound,NO_PROFILING,all_to_shortest,greedy,7113,62,2001,46.68533444404602,0.23460330849618075,False,5444.266666666666,75,-1,5444.266666666666
Uniform1-5000_Seed178_J150_M75,"[0.004041, 0.917479]",75,150,0.1,max_proc,lowest_lower_bound,PRUNE,all_to_shortest,greedy,7208,67,77,1.737070083618164,0.24469108398076214,True,5971.0,75,-1,5444.266666666666
Uniform1-5000_Seed179_J150_M75,"[0.004862, 1.000000]",75,150,0.2,max_proc,lowest_lower_bound,NO_PROFILING,all_to_shortest,greedy,5909,66,66,1.3580412864685059,0.16466407175495007,True,4936.0,64,-1,4936.0
Uniform1-5000_Seed179_J150_M75,"[0.004862, 1.000000]",75,150,0.1,max_proc,lowest_lower_bound,PRUNE,all_to_shortest,greedy,5972,82,82,1.7705416679382324,0.17347622237106497,True,4936.0,77,-1,4936.0
Uniform1-5000_Seed180_J150_M75,"[0.000589, 0.978890]",75,150,0.2,max_proc,lowest_lower_bound,NO_PROFILING,all_to_shortest,greedy,6463,1527,2001,43.44377899169922,0.21173655165299907,False,5094.546666666667,75,-1,5094.546666666667
Uniform1-5000_Seed180_J150_M75,"[0.000589, 0.978890]",75,150,0.1,max_proc,lowest_lower_bound,PRUNE,all_to_shortest,greedy,6449,78,78,1.6518747806549072,0.21002532692407086,True,5393.0,75,-1,5094.546666666667
Uniform1-5000_Seed181_J150_M75,"[0.003812, 1.000000]",75,150,0.2,max_proc,lowest_lower_bound,NO_PROFILING,all_to_shortest,greedy,5975,86,86,1.8377962112426758,0.16585774058577407,True,4984.0,84,-1,4984.0
Uniform1-5000_Seed181_J150_M75,"[0.003812, 1.000000]",75,150,0.1,max_proc,lowest_lower_bound,PRUNE,all_to_shortest,greedy,6014,86,86,1.9136972427368164,0.17126704356501496,True,4984.0,84,-1,4984.0
Uniform1-5000_Seed182_J150_M75,"[0.012301, 1.000000]",75,150,0.2,max_proc,lowest_lower_bound,NO_PROFILING,all_to_shortest,greedy,5810,72,72,1.493643045425415,0.14647160068846815,True,4959.0,70,-1,4959.0
Uniform1-5000_Seed182_J150_M75,"[0.012301, 1.000000]",75,150,0.1,max_proc,lowest_lower_bound,PRUNE,all_to_shortest,greedy,5942,65,65,1.349632740020752,0.16543251430494782,True,4959.0,63,-1,4959.0
Uniform1-5000_Seed183_J150_M75,"[0.003699, 1.000000]",75,150,0.2,max_proc,lowest_lower_bound,NO_PROFILING,all_to_shortest,greedy,5750,38,38,0.7846667766571045,0.1537391304347826,True,4866.0,36,-1,4866.0
Uniform1-5000_Seed183_J150_M75,"[0.003699, 1.000000]",75,150,0.1,max_proc,lowest_lower_bound,PRUNE,all_to_shortest,greedy,5879,41,41,0.8554587364196777,0.17230821568293928,True,4866.0,39,-1,4866.0
Uniform1-5000_Seed184_J150_M75,"[0.028409, 0.939384]",75,150,0.2,max_proc,lowest_lower_bound,NO_PROFILING,all_to_shortest,greedy,6960,271,2001,54.32370328903198,0.23632375478927206,False,5315.1866666666665,75,-1,5315.1866666666665
Uniform1-5000_Seed184_J150_M75,"[0.028409, 0.939384]",75,150,0.1,max_proc,lowest_lower_bound,PRUNE,all_to_shortest,greedy,6926,82,82,1.8958570957183838,0.23257483877177787,True,5752.0,78,-1,5315.1866666666665
Uniform1-5000_Seed185_J150_M75,"[0.000595, 0.982242]",75,150,0.2,max_proc,lowest_lower_bound,NO_PROFILING,all_to_shortest,greedy,6480,1950,2001,47.34951877593994,0.22182921810699582,False,5042.546666666667,75,-1,5042.546666666667
Uniform1-5000_Seed185_J150_M75,"[0.000595, 0.982242]",75,150,0.1,max_proc,lowest_lower_bound,PRUNE,all_to_shortest,greedy,6256,93,93,2.1015193462371826,0.193966325660699,True,5314.0,88,-1,5042.546666666667
Uniform1-5000_Seed186_J150_M75,"[0.000598, 0.994452]",75,150,0.2,max_proc,lowest_lower_bound,NO_PROFILING,all_to_shortest,greedy,6310,461,2001,47.491517543792725,0.2043021658742736,False,5020.8533333333335,75,-1,5020.8533333333335
Uniform1-5000_Seed186_J150_M75,"[0.000598, 0.994452]",75,150,0.1,max_proc,lowest_lower_bound,PRUNE,all_to_shortest,greedy,6426,68,77,1.6921277046203613,0.21866583670505238,True,5367.0,75,-1,5020.8533333333335
Uniform1-5000_Seed187_J150_M75,"[0.002945, 0.919900]",75,150,0.2,max_proc,lowest_lower_bound,NO_PROFILING,all_to_shortest,greedy,7002,1067,2001,49.71119284629822,0.22405027135104258,False,5433.2,75,-1,5433.2
Uniform1-5000_Seed187_J150_M75,"[0.002945, 0.919900]",75,150,0.1,max_proc,lowest_lower_bound,PRUNE,all_to_shortest,greedy,6914,85,92,2.1535863876342773,0.21417413942724908,True,5717.0,83,-1,5433.2
Uniform1-5000_Seed188_J150_M75,"[0.009627, 1.000000]",75,150,0.2,max_proc,lowest_lower_bound,NO_PROFILING,all_to_shortest,greedy,5839,40,40,0.8361570835113525,0.14608665867443055,True,4986.0,38,-1,4986.0
Uniform1-5000_Seed188_J150_M75,"[0.009627, 1.000000]",75,150,0.1,max_proc,lowest_lower_bound,PRUNE,all_to_shortest,greedy,5884,45,45,0.9606409072875977,0.15261726716519375,True,4986.0,43,-1,4986.0
Uniform1-5000_Seed189_J150_M75,"[0.008226, 1.000000]",75,150,0.2,max_proc,lowest_lower_bound,NO_PROFILING,all_to_shortest,greedy,5793,85,85,1.8603782653808594,0.1396513032970827,True,4984.0,83,-1,4984.0
Uniform1-5000_Seed189_J150_M75,"[0.008226, 1.000000]",75,150,0.1,max_proc,lowest_lower_bound,PRUNE,all_to_shortest,greedy,6128,79,79,1.7440545558929443,0.1866840731070496,True,5079.0,77,-1,4984.0
Uniform1-5000_Seed190_J150_M75,"[0.006246, 1.000000]",75,150,0.2,max_proc,lowest_lower_bound,NO_PROFILING,all_to_shortest,greedy,6102,1045,2001,44.390302658081055,0.1866601114388725,False,4963.0,79,-1,4963.0
Uniform1-5000_Seed190_J150_M75,"[0.006246, 1.000000]",75,150,0.1,max_proc,lowest_lower_bound,PRUNE,all_to_shortest,greedy,6162,95,95,2.0537710189819336,0.19457968192145408,True,5102.0,83,-1,4963.0
Uniform1-5000_Seed191_J150_M75,"[0.000735, 0.915557]",75,150,0.2,max_proc,lowest_lower_bound,NO_PROFILING,all_to_shortest,greedy,7109,731,2001,48.484105348587036,0.2342551695034463,False,5443.68,75,-1,5443.68
Uniform1-5000_Seed191_J150_M75,"[0.000735, 0.915557]",75,150,0.1,max_proc,lowest_lower_bound,PRUNE,all_to_shortest,greedy,7001,73,77,1.7512235641479492,0.22244250821311237,True,5862.0,75,-1,5443.68
Uniform1-5000_Seed192_J150_M75,"[0.006667, 0.896435]",75,150,0.2,max_proc,lowest_lower_bound,NO_PROFILING,all_to_shortest,greedy,6982,941,2001,46.91795492172241,0.20513319965625892,False,5549.76,75,-1,5549.76
Uniform1-5000_Seed192_J150_M75,"[0.006667, 0.896435]",75,150,0.1,max_proc,lowest_lower_bound,PRUNE,all_to_shortest,greedy,7068,73,77,1.811061143875122,0.21480475382003392,True,5940.0,75,-1,5549.76
Uniform1-5000_Seed193_J150_M75,"[0.002156, 0.978599]",75,150,0.2,max_proc,lowest_lower_bound,NO_PROFILING,all_to_shortest,greedy,6360,90,2001,51.15221071243286,0.19760796645702308,False,5103.213333333333,89,-1,5103.213333333333
Uniform1-5000_Seed193_J150_M75,"[0.002156, 0.978599]",75,150,0.1,max_proc,lowest_lower_bound,PRUNE,all_to_shortest,greedy,6309,151,151,3.42362117767334,0.1911216780261003,True,5234.0,90,-1,5103.213333333333
Uniform1-5000_Seed194_J150_M75,"[0.001113, 0.923475]",75,150,0.2,max_proc,lowest_lower_bound,NO_PROFILING,all_to_shortest,greedy,6748,1309,2001,51.431626081466675,0.20132977672396765,False,5389.426666666666,75,-1,5389.426666666666
Uniform1-5000_Seed194_J150_M75,"[0.001113, 0.923475]",75,150,0.1,max_proc,lowest_lower_bound,PRUNE,all_to_shortest,greedy,6663,89,89,2.0561938285827637,0.19114112762019117,True,5680.0,83,-1,5389.426666666666
Uniform1-5000_Seed195_J150_M75,"[0.011871, 0.968552]",75,150,0.2,max_proc,lowest_lower_bound,NO_PROFILING,all_to_shortest,greedy,6536,66,2001,53.596248388290405,0.21380048959608317,False,5138.6,75,-1,5138.6
Uniform1-5000_Seed195_J150_M75,"[0.011871, 0.968552]",75,150,0.1,max_proc,lowest_lower_bound,PRUNE,all_to_shortest,greedy,6674,77,77,1.727726936340332,0.23005693736889415,True,5544.0,75,-1,5138.6
Uniform1-5000_Seed196_J150_M75,"[0.011423, 0.934975]",75,150,0.2,max_proc,lowest_lower_bound,NO_PROFILING,all_to_shortest,greedy,6561,580,2001,48.31886076927185,0.19942894883909967,False,5252.546666666667,79,-1,5252.546666666667
Uniform1-5000_Seed196_J150_M75,"[0.011423, 0.934975]",75,150,0.1,max_proc,lowest_lower_bound,PRUNE,all_to_shortest,greedy,6590,87,87,1.9278600215911865,0.20295194739504294,True,5448.0,80,-1,5252.546666666667
Uniform1-5000_Seed197_J150_M75,"[0.003559, 0.934686]",75,150,0.2,max_proc,lowest_lower_bound,NO_PROFILING,all_to_shortest,greedy,6986,1034,2001,49.11963486671448,0.23580112606164708,False,5338.693333333334,75,-1,5338.693333333334
Uniform1-5000_Seed197_J150_M75,"[0.003559, 0.934686]",75,150,0.1,max_proc,lowest_lower_bound,PRUNE,all_to_shortest,greedy,6692,82,82,1.8404905796051025,0.20222753536561064,True,5716.0,76,-1,5338.693333333334
Uniform1-5000_Seed198_J150_M75,"[0.010426, 0.993437]",75,150,0.2,max_proc,lowest_lower_bound,NO_PROFILING,all_to_shortest,greedy,6345,547,2001,51.534313440322876,0.21391121618071968,False,4987.733333333334,84,-1,4987.733333333334
Uniform1-5000_Seed198_J150_M75,"[0.010426, 0.993437]",75,150,0.1,max_proc,lowest_lower_bound,PRUNE,all_to_shortest,greedy,6365,94,221,5.339240550994873,0.21638125163655403,True,5284.0,85,-1,4987.733333333334
Uniform1-5000_Seed199_J150_M75,"[0.000775, 0.953885]",75,150,0.2,max_proc,lowest_lower_bound,NO_PROFILING,all_to_shortest,greedy,6654,365,2001,49.07008337974548,0.22390341649133355,False,5164.1466666666665,76,-1,5164.1466666666665
Uniform1-5000_Seed199_J150_M75,"[0.000775, 0.953885]",75,150,0.1,max_proc,lowest_lower_bound,PRUNE,all_to_shortest,greedy,6543,87,116,2.732496738433838,0.2107371745886189,True,5419.0,85,-1,5164.1466666666665
Uniform1-5000_Seed200_J150_M75,"[0.003611, 1.000000]",75,150,0.2,max_proc,lowest_lower_bound,NO_PROFILING,all_to_shortest,greedy,5841,87,87,1.8808281421661377,0.1465502482451635,True,4985.0,85,-1,4985.0
Uniform1-5000_Seed200_J150_M75,"[0.003611, 1.000000]",75,150,0.1,max_proc,lowest_lower_bound,PRUNE,all_to_shortest,greedy,6031,71,71,1.5440943241119385,0.1734372409219035,True,4985.0,69,-1,4985.0
Uniform1-5000_Seed101_J200_M100,"[0.004434, 0.956095]",100,200,0.2,max_proc,lowest_lower_bound,NO_PROFILING,all_to_shortest,greedy,6395,258,2001,107.27047824859619,0.1887771696637998,False,5187.77,112,-1,5187.77
Uniform1-5000_Seed101_J200_M100,"[0.004434, 0.956095]",100,200,0.1,max_proc,lowest_lower_bound,PRUNE,all_to_shortest,greedy,6417,114,301,16.988406896591187,0.19155836060464385,True,5323.0,112,-1,5187.77
Uniform1-5000_Seed102_J200_M100,"[0.015462, 0.999229]",100,200,0.2,max_proc,lowest_lower_bound,NO_PROFILING,all_to_shortest,greedy,6097,1693,2001,106.61785101890564,0.183231097260948,False,4979.84,108,-1,4979.84
Uniform1-5000_Seed102_J200_M100,"[0.015462, 0.999229]",100,200,0.1,max_proc,lowest_lower_bound,PRUNE,all_to_shortest,greedy,6117,121,121,5.93602180480957,0.18590158574464605,True,5071.0,105,-1,4979.84
Uniform1-5000_Seed103_J200_M100,"[0.002206, 1.000000]",100,200,0.2,max_proc,lowest_lower_bound,NO_PROFILING,all_to_shortest,greedy,5946,95,95,4.146707773208618,0.16128489741002355,True,4987.0,93,-1,4987.0
Uniform1-5000_Seed103_J200_M100,"[0.002206, 1.000000]",100,200,0.1,max_proc,lowest_lower_bound,PRUNE,all_to_shortest,greedy,6018,90,90,4.144296884536743,0.1713193752077102,True,4987.0,88,-1,4987.0
Uniform1-5000_Seed104_J200_M100,"[0.001621, 0.999121]",100,200,0.2,max_proc,lowest_lower_bound,NO_PROFILING,all_to_shortest,greedy,6439,1859,2001,106.25050687789917,0.23336853548687683,False,4936.34,100,-1,4936.34
Uniform1-5000_Seed104_J200_M100,"[0.001621, 0.999121]",100,200,0.1,max_proc,lowest_lower_bound,PRUNE,all_to_shortest,greedy,6402,104,131,6.274046897888184,0.22893783192752262,True,5313.0,104,-1,4936.34
Uniform1-5000_Seed105_J200_M100,"[0.000200, 1.000000]",100,200,0.2,max_proc,lowest_lower_bound,NO_PROFILING,all_to_shortest,greedy,5700,94,94,4.123748064041138,0.12280701754385964,True,5000.0,92,-1,5000.0
Uniform1-5000_Seed105_J200_M100,"[0.000200, 1.000000]",100,200,0.1,max_proc,lowest_lower_bound,PRUNE,all_to_shortest,greedy,5950,86,86,3.8432083129882812,0.15966386554621848,True,5000.0,84,-1,5000.0
Uniform1-5000_Seed106_J200_M100,"[0.001200, 1.000000]",100,200,0.2,max_proc,lowest_lower_bound,NO_PROFILING,all_to_shortest,greedy,5985,109,109,5.042227745056152,0.1647451963241437,True,4999.0,107,-1,4999.0
Uniform1-5000_Seed106_J200_M100,"[0.001200, 1.000000]",100,200,0.1,max_proc,lowest_lower_bound,PRUNE,all_to_shortest,greedy,6032,118,118,5.552852392196655,0.17125331564986737,True,4999.0,104,-1,4999.0
Uniform1-5000_Seed107_J200_M100,"[0.000971, 0.950246]",100,200,0.2,max_proc,lowest_lower_bound,NO_PROFILING,all_to_shortest,greedy,6576,1459,2001,102.03447079658508,0.21729166666666663,False,5147.09,100,-1,5147.09
Uniform1-5000_Seed107_J200_M100,"[0.000971, 0.950246]",100,200,0.1,max_proc,lowest_lower_bound,PRUNE,all_to_shortest,greedy,6622,94,102,4.921696901321411,0.2227287828450619,True,5477.0,100,-1,5147.09
Uniform1-5000_Seed108_J200_M100,"[0.017483, 0.980602]",100,200,0.2,max_proc,lowest_lower_bound,NO_PROFILING,all_to_shortest,greedy,6371,1460,2001,104.57576060295105,0.2009496154449851,False,5090.75,103,-1,5090.75
Uniform1-5000_Seed108_J200_M100,"[0.017483, 0.980602]",100,200,0.1,max_proc,lowest_lower_bound,PRUNE,all_to_shortest,greedy,6417,100,198,10.000735759735107,0.2066775751908992,True,5313.0,112,-1,5090.75
Uniform1-5000_Seed109_J200_M100,"[0.000976, 0.965057]",100,200,0.2,max_proc,lowest_lower_bound,NO_PROFILING,all_to_shortest,greedy,6510,662,2001,100.61350131034851,0.21289554531490013,False,5124.05,100,-1,5124.05
Uniform1-5000_Seed109_J200_M100,"[0.000976, 0.965057]",100,200,0.1,max_proc,lowest_lower_bound,PRUNE,all_to_shortest,greedy,6592,101,102,4.951184034347534,0.2226865898058252,True,5605.0,100,-1,5124.05
Uniform1-5000_Seed110_J200_M100,"[0.012995, 0.954530]",100,200,0.2,max_proc,lowest_lower_bound,NO_PROFILING,all_to_shortest,greedy,6358,595,2001,109.48288822174072,0.17695187165775408,False,5232.94,117,-1,5232.94
Uniform1-5000_Seed110_J200_M100,"[0.012995, 0.954530]",100,200,0.1,max_proc,lowest_lower_bound,PRUNE,all_to_shortest,greedy,6458,111,265,14.894424676895142,0.18969650046454017,True,5365.0,111,-1,5232.94
Uniform1-5000_Seed111_J200_M100,"[0.015344, 1.000000]",100,200,0.2,max_proc,lowest_lower_bound,NO_PROFILING,all_to_shortest,greedy,5905,95,95,4.344106435775757,0.16121930567315834,True,4953.0,93,-1,4953.0
Uniform1-5000_Seed111_J200_M100,"[0.015344, 1.000000]",100,200,0.1,max_proc,lowest_lower_bound,PRUNE,all_to_shortest,greedy,5868,91,91,4.162163019180298,0.15593047034764826,True,4953.0,89,-1,4953.0
Uniform1-5000_Seed112_J200_M100,"[0.000201, 1.000000]",100,200,0.2,max_proc,lowest_lower_bound,NO_PROFILING,all_to_shortest,greedy,6240,1825,2001,98.96410250663757,0.20112179487179488,False,4985.0,108,-1,4985.0
Uniform1-5000_Seed112_J200_M100,"[0.000201, 1.000000]",100,200,0.1,max_proc,lowest_lower_bound,PRUNE,all_to_shortest,greedy,6300,129,259,12.94662618637085,0.20873015873015874,True,5214.0,108,-1,4985.0
Uniform1-5000_Seed113_J200_M100,"[0.002200, 1.000000]",100,200,0.2,max_proc,lowest_lower_bound,NO_PROFILING,all_to_shortest,greedy,6312,1822,2001,94.67532277107239,0.20785804816223066,False,5000.0,100,-1,5000.0
Uniform1-5000_Seed113_J200_M100,"[0.002200, 1.000000]",100,200,0.1,max_proc,lowest_lower_bound,PRUNE,all_to_shortest,greedy,6403,100,102,4.751520395278931,0.2191160393565516,True,5329.0,100,-1,5000.0
Uniform1-5000_Seed114_J200_M100,"[0.007204, 1.000000]",100,200,0.2,max_proc,lowest_lower_bound,NO_PROFILING,all_to_shortest,greedy,5987,104,104,4.591643571853638,0.16535827626524136,True,4997.0,102,-1,4997.0
Uniform1-5000_Seed114_J200_M100,"[0.007204, 1.000000]",100,200,0.1,max_proc,lowest_lower_bound,PRUNE,all_to_shortest,greedy,6005,106,106,4.896886348724365,0.1678601165695254,True,5040.0,103,-1,4997.0
Uniform1-5000_Seed115_J200_M100,"[0.001197, 0.997335]",100,200,0.2,max_proc,lowest_lower_bound,NO_PROFILING,all_to_shortest,greedy,6275,1578,2001,101.21351599693298,0.20121752988047814,False,5012.36,102,-1,5012.36
Uniform1-5000_Seed115_J200_M100,"[0.001197, 0.997335]",100,200,0.1,max_proc,lowest_lower_bound,PRUNE,all_to_shortest,greedy,6256,108,108,5.115744590759277,0.19879156010230184,True,5211.0,106,-1,5012.36
Uniform1-5000_Seed116_J200_M100,"[0.001681, 0.933911]",100,200,0.2,max_proc,lowest_lower_bound,NO_PROFILING,all_to_shortest,greedy,6692,274,2001,106.67880630493164,0.19996563060370592,False,5353.83,100,-1,5353.83
Uniform1-5000_Seed116_J200_M100,"[0.001681, 0.933911]",100,200,0.1,max_proc,lowest_lower_bound,PRUNE,all_to_shortest,greedy,6693,115,115,5.765812397003174,0.20008516360376513,True,5597.0,113,-1,5353.83
Uniform1-5000_Seed117_J200_M100,"[0.001803, 1.000000]",100,200,0.2,max_proc,lowest_lower_bound,NO_PROFILING,all_to_shortest,greedy,5948,104,104,4.88760781288147,0.1605581708137189,True,4993.0,102,-1,4993.0
Uniform1-5000_Seed117_J200_M100,"[0.001803, 1.000000]",100,200,0.1,max_proc,lowest_lower_bound,PRUNE,all_to_shortest,greedy,5991,105,105,4.9954564571380615,0.16658320814555166,True,4993.0,103,-1,4993.0
Uniform1-5000_Seed118_J200_M100,"[0.003821, 1.000000]",100,200,0.2,max_proc,lowest_lower_bound,NO_PROFILING,all_to_shortest,greedy,5895,98,98,4.375140905380249,0.15657336726039017,True,4972.0,96,-1,4972.0
Uniform1-5000_Seed118_J200_M100,"[0.003821, 1.000000]",100,200,0.1,max_proc,lowest_lower_bound,PRUNE,all_to_shortest,greedy,5961,103,103,4.775117874145508,0.16591175977185035,True,4972.0,100,-1,4972.0
Uniform1-5000_Seed119_J200_M100,"[0.000591, 0.980917]",100,200,0.2,max_proc,lowest_lower_bound,NO_PROFILING,all_to_shortest,greedy,6513,320,2001,110.55937075614929,0.22050053738676492,False,5076.88,105,-1,5076.88
Uniform1-5000_Seed119_J200_M100,"[0.000591, 0.980917]",100,200,0.1,max_proc,lowest_lower_bound,PRUNE,all_to_shortest,greedy,6398,116,128,6.3347766399383545,0.20648952797749295,True,5288.0,112,-1,5076.88
Uniform1-5000_Seed120_J200_M100,"[0.002160, 0.980177]",100,200,0.2,max_proc,lowest_lower_bound,NO_PROFILING,all_to_shortest,greedy,6724,348,2001,117.63190793991089,0.2425698988697204,False,5092.96,100,-1,5092.96
Uniform1-5000_Seed120_J200_M100,"[0.002160, 0.980177]",100,200,0.1,max_proc,lowest_lower_bound,PRUNE,all_to_shortest,greedy,6724,98,102,4.992903232574463,0.2425698988697204,True,5581.0,100,-1,5092.96
Uniform1-5000_Seed121_J200_M100,"[0.002800, 1.000000]",100,200,0.2,max_proc,lowest_lower_bound,NO_PROFILING,all_to_shortest,greedy,5886,117,117,5.5235443115234375,0.15052667346245327,True,5000.0,115,-1,5000.0
Uniform1-5000_Seed121_J200_M100,"[0.002800, 1.000000]",100,200,0.1,max_proc,lowest_lower_bound,PRUNE,all_to_shortest,greedy,6050,104,104,4.839375019073486,0.17355371900826447,True,5009.0,102,-1,5000.0
Uniform1-5000_Seed122_J200_M100,"[0.010456, 1.000000]",100,200,0.2,max_proc,lowest_lower_bound,NO_PROFILING,all_to_shortest,greedy,6245,1288,2001,108.39944911003113,0.20368294635708567,False,4973.0,103,-1,4973.0
Uniform1-5000_Seed122_J200_M100,"[0.010456, 1.000000]",100,200,0.1,max_proc,lowest_lower_bound,PRUNE,all_to_shortest,greedy,6206,117,117,5.684680223464966,0.1986786980341605,True,5138.0,111,-1,4973.0
Uniform1-5000_Seed123_J200_M100,"[0.003547, 0.977228]",100,200,0.2,max_proc,lowest_lower_bound,NO_PROFILING,all_to_shortest,greedy,6590,1024,2001,106.33728218078613,0.22996054628224577,False,5074.56,100,-1,5074.56
Uniform1-5000_Seed123_J200_M100,"[0.003547, 0.977228]",100,200,0.1,max_proc,lowest_lower_bound,PRUNE,all_to_shortest,greedy,6412,115,115,5.598039865493774,0.20858390517779157,True,5422.0,106,-1,5074.56
Uniform1-5000_Seed124_J200_M100,"[0.005477, 1.000000]",100,200,0.2,max_proc,lowest_lower_bound,NO_PROFILING,all_to_shortest,greedy,5894,98,98,4.360843181610107,0.16355615880556498,True,4930.0,96,-1,4930.0
Uniform1-5000_Seed124_J200_M100,"[0.005477, 1.000000]",100,200,0.1,max_proc,lowest_lower_bound,PRUNE,all_to_shortest,greedy,5860,112,112,5.327224016189575,0.15870307167235495,True,4930.0,105,-1,4930.0
Uniform1-5000_Seed125_J200_M100,"[0.003148, 0.924436]",100,200,0.2,max_proc,lowest_lower_bound,NO_PROFILING,all_to_shortest,greedy,6960,1491,2001,111.72984313964844,0.22413074712643677,False,5400.05,100,-1,5400.05
Uniform1-5000_Seed125_J200_M100,"[0.003148, 0.924436]",100,200,0.1,max_proc,lowest_lower_bound,PRUNE,all_to_shortest,greedy,6972,93,102,5.066359758377075,0.22546615031554787,True,5795.0,100,-1,5400.05
Uniform1-5000_Seed126_J200_M100,"[0.000805, 1.000000]",100,200,0.2,max_proc,lowest_lower_bound,NO_PROFILING,all_to_shortest,greedy,5786,113,113,5.2116899490356445,0.14154856550293812,True,4967.0,111,-1,4967.0
Uniform1-5000_Seed126_J200_M100,"[0.000805, 1.000000]",100,200,0.1,max_proc,lowest_lower_bound,PRUNE,all_to_shortest,greedy,6029,117,117,5.416092157363892,0.17614861502736773,True,5015.0,107,-1,4967.0
Uniform1-5000_Seed127_J200_M100,"[0.007282, 0.983601]",100,200,0.2,max_proc,lowest_lower_bound,NO_PROFILING,all_to_shortest,greedy,6486,1571,2001,105.68294882774353,0.2165695343817453,False,5081.33,100,-1,5081.33
Uniform1-5000_Seed127_J200_M100,"[0.007282, 0.983601]",100,200,0.1,max_proc,lowest_lower_bound,PRUNE,all_to_shortest,greedy,6549,111,112,5.478761434555054,0.22410597037715682,True,5420.0,110,-1,5081.33
Uniform1-5000_Seed128_J200_M100,"[0.004039, 1.000000]",100,200,0.2,max_proc,lowest_lower_bound,NO_PROFILING,all_to_shortest,greedy,5931,105,105,4.757643222808838,0.16506491316809982,True,4952.0,103,-1,4952.0
Uniform1-5000_Seed128_J200_M100,"[0.004039, 1.000000]",100,200,0.1,max_proc,lowest_lower_bound,PRUNE,all_to_shortest,greedy,5987,106,106,5.03321099281311,0.17287456155002506,True,4952.0,104,-1,4952.0
Uniform1-5000_Seed129_J200_M100,"[0.004095, 0.971807]",100,200,0.2,max_proc,lowest_lower_bound,NO_PROFILING,all_to_shortest,greedy,6692,211,2001,106.633305311203,0.2336237298266587,False,5128.59,100,-1,5128.59
Uniform1-5000_Seed129_J200_M100,"[0.004095, 0.971807]",100,200,0.1,max_proc,lowest_lower_bound,PRUNE,all_to_shortest,greedy,6479,108,108,5.235751152038574,0.2084287698718938,True,5445.0,106,-1,5128.59
Uniform1-5000_Seed130_J200_M100,"[0.010011, 0.924913]",100,200,0.2,max_proc,lowest_lower_bound,NO_PROFILING,all_to_shortest,greedy,6998,1403,2001,110.97296452522278,0.22920548728208054,False,5394.02,100,-1,5394.02
Uniform1-5000_Seed130_J200_M100,"[0.010011, 0.924913]",100,200,0.1,max_proc,lowest_lower_bound,PRUNE,all_to_shortest,greedy,7025,97,102,4.976806402206421,0.23216797153024904,True,5827.0,100,-1,5394.02
Uniform1-5000_Seed131_J200_M100,"[0.013029, 1.000000]",100,200,0.2,max_proc,lowest_lower_bound,NO_PROFILING,all_to_shortest,greedy,5980,128,128,6.044348239898682,0.1657190635451505,True,4989.0,126,-1,4989.0
Uniform1-5000_Seed131_J200_M100,"[0.013029, 1.000000]",100,200,0.1,max_proc,lowest_lower_bound,PRUNE,all_to_shortest,greedy,6034,313,313,14.846929788589478,0.1731852833941001,True,4989.0,129,-1,4989.0
Uniform1-5000_Seed132_J200_M100,"[0.001785, 0.987384]",100,200,0.2,max_proc,lowest_lower_bound,NO_PROFILING,all_to_shortest,greedy,6292,1948,2001,99.60373592376709,0.19856643356643358,False,5042.62,114,-1,5042.62
Uniform1-5000_Seed132_J200_M100,"[0.001785, 0.987384]",100,200,0.1,max_proc,lowest_lower_bound,PRUNE,all_to_shortest,greedy,6216,130,173,8.723481893539429,0.1887676962676963,True,5183.0,116,-1,5042.62
Uniform1-5000_Seed133_J200_M100,"[0.001200, 1.000000]",100,200,0.2,max_proc,lowest_lower_bound,NO_PROFILING,all_to_shortest,greedy,5901,96,96,4.355419397354126,0.15268598542619896,True,5000.0,94,-1,5000.0
Uniform1-5000_Seed133_J200_M100,"[0.001200, 1.000000]",100,200,0.1,max_proc,lowest_lower_bound,PRUNE,all_to_shortest,greedy,5907,100,100,4.807960271835327,0.15354663958015913,True,5000.0,98,-1,5000.0
Uniform1-5000_Seed134_J200_M100,"[0.010746, 1.000000]",100,200,0.2,max_proc,lowest_lower_bound,NO_PROFILING,all_to_shortest,greedy,5883,96,96,4.37326455116272,0.16165221825599185,True,4932.0,94,-1,4932.0
Uniform1-5000_Seed134_J200_M100,"[0.010746, 1.000000]",100,200,0.1,max_proc,lowest_lower_bound,PRUNE,all_to_shortest,greedy,5925,99,99,4.696349620819092,0.16759493670886075,True,4932.0,97,-1,4932.0
Uniform1-5000_Seed135_J200_M100,"[0.010918, 0.946262]",100,200,0.2,max_proc,lowest_lower_bound,NO_PROFILING,all_to_shortest,greedy,6675,1178,2001,107.76721024513245,0.21789662921348316,False,5220.54,100,-1,5220.54
Uniform1-5000_Seed135_J200_M100,"[0.010918, 0.946262]",100,200,0.1,max_proc,lowest_lower_bound,PRUNE,all_to_shortest,greedy,6609,115,115,5.65965723991394,0.21008624602814344,True,5505.0,106,-1,5220.54
Uniform1-5000_Seed136_J200_M100,"[0.002419, 1.000000]",100,200,0.2,max_proc,lowest_lower_bound,NO_PROFILING,all_to_shortest,greedy,6209,1660,2001,106.36894869804382,0.20115960702206476,False,4960.0,102,-1,4960.0
Uniform1-5000_Seed136_J200_M100,"[0.002419, 1.000000]",100,200,0.1,max_proc,lowest_lower_bound,PRUNE,all_to_shortest,greedy,6170,98,108,5.207045316696167,0.19611021069692058,True,5146.0,102,-1,4960.0
Uniform1-5000_Seed137_J200_M100,"[0.001604, 0.995119]",100,200,0.2,max_proc,lowest_lower_bound,NO_PROFILING,all_to_shortest,greedy,6357,286,2001,103.52472829818726,0.21529809658644009,False,4988.35,107,-1,4988.35
Uniform1-5000_Seed137_J200_M100,"[0.001604, 0.995119]",100,200,0.1,max_proc,lowest_lower_bound,PRUNE,all_to_shortest,greedy,6244,142,142,7.214822053909302,0.20109705317104415,True,5163.0,116,-1,4988.35
Uniform1-5000_Seed138_J200_M100,"[0.005500, 1.000000]",100,200,0.2,max_proc,lowest_lower_bound,NO_PROFILING,all_to_shortest,greedy,5891,1282,2001,102.36837863922119,0.16669495841113563,False,4909.0,118,-1,4909.0
Uniform1-5000_Seed138_J200_M100,"[0.005500, 1.000000]",100,200,0.1,max_proc,lowest_lower_bound,PRUNE,all_to_shortest,greedy,5956,106,108,5.246741771697998,0.17578912021490933,True,5078.0,102,-1,4909.0
Uniform1-5000_Seed139_J200_M100,"[0.005838, 0.961774]",100,200,0.2,max_proc,lowest_lower_bound,NO_PROFILING,all_to_shortest,greedy,6669,1604,2001,116.58841109275818,0.2295066726645674,False,5138.42,100,-1,5138.42
Uniform1-5000_Seed139_J200_M100,"[0.005838, 0.961774]",100,200,0.1,max_proc,lowest_lower_bound,PRUNE,all_to_shortest,greedy,6513,119,119,5.920560836791992,0.21105174266850912,True,5387.0,108,-1,5138.42
Uniform1-5000_Seed140_J200_M100,"[0.000811, 1.000000]",100,200,0.2,max_proc,lowest_lower_bound,NO_PROFILING,all_to_shortest,greedy,5902,113,113,5.248865604400635,0.16418163334462893,True,4933.0,111,-1,4933.0
Uniform1-5000_Seed140_J200_M100,"[0.000811, 1.000000]",100,200,0.1,max_proc,lowest_lower_bound,PRUNE,all_to_shortest,greedy,5963,129,129,6.394049882888794,0.1727318463860473,True,4933.0,108,-1,4933.0
Uniform1-5000_Seed141_J200_M100,"[0.009406, 1.000000]",100,200,0.2,max_proc,lowest_lower_bound,NO_PROFILING,all_to_shortest,greedy,5952,103,103,5.018316745758057,0.1604502688172043,True,4997.0,101,-1,4997.0
Uniform1-5000_Seed141_J200_M100,"[0.009406, 1.000000]",100,200,0.1,max_proc,lowest_lower_bound,PRUNE,all_to_shortest,greedy,6015,106,106,5.4038004875183105,0.16924355777223607,True,4997.0,104,-1,4997.0
Uniform1-5000_Seed142_J200_M100,"[0.003263, 0.958364]",100,200,0.2,max_proc,lowest_lower_bound,NO_PROFILING,all_to_shortest,greedy,6403,684,2001,117.73983907699585,0.18633140715289706,False,5209.92,120,-1,5209.92
Uniform1-5000_Seed142_J200_M100,"[0.003263, 0.958364]",100,200,0.1,max_proc,lowest_lower_bound,PRUNE,all_to_shortest,greedy,6547,441,459,27.003539085388184,0.20422789063693295,True,5419.0,112,-1,5209.92
Uniform1-5000_Seed143_J200_M100,"[0.006005, 1.000000]",100,200,0.2,max_proc,lowest_lower_bound,NO_PROFILING,all_to_shortest,greedy,6226,882,2001,110.87892270088196,0.19755862512046257,False,4996.0,102,-1,4996.0
Uniform1-5000_Seed143_J200_M100,"[0.006005, 1.000000]",100,200,0.1,max_proc,lowest_lower_bound,PRUNE,all_to_shortest,greedy,6197,110,110,5.532942056655884,0.19380345328384702,True,5139.0,108,-1,4996.0
Uniform1-5000_Seed144_J200_M100,"[0.001409, 1.000000]",100,200,0.2,max_proc,lowest_lower_bound,NO_PROFILING,all_to_shortest,greedy,6249,745,2001,102.89042687416077,0.2051528244519123,False,4967.0,100,-1,4967.0
Uniform1-5000_Seed144_J200_M100,"[0.001409, 1.000000]",100,200,0.1,max_proc,lowest_lower_bound,PRUNE,all_to_shortest,greedy,6283,102,102,4.746280908584595,0.20945408244469202,True,5243.0,100,-1,4967.0
Uniform1-5000_Seed145_J200_M100,"[0.003423, 1.000000]",100,200,0.2,max_proc,lowest_lower_bound,NO_PROFILING,all_to_shortest,greedy,5743,114,114,5.243077993392944,0.13512101689012712,True,4967.0,112,-1,4967.0
Uniform1-5000_Seed145_J200_M100,"[0.003423, 1.000000]",100,200,0.1,max_proc,lowest_lower_bound,PRUNE,all_to_shortest,greedy,6131,123,283,13.714645147323608,0.18985483607894307,True,5097.0,110,-1,4967.0
Uniform1-5000_Seed146_J200_M100,"[0.000602, 1.000000]",100,200,0.2,max_proc,lowest_lower_bound,NO_PROFILING,all_to_shortest,greedy,5935,108,108,4.848230600357056,0.16040438079191238,True,4983.0,106,-1,4983.0
Uniform1-5000_Seed146_J200_M100,"[0.000602, 1.000000]",100,200,0.1,max_proc,lowest_lower_bound,PRUNE,all_to_shortest,greedy,6081,95,105,4.789433717727661,0.18056240749876665,True,5050.0,102,-1,4983.0
Uniform1-5000_Seed147_J200_M100,"[0.002209, 1.000000]",100,200,0.2,max_proc,lowest_lower_bound,NO_PROFILING,all_to_shortest,greedy,6311,1615,2001,105.12955832481384,0.21106005387418791,False,4979.0,100,-1,4979.0
Uniform1-5000_Seed147_J200_M100,"[0.002209, 1.000000]",100,200,0.1,max_proc,lowest_lower_bound,PRUNE,all_to_shortest,greedy,6240,115,115,5.612484455108643,0.20208333333333334,True,5170.0,106,-1,4979.0
Uniform1-5000_Seed148_J200_M100,"[0.003315, 0.968655]",100,200,0.2,max_proc,lowest_lower_bound,NO_PROFILING,all_to_shortest,greedy,6474,329,2001,104.35460495948792,0.20795026258881688,False,5127.73,104,-1,5127.73
Uniform1-5000_Seed148_J200_M100,"[0.003315, 0.968655]",100,200,0.1,max_proc,lowest_lower_bound,PRUNE,all_to_shortest,greedy,6378,108,131,6.565478563308716,0.19602853559109445,True,5273.0,118,-1,5127.73
Uniform1-5000_Seed149_J200_M100,"[0.006494, 0.981118]",100,200,0.2,max_proc,lowest_lower_bound,NO_PROFILING,all_to_shortest,greedy,6343,94,2001,100.99801111221313,0.1988081349519155,False,5081.96,100,-1,5081.96
Uniform1-5000_Seed149_J200_M100,"[0.006494, 0.981118]",100,200,0.1,max_proc,lowest_lower_bound,PRUNE,all_to_shortest,greedy,6368,92,102,4.759028673171997,0.2019535175879397,True,5360.0,100,-1,5081.96
Uniform1-5000_Seed150_J200_M100,"[0.002819, 1.000000]",100,200,0.2,max_proc,lowest_lower_bound,NO_PROFILING,all_to_shortest,greedy,5870,77,77,3.3537180423736572,0.15400340715502556,True,4966.0,75,-1,4966.0
Uniform1-5000_Seed150_J200_M100,"[0.002819, 1.000000]",100,200,0.1,max_proc,lowest_lower_bound,PRUNE,all_to_shortest,greedy,5960,83,83,3.6964893341064453,0.16677852348993288,True,4966.0,81,-1,4966.0
Uniform1-5000_Seed151_J200_M100,"[0.002169, 0.985025]",100,200,0.2,max_proc,lowest_lower_bound,NO_PROFILING,all_to_shortest,greedy,6553,91,2001,109.8711998462677,0.2260109873340455,False,5071.95,100,-1,5071.95
Uniform1-5000_Seed151_J200_M100,"[0.002169, 0.985025]",100,200,0.1,max_proc,lowest_lower_bound,PRUNE,all_to_shortest,greedy,6363,109,109,5.385007858276367,0.20289957567185293,True,5330.0,107,-1,5071.95
Uniform1-5000_Seed152_J200_M100,"[0.003307, 0.970887]",100,200,0.2,max_proc,lowest_lower_bound,NO_PROFILING,all_to_shortest,greedy,6673,285,2001,100.07801175117493,0.22963284879364607,False,5140.66,100,-1,5140.66
Uniform1-5000_Seed152_J200_M100,"[0.003307, 0.970887]",100,200,0.1,max_proc,lowest_lower_bound,PRUNE,all_to_shortest,greedy,6532,104,104,5.0975072383880615,0.21300367421922844,True,5450.0,101,-1,5140.66
Uniform1-5000_Seed153_J200_M100,"[0.003533, 0.976614]",100,200,0.2,max_proc,lowest_lower_bound,NO_PROFILING,all_to_shortest,greedy,6680,563,2001,111.21354603767395,0.23740568862275446,False,5094.13,100,-1,5094.13
Uniform1-5000_Seed153_J200_M100,"[0.003533, 0.976614]",100,200,0.1,max_proc,lowest_lower_bound,PRUNE,all_to_shortest,greedy,6403,115,115,5.678567171096802,0.20441511791347805,True,5370.0,106,-1,5094.13
Uniform1-5000_Seed154_J200_M100,"[0.003824, 1.000000]",100,200,0.2,max_proc,lowest_lower_bound,NO_PROFILING,all_to_shortest,greedy,5929,106,106,4.808584213256836,0.16208466857817508,True,4968.0,104,-1,4968.0
Uniform1-5000_Seed154_J200_M100,"[0.003824, 1.000000]",100,200,0.1,max_proc,lowest_lower_bound,PRUNE,all_to_shortest,greedy,5995,136,136,6.435674428939819,0.17130942452043368,True,4968.0,110,-1,4968.0
Uniform1-5000_Seed155_J200_M100,"[0.000802, 1.000000]",100,200,0.2,max_proc,lowest_lower_bound,NO_PROFILING,all_to_shortest,greedy,5903,101,101,4.600451469421387,0.1546671184143656,True,4990.0,99,-1,4990.0
Uniform1-5000_Seed155_J200_M100,"[0.000802, 1.000000]",100,200,0.1,max_proc,lowest_lower_bound,PRUNE,all_to_shortest,greedy,5935,102,102,4.779343128204346,0.15922493681550126,True,4990.0,100,-1,4990.0
Uniform1-5000_Seed156_J200_M100,"[0.014639, 0.973013]",100,200,0.2,max_proc,lowest_lower_bound,NO_PROFILING,all_to_shortest,greedy,6252,1250,2001,104.89956760406494,0.18054062699936016,False,5123.26,119,-1,5123.26
Uniform1-5000_Seed156_J200_M100,"[0.014639, 0.973013]",100,200,0.1,max_proc,lowest_lower_bound,PRUNE,all_to_shortest,greedy,6334,224,744,38.062641859054565,0.19114935269971578,True,5240.0,122,-1,5123.26
Uniform1-5000_Seed157_J200_M100,"[0.009832, 0.975093]",100,200,0.2,max_proc,lowest_lower_bound,NO_PROFILING,all_to_shortest,greedy,6528,1208,2001,100.5948212146759,0.2209451593137255,False,5085.67,100,-1,5085.67
Uniform1-5000_Seed157_J200_M100,"[0.009832, 0.975093]",100,200,0.1,max_proc,lowest_lower_bound,PRUNE,all_to_shortest,greedy,6533,103,103,4.833773374557495,0.22154140517373333,True,5405.0,101,-1,5085.67
Uniform1-5000_Seed158_J200_M100,"[0.002405, 1.000000]",100,200,0.2,max_proc,lowest_lower_bound,NO_PROFILING,all_to_shortest,greedy,6412,1976,2001,100.29121518135071,0.2219276356830942,False,4989.0,100,-1,4989.0
Uniform1-5000_Seed158_J200_M100,"[0.002405, 1.000000]",100,200,0.1,max_proc,lowest_lower_bound,PRUNE,all_to_shortest,greedy,6010,174,174,8.261385679244995,0.16988352745424293,True,5067.0,120,-1,4989.0
Uniform1-5000_Seed159_J200_M100,"[0.002401, 1.000000]",100,200,0.2,max_proc,lowest_lower_bound,NO_PROFILING,all_to_shortest,greedy,5951,74,74,3.116152286529541,0.1601411527474374,True,4998.0,72,-1,4998.0
Uniform1-5000_Seed159_J200_M100,"[0.002401, 1.000000]",100,200,0.1,max_proc,lowest_lower_bound,PRUNE,all_to_shortest,greedy,5924,71,71,3.1075973510742188,0.1563133018230925,True,4998.0,69,-1,4998.0
Uniform1-5000_Seed160_J200_M100,"[0.004319, 0.937028]",100,200,0.2,max_proc,lowest_lower_bound,NO_PROFILING,all_to_shortest,greedy,6921,723,2001,99.40076875686646,0.23055194336078597,False,5325.35,100,-1,5325.35
Uniform1-5000_Seed160_J200_M100,"[0.004319, 0.937028]",100,200,0.1,max_proc,lowest_lower_bound,PRUNE,all_to_shortest,greedy,6683,104,104,5.00589656829834,0.2031497830315726,True,5644.0,102,-1,5325.35
Uniform1-5000_Seed161_J200_M100,"[0.005361, 0.990478]",100,200,0.2,max_proc,lowest_lower_bound,NO_PROFILING,all_to_shortest,greedy,6329,418,2001,101.2213122844696,0.20430557750039505,False,5035.95,105,-1,5035.95
Uniform1-5000_Seed161_J200_M100,"[0.005361, 0.990478]",100,200,0.1,max_proc,lowest_lower_bound,PRUNE,all_to_shortest,greedy,6335,106,106,5.082012414932251,0.20505919494869773,True,5239.0,103,-1,5035.95
Uniform1-5000_Seed162_J200_M100,"[0.011439, 1.000000]",100,200,0.2,max_proc,lowest_lower_bound,NO_PROFILING,all_to_shortest,greedy,6349,1844,2001,94.13113141059875,0.2151519924397543,False,4983.0,101,-1,4983.0
Uniform1-5000_Seed162_J200_M100,"[0.011439, 1.000000]",100,200,0.1,max_proc,lowest_lower_bound,PRUNE,all_to_shortest,greedy,6134,106,106,4.88481879234314,0.18764264753831106,True,5198.0,104,-1,4983.0
Uniform1-5000_Seed163_J200_M100,"[0.005031, 0.922023]",100,200,0.2,max_proc,lowest_lower_bound,NO_PROFILING,all_to_shortest,greedy,7167,1688,2001,110.58473324775696,0.25122645458350773,False,5366.46,100,-1,5366.46
Uniform1-5000_Seed163_J200_M100,"[0.005031, 0.922023]",100,200,0.1,max_proc,lowest_lower_bound,PRUNE,all_to_shortest,greedy,7130,106,114,5.680516481399536,0.24734081346423561,True,6004.0,102,-1,5366.46
Uniform1-5000_Seed164_J200_M100,"[0.007063, 0.928347]",100,200,0.2,max_proc,lowest_lower_bound,NO_PROFILING,all_to_shortest,greedy,6455,119,119,5.850325345993042,0.16645546088303645,True,5380.53,117,-1,5380.53
Uniform1-5000_Seed164_J200_M100,"[0.007063, 0.928347]",100,200,0.1,max_proc,lowest_lower_bound,PRUNE,all_to_shortest,greedy,6488,119,119,5.967451095581055,0.17069512946979043,True,5380.53,117,-1,5380.53
Uniform1-5000_Seed165_J200_M100,"[0.002752, 0.978293]",100,200,0.2,max_proc,lowest_lower_bound,NO_PROFILING,all_to_shortest,greedy,6343,555,2001,89.5679042339325,0.19810657417625732,False,5086.41,100,-1,5086.41
Uniform1-5000_Seed165_J200_M100,"[0.002752, 0.978293]",100,200,0.1,max_proc,lowest_lower_bound,PRUNE,all_to_shortest,greedy,6379,99,102,4.765743732452393,0.20263207399278887,True,5276.0,100,-1,5086.41
Uniform1-5000_Seed166_J200_M100,"[0.001169, 0.965786]",100,200,0.2,max_proc,lowest_lower_bound,NO_PROFILING,all_to_shortest,greedy,6591,1087,2001,105.72496199607849,0.22142770444545598,False,5131.57,100,-1,5131.57
Uniform1-5000_Seed166_J200_M100,"[0.001169, 0.965786]",100,200,0.1,max_proc,lowest_lower_bound,PRUNE,all_to_shortest,greedy,6401,103,103,5.110232591629028,0.1983174503983753,True,5426.0,101,-1,5131.57
Uniform1-5000_Seed167_J200_M100,"[0.001207, 1.000000]",100,200,0.2,max_proc,lowest_lower_bound,NO_PROFILING,all_to_shortest,greedy,5934,113,113,5.214698314666748,0.16228513650151669,True,4971.0,111,-1,4971.0
Uniform1-5000_Seed167_J200_M100,"[0.001207, 1.000000]",100,200,0.1,max_proc,lowest_lower_bound,PRUNE,all_to_shortest,greedy,6075,114,114,5.3742170333862305,0.1817283950617284,True,5051.0,105,-1,4971.0
Uniform1-5000_Seed168_J200_M100,"[0.008904, 0.943610]",100,200,0.2,max_proc,lowest_lower_bound,NO_PROFILING,all_to_shortest,greedy,6769,136,2001,115.42985653877258,0.23676613975476438,False,5166.33,100,-1,5166.33
Uniform1-5000_Seed168_J200_M100,"[0.008904, 0.943610]",100,200,0.1,max_proc,lowest_lower_bound,PRUNE,all_to_shortest,greedy,6721,121,121,6.137423038482666,0.23131528046421665,True,5563.0,112,-1,5166.33
Uniform1-5000_Seed169_J200_M100,"[0.000401, 1.000000]",100,200,0.2,max_proc,lowest_lower_bound,NO_PROFILING,all_to_shortest,greedy,5952,104,104,4.663206100463867,0.1616263440860215,True,4990.0,102,-1,4990.0
Uniform1-5000_Seed169_J200_M100,"[0.000401, 1.000000]",100,200,0.1,max_proc,lowest_lower_bound,PRUNE,all_to_shortest,greedy,6017,115,115,5.459304571151733,0.1706830646501579,True,4990.0,106,-1,4990.0
Uniform1-5000_Seed170_J200_M100,"[0.001351, 0.962533]",100,200,0.2,max_proc,lowest_lower_bound,NO_PROFILING,all_to_shortest,greedy,6616,652,2001,96.86527037620544,0.21656590084643293,False,5183.2,100,-1,5183.2
Uniform1-5000_Seed170_J200_M100,"[0.001351, 0.962533]",100,200,0.1,max_proc,lowest_lower_bound,PRUNE,all_to_shortest,greedy,6567,106,145,7.289541959762573,0.21072026800670018,True,5489.0,106,-1,5183.2
Uniform1-5000_Seed171_J200_M100,"[0.011063, 0.935673]",100,200,0.2,max_proc,lowest_lower_bound,NO_PROFILING,all_to_shortest,greedy,6761,234,2001,104.45266675949097,0.21120248483952073,False,5333.06,100,-1,5333.06
Uniform1-5000_Seed171_J200_M100,"[0.011063, 0.935673]",100,200,0.1,max_proc,lowest_lower_bound,PRUNE,all_to_shortest,greedy,7152,97,102,5.0831215381622314,0.254326062639821,True,6203.0,100,-1,5333.06
Uniform1-5000_Seed172_J200_M100,"[0.002638, 0.940499]",100,200,0.2,max_proc,lowest_lower_bound,NO_PROFILING,all_to_shortest,greedy,6777,351,2001,103.46602487564087,0.21694555112881803,False,5306.76,100,-1,5306.76
Uniform1-5000_Seed172_J200_M100,"[0.002638, 0.940499]",100,200,0.1,max_proc,lowest_lower_bound,PRUNE,all_to_shortest,greedy,6663,108,108,5.328046083450317,0.20354795137325526,True,5601.0,106,-1,5306.76
Uniform1-5000_Seed173_J200_M100,"[0.011693, 0.987789]",100,200,0.2,max_proc,lowest_lower_bound,NO_PROFILING,all_to_shortest,greedy,6020,117,117,5.446063280105591,0.16185880398671101,True,5045.61,115,-1,5045.61
Uniform1-5000_Seed173_J200_M100,"[0.011693, 0.987789]",100,200,0.1,max_proc,lowest_lower_bound,PRUNE,all_to_shortest,greedy,6061,121,121,5.949400901794434,0.1675284606500578,True,5045.61,119,-1,5045.61
Uniform1-5000_Seed174_J200_M100,"[0.001389, 0.990034]",100,200,0.2,max_proc,lowest_lower_bound,NO_PROFILING,all_to_shortest,greedy,6629,1554,2001,107.00904750823975,0.23982199426761197,False,5039.22,100,-1,5039.22
Uniform1-5000_Seed174_J200_M100,"[0.001389, 0.990034]",100,200,0.1,max_proc,lowest_lower_bound,PRUNE,all_to_shortest,greedy,6493,108,108,5.331533908843994,0.22389958416756503,True,5384.0,102,-1,5039.22
Uniform1-5000_Seed175_J200_M100,"[0.014588, 0.977622]",100,200,0.2,max_proc,lowest_lower_bound,NO_PROFILING,all_to_shortest,greedy,6416,646,2001,100.3431830406189,0.22007793017456365,False,5003.98,100,-1,5003.98
Uniform1-5000_Seed175_J200_M100,"[0.014588, 0.977622]",100,200,0.1,max_proc,lowest_lower_bound,PRUNE,all_to_shortest,greedy,6447,92,102,4.868269681930542,0.22382813711803948,True,5378.0,100,-1,5003.98
Uniform1-5000_Seed176_J200_M100,"[0.009189, 0.998752]",100,200,0.2,max_proc,lowest_lower_bound,NO_PROFILING,all_to_shortest,greedy,6326,461,2001,104.66994833946228,0.2086231425861524,False,5006.25,104,-1,5006.25
Uniform1-5000_Seed176_J200_M100,"[0.009189, 0.998752]",100,200,0.1,max_proc,lowest_lower_bound,PRUNE,all_to_shortest,greedy,6300,120,230,12.285333633422852,0.20535714285714285,True,5214.0,114,-1,5006.25
Uniform1-5000_Seed177_J200_M100,"[0.003225, 1.000000]",100,200,0.2,max_proc,lowest_lower_bound,NO_PROFILING,all_to_shortest,greedy,5895,109,109,5.006537199020386,0.15826972010178117,True,4962.0,107,-1,4962.0
Uniform1-5000_Seed177_J200_M100,"[0.003225, 1.000000]",100,200,0.1,max_proc,lowest_lower_bound,PRUNE,all_to_shortest,greedy,5927,110,110,5.235536336898804,0.16281423991901467,True,4962.0,108,-1,4962.0
Uniform1-5000_Seed178_J200_M100,"[0.004138, 0.939498]",100,200,0.2,max_proc,lowest_lower_bound,NO_PROFILING,all_to_shortest,greedy,6786,221,2001,94.70532965660095,0.21652372531682876,False,5316.67,100,-1,5316.67
Uniform1-5000_Seed178_J200_M100,"[0.004138, 0.939498]",100,200,0.1,max_proc,lowest_lower_bound,PRUNE,all_to_shortest,greedy,6809,102,102,5.006518840789795,0.21917021589073285,True,5725.0,100,-1,5316.67
Uniform1-5000_Seed179_J200_M100,"[0.004842, 1.000000]",100,200,0.2,max_proc,lowest_lower_bound,NO_PROFILING,all_to_shortest,greedy,5741,110,110,5.237222671508789,0.13656157463856472,True,4957.0,108,-1,4957.0
Uniform1-5000_Seed179_J200_M100,"[0.004842, 1.000000]",100,200,0.1,max_proc,lowest_lower_bound,PRUNE,all_to_shortest,greedy,5878,123,123,5.904380559921265,0.1566859476012249,True,4957.0,110,-1,4957.0
Uniform1-5000_Seed180_J200_M100,"[0.000577, 0.959158]",100,200,0.2,max_proc,lowest_lower_bound,NO_PROFILING,all_to_shortest,greedy,6660,1995,2001,95.15129494667053,0.21931681681681675,False,5199.35,100,-1,5199.35
Uniform1-5000_Seed180_J200_M100,"[0.000577, 0.959158]",100,200,0.1,max_proc,lowest_lower_bound,PRUNE,all_to_shortest,greedy,6674,94,102,4.7414329051971436,0.22095445010488457,True,5528.0,100,-1,5199.35
Uniform1-5000_Seed181_J200_M100,"[0.003776, 0.991807]",100,200,0.2,max_proc,lowest_lower_bound,NO_PROFILING,all_to_shortest,greedy,6035,121,121,5.827037334442139,0.16615907207953612,True,5032.23,119,-1,5032.23
Uniform1-5000_Seed181_J200_M100,"[0.003776, 0.991807]",100,200,0.1,max_proc,lowest_lower_bound,PRUNE,all_to_shortest,greedy,6085,121,121,6.0760297775268555,0.17301068200493022,True,5032.23,119,-1,5032.23
Uniform1-5000_Seed182_J200_M100,"[0.012232, 1.000000]",100,200,0.2,max_proc,lowest_lower_bound,NO_PROFILING,all_to_shortest,greedy,5964,112,112,5.076686382293701,0.16381623071763918,True,4987.0,110,-1,4987.0
Uniform1-5000_Seed182_J200_M100,"[0.012232, 1.000000]",100,200,0.1,max_proc,lowest_lower_bound,PRUNE,all_to_shortest,greedy,6012,116,116,5.607017517089844,0.17049234863606122,True,4987.0,114,-1,4987.0
Uniform1-5000_Seed183_J200_M100,"[0.003627, 1.000000]",100,200,0.2,max_proc,lowest_lower_bound,NO_PROFILING,all_to_shortest,greedy,5898,52,52,2.302828073501587,0.15852831468294337,True,4963.0,50,-1,4963.0
Uniform1-5000_Seed183_J200_M100,"[0.003627, 1.000000]",100,200,0.1,max_proc,lowest_lower_bound,PRUNE,all_to_shortest,greedy,5987,59,59,2.611844778060913,0.17103724736930015,True,4963.0,57,-1,4963.0
Uniform1-5000_Seed184_J200_M100,"[0.006526, 0.958406]",100,200,0.2,max_proc,lowest_lower_bound,NO_PROFILING,all_to_shortest,greedy,6794,731,2001,110.29971480369568,0.23319252281424793,False,5209.69,100,-1,5209.69
Uniform1-5000_Seed184_J200_M100,"[0.006526, 0.958406]",100,200,0.1,max_proc,lowest_lower_bound,PRUNE,all_to_shortest,greedy,6702,109,109,5.457998037338257,0.22266636824828415,True,5550.0,104,-1,5209.69
Uniform1-5000_Seed185_J200_M100,"[0.000600, 1.000000]",100,200,0.2,max_proc,lowest_lower_bound,NO_PROFILING,all_to_shortest,greedy,5993,114,114,5.38896632194519,0.16619389287502087,True,4997.0,112,-1,4997.0
Uniform1-5000_Seed185_J200_M100,"[0.000600, 1.000000]",100,200,0.1,max_proc,lowest_lower_bound,PRUNE,all_to_shortest,greedy,6235,118,118,5.621688365936279,0.19855653568564555,True,5154.0,108,-1,4997.0
Uniform1-5000_Seed186_J200_M100,"[0.000601, 1.000000]",100,200,0.2,max_proc,lowest_lower_bound,NO_PROFILING,all_to_shortest,greedy,6387,1827,2001,94.74760127067566,0.21825583215907313,False,4993.0,100,-1,4993.0
Uniform1-5000_Seed186_J200_M100,"[0.000601, 1.000000]",100,200,0.1,max_proc,lowest_lower_bound,PRUNE,all_to_shortest,greedy,6397,111,112,5.286954164505005,0.21947788025637016,True,5293.0,106,-1,4993.0
Uniform1-5000_Seed187_J200_M100,"[0.003012, 0.940719]",100,200,0.2,max_proc,lowest_lower_bound,NO_PROFILING,all_to_shortest,greedy,6958,799,2001,108.23760890960693,0.236424259844783,False,5312.96,100,-1,5312.96
Uniform1-5000_Seed187_J200_M100,"[0.003012, 0.940719]",100,200,0.1,max_proc,lowest_lower_bound,PRUNE,all_to_shortest,greedy,6761,111,111,5.383958339691162,0.21417541783759797,True,5593.0,106,-1,5312.96
Uniform1-5000_Seed188_J200_M100,"[0.009627, 1.000000]",100,200,0.2,max_proc,lowest_lower_bound,NO_PROFILING,all_to_shortest,greedy,5982,72,72,3.0601348876953125,0.16649949849548645,True,4986.0,70,-1,4986.0
Uniform1-5000_Seed188_J200_M100,"[0.009627, 1.000000]",100,200,0.1,max_proc,lowest_lower_bound,PRUNE,all_to_shortest,greedy,6015,83,83,3.6994199752807617,0.171072319201995,True,4986.0,81,-1,4986.0
Uniform1-5000_Seed189_J200_M100,"[0.008226, 1.000000]",100,200,0.2,max_proc,lowest_lower_bound,NO_PROFILING,all_to_shortest,greedy,5977,116,116,5.502742290496826,0.16613685795549607,True,4984.0,114,-1,4984.0
Uniform1-5000_Seed189_J200_M100,"[0.008226, 1.000000]",100,200,0.1,max_proc,lowest_lower_bound,PRUNE,all_to_shortest,greedy,6172,122,160,8.420329570770264,0.19248217757615035,True,5131.0,113,-1,4984.0
Uniform1-5000_Seed190_J200_M100,"[0.006246, 1.000000]",100,200,0.2,max_proc,lowest_lower_bound,NO_PROFILING,all_to_shortest,greedy,5942,118,118,5.634808540344238,0.16475934028946482,True,4963.0,116,-1,4963.0
Uniform1-5000_Seed190_J200_M100,"[0.006246, 1.000000]",100,200,0.1,max_proc,lowest_lower_bound,PRUNE,all_to_shortest,greedy,6078,110,110,5.279344081878662,0.1834485027969727,True,5071.0,107,-1,4963.0
Uniform1-5000_Seed191_J200_M100,"[0.000755, 0.941073]",100,200,0.2,max_proc,lowest_lower_bound,NO_PROFILING,all_to_shortest,greedy,6992,440,2001,105.21799898147583,0.24255148741418767,False,5296.08,100,-1,5296.08
Uniform1-5000_Seed191_J200_M100,"[0.000755, 0.941073]",100,200,0.1,max_proc,lowest_lower_bound,PRUNE,all_to_shortest,greedy,6865,92,102,4.875508785247803,0.2285389657683904,True,5717.0,100,-1,5296.08
Uniform1-5000_Seed192_J200_M100,"[0.006877, 0.924675]",100,200,0.2,max_proc,lowest_lower_bound,NO_PROFILING,all_to_shortest,greedy,6831,811,2001,100.94641184806824,0.212374469330991,False,5380.27,100,-1,5380.27
Uniform1-5000_Seed192_J200_M100,"[0.006877, 0.924675]",100,200,0.1,max_proc,lowest_lower_bound,PRUNE,all_to_shortest,greedy,6969,86,204,11.158820390701294,0.22797101449275356,True,5785.0,111,-1,5380.27
Uniform1-5000_Seed193_J200_M100,"[0.002203, 1.000000]",100,200,0.2,max_proc,lowest_lower_bound,NO_PROFILING,all_to_shortest,greedy,6441,852,2001,95.99848103523254,0.22465455674584692,False,4994.0,100,-1,4994.0
Uniform1-5000_Seed193_J200_M100,"[0.002203, 1.000000]",100,200,0.1,max_proc,lowest_lower_bound,PRUNE,all_to_shortest,greedy,6175,164,164,8.390079021453857,0.19125506072874493,True,5184.0,119,-1,4994.0
Uniform1-5000_Seed194_J200_M100,"[0.001116, 0.927240]",100,200,0.2,max_proc,lowest_lower_bound,NO_PROFILING,all_to_shortest,greedy,6893,1890,2001,104.8143744468689,0.22021035833454228,False,5375.09,100,-1,5375.09
Uniform1-5000_Seed194_J200_M100,"[0.001116, 0.927240]",100,200,0.1,max_proc,lowest_lower_bound,PRUNE,all_to_shortest,greedy,6899,109,109,5.333483457565308,0.22088853457022756,True,5723.0,103,-1,5375.09
Uniform1-5000_Seed195_J200_M100,"[0.002756, 0.979802]",100,200,0.2,max_proc,lowest_lower_bound,NO_PROFILING,all_to_shortest,greedy,6696,1347,2001,118.75940895080566,0.24139784946236553,False,5079.6,100,-1,5079.6
Uniform1-5000_Seed195_J200_M100,"[0.002756, 0.979802]",100,200,0.1,max_proc,lowest_lower_bound,PRUNE,all_to_shortest,greedy,6582,108,108,5.2265589237213135,0.22825888787602547,True,5481.0,102,-1,5079.6
Uniform1-5000_Seed196_J200_M100,"[0.004828, 0.988191]",100,200,0.2,max_proc,lowest_lower_bound,NO_PROFILING,all_to_shortest,greedy,5957,113,113,5.315371990203857,0.1655699177438308,True,4970.7,111,-1,4970.7
Uniform1-5000_Seed196_J200_M100,"[0.004828, 0.988191]",100,200,0.1,max_proc,lowest_lower_bound,PRUNE,all_to_shortest,greedy,5988,118,118,5.799695014953613,0.16988977955911827,True,4970.7,116,-1,4970.7
Uniform1-5000_Seed197_J200_M100,"[0.003612, 0.948496]",100,200,0.2,max_proc,lowest_lower_bound,NO_PROFILING,all_to_shortest,greedy,6632,1800,2001,101.51888847351074,0.2067310012062726,False,5260.96,100,-1,5260.96
Uniform1-5000_Seed197_J200_M100,"[0.003612, 0.948496]",100,200,0.1,max_proc,lowest_lower_bound,PRUNE,all_to_shortest,greedy,6697,101,102,4.9330666065216064,0.21443034194415408,True,5569.0,100,-1,5260.96
Uniform1-5000_Seed198_J200_M100,"[0.000201, 0.999924]",100,200,0.2,max_proc,lowest_lower_bound,NO_PROFILING,all_to_shortest,greedy,6359,1019,2001,111.66626191139221,0.21727001100802013,False,4977.38,112,-1,4977.38
Uniform1-5000_Seed198_J200_M100,"[0.000201, 0.999924]",100,200,0.1,max_proc,lowest_lower_bound,PRUNE,all_to_shortest,greedy,6284,530,530,30.35202145576477,0.20792807129217059,True,5256.0,115,-1,4977.38
Uniform1-5000_Seed199_J200_M100,"[0.000769, 0.958041]",100,200,0.2,max_proc,lowest_lower_bound,NO_PROFILING,all_to_shortest,greedy,6648,1252,2001,110.94592022895813,0.2174669073405536,False,5202.28,105,-1,5202.28
Uniform1-5000_Seed199_J200_M100,"[0.000769, 0.958041]",100,200,0.1,max_proc,lowest_lower_bound,PRUNE,all_to_shortest,greedy,6543,120,120,6.039304733276367,0.2049090631208926,True,5412.0,114,-1,5202.28
Uniform1-5000_Seed200_J200_M100,"[0.003611, 1.000000]",100,200,0.2,max_proc,lowest_lower_bound,NO_PROFILING,all_to_shortest,greedy,5884,107,107,4.883881568908691,0.152787219578518,True,4985.0,105,-1,4985.0
Uniform1-5000_Seed200_J200_M100,"[0.003611, 1.000000]",100,200,0.1,max_proc,lowest_lower_bound,PRUNE,all_to_shortest,greedy,5940,93,93,4.411190748214722,0.16077441077441076,True,4985.0,91,-1,4985.0
