instance,epsilon_range,n_machines,n_jobs,epsilon,branching_rule,node_selection,profiling_mode,rounding_rule,lower_bound,best_solution,nodes_to_best_solution,nodes_explored,runtime,opt_gap,terminate,best_bound,depth,number_of_nodes_for_optimality,optimal_solution
Uniform1-5000_Seed1_J20_M10,"[0.030127, 0.990048]",10,20,0.1,max_proc,lowest_lower_bound,NO_PROFILING,all_to_shortest,greedy,5679,264,2001,0.8574965000152588,0.1525092445853143,False,4812.9,10,-1,4812.9
Uniform1-5000_Seed1_J20_M10,"[0.030127, 0.990048]",10,20,0.05,max_proc,lowest_lower_bound,PRUNE,all_to_shortest,greedy,6192,7,12,0.0041911602020263,0.2227228682170543,True,5660.0,10,-1,4812.9
Uniform1-5000_Seed2_J20_M10,"[0.021704, 0.866251]",10,20,0.1,max_proc,lowest_lower_bound,NO_PROFILING,all_to_shortest,greedy,6429,442,2001,1.1882421970367432,0.10416861098149,False,5759.3,11,-1,5759.3
Uniform1-5000_Seed2_J20_M10,"[0.021704, 0.866251]",10,20,0.05,max_proc,lowest_lower_bound,PRUNE,all_to_shortest,greedy,6876,7,23,0.0104763507843017,0.1624054682955206,True,6351.0,12,-1,5759.3
Uniform1-5000_Seed3_J20_M10,"[0.158241, 0.949043]",10,20,0.1,max_proc,lowest_lower_bound,NO_PROFILING,all_to_shortest,greedy,5884,66,2001,1.3486106395721436,0.1515295717199185,False,4992.4,10,-1,4992.4
Uniform1-5000_Seed3_J20_M10,"[0.158241, 0.949043]",10,20,0.05,max_proc,lowest_lower_bound,PRUNE,all_to_shortest,greedy,5696,13,13,0.0057322978973388,0.1235252808988764,True,5240.0,11,-1,4992.4
Uniform1-5000_Seed4_J20_M10,"[0.012695, 1.000000]",10,20,0.1,max_proc,lowest_lower_bound,NO_PROFILING,all_to_shortest,greedy,4490,8,8,0.0032770633697509,0.1297995545657016,True,4490.0,6,-1,3907.2
Uniform1-5000_Seed4_J20_M10,"[0.012695, 1.000000]",10,20,0.05,max_proc,lowest_lower_bound,PRUNE,all_to_shortest,greedy,4490,9,9,0.0030305385589599,0.1297995545657016,True,4490.0,7,-1,3907.2
Uniform1-5000_Seed5_J20_M10,"[0.040653, 0.848775]",10,20,0.1,max_proc,lowest_lower_bound,NO_PROFILING,all_to_shortest,greedy,5859,48,2001,1.1826207637786863,0.1351254480286738,False,5067.3,10,-1,5067.3
Uniform1-5000_Seed5_J20_M10,"[0.040653, 0.848775]",10,20,0.05,max_proc,lowest_lower_bound,PRUNE,all_to_shortest,greedy,5776,13,13,0.0056531429290771,0.1226973684210526,True,5392.0,10,-1,5067.3
Uniform1-5000_Seed6_J20_M10,"[0.045337, 0.937562]",10,20,0.1,max_proc,lowest_lower_bound,NO_PROFILING,all_to_shortest,greedy,5487,592,592,0.2660233974456787,0.0834700200473847,True,5029.0,11,-1,5029.0
Uniform1-5000_Seed6_J20_M10,"[0.045337, 0.937562]",10,20,0.05,max_proc,lowest_lower_bound,PRUNE,all_to_shortest,greedy,5681,20,20,0.0076274871826171,0.1147685266678401,True,5153.0,13,-1,5029.0
Uniform1-5000_Seed7_J20_M10,"[0.076509, 0.871067]",10,20,0.1,max_proc,lowest_lower_bound,NO_PROFILING,all_to_shortest,greedy,6019,23,2001,1.0600600242614746,0.1487622528659245,False,5123.6,10,-1,5123.6
Uniform1-5000_Seed7_J20_M10,"[0.076509, 0.871067]",10,20,0.05,max_proc,lowest_lower_bound,PRUNE,all_to_shortest,greedy,5765,17,17,0.0074806213378906,0.1112575888985255,True,5423.0,11,-1,5123.6
Uniform1-5000_Seed8_J20_M10,"[0.050602, 0.919615]",10,20,0.1,max_proc,lowest_lower_bound,NO_PROFILING,all_to_shortest,greedy,5873,54,54,0.0200252532958984,0.0881151030137919,True,5355.5,11,-1,5355.5
Uniform1-5000_Seed8_J20_M10,"[0.050602, 0.919615]",10,20,0.05,max_proc,lowest_lower_bound,PRUNE,all_to_shortest,greedy,5810,22,22,0.0083928108215332,0.0782271944922547,True,5785.0,13,-1,5355.5
Uniform1-5000_Seed9_J20_M10,"[0.046849, 0.916201]",10,20,0.1,max_proc,lowest_lower_bound,NO_PROFILING,all_to_shortest,greedy,5558,1388,1388,0.5080878734588623,0.0821338611011155,True,5101.5,10,-1,5101.5
Uniform1-5000_Seed9_J20_M10,"[0.046849, 0.916201]",10,20,0.05,max_proc,lowest_lower_bound,PRUNE,all_to_shortest,greedy,6123,11,12,0.0049817562103271,0.1668299853013228,True,5558.0,10,-1,5101.5
Uniform1-5000_Seed10_J20_M10,"[0.048832, 0.982746]",10,20,0.1,max_proc,lowest_lower_bound,NO_PROFILING,all_to_shortest,greedy,5386,186,186,0.0690028667449951,0.0874860750092832,True,4914.8,13,-1,4914.8
Uniform1-5000_Seed10_J20_M10,"[0.048832, 0.982746]",10,20,0.05,max_proc,lowest_lower_bound,PRUNE,all_to_shortest,greedy,5367,27,27,0.0,0.0842556362958822,True,4914.8,13,-1,4914.8
Uniform1-5000_Seed11_J20_M10,"[0.028217, 1.000000]",10,20,0.1,max_proc,lowest_lower_bound,NO_PROFILING,all_to_shortest,greedy,5411,5,5,0.0020270347595214,0.0765108113102938,True,4997.0,3,-1,4997.0
Uniform1-5000_Seed11_J20_M10,"[0.028217, 1.000000]",10,20,0.05,max_proc,lowest_lower_bound,PRUNE,all_to_shortest,greedy,5475,12,12,0.0045785903930664,0.0873059360730593,True,4997.0,10,-1,4997.0
Uniform1-5000_Seed12_J20_M10,"[0.010681, 0.976225]",10,20,0.1,max_proc,lowest_lower_bound,NO_PROFILING,all_to_shortest,greedy,5046,53,53,0.0186738967895507,0.0722750693618707,True,4681.3,10,-1,4681.3
Uniform1-5000_Seed12_J20_M10,"[0.010681, 0.976225]",10,20,0.05,max_proc,lowest_lower_bound,PRUNE,all_to_shortest,greedy,5339,5,12,0.0049707889556884,0.1231878628956733,True,4932.0,10,-1,4681.3
Uniform1-5000_Seed13_J20_M10,"[0.015182, 1.000000]",10,20,0.1,max_proc,lowest_lower_bound,NO_PROFILING,all_to_shortest,greedy,4949,2,2,0.0,0.0018185492018589,True,4940.0,0,-1,4940.0
Uniform1-5000_Seed13_J20_M10,"[0.015182, 1.000000]",10,20,0.05,max_proc,lowest_lower_bound,PRUNE,all_to_shortest,greedy,4949,2,2,0.0010073184967041,0.0018185492018589,True,4940.0,0,-1,4940.0
Uniform1-5000_Seed14_J20_M10,"[0.047904, 1.000000]",10,20,0.1,max_proc,lowest_lower_bound,NO_PROFILING,all_to_shortest,greedy,5109,12,12,0.005284309387207,0.0520649833626932,True,4843.0,10,-1,4843.0
Uniform1-5000_Seed14_J20_M10,"[0.047904, 1.000000]",10,20,0.05,max_proc,lowest_lower_bound,PRUNE,all_to_shortest,greedy,5164,15,15,0.0071613788604736,0.0621611154144074,True,4843.0,11,-1,4843.0
Uniform1-5000_Seed15_J20_M10,"[0.004024, 1.000000]",10,20,0.1,max_proc,lowest_lower_bound,NO_PROFILING,all_to_shortest,greedy,5122,4,4,0.0021336078643798,0.0296759078484966,True,4970.0,2,-1,4970.0
Uniform1-5000_Seed15_J20_M10,"[0.004024, 1.000000]",10,20,0.05,max_proc,lowest_lower_bound,PRUNE,all_to_shortest,greedy,5122,4,4,0.0009996891021728,0.0296759078484966,True,4970.0,2,-1,4970.0
Uniform1-5000_Seed16_J20_M10,"[0.067705, 0.833378]",10,20,0.1,max_proc,lowest_lower_bound,NO_PROFILING,all_to_shortest,greedy,7107,364,2001,0.8157851696014404,0.2061207260447445,False,5642.1,10,-1,5642.1
Uniform1-5000_Seed16_J20_M10,"[0.067705, 0.833378]",10,20,0.05,max_proc,lowest_lower_bound,PRUNE,all_to_shortest,greedy,7440,4,12,0.0038614273071289,0.2416532258064515,True,6965.0,10,-1,5642.1
Uniform1-5000_Seed17_J20_M10,"[0.045283, 0.943849]",10,20,0.1,max_proc,lowest_lower_bound,NO_PROFILING,all_to_shortest,greedy,5628,1055,2001,0.9470100402832032,0.0975124378109453,False,5079.2,10,-1,5079.2
Uniform1-5000_Seed17_J20_M10,"[0.045283, 0.943849]",10,20,0.05,max_proc,lowest_lower_bound,PRUNE,all_to_shortest,greedy,5473,18,18,0.0077836513519287,0.0719532249223461,True,5473.0,13,-1,5079.2
Uniform1-5000_Seed18_J20_M10,"[0.117562, 0.934701]",10,20,0.1,max_proc,lowest_lower_bound,NO_PROFILING,all_to_shortest,greedy,5737,154,2001,0.934760332107544,0.1281854627854278,False,5001.6,11,-1,5001.6
Uniform1-5000_Seed18_J20_M10,"[0.117562, 0.934701]",10,20,0.05,max_proc,lowest_lower_bound,PRUNE,all_to_shortest,greedy,5334,15,15,0.0072786808013916,0.0623172103487063,True,5177.0,13,-1,5001.6
Uniform1-5000_Seed19_J20_M10,"[0.049351, 0.817715]",10,20,0.1,max_proc,lowest_lower_bound,NO_PROFILING,all_to_shortest,greedy,6341,407,2001,0.8750247955322266,0.1467907270146664,False,5410.2,10,-1,5410.2
Uniform1-5000_Seed19_J20_M10,"[0.049351, 0.817715]",10,20,0.05,max_proc,lowest_lower_bound,PRUNE,all_to_shortest,greedy,6433,12,13,0.0050294399261474,0.1589926939219648,True,6095.0,11,-1,5410.2
Uniform1-5000_Seed20_J20_M10,"[0.083669, 0.858185]",10,20,0.1,max_proc,lowest_lower_bound,NO_PROFILING,all_to_shortest,greedy,6728,492,2001,1.312516450881958,0.1561979785969084,False,5677.1,10,-1,5677.1
Uniform1-5000_Seed20_J20_M10,"[0.083669, 0.858185]",10,20,0.05,max_proc,lowest_lower_bound,PRUNE,all_to_shortest,greedy,6391,14,14,0.0020432472229003,0.1117039586919104,True,6049.0,11,-1,5677.1
Uniform1-5000_Seed1_J50_M25,"[0.029116, 1.000000]",25,50,0.1,max_proc,lowest_lower_bound,NO_PROFILING,all_to_shortest,greedy,6133,1988,2001,8.262993574142456,0.2071221262025109,False,4980.0,25,-1,4862.72
Uniform1-5000_Seed1_J50_M25,"[0.029116, 1.000000]",25,50,0.05,max_proc,lowest_lower_bound,PRUNE,all_to_shortest,greedy,5523,32,32,0.0992095470428466,0.1195509686764439,True,5413.0,27,-1,4862.72
Uniform1-5000_Seed2_J50_M25,"[0.005658, 0.882078]",25,50,0.1,max_proc,lowest_lower_bound,NO_PROFILING,all_to_shortest,greedy,6728,1114,2001,11.440842390060425,0.1593400713436385,False,5655.96,25,-1,5655.96
Uniform1-5000_Seed2_J50_M25,"[0.005658, 0.882078]",25,50,0.05,max_proc,lowest_lower_bound,PRUNE,all_to_shortest,greedy,6733,22,46,0.1417648792266845,0.1599643546710233,True,6114.0,28,-1,5655.96
Uniform1-5000_Seed3_J50_M25,"[0.051701, 0.937018]",25,50,0.1,max_proc,lowest_lower_bound,NO_PROFILING,all_to_shortest,greedy,6410,1515,2001,12.323198318481444,0.1702028081123245,False,5319.0,25,-1,5319.0
Uniform1-5000_Seed3_J50_M25,"[0.051701, 0.937018]",25,50,0.05,max_proc,lowest_lower_bound,PRUNE,all_to_shortest,greedy,6077,40,40,0.1160430908203125,0.1247325983215402,True,5529.0,32,-1,5319.0
Uniform1-5000_Seed4_J50_M25,"[0.011811, 1.000000]",25,50,0.1,max_proc,lowest_lower_bound,NO_PROFILING,all_to_shortest,greedy,5667,813,2001,7.863981485366821,0.1485724369154755,False,4826.0,30,-1,4825.04
Uniform1-5000_Seed4_J50_M25,"[0.011811, 1.000000]",25,50,0.05,max_proc,lowest_lower_bound,PRUNE,all_to_shortest,greedy,5492,296,296,0.8883802890777588,0.121442097596504,True,5032.0,33,-1,4825.04
Uniform1-5000_Seed5_J50_M25,"[0.008319, 0.989756]",25,50,0.1,max_proc,lowest_lower_bound,NO_PROFILING,all_to_shortest,greedy,5880,207,2001,9.559153318405151,0.1413741496598639,False,5048.72,25,-1,5048.72
Uniform1-5000_Seed5_J50_M25,"[0.008319, 0.989756]",25,50,0.05,max_proc,lowest_lower_bound,PRUNE,all_to_shortest,greedy,5621,56,56,0.163022756576538,0.101811065646682,True,5307.0,34,-1,5048.72
Uniform1-5000_Seed6_J50_M25,"[0.044728, 0.980877]",25,50,0.1,max_proc,lowest_lower_bound,NO_PROFILING,all_to_shortest,greedy,5986,852,2001,12.696275472640991,0.1484330103575009,False,5097.48,25,-1,5097.48
Uniform1-5000_Seed6_J50_M25,"[0.044728, 0.980877]",25,50,0.05,max_proc,lowest_lower_bound,PRUNE,all_to_shortest,greedy,5789,156,156,0.61464524269104,0.1194541371566765,True,5360.0,35,-1,5097.48
Uniform1-5000_Seed7_J50_M25,"[0.019115, 0.998931]",25,50,0.1,max_proc,lowest_lower_bound,NO_PROFILING,all_to_shortest,greedy,6009,799,2001,13.66326904296875,0.1903478116159095,False,4865.2,25,-1,4865.2
Uniform1-5000_Seed7_J50_M25,"[0.019115, 0.998931]",25,50,0.05,max_proc,lowest_lower_bound,PRUNE,all_to_shortest,greedy,5462,31,31,0.1416988372802734,0.1092640058586598,True,5184.0,28,-1,4865.2
Uniform1-5000_Seed8_J50_M25,"[0.050595, 0.919481]",25,50,0.1,max_proc,lowest_lower_bound,NO_PROFILING,all_to_shortest,greedy,6443,1639,2001,13.776401281356812,0.1686667701381344,False,5356.28,26,-1,5356.28
Uniform1-5000_Seed8_J50_M25,"[0.050595, 0.919481]",25,50,0.05,max_proc,lowest_lower_bound,PRUNE,all_to_shortest,greedy,6131,38,58,0.2483432292938232,0.1263611156418203,True,5572.0,35,-1,5356.28
Uniform1-5000_Seed9_J50_M25,"[0.046328, 0.918230]",25,50,0.1,max_proc,lowest_lower_bound,NO_PROFILING,all_to_shortest,greedy,6215,707,2001,12.10541534423828,0.1699372485921158,False,5158.84,25,-1,5158.84
Uniform1-5000_Seed9_J50_M25,"[0.046328, 0.918230]",25,50,0.05,max_proc,lowest_lower_bound,PRUNE,all_to_shortest,greedy,6203,32,237,0.9264461994171144,0.1683314525229727,True,5638.0,33,-1,5158.84
Uniform1-5000_Seed10_J50_M25,"[0.018634, 1.000000]",25,50,0.1,max_proc,lowest_lower_bound,NO_PROFILING,all_to_shortest,greedy,5238,29,29,0.1035382747650146,0.1201298205421916,True,4830.0,27,-1,4608.76
Uniform1-5000_Seed10_J50_M25,"[0.018634, 1.000000]",25,50,0.05,max_proc,lowest_lower_bound,PRUNE,all_to_shortest,greedy,5300,29,29,0.1158690452575683,0.1304226415094339,True,4830.0,27,-1,4608.76
Uniform1-5000_Seed11_J50_M25,"[0.025872, 0.964798]",25,50,0.1,max_proc,lowest_lower_bound,NO_PROFILING,all_to_shortest,greedy,6439,1698,2001,12.220951795578005,0.1956328622456903,False,5179.32,25,-1,5179.32
Uniform1-5000_Seed11_J50_M25,"[0.025872, 0.964798]",25,50,0.05,max_proc,lowest_lower_bound,PRUNE,all_to_shortest,greedy,5936,29,29,0.1078853607177734,0.1274730458221024,True,5782.0,27,-1,5179.32
Uniform1-5000_Seed12_J50_M25,"[0.009864, 0.956644]",25,50,0.1,max_proc,lowest_lower_bound,NO_PROFILING,all_to_shortest,greedy,5686,231,2001,8.578860759735107,0.1085543440028138,False,5068.76,26,-1,5068.76
Uniform1-5000_Seed12_J50_M25,"[0.009864, 0.956644]",25,50,0.05,max_proc,lowest_lower_bound,PRUNE,all_to_shortest,greedy,5845,28,29,0.136909008026123,0.1328041060735671,True,5444.0,26,-1,5068.76
Uniform1-5000_Seed13_J50_M25,"[0.002429, 1.000000]",25,50,0.1,max_proc,lowest_lower_bound,NO_PROFILING,all_to_shortest,greedy,5138,21,21,0.0907495021820068,0.1725652004671078,True,4940.0,19,-1,4251.36
Uniform1-5000_Seed13_J50_M25,"[0.002429, 1.000000]",25,50,0.05,max_proc,lowest_lower_bound,PRUNE,all_to_shortest,greedy,5102,23,23,0.0806357860565185,0.1667267738141905,True,4940.0,21,-1,4251.36
Uniform1-5000_Seed14_J50_M25,"[0.005782, 1.000000]",25,50,0.1,max_proc,lowest_lower_bound,NO_PROFILING,all_to_shortest,greedy,5196,29,29,0.0977556705474853,0.0679368745188606,True,4843.0,27,-1,4843.0
Uniform1-5000_Seed14_J50_M25,"[0.005782, 1.000000]",25,50,0.05,max_proc,lowest_lower_bound,PRUNE,all_to_shortest,greedy,5300,36,36,0.1392936706542968,0.0862264150943396,True,4843.0,34,-1,4843.0
Uniform1-5000_Seed15_J50_M25,"[0.003977, 0.988323]",25,50,0.1,max_proc,lowest_lower_bound,NO_PROFILING,all_to_shortest,greedy,6168,671,2001,12.009363174438477,0.1847081712062256,False,5028.72,25,-1,5028.72
Uniform1-5000_Seed15_J50_M25,"[0.003977, 0.988323]",25,50,0.05,max_proc,lowest_lower_bound,PRUNE,all_to_shortest,greedy,5825,31,31,0.1129827499389648,0.1367004291845493,True,5318.0,29,-1,5028.72
Uniform1-5000_Seed16_J50_M25,"[0.026656, 1.000000]",25,50,0.1,max_proc,lowest_lower_bound,NO_PROFILING,all_to_shortest,greedy,5586,441,2001,8.92599081993103,0.1403508771929824,False,4802.0,28,-1,4802.0
Uniform1-5000_Seed16_J50_M25,"[0.026656, 1.000000]",25,50,0.05,max_proc,lowest_lower_bound,PRUNE,all_to_shortest,greedy,5217,53,53,0.1585626602172851,0.0795476327391221,True,4981.0,32,-1,4802.0
Uniform1-5000_Seed17_J50_M25,"[0.032289, 0.928275]",25,50,0.1,max_proc,lowest_lower_bound,NO_PROFILING,all_to_shortest,greedy,6035,1508,2001,12.765748500823976,0.1430057995028997,False,5171.96,25,-1,5171.96
Uniform1-5000_Seed17_J50_M25,"[0.032289, 0.928275]",25,50,0.05,max_proc,lowest_lower_bound,PRUNE,all_to_shortest,greedy,5900,192,588,1.6864526271820068,0.1233966101694915,True,5354.0,38,-1,5171.96
Uniform1-5000_Seed18_J50_M25,"[0.030071, 0.956919]",25,50,0.1,max_proc,lowest_lower_bound,NO_PROFILING,all_to_shortest,greedy,6517,631,2001,13.863184690475464,0.1988767837962252,False,5220.92,25,-1,5220.92
Uniform1-5000_Seed18_J50_M25,"[0.030071, 0.956919]",25,50,0.05,max_proc,lowest_lower_bound,PRUNE,all_to_shortest,greedy,6124,30,30,0.0987086296081543,0.1474657086871325,True,5736.0,28,-1,5220.92
Uniform1-5000_Seed19_J50_M25,"[0.010676, 0.930993]",25,50,0.1,max_proc,lowest_lower_bound,NO_PROFILING,all_to_shortest,greedy,6205,1108,2001,9.51258635520935,0.1848444802578565,False,5058.04,25,-1,5058.04
Uniform1-5000_Seed19_J50_M25,"[0.010676, 0.930993]",25,50,0.05,max_proc,lowest_lower_bound,PRUNE,all_to_shortest,greedy,6185,32,32,0.1174027919769287,0.1822085691188359,True,5642.0,30,-1,5058.04
Uniform1-5000_Seed20_J50_M25,"[0.008086, 0.895391]",25,50,0.1,max_proc,lowest_lower_bound,NO_PROFILING,all_to_shortest,greedy,6414,1978,2001,8.38731074333191,0.1516682257561584,False,5441.2,25,-1,5441.2
Uniform1-5000_Seed20_J50_M25,"[0.008086, 0.895391]",25,50,0.05,max_proc,lowest_lower_bound,PRUNE,all_to_shortest,greedy,6627,27,27,0.095353364944458,0.1789346612343443,True,6077.0,25,-1,5441.2
Uniform1-5000_Seed1_J100_M50,"[0.003213, 1.000000]",50,100,0.1,max_proc,lowest_lower_bound,NO_PROFILING,all_to_shortest,greedy,5686,1363,2001,50.17061495780945,0.1596799155821315,False,4980.0,50,-1,4778.06
Uniform1-5000_Seed1_J100_M50,"[0.003213, 1.000000]",50,100,0.05,max_proc,lowest_lower_bound,PRUNE,all_to_shortest,greedy,5413,66,66,1.363866090774536,0.1172990947718454,True,5079.0,62,-1,4778.06
Uniform1-5000_Seed2_J100_M50,"[0.003757, 0.937091]",50,100,0.1,max_proc,lowest_lower_bound,NO_PROFILING,all_to_shortest,greedy,6781,212,2001,62.8040943145752,0.2148768618197905,False,5323.92,50,-1,5323.92
Uniform1-5000_Seed2_J100_M50,"[0.003757, 0.937091]",50,100,0.05,max_proc,lowest_lower_bound,PRUNE,all_to_shortest,greedy,6343,246,246,5.390889883041382,0.1606621472489358,True,5831.0,64,-1,5323.92
Uniform1-5000_Seed3_J100_M50,"[0.035621, 0.970141]",50,100,0.1,max_proc,lowest_lower_bound,NO_PROFILING,all_to_shortest,greedy,5901,70,2001,46.01625490188599,0.1294017963057109,False,5137.4,71,-1,5137.4
Uniform1-5000_Seed3_J100_M50,"[0.035621, 0.970141]",50,100,0.05,max_proc,lowest_lower_bound,PRUNE,all_to_shortest,greedy,5904,1905,2001,49.3493242263794,0.1298441734417345,False,5231.0,72,-1,5137.4
Uniform1-5000_Seed4_J100_M50,"[0.002064, 1.000000]",50,100,0.1,max_proc,lowest_lower_bound,NO_PROFILING,all_to_shortest,greedy,5620,588,2001,48.6049427986145,0.1408398576512456,False,4846.0,63,-1,4828.48
Uniform1-5000_Seed4_J100_M50,"[0.002064, 1.000000]",50,100,0.05,max_proc,lowest_lower_bound,PRUNE,all_to_shortest,greedy,5672,69,2001,42.038586378097534,0.1487165021156559,False,4846.0,63,-1,4828.48
Uniform1-5000_Seed5_J100_M50,"[0.008083, 0.961635]",50,100,0.1,max_proc,lowest_lower_bound,NO_PROFILING,all_to_shortest,greedy,6742,32,2001,57.40159463882446,0.2292554138237912,False,5196.36,50,-1,5196.36
Uniform1-5000_Seed5_J100_M50,"[0.008083, 0.961635]",50,100,0.05,max_proc,lowest_lower_bound,PRUNE,all_to_shortest,greedy,6033,72,72,1.4565434455871582,0.1386772749875684,True,5563.0,67,-1,5196.36
Uniform1-5000_Seed6_J100_M50,"[0.015600, 1.000000]",50,100,0.1,max_proc,lowest_lower_bound,NO_PROFILING,all_to_shortest,greedy,5776,257,2001,50.40875864028931,0.1422541551246537,False,5000.0,67,-1,4954.34
Uniform1-5000_Seed6_J100_M50,"[0.015600, 1.000000]",50,100,0.05,max_proc,lowest_lower_bound,PRUNE,all_to_shortest,greedy,5834,1946,2001,36.79757046699524,0.1507816249571477,False,5000.0,65,-1,4954.34
Uniform1-5000_Seed7_J100_M50,"[0.006587, 0.953979]",50,100,0.1,max_proc,lowest_lower_bound,NO_PROFILING,all_to_shortest,greedy,6611,51,2001,56.66296458244324,0.2192497352896687,False,5161.54,50,-1,5161.54
Uniform1-5000_Seed7_J100_M50,"[0.006587, 0.953979]",50,100,0.05,max_proc,lowest_lower_bound,PRUNE,all_to_shortest,greedy,6059,97,97,2.1195459365844727,0.1481201518402376,True,5557.0,64,-1,5161.54
Uniform1-5000_Seed8_J100_M50,"[0.005232, 0.892719]",50,100,0.1,max_proc,lowest_lower_bound,NO_PROFILING,all_to_shortest,greedy,7115,499,2001,61.10052442550659,0.2209950808151792,False,5542.62,50,-1,5542.62
Uniform1-5000_Seed8_J100_M50,"[0.005232, 0.892719]",50,100,0.05,max_proc,lowest_lower_bound,PRUNE,all_to_shortest,greedy,6213,106,106,2.4207987785339355,0.1078995654273298,True,5706.0,73,-1,5542.62
Uniform1-5000_Seed9_J100_M50,"[0.027296, 0.932961]",50,100,0.1,max_proc,lowest_lower_bound,NO_PROFILING,all_to_shortest,greedy,6561,1080,2001,59.09281063079834,0.1903490321597317,False,5312.12,50,-1,5312.12
Uniform1-5000_Seed9_J100_M50,"[0.027296, 0.932961]",50,100,0.05,max_proc,lowest_lower_bound,PRUNE,all_to_shortest,greedy,6257,92,182,3.919342994689941,0.151011666933035,True,5678.0,64,-1,5312.12
Uniform1-5000_Seed10_J100_M50,"[0.009218, 1.000000]",50,100,0.1,max_proc,lowest_lower_bound,NO_PROFILING,all_to_shortest,greedy,5195,75,75,1.333378553390503,0.0848161693936477,True,4882.0,73,-1,4754.38
Uniform1-5000_Seed10_J100_M50,"[0.009218, 1.000000]",50,100,0.05,max_proc,lowest_lower_bound,PRUNE,all_to_shortest,greedy,5370,176,176,3.741974115371704,0.1146405959031657,True,4882.0,80,-1,4754.38
Uniform1-5000_Seed11_J100_M50,"[0.004002, 1.000000]",50,100,0.1,max_proc,lowest_lower_bound,NO_PROFILING,all_to_shortest,greedy,5399,65,65,1.2765822410583496,0.0744582330061122,True,4997.0,63,-1,4997.0
Uniform1-5000_Seed11_J100_M50,"[0.004002, 1.000000]",50,100,0.05,max_proc,lowest_lower_bound,PRUNE,all_to_shortest,greedy,5485,173,173,2.8981637954711914,0.0889699179580674,True,5005.0,64,-1,4997.0
Uniform1-5000_Seed12_J100_M50,"[0.010028, 1.000000]",50,100,0.1,max_proc,lowest_lower_bound,NO_PROFILING,all_to_shortest,greedy,5436,76,76,1.2769536972045898,0.0827814569536423,True,4986.0,74,-1,4986.0
Uniform1-5000_Seed12_J100_M50,"[0.010028, 1.000000]",50,100,0.05,max_proc,lowest_lower_bound,PRUNE,all_to_shortest,greedy,5519,240,259,4.266729831695557,0.0965754665700308,True,5015.0,60,-1,4986.0
Uniform1-5000_Seed13_J100_M50,"[0.002429, 1.000000]",50,100,0.1,max_proc,lowest_lower_bound,NO_PROFILING,all_to_shortest,greedy,5428,50,50,0.8982150554656982,0.1688246131171702,True,4940.0,48,-1,4511.62
Uniform1-5000_Seed13_J100_M50,"[0.002429, 1.000000]",50,100,0.05,max_proc,lowest_lower_bound,PRUNE,all_to_shortest,greedy,5399,55,55,0.9706130027770996,0.1643600666790146,True,4940.0,53,-1,4511.62
Uniform1-5000_Seed14_J100_M50,"[0.005537, 0.981191]",50,100,0.1,max_proc,lowest_lower_bound,NO_PROFILING,all_to_shortest,greedy,5925,1459,2001,52.93185901641846,0.1464776371308017,False,5057.12,59,-1,5057.12
Uniform1-5000_Seed14_J100_M50,"[0.005537, 0.981191]",50,100,0.05,max_proc,lowest_lower_bound,PRUNE,all_to_shortest,greedy,5977,64,2001,39.68554997444153,0.1539032959678768,False,5057.12,59,-1,5057.12
Uniform1-5000_Seed15_J100_M50,"[0.003952, 0.983770]",50,100,0.1,max_proc,lowest_lower_bound,NO_PROFILING,all_to_shortest,greedy,6373,29,2001,55.60010862350464,0.2058465400910089,False,5061.14,50,-1,5061.14
Uniform1-5000_Seed15_J100_M50,"[0.003952, 0.983770]",50,100,0.05,max_proc,lowest_lower_bound,PRUNE,all_to_shortest,greedy,5709,1833,1833,37.49879693984985,0.1134804694342266,True,5207.0,75,-1,5061.14
Uniform1-5000_Seed16_J100_M50,"[0.004724, 0.978802]",50,100,0.1,max_proc,lowest_lower_bound,NO_PROFILING,all_to_shortest,greedy,6317,442,2001,49.2033109664917,0.1957099889187906,False,5080.7,51,-1,5080.7
Uniform1-5000_Seed16_J100_M50,"[0.004724, 0.978802]",50,100,0.05,max_proc,lowest_lower_bound,PRUNE,all_to_shortest,greedy,5941,211,238,5.47252631187439,0.1448072715031139,True,5415.0,60,-1,5080.7
Uniform1-5000_Seed17_J100_M50,"[0.031212, 0.911867]",50,100,0.1,max_proc,lowest_lower_bound,NO_PROFILING,all_to_shortest,greedy,6638,1730,2001,59.29403614997864,0.1939499849352214,False,5350.56,50,-1,5350.56
Uniform1-5000_Seed17_J100_M50,"[0.031212, 0.911867]",50,100,0.05,max_proc,lowest_lower_bound,PRUNE,all_to_shortest,greedy,6174,1293,2001,43.11244535446167,0.1333722060252672,False,5529.0,72,-1,5350.56
Uniform1-5000_Seed18_J100_M50,"[0.019397, 0.959503]",50,100,0.1,max_proc,lowest_lower_bound,NO_PROFILING,all_to_shortest,greedy,6572,200,2001,56.75369596481323,0.2077206329884358,False,5206.86,50,-1,5206.86
Uniform1-5000_Seed18_J100_M50,"[0.019397, 0.959503]",50,100,0.05,max_proc,lowest_lower_bound,PRUNE,all_to_shortest,greedy,6281,61,61,1.217698335647583,0.1710141697181978,True,5822.0,59,-1,5206.86
Uniform1-5000_Seed19_J100_M50,"[0.001112, 0.926760]",50,100,0.1,max_proc,lowest_lower_bound,NO_PROFILING,all_to_shortest,greedy,6843,275,2001,57.3631055355072,0.2117404647084611,False,5394.06,50,-1,5394.06
Uniform1-5000_Seed19_J100_M50,"[0.001112, 0.926760]",50,100,0.05,max_proc,lowest_lower_bound,PRUNE,all_to_shortest,greedy,6598,276,2001,43.79677891731262,0.1824704455895725,False,5787.0,62,-1,5394.06
Uniform1-5000_Seed20_J100_M50,"[0.008175, 0.919079]",50,100,0.1,max_proc,lowest_lower_bound,NO_PROFILING,all_to_shortest,greedy,6706,415,2001,52.24079251289368,0.1973516254100804,False,5382.56,50,-1,5382.56
Uniform1-5000_Seed20_J100_M50,"[0.008175, 0.919079]",50,100,0.05,max_proc,lowest_lower_bound,PRUNE,all_to_shortest,greedy,6411,65,65,1.3124754428863523,0.1604180315083449,True,5947.0,59,-1,5382.56
Uniform1-5000_Seed1_J150_M75,"[0.003213, 1.000000]",75,150,0.1,max_proc,lowest_lower_bound,NO_PROFILING,all_to_shortest,greedy,5476,86,86,4.201341152191162,0.1565887509130751,True,4980.0,84,-1,4618.52
Uniform1-5000_Seed1_J150_M75,"[0.003213, 1.000000]",75,150,0.05,max_proc,lowest_lower_bound,PRUNE,all_to_shortest,greedy,5360,96,96,5.528640270233154,0.1383358208955223,True,4980.0,94,-1,4618.52
Uniform1-5000_Seed2_J150_M75,"[0.003794, 0.947552]",75,150,0.1,max_proc,lowest_lower_bound,NO_PROFILING,all_to_shortest,greedy,6708,279,2001,142.04342246055603,0.2141502683363149,False,5271.48,75,-1,5271.48
Uniform1-5000_Seed2_J150_M75,"[0.003794, 0.947552]",75,150,0.05,max_proc,lowest_lower_bound,PRUNE,all_to_shortest,greedy,6231,127,127,8.005990505218506,0.1539913336543091,True,5719.0,100,-1,5271.48
Uniform1-5000_Seed3_J150_M75,"[0.002809, 1.000000]",75,150,0.1,max_proc,lowest_lower_bound,NO_PROFILING,all_to_shortest,greedy,5384,340,340,19.88627862930298,0.0895641406636948,True,4984.0,112,-1,4901.786666666667
Uniform1-5000_Seed3_J150_M75,"[0.002809, 1.000000]",75,150,0.05,max_proc,lowest_lower_bound,PRUNE,all_to_shortest,greedy,5849,644,2001,116.50337481498718,0.1619444919359434,False,4984.0,100,-1,4901.786666666667
Uniform1-5000_Seed4_J150_M75,"[0.001967, 0.962073]",75,150,0.1,max_proc,lowest_lower_bound,NO_PROFILING,all_to_shortest,greedy,6249,1253,2001,128.5026159286499,0.1862932735904411,False,5084.8533333333335,75,-1,5084.8533333333335
Uniform1-5000_Seed4_J150_M75,"[0.001967, 0.962073]",75,150,0.05,max_proc,lowest_lower_bound,PRUNE,all_to_shortest,greedy,6037,133,2001,139.8799867630005,0.1577185136105129,False,5228.0,101,-1,5084.8533333333335
Uniform1-5000_Seed5_J150_M75,"[0.007316, 0.988091]",75,150,0.1,max_proc,lowest_lower_bound,NO_PROFILING,all_to_shortest,greedy,6665,291,2001,133.43868327140808,0.2412263065766441,False,5057.2266666666665,75,-1,5057.2266666666665
Uniform1-5000_Seed5_J150_M75,"[0.007316, 0.988091]",75,150,0.05,max_proc,lowest_lower_bound,PRUNE,all_to_shortest,greedy,5901,96,96,5.982946395874023,0.142988194091397,True,5436.0,93,-1,5057.2266666666665
Uniform1-5000_Seed6_J150_M75,"[0.015600, 1.000000]",75,150,0.1,max_proc,lowest_lower_bound,NO_PROFILING,all_to_shortest,greedy,5456,1376,1376,85.45774841308594,0.0883162267839687,True,5000.0,115,-1,4974.1466666666665
Uniform1-5000_Seed6_J150_M75,"[0.015600, 1.000000]",75,150,0.05,max_proc,lowest_lower_bound,PRUNE,all_to_shortest,greedy,5761,598,2001,123.6097207069397,0.1365827691951629,False,5040.0,105,-1,4974.1466666666665
Uniform1-5000_Seed7_J150_M75,"[0.006841, 1.000000]",75,150,0.1,max_proc,lowest_lower_bound,NO_PROFILING,all_to_shortest,greedy,6153,331,2001,121.83015060424805,0.194513245571266,False,4970.0,75,-1,4956.16
Uniform1-5000_Seed7_J150_M75,"[0.006841, 1.000000]",75,150,0.05,max_proc,lowest_lower_bound,PRUNE,all_to_shortest,greedy,5614,105,243,14.192809343338013,0.1171784823655148,True,5093.0,103,-1,4956.16
Uniform1-5000_Seed8_J150_M75,"[0.005296, 0.903619]",75,150,0.1,max_proc,lowest_lower_bound,NO_PROFILING,all_to_shortest,greedy,7129,234,2001,144.36316919326782,0.2319034927759853,False,5475.76,75,-1,5475.76
Uniform1-5000_Seed8_J150_M75,"[0.005296, 0.903619]",75,150,0.05,max_proc,lowest_lower_bound,PRUNE,all_to_shortest,greedy,6235,508,508,33.02691459655762,0.1217706495589414,True,5685.0,104,-1,5475.76
Uniform1-5000_Seed9_J150_M75,"[0.000188, 0.932472]",75,150,0.1,max_proc,lowest_lower_bound,NO_PROFILING,all_to_shortest,greedy,6690,618,2001,135.45940732955933,0.2055445939212755,False,5314.906666666667,75,-1,5314.906666666667
Uniform1-5000_Seed9_J150_M75,"[0.000188, 0.932472]",75,150,0.05,max_proc,lowest_lower_bound,PRUNE,all_to_shortest,greedy,6255,116,116,7.327447175979614,0.1502946975752731,True,5732.0,102,-1,5314.906666666667
Uniform1-5000_Seed10_J150_M75,"[0.008928, 0.986816]",75,150,0.1,max_proc,lowest_lower_bound,NO_PROFILING,all_to_shortest,greedy,6456,1490,2001,141.585688829422,0.2192606361007848,False,5040.453333333333,75,-1,5040.453333333333
Uniform1-5000_Seed10_J150_M75,"[0.008928, 0.986816]",75,150,0.05,max_proc,lowest_lower_bound,PRUNE,all_to_shortest,greedy,6058,1495,2001,138.47109580039978,0.1679674259931771,False,5167.0,97,-1,5040.453333333333
Uniform1-5000_Seed11_J150_M75,"[0.003935, 0.983109]",75,150,0.1,max_proc,lowest_lower_bound,NO_PROFILING,all_to_shortest,greedy,6659,1341,2001,135.0062129497528,0.2366941983280772,False,5082.8533333333335,75,-1,5082.8533333333335
Uniform1-5000_Seed11_J150_M75,"[0.003935, 0.983109]",75,150,0.05,max_proc,lowest_lower_bound,PRUNE,all_to_shortest,greedy,5987,119,119,7.629449129104614,0.1510183174656199,True,5438.0,100,-1,5082.8533333333335
Uniform1-5000_Seed12_J150_M75,"[0.010028, 1.000000]",75,150,0.1,max_proc,lowest_lower_bound,NO_PROFILING,all_to_shortest,greedy,5480,118,118,6.992021799087524,0.0901459854014598,True,4986.0,116,-1,4986.0
Uniform1-5000_Seed12_J150_M75,"[0.010028, 1.000000]",75,150,0.05,max_proc,lowest_lower_bound,PRUNE,all_to_shortest,greedy,5540,1171,1171,71.4242672920227,0.1,True,5060.0,116,-1,4986.0
Uniform1-5000_Seed13_J150_M75,"[0.002409, 1.000000]",75,150,0.1,max_proc,lowest_lower_bound,NO_PROFILING,all_to_shortest,greedy,5473,102,102,5.822675943374634,0.1240124246300018,True,4981.0,100,-1,4794.28
Uniform1-5000_Seed13_J150_M75,"[0.002409, 1.000000]",75,150,0.05,max_proc,lowest_lower_bound,PRUNE,all_to_shortest,greedy,5524,762,2001,131.9265398979187,0.1320999275887039,False,4981.0,105,-1,4794.28
Uniform1-5000_Seed14_J150_M75,"[0.005281, 0.935890]",75,150,0.1,max_proc,lowest_lower_bound,NO_PROFILING,all_to_shortest,greedy,6689,1021,2001,138.2185366153717,0.2073693128021129,False,5301.906666666667,75,-1,5301.906666666667
Uniform1-5000_Seed14_J150_M75,"[0.005281, 0.935890]",75,150,0.05,max_proc,lowest_lower_bound,PRUNE,all_to_shortest,greedy,6345,1981,2001,117.49854683876038,0.1643961124244812,False,5451.0,97,-1,5301.906666666667
Uniform1-5000_Seed15_J150_M75,"[0.004017, 1.000000]",75,150,0.1,max_proc,lowest_lower_bound,NO_PROFILING,all_to_shortest,greedy,5919,1219,2001,131.093279838562,0.158810609900321,False,4979.0,75,-1,4979.0
Uniform1-5000_Seed15_J150_M75,"[0.004017, 1.000000]",75,150,0.05,max_proc,lowest_lower_bound,PRUNE,all_to_shortest,greedy,5844,1878,2001,135.747948884964,0.1480150581793292,False,5062.0,100,-1,4979.0
Uniform1-5000_Seed16_J150_M75,"[0.001369, 0.974397]",75,150,0.1,max_proc,lowest_lower_bound,NO_PROFILING,all_to_shortest,greedy,6639,138,2001,132.2897083759308,0.2297133102374855,False,5113.933333333333,75,-1,5113.933333333333
Uniform1-5000_Seed16_J150_M75,"[0.001369, 0.974397]",75,150,0.05,max_proc,lowest_lower_bound,PRUNE,all_to_shortest,greedy,6248,1805,2001,136.2838807106018,0.1815087494664959,False,5434.0,93,-1,5113.933333333333
Uniform1-5000_Seed17_J150_M75,"[0.030961, 0.922905]",75,150,0.1,max_proc,lowest_lower_bound,NO_PROFILING,all_to_shortest,greedy,6902,73,2001,142.89765787124634,0.2185105766444508,False,5393.84,75,-1,5393.84
Uniform1-5000_Seed17_J150_M75,"[0.030961, 0.922905]",75,150,0.05,max_proc,lowest_lower_bound,PRUNE,all_to_shortest,greedy,6194,109,109,6.407347679138184,0.1291830804003874,True,5710.0,102,-1,5393.84
Uniform1-5000_Seed18_J150_M75,"[0.009192, 0.977069]",75,150,0.1,max_proc,lowest_lower_bound,NO_PROFILING,all_to_shortest,greedy,6591,69,2001,143.45182704925537,0.2242067465736105,False,5113.253333333333,75,-1,5113.253333333333
Uniform1-5000_Seed18_J150_M75,"[0.009192, 0.977069]",75,150,0.05,max_proc,lowest_lower_bound,PRUNE,all_to_shortest,greedy,5901,105,105,6.46187949180603,0.1334937581200926,True,5432.0,101,-1,5113.253333333333
Uniform1-5000_Seed19_J150_M75,"[0.001074, 0.894598]",75,150,0.1,max_proc,lowest_lower_bound,NO_PROFILING,all_to_shortest,greedy,7177,65,2001,146.0112874507904,0.2214035576610468,False,5587.986666666667,75,-1,5587.986666666667
Uniform1-5000_Seed19_J150_M75,"[0.001074, 0.894598]",75,150,0.05,max_proc,lowest_lower_bound,PRUNE,all_to_shortest,greedy,6903,450,2001,138.76566123962402,0.1904988169394949,False,5943.0,89,-1,5587.986666666667
Uniform1-5000_Seed20_J150_M75,"[0.008651, 0.972624]",75,150,0.1,max_proc,lowest_lower_bound,NO_PROFILING,all_to_shortest,greedy,6485,71,2001,132.9158799648285,0.2156915959907479,False,5086.24,75,-1,5086.24
Uniform1-5000_Seed20_J150_M75,"[0.008651, 0.972624]",75,150,0.05,max_proc,lowest_lower_bound,PRUNE,all_to_shortest,greedy,6150,1969,2001,122.7052788734436,0.1729691056910569,False,5332.0,86,-1,5086.24
Uniform1-5000_Seed1_J200_M100,"[0.003201, 1.000000]",100,200,0.1,max_proc,lowest_lower_bound,NO_PROFILING,all_to_shortest,greedy,5493,129,129,14.92131805419922,0.1369743309666848,True,4998.0,127,-1,4740.6
Uniform1-5000_Seed1_J200_M100,"[0.003201, 1.000000]",100,200,0.05,max_proc,lowest_lower_bound,PRUNE,all_to_shortest,greedy,5510,141,141,17.40027689933777,0.1396370235934663,True,4998.0,139,-1,4740.6
Uniform1-5000_Seed2_J200_M100,"[0.003881, 0.970069]",100,200,0.1,max_proc,lowest_lower_bound,NO_PROFILING,all_to_shortest,greedy,6581,673,2001,284.2590947151184,0.216951831028719,False,5153.24,100,-1,5153.24
Uniform1-5000_Seed2_J200_M100,"[0.003881, 0.970069]",100,200,0.05,max_proc,lowest_lower_bound,PRUNE,all_to_shortest,greedy,6151,556,556,80.7681016921997,0.1622110225979516,True,5681.0,129,-1,5153.24
Uniform1-5000_Seed3_J200_M100,"[0.002802, 1.000000]",100,200,0.1,max_proc,lowest_lower_bound,NO_PROFILING,all_to_shortest,greedy,5907,1126,2001,278.8225054740906,0.1612730658540715,False,4997.0,137,-1,4954.36
Uniform1-5000_Seed3_J200_M100,"[0.002802, 1.000000]",100,200,0.05,max_proc,lowest_lower_bound,PRUNE,all_to_shortest,greedy,5952,321,2001,301.7575116157532,0.167614247311828,False,4997.0,132,-1,4954.36
Uniform1-5000_Seed4_J200_M100,"[0.001951, 0.954375]",100,200,0.1,max_proc,lowest_lower_bound,NO_PROFILING,all_to_shortest,greedy,6417,460,2001,290.5061478614807,0.2012046127473897,False,5125.87,100,-1,5125.87
Uniform1-5000_Seed4_J200_M100,"[0.001951, 0.954375]",100,200,0.05,max_proc,lowest_lower_bound,PRUNE,all_to_shortest,greedy,6142,1356,2001,309.3783676624298,0.1654395962227287,False,5262.0,137,-1,5125.87
Uniform1-5000_Seed5_J200_M100,"[0.007365, 0.994646]",100,200,0.1,max_proc,lowest_lower_bound,NO_PROFILING,all_to_shortest,greedy,6668,398,2001,266.794020652771,0.2465656868626275,False,5023.9,100,-1,5023.9
Uniform1-5000_Seed5_J200_M100,"[0.007365, 0.994646]",100,200,0.05,max_proc,lowest_lower_bound,PRUNE,all_to_shortest,greedy,5949,124,124,15.016130685806274,0.1555051269120861,True,5400.0,122,-1,5023.9
Uniform1-5000_Seed6_J200_M100,"[0.002000, 1.000000]",100,200,0.1,max_proc,lowest_lower_bound,NO_PROFILING,all_to_shortest,greedy,5492,141,141,17.600960969924927,0.1243772760378732,True,5000.0,139,-1,4808.92
Uniform1-5000_Seed6_J200_M100,"[0.002000, 1.000000]",100,200,0.05,max_proc,lowest_lower_bound,PRUNE,all_to_shortest,greedy,5434,171,171,22.69412732124329,0.1150312845049687,True,5000.0,144,-1,4808.92
Uniform1-5000_Seed7_J200_M100,"[0.002385, 0.987940]",100,200,0.1,max_proc,lowest_lower_bound,NO_PROFILING,all_to_shortest,greedy,6537,1815,2001,273.42335176467896,0.230431390546122,False,5030.67,100,-1,5030.67
Uniform1-5000_Seed7_J200_M100,"[0.002385, 0.987940]",100,200,0.05,max_proc,lowest_lower_bound,PRUNE,all_to_shortest,greedy,6102,415,2001,275.859144449234,0.1755703048180924,False,5266.0,121,-1,5030.67
Uniform1-5000_Seed8_J200_M100,"[0.005371, 0.916429]",100,200,0.1,max_proc,lowest_lower_bound,NO_PROFILING,all_to_shortest,greedy,7051,685,2001,302.6721794605255,0.2342618068359097,False,5399.22,100,-1,5399.22
Uniform1-5000_Seed8_J200_M100,"[0.005371, 0.916429]",100,200,0.05,max_proc,lowest_lower_bound,PRUNE,all_to_shortest,greedy,6667,367,2001,258.9492304325104,0.1901574921253936,False,5675.0,115,-1,5399.22
Uniform1-5000_Seed9_J200_M100,"[0.000194, 0.959768]",100,200,0.1,max_proc,lowest_lower_bound,NO_PROFILING,all_to_shortest,greedy,6558,498,2001,280.5829627513885,0.2126029277218664,False,5163.75,100,-1,5163.75
Uniform1-5000_Seed9_J200_M100,"[0.000194, 0.959768]",100,200,0.05,max_proc,lowest_lower_bound,PRUNE,all_to_shortest,greedy,6369,1705,2001,297.8088004589081,0.1892369288742345,False,5525.0,127,-1,5163.75
Uniform1-5000_Seed10_J200_M100,"[0.008485, 0.937894]",100,200,0.1,max_proc,lowest_lower_bound,NO_PROFILING,all_to_shortest,greedy,6743,102,2001,280.50429129600525,0.2134999258490286,False,5303.37,100,-1,5303.37
Uniform1-5000_Seed10_J200_M100,"[0.008485, 0.937894]",100,200,0.05,max_proc,lowest_lower_bound,PRUNE,all_to_shortest,greedy,6526,174,2001,317.9712262153625,0.1873475329451425,False,5472.0,121,-1,5303.37
Uniform1-5000_Seed11_J200_M100,"[0.000191, 0.954271]",100,200,0.1,max_proc,lowest_lower_bound,NO_PROFILING,all_to_shortest,greedy,6763,1863,2001,278.1820619106293,0.2257193553156883,False,5236.46,100,-1,5236.46
Uniform1-5000_Seed11_J200_M100,"[0.000191, 0.954271]",100,200,0.05,max_proc,lowest_lower_bound,PRUNE,all_to_shortest,greedy,6193,130,130,17.842236280441284,0.1544550298724366,True,5628.0,123,-1,5236.46
Uniform1-5000_Seed12_J200_M100,"[0.006217, 1.000000]",100,200,0.1,max_proc,lowest_lower_bound,NO_PROFILING,all_to_shortest,greedy,6353,814,2001,265.3990182876587,0.2151739335746891,False,4986.0,102,-1,4986.0
Uniform1-5000_Seed12_J200_M100,"[0.006217, 1.000000]",100,200,0.05,max_proc,lowest_lower_bound,PRUNE,all_to_shortest,greedy,6015,151,2001,287.69203901290894,0.171072319201995,False,5127.0,120,-1,4986.0
Uniform1-5000_Seed13_J200_M100,"[0.002409, 1.000000]",100,200,0.1,max_proc,lowest_lower_bound,NO_PROFILING,all_to_shortest,greedy,5452,136,136,17.71756601333618,0.1288664710198092,True,4981.0,134,-1,4749.42
Uniform1-5000_Seed13_J200_M100,"[0.002409, 1.000000]",100,200,0.05,max_proc,lowest_lower_bound,PRUNE,all_to_shortest,greedy,5336,151,151,20.21782922744751,0.1099287856071963,True,4981.0,144,-1,4749.42
Uniform1-5000_Seed14_J200_M100,"[0.003062, 0.949669]",100,200,0.1,max_proc,lowest_lower_bound,NO_PROFILING,all_to_shortest,greedy,6634,1961,2001,280.03451704978943,0.2123937292734399,False,5224.98,100,-1,5224.98
Uniform1-5000_Seed14_J200_M100,"[0.003062, 0.949669]",100,200,0.05,max_proc,lowest_lower_bound,PRUNE,all_to_shortest,greedy,6373,971,2001,317.1289322376251,0.1801380825356975,False,5474.0,123,-1,5224.98
Uniform1-5000_Seed15_J200_M100,"[0.003979, 0.990649]",100,200,0.1,max_proc,lowest_lower_bound,NO_PROFILING,all_to_shortest,greedy,6420,298,2001,284.80471563339233,0.2171339563862928,False,5026.0,100,-1,5026.0
Uniform1-5000_Seed15_J200_M100,"[0.003979, 0.990649]",100,200,0.05,max_proc,lowest_lower_bound,PRUNE,all_to_shortest,greedy,5758,899,2001,280.62264752388,0.127127474817645,False,5167.0,149,-1,5026.0
Uniform1-5000_Seed16_J200_M100,"[0.001338, 0.952782]",100,200,0.1,max_proc,lowest_lower_bound,NO_PROFILING,all_to_shortest,greedy,6866,1074,2001,284.0475654602051,0.2382828429944655,False,5229.95,100,-1,5229.95
Uniform1-5000_Seed16_J200_M100,"[0.001338, 0.952782]",100,200,0.05,max_proc,lowest_lower_bound,PRUNE,all_to_shortest,greedy,6426,114,114,14.683798789978027,0.1861266728913788,True,5847.0,112,-1,5229.95
Uniform1-5000_Seed17_J200_M100,"[0.004269, 0.924004]",100,200,0.1,max_proc,lowest_lower_bound,NO_PROFILING,all_to_shortest,greedy,6929,1853,2001,306.56684613227844,0.2224823206811949,False,5387.42,100,-1,5387.42
Uniform1-5000_Seed17_J200_M100,"[0.004269, 0.924004]",100,200,0.05,max_proc,lowest_lower_bound,PRUNE,all_to_shortest,greedy,6168,417,417,61.986727237701416,0.1265531776913099,True,5627.0,141,-1,5387.42
Uniform1-5000_Seed18_J200_M100,"[0.008959, 0.952323]",100,200,0.1,max_proc,lowest_lower_bound,NO_PROFILING,all_to_shortest,greedy,6704,180,2001,295.9374611377716,0.2174642004773269,False,5246.12,100,-1,5246.12
Uniform1-5000_Seed18_J200_M100,"[0.008959, 0.952323]",100,200,0.05,max_proc,lowest_lower_bound,PRUNE,all_to_shortest,greedy,6372,129,129,17.007190465927124,0.176691776522285,True,5811.0,126,-1,5246.12
Uniform1-5000_Seed19_J200_M100,"[0.001075, 0.896040]",100,200,0.1,max_proc,lowest_lower_bound,NO_PROFILING,all_to_shortest,greedy,6954,336,2001,277.75265669822693,0.197729364394593,False,5578.99,100,-1,5578.99
Uniform1-5000_Seed19_J200_M100,"[0.001075, 0.896040]",100,200,0.05,max_proc,lowest_lower_bound,PRUNE,all_to_shortest,greedy,6889,460,2001,284.05670619010925,0.1901596748439541,False,5919.0,114,-1,5578.99
Uniform1-5000_Seed20_J200_M100,"[0.008880, 0.998361]",100,200,0.1,max_proc,lowest_lower_bound,NO_PROFILING,all_to_shortest,greedy,6178,711,2001,220.0124750137329,0.1979410812560699,False,4955.12,108,-1,4955.12
Uniform1-5000_Seed20_J200_M100,"[0.008880, 0.998361]",100,200,0.05,max_proc,lowest_lower_bound,PRUNE,all_to_shortest,greedy,6008,1042,2001,253.8387327194214,0.1752463382157124,False,5094.0,120,-1,4955.12
Uniform1-5000_Seed21_J20_M10,"[0.010410, 1.000000]",10,20,0.1,max_proc,lowest_lower_bound,NO_PROFILING,all_to_shortest,greedy,4726,2,2,0.0,0.0040203131612357,True,4707.0,0,-1,4707.0
Uniform1-5000_Seed21_J20_M10,"[0.010410, 1.000000]",10,20,0.05,max_proc,lowest_lower_bound,PRUNE,all_to_shortest,greedy,4726,2,2,0.0,0.0040203131612357,True,4707.0,0,-1,4707.0
Uniform1-5000_Seed22_J20_M10,"[0.054374, 0.964754]",10,20,0.1,max_proc,lowest_lower_bound,NO_PROFILING,all_to_shortest,greedy,5916,111,2001,1.1480586528778076,0.1295638945233265,False,5149.5,10,-1,5149.5
Uniform1-5000_Seed22_J20_M10,"[0.054374, 0.964754]",10,20,0.05,max_proc,lowest_lower_bound,PRUNE,all_to_shortest,greedy,6327,4,12,0.0083675384521484,0.1861071597913703,True,5770.0,10,-1,5149.5
Uniform1-5000_Seed23_J20_M10,"[0.008266, 1.000000]",10,20,0.1,max_proc,lowest_lower_bound,NO_PROFILING,all_to_shortest,greedy,5303,44,44,0.0156095027923583,0.0874976428436734,True,4839.0,11,-1,4839.0
Uniform1-5000_Seed23_J20_M10,"[0.008266, 1.000000]",10,20,0.05,max_proc,lowest_lower_bound,PRUNE,all_to_shortest,greedy,5449,15,15,0.0072085857391357,0.1119471462653697,True,4993.0,11,-1,4839.0
Uniform1-5000_Seed24_J20_M10,"[0.062394, 0.971406]",10,20,0.1,max_proc,lowest_lower_bound,NO_PROFILING,all_to_shortest,greedy,5093,86,86,0.02940034866333,0.0873944629884155,True,4647.9,10,-1,4647.9
Uniform1-5000_Seed24_J20_M10,"[0.062394, 0.971406]",10,20,0.05,max_proc,lowest_lower_bound,PRUNE,all_to_shortest,greedy,5243,14,14,0.0057520866394042,0.1135037192447073,True,4767.0,12,-1,4647.9
Uniform1-5000_Seed25_J20_M10,"[0.049670, 0.960225]",10,20,0.1,max_proc,lowest_lower_bound,NO_PROFILING,all_to_shortest,greedy,5627,25,25,0.009805679321289,0.0840590012440021,True,5154.0,13,-1,5154.0
Uniform1-5000_Seed25_J20_M10,"[0.049670, 0.960225]",10,20,0.05,max_proc,lowest_lower_bound,PRUNE,all_to_shortest,greedy,5641,61,61,0.0223259925842285,0.0863322106009572,True,5208.0,14,-1,5154.0
Uniform1-5000_Seed26_J20_M10,"[0.222182, 0.992453]",10,20,0.1,max_proc,lowest_lower_bound,NO_PROFILING,all_to_shortest,greedy,5218,13,13,0.0066738128662109,0.0503257953238789,True,4955.4,11,-1,4955.4
Uniform1-5000_Seed26_J20_M10,"[0.222182, 0.992453]",10,20,0.05,max_proc,lowest_lower_bound,PRUNE,all_to_shortest,greedy,5361,16,16,0.0073518753051757,0.0756575265808618,True,4955.4,13,-1,4955.4
Uniform1-5000_Seed27_J20_M10,"[0.046608, 1.000000]",10,20,0.1,max_proc,lowest_lower_bound,NO_PROFILING,all_to_shortest,greedy,5327,6,6,0.0024700164794921,0.0897315562230148,True,4849.0,4,-1,4849.0
Uniform1-5000_Seed27_J20_M10,"[0.046608, 1.000000]",10,20,0.05,max_proc,lowest_lower_bound,PRUNE,all_to_shortest,greedy,4849,14,14,0.0057084560394287,0.0,True,4849.0,12,14,4849.0
Uniform1-5000_Seed28_J20_M10,"[0.009781, 1.000000]",10,20,0.1,max_proc,lowest_lower_bound,NO_PROFILING,all_to_shortest,greedy,5135,3,3,0.00099778175354,0.0841285296981499,True,4703.0,1,-1,4703.0
Uniform1-5000_Seed28_J20_M10,"[0.009781, 1.000000]",10,20,0.05,max_proc,lowest_lower_bound,PRUNE,all_to_shortest,greedy,5135,3,3,0.0013911724090576,0.0841285296981499,True,4703.0,1,-1,4703.0
Uniform1-5000_Seed29_J20_M10,"[0.049825, 0.979411]",10,20,0.1,max_proc,lowest_lower_bound,NO_PROFILING,all_to_shortest,greedy,5711,1379,2001,1.0355942249298096,0.1495359831903344,False,4857.0,10,-1,4857.0
Uniform1-5000_Seed29_J20_M10,"[0.049825, 0.979411]",10,20,0.05,max_proc,lowest_lower_bound,PRUNE,all_to_shortest,greedy,5623,14,14,0.0059993267059326,0.1362262137648942,True,5141.0,12,-1,4857.0
Uniform1-5000_Seed30_J20_M10,"[0.009322, 0.990698]",10,20,0.1,max_proc,lowest_lower_bound,NO_PROFILING,all_to_shortest,greedy,5830,11,2001,0.736234188079834,0.135180102915952,False,5041.9,10,-1,5041.9
Uniform1-5000_Seed30_J20_M10,"[0.009322, 0.990698]",10,20,0.05,max_proc,lowest_lower_bound,PRUNE,all_to_shortest,greedy,6094,6,12,0.0038363933563232,0.1726452248112898,True,5905.0,10,-1,5041.9
Uniform1-5000_Seed31_J20_M10,"[0.006004, 1.000000]",10,20,0.1,max_proc,lowest_lower_bound,NO_PROFILING,all_to_shortest,greedy,5197,7,7,0.0010440349578857,0.0706176640369443,True,4830.0,5,-1,4830.0
Uniform1-5000_Seed31_J20_M10,"[0.006004, 1.000000]",10,20,0.05,max_proc,lowest_lower_bound,PRUNE,all_to_shortest,greedy,5130,10,10,0.0051157474517822,0.0584795321637426,True,4830.0,8,-1,4830.0
Uniform1-5000_Seed32_J20_M10,"[0.002045, 1.000000]",10,20,0.1,max_proc,lowest_lower_bound,NO_PROFILING,all_to_shortest,greedy,5179,4,4,0.0018713474273681,0.055995365900753,True,4889.0,2,-1,4889.0
Uniform1-5000_Seed32_J20_M10,"[0.002045, 1.000000]",10,20,0.05,max_proc,lowest_lower_bound,PRUNE,all_to_shortest,greedy,4913,9,9,0.0034630298614501,0.0048849989822918,True,4889.0,7,-1,4889.0
Uniform1-5000_Seed33_J20_M10,"[0.011813, 1.000000]",10,20,0.1,max_proc,lowest_lower_bound,NO_PROFILING,all_to_shortest,greedy,5022,4,4,0.0016491413116455,0.0223018717642373,True,4910.0,2,-1,4910.0
Uniform1-5000_Seed33_J20_M10,"[0.011813, 1.000000]",10,20,0.05,max_proc,lowest_lower_bound,PRUNE,all_to_shortest,greedy,5154,4,4,0.0020418167114257,0.0473418703919286,True,4910.0,2,-1,4910.0
Uniform1-5000_Seed34_J20_M10,"[0.062959, 0.954457]",10,20,0.1,max_proc,lowest_lower_bound,NO_PROFILING,all_to_shortest,greedy,5699,1028,2001,1.016676664352417,0.094209510440428,False,5162.1,11,-1,5162.1
Uniform1-5000_Seed34_J20_M10,"[0.062959, 0.954457]",10,20,0.05,max_proc,lowest_lower_bound,PRUNE,all_to_shortest,greedy,5491,14,14,0.0065236091613769,0.0598980149335275,True,5325.0,12,-1,5162.1
Uniform1-5000_Seed35_J20_M10,"[0.087125, 0.854047]",10,20,0.1,max_proc,lowest_lower_bound,NO_PROFILING,all_to_shortest,greedy,6544,-1,2001,1.4837219715118408,0.1651283618581907,False,5463.4,10,-1,5463.4
Uniform1-5000_Seed35_J20_M10,"[0.087125, 0.854047]",10,20,0.05,max_proc,lowest_lower_bound,PRUNE,all_to_shortest,greedy,6200,14,14,0.0060338973999023,0.1188064516129032,True,5801.0,12,-1,5463.4
Uniform1-5000_Seed36_J20_M10,"[0.051455, 1.000000]",10,20,0.1,max_proc,lowest_lower_bound,NO_PROFILING,all_to_shortest,greedy,5143,6,6,0.0020053386688232,0.0779700563873225,True,4742.0,4,-1,4742.0
Uniform1-5000_Seed36_J20_M10,"[0.051455, 1.000000]",10,20,0.05,max_proc,lowest_lower_bound,PRUNE,all_to_shortest,greedy,4983,5,5,0.0013864040374755,0.0483644390929159,True,4742.0,3,-1,4742.0
Uniform1-5000_Seed37_J20_M10,"[0.069955, 0.892471]",10,20,0.1,max_proc,lowest_lower_bound,NO_PROFILING,all_to_shortest,greedy,6175,75,2001,0.8205776214599609,0.1017975708502024,False,5546.4,11,-1,5546.4
Uniform1-5000_Seed37_J20_M10,"[0.069955, 0.892471]",10,20,0.05,max_proc,lowest_lower_bound,PRUNE,all_to_shortest,greedy,6512,10,13,0.0063722133636474,0.1482800982800983,True,6020.0,11,-1,5546.4
Uniform1-5000_Seed38_J20_M10,"[0.124760, 0.794454]",10,20,0.1,max_proc,lowest_lower_bound,NO_PROFILING,all_to_shortest,greedy,7067,179,2001,1.1773943901062012,0.1243950757039762,False,6187.9,11,-1,6187.9
Uniform1-5000_Seed38_J20_M10,"[0.124760, 0.794454]",10,20,0.05,max_proc,lowest_lower_bound,PRUNE,all_to_shortest,greedy,6840,14,14,0.0062708854675292,0.0953362573099415,True,6682.0,12,-1,6187.9
Uniform1-5000_Seed39_J20_M10,"[0.014456, 0.959255]",10,20,0.1,max_proc,lowest_lower_bound,NO_PROFILING,all_to_shortest,greedy,6043,11,2001,0.6679325103759766,0.198692702300182,False,4842.3,10,-1,4842.3
Uniform1-5000_Seed39_J20_M10,"[0.014456, 0.959255]",10,20,0.05,max_proc,lowest_lower_bound,PRUNE,all_to_shortest,greedy,6249,11,12,0.0048046112060546,0.2251080172827652,True,6043.0,10,-1,4842.3
Uniform1-5000_Seed40_J20_M10,"[0.077773, 0.839917]",10,20,0.1,max_proc,lowest_lower_bound,NO_PROFILING,all_to_shortest,greedy,6824,9,2001,1.0430428981781006,0.1634085580304807,False,5708.9,10,-1,5708.9
Uniform1-5000_Seed40_J20_M10,"[0.077773, 0.839917]",10,20,0.05,max_proc,lowest_lower_bound,PRUNE,all_to_shortest,greedy,6968,10,12,0.0087401866912841,0.1806974741676234,True,6563.0,10,-1,5708.9
Uniform1-5000_Seed21_J50_M25,"[0.009889, 1.000000]",25,50,0.1,max_proc,lowest_lower_bound,NO_PROFILING,all_to_shortest,greedy,5193,26,26,0.074369192123413,0.0458309262468707,True,4955.0,24,-1,4955.0
Uniform1-5000_Seed21_J50_M25,"[0.009889, 1.000000]",25,50,0.05,max_proc,lowest_lower_bound,PRUNE,all_to_shortest,greedy,5449,27,27,0.0785408020019531,0.0906588364837584,True,4955.0,25,-1,4955.0
Uniform1-5000_Seed22_J50_M25,"[0.056361, 1.000000]",25,50,0.1,max_proc,lowest_lower_bound,NO_PROFILING,all_to_shortest,greedy,5079,25,25,0.0645852088928222,0.021854695806261,True,4968.0,23,-1,4968.0
Uniform1-5000_Seed22_J50_M25,"[0.056361, 1.000000]",25,50,0.05,max_proc,lowest_lower_bound,PRUNE,all_to_shortest,greedy,5394,22,22,0.0742154121398925,0.0789766407119021,True,4968.0,20,-1,4968.0
Uniform1-5000_Seed23_J50_M25,"[0.008266, 1.000000]",25,50,0.1,max_proc,lowest_lower_bound,NO_PROFILING,all_to_shortest,greedy,5355,380,2001,6.549844026565552,0.0963585434173669,False,4839.0,31,-1,4839.0
Uniform1-5000_Seed23_J50_M25,"[0.008266, 1.000000]",25,50,0.05,max_proc,lowest_lower_bound,PRUNE,all_to_shortest,greedy,5469,432,432,1.1915254592895508,0.1151947339550192,True,4968.0,32,-1,4839.0
Uniform1-5000_Seed24_J50_M25,"[0.019773, 0.898219]",25,50,0.1,max_proc,lowest_lower_bound,NO_PROFILING,all_to_shortest,greedy,6754,1024,2001,10.981282472610474,0.1913058928042641,False,5461.92,25,-1,5461.92
Uniform1-5000_Seed24_J50_M25,"[0.019773, 0.898219]",25,50,0.05,max_proc,lowest_lower_bound,PRUNE,all_to_shortest,greedy,6793,25,27,0.086881399154663,0.1959487707934638,True,6488.0,25,-1,5461.92
Uniform1-5000_Seed25_J50_M25,"[0.003031, 1.000000]",25,50,0.1,max_proc,lowest_lower_bound,NO_PROFILING,all_to_shortest,greedy,5274,34,34,0.0838439464569091,0.0616230565036025,True,4949.0,32,-1,4949.0
Uniform1-5000_Seed25_J50_M25,"[0.003031, 1.000000]",25,50,0.05,max_proc,lowest_lower_bound,PRUNE,all_to_shortest,greedy,5360,36,36,0.1066946983337402,0.0766791044776119,True,4949.0,34,-1,4949.0
Uniform1-5000_Seed26_J50_M25,"[0.004463, 0.888560]",25,50,0.1,max_proc,lowest_lower_bound,NO_PROFILING,all_to_shortest,greedy,6262,1587,2001,8.854123592376709,0.1055253912488023,False,5601.2,39,-1,5601.2
Uniform1-5000_Seed26_J50_M25,"[0.004463, 0.888560]",25,50,0.05,max_proc,lowest_lower_bound,PRUNE,all_to_shortest,greedy,6384,1623,2001,6.248608112335205,0.1226190476190476,False,5680.0,39,-1,5601.2
Uniform1-5000_Seed27_J50_M25,"[0.041635, 0.893305]",25,50,0.1,max_proc,lowest_lower_bound,NO_PROFILING,all_to_shortest,greedy,6505,1602,2001,10.112421035766602,0.1655403535741737,False,5428.16,25,-1,5428.16
Uniform1-5000_Seed27_J50_M25,"[0.041635, 0.893305]",25,50,0.05,max_proc,lowest_lower_bound,PRUNE,all_to_shortest,greedy,6631,31,32,0.135481595993042,0.1813964711204946,True,6033.0,27,-1,5428.16
Uniform1-5000_Seed28_J50_M25,"[0.009291, 1.000000]",25,50,0.1,max_proc,lowest_lower_bound,NO_PROFILING,all_to_shortest,greedy,5182,21,21,0.0819947719573974,0.0445773832497105,True,4951.0,19,-1,4951.0
Uniform1-5000_Seed28_J50_M25,"[0.009291, 1.000000]",25,50,0.05,max_proc,lowest_lower_bound,PRUNE,all_to_shortest,greedy,5312,20,20,0.07627534866333,0.0679593373493975,True,4951.0,18,-1,4951.0
Uniform1-5000_Seed29_J50_M25,"[0.004210, 1.000000]",25,50,0.1,max_proc,lowest_lower_bound,NO_PROFILING,all_to_shortest,greedy,5745,1330,2001,10.684022665023804,0.1317667536988686,False,4988.0,27,-1,4988.0
Uniform1-5000_Seed29_J50_M25,"[0.004210, 1.000000]",25,50,0.05,max_proc,lowest_lower_bound,PRUNE,all_to_shortest,greedy,5739,86,86,0.2516820430755615,0.1308590346750305,True,5257.0,31,-1,4988.0
Uniform1-5000_Seed30_J50_M25,"[0.009409, 1.000000]",25,50,0.1,max_proc,lowest_lower_bound,NO_PROFILING,all_to_shortest,greedy,6027,194,2001,9.248078107833862,0.1712294673967148,False,4995.0,25,-1,4995.0
Uniform1-5000_Seed30_J50_M25,"[0.009409, 1.000000]",25,50,0.05,max_proc,lowest_lower_bound,PRUNE,all_to_shortest,greedy,5944,30,30,0.1158819198608398,0.1596567967698519,True,5441.0,28,-1,4995.0
Uniform1-5000_Seed31_J50_M25,"[0.005914, 0.985047]",25,50,0.1,max_proc,lowest_lower_bound,NO_PROFILING,all_to_shortest,greedy,6192,919,2001,11.796386241912842,0.2081201550387597,False,4903.32,25,-1,4903.32
Uniform1-5000_Seed31_J50_M25,"[0.005914, 0.985047]",25,50,0.05,max_proc,lowest_lower_bound,PRUNE,all_to_shortest,greedy,5522,28,28,0.1264019012451172,0.1120391162622238,True,5517.0,26,-1,4903.32
Uniform1-5000_Seed32_J50_M25,"[0.002037, 1.000000]",25,50,0.1,max_proc,lowest_lower_bound,NO_PROFILING,all_to_shortest,greedy,5331,25,25,0.1019763946533203,0.0793472144063027,True,4908.0,23,-1,4908.0
Uniform1-5000_Seed32_J50_M25,"[0.002037, 1.000000]",25,50,0.05,max_proc,lowest_lower_bound,PRUNE,all_to_shortest,greedy,5411,32,32,0.1415960788726806,0.0929587876547773,True,4908.0,30,-1,4908.0
Uniform1-5000_Seed33_J50_M25,"[0.011405, 1.000000]",25,50,0.1,max_proc,lowest_lower_bound,NO_PROFILING,all_to_shortest,greedy,5321,18,18,0.0558578968048095,0.0772411200902086,True,4910.0,16,-1,4910.0
Uniform1-5000_Seed33_J50_M25,"[0.011405, 1.000000]",25,50,0.05,max_proc,lowest_lower_bound,PRUNE,all_to_shortest,greedy,5228,20,20,0.0854039192199707,0.0608263198163733,True,4910.0,18,-1,4910.0
Uniform1-5000_Seed34_J50_M25,"[0.059335, 0.911205]",25,50,0.1,max_proc,lowest_lower_bound,NO_PROFILING,all_to_shortest,greedy,6673,410,2001,13.072933435440063,0.1791757830061442,False,5477.36,26,-1,5477.36
Uniform1-5000_Seed34_J50_M25,"[0.059335, 0.911205]",25,50,0.05,max_proc,lowest_lower_bound,PRUNE,all_to_shortest,greedy,6317,129,129,0.5019431114196777,0.1329175241412063,True,5836.0,33,-1,5477.36
Uniform1-5000_Seed35_J50_M25,"[0.086617, 0.901657]",25,50,0.1,max_proc,lowest_lower_bound,NO_PROFILING,all_to_shortest,greedy,6473,1007,2001,14.632534265518188,0.1510211648385602,False,5495.44,25,-1,5495.44
Uniform1-5000_Seed35_J50_M25,"[0.086617, 0.901657]",25,50,0.05,max_proc,lowest_lower_bound,PRUNE,all_to_shortest,greedy,6222,36,36,0.1577596664428711,0.1167727418836387,True,5656.0,33,-1,5495.44
Uniform1-5000_Seed36_J50_M25,"[0.004546, 0.979914]",25,50,0.1,max_proc,lowest_lower_bound,NO_PROFILING,all_to_shortest,greedy,5771,46,2001,11.25450038909912,0.161462484837983,False,4839.2,25,-1,4839.2
Uniform1-5000_Seed36_J50_M25,"[0.004546, 0.979914]",25,50,0.05,max_proc,lowest_lower_bound,PRUNE,all_to_shortest,greedy,5828,27,28,0.108189582824707,0.1696636925188744,True,5334.0,26,-1,4839.2
Uniform1-5000_Seed37_J50_M25,"[0.002959, 0.916001]",25,50,0.1,max_proc,lowest_lower_bound,NO_PROFILING,all_to_shortest,greedy,6251,741,2001,9.12744927406311,0.1349864021756519,False,5407.2,27,-1,5407.2
Uniform1-5000_Seed37_J50_M25,"[0.002959, 0.916001]",25,50,0.05,max_proc,lowest_lower_bound,PRUNE,all_to_shortest,greedy,6375,50,50,0.190000295639038,0.1518117647058823,True,5811.0,30,-1,5407.2
Uniform1-5000_Seed38_J50_M25,"[0.000198, 0.990262]",25,50,0.1,max_proc,lowest_lower_bound,NO_PROFILING,all_to_shortest,greedy,5786,108,2001,8.182271003723145,0.128918078119599,False,5040.08,34,-1,5040.08
Uniform1-5000_Seed38_J50_M25,"[0.000198, 0.990262]",25,50,0.05,max_proc,lowest_lower_bound,PRUNE,all_to_shortest,greedy,5786,265,2001,5.2209203243255615,0.128918078119599,False,5040.08,34,-1,5040.08
Uniform1-5000_Seed39_J50_M25,"[0.013800, 0.982746]",25,50,0.1,max_proc,lowest_lower_bound,NO_PROFILING,all_to_shortest,greedy,6412,1978,2001,9.638716697692873,0.2089020586400498,False,5072.52,25,-1,5072.52
Uniform1-5000_Seed39_J50_M25,"[0.013800, 0.982746]",25,50,0.05,max_proc,lowest_lower_bound,PRUNE,all_to_shortest,greedy,6299,32,32,0.1133053302764892,0.1947102714716621,True,5863.0,27,-1,5072.52
Uniform1-5000_Seed40_J50_M25,"[0.082190, 0.887614]",25,50,0.1,max_proc,lowest_lower_bound,NO_PROFILING,all_to_shortest,greedy,6565,622,2001,11.151941537857056,0.1771332825590251,False,5402.12,25,-1,5402.12
Uniform1-5000_Seed40_J50_M25,"[0.082190, 0.887614]",25,50,0.05,max_proc,lowest_lower_bound,PRUNE,all_to_shortest,greedy,6594,30,30,0.1115672588348388,0.1807521989687595,True,6109.0,28,-1,5402.12
Uniform1-5000_Seed21_J100_M50,"[0.001816, 1.000000]",50,100,0.1,max_proc,lowest_lower_bound,NO_PROFILING,all_to_shortest,greedy,5384,46,46,0.6660008430480957,0.0796805349182763,True,4955.0,44,-1,4955.0
Uniform1-5000_Seed21_J100_M50,"[0.001816, 1.000000]",50,100,0.05,max_proc,lowest_lower_bound,PRUNE,all_to_shortest,greedy,5414,51,51,0.7860026359558105,0.0847801994828223,True,4955.0,49,-1,4955.0
Uniform1-5000_Seed22_J100_M50,"[0.018921, 1.000000]",50,100,0.1,max_proc,lowest_lower_bound,NO_PROFILING,all_to_shortest,greedy,5373,55,55,0.7995600700378418,0.0753768844221105,True,4968.0,53,-1,4968.0
Uniform1-5000_Seed22_J100_M50,"[0.018921, 1.000000]",50,100,0.05,max_proc,lowest_lower_bound,PRUNE,all_to_shortest,greedy,5434,56,56,0.8747577667236328,0.0857563489142436,True,4968.0,54,-1,4968.0
Uniform1-5000_Seed23_J100_M50,"[0.008112, 1.000000]",50,100,0.1,max_proc,lowest_lower_bound,NO_PROFILING,all_to_shortest,greedy,5728,180,2001,43.54408407211304,0.1391410614525139,False,4931.0,57,-1,4931.0
Uniform1-5000_Seed23_J100_M50,"[0.008112, 1.000000]",50,100,0.05,max_proc,lowest_lower_bound,PRUNE,all_to_shortest,greedy,5726,91,2001,42.833274841308594,0.1388403772266853,False,5018.0,58,-1,4931.0
Uniform1-5000_Seed24_J100_M50,"[0.007457, 1.000000]",50,100,0.1,max_proc,lowest_lower_bound,NO_PROFILING,all_to_shortest,greedy,6483,364,2001,49.38260436058045,0.2346136048125867,False,4962.0,50,-1,4962.0
Uniform1-5000_Seed24_J100_M50,"[0.007457, 1.000000]",50,100,0.05,max_proc,lowest_lower_bound,PRUNE,all_to_shortest,greedy,6095,65,65,1.553919792175293,0.185890073831009,True,5621.0,56,-1,4962.0
Uniform1-5000_Seed25_J100_M50,"[0.003027, 0.998588]",50,100,0.1,max_proc,lowest_lower_bound,NO_PROFILING,all_to_shortest,greedy,6187,1942,2001,44.652339935302734,0.1989655729755939,False,4956.0,50,-1,4956.0
Uniform1-5000_Seed25_J100_M50,"[0.003027, 0.998588]",50,100,0.05,max_proc,lowest_lower_bound,PRUNE,all_to_shortest,greedy,5470,958,958,19.035062313079838,0.0939670932358318,True,5093.0,73,-1,4956.0
Uniform1-5000_Seed26_J100_M50,"[0.004505, 0.896808]",50,100,0.1,max_proc,lowest_lower_bound,NO_PROFILING,all_to_shortest,greedy,6756,381,2001,60.27716374397278,0.1785553582001183,False,5549.68,50,-1,5549.68
Uniform1-5000_Seed26_J100_M50,"[0.004505, 0.896808]",50,100,0.05,max_proc,lowest_lower_bound,PRUNE,all_to_shortest,greedy,6425,1667,2001,41.19157195091248,0.1362365758754863,False,5703.0,78,-1,5549.68
Uniform1-5000_Seed27_J100_M50,"[0.025779, 1.000000]",50,100,0.1,max_proc,lowest_lower_bound,NO_PROFILING,all_to_shortest,greedy,5904,1298,2001,48.71539688110352,0.1786924119241192,False,4849.0,50,-1,4849.0
Uniform1-5000_Seed27_J100_M50,"[0.025779, 1.000000]",50,100,0.05,max_proc,lowest_lower_bound,PRUNE,all_to_shortest,greedy,5718,61,61,1.35223126411438,0.151976215459951,True,5352.0,55,-1,4849.0
Uniform1-5000_Seed28_J100_M50,"[0.009252, 1.000000]",50,100,0.1,max_proc,lowest_lower_bound,NO_PROFILING,all_to_shortest,greedy,5446,48,48,0.9483311176300048,0.0870363569592361,True,4972.0,46,-1,4972.0
Uniform1-5000_Seed28_J100_M50,"[0.009252, 1.000000]",50,100,0.05,max_proc,lowest_lower_bound,PRUNE,all_to_shortest,greedy,5411,53,53,1.2068853378295898,0.0811310293845869,True,4972.0,51,-1,4972.0
Uniform1-5000_Seed29_J100_M50,"[0.004201, 1.000000]",50,100,0.1,max_proc,lowest_lower_bound,NO_PROFILING,all_to_shortest,greedy,5483,65,65,1.1936523914337158,0.0882728433339412,True,4999.0,63,-1,4999.0
Uniform1-5000_Seed29_J100_M50,"[0.004201, 1.000000]",50,100,0.05,max_proc,lowest_lower_bound,PRUNE,all_to_shortest,greedy,5506,156,156,2.9207472801208496,0.0920813657827824,True,4999.0,66,-1,4999.0
Uniform1-5000_Seed30_J100_M50,"[0.009409, 1.000000]",50,100,0.1,max_proc,lowest_lower_bound,NO_PROFILING,all_to_shortest,greedy,6312,1571,2001,45.74115586280823,0.2086501901140684,False,4995.0,50,-1,4995.0
Uniform1-5000_Seed30_J100_M50,"[0.009409, 1.000000]",50,100,0.05,max_proc,lowest_lower_bound,PRUNE,all_to_shortest,greedy,5802,74,74,1.4556329250335691,0.1390899689762151,True,5312.0,58,-1,4995.0
Uniform1-5000_Seed31_J100_M50,"[0.005697, 0.979764]",50,100,0.1,max_proc,lowest_lower_bound,NO_PROFILING,all_to_shortest,greedy,6625,1278,2001,59.20888018608093,0.2316981132075471,False,5090.0,50,-1,5090.0
Uniform1-5000_Seed31_J100_M50,"[0.005697, 0.979764]",50,100,0.05,max_proc,lowest_lower_bound,PRUNE,all_to_shortest,greedy,6041,63,63,1.4222807884216309,0.1574242675053799,True,5612.0,58,-1,5090.0
Uniform1-5000_Seed32_J100_M50,"[0.001998, 0.997431]",50,100,0.1,max_proc,lowest_lower_bound,NO_PROFILING,all_to_shortest,greedy,5778,1612,2001,49.76112008094788,0.1336344755970925,False,5005.86,66,-1,5005.86
Uniform1-5000_Seed32_J100_M50,"[0.001998, 0.997431]",50,100,0.05,max_proc,lowest_lower_bound,PRUNE,all_to_shortest,greedy,5793,1131,2001,37.55014300346375,0.1358777835318488,False,5018.0,66,-1,5005.86
Uniform1-5000_Seed33_J100_M50,"[0.011405, 1.000000]",50,100,0.1,max_proc,lowest_lower_bound,NO_PROFILING,all_to_shortest,greedy,5100,52,52,0.9317870140075684,0.0372549019607843,True,4910.0,50,-1,4910.0
Uniform1-5000_Seed33_J100_M50,"[0.011405, 1.000000]",50,100,0.05,max_proc,lowest_lower_bound,PRUNE,all_to_shortest,greedy,5339,62,62,1.2012245655059814,0.0803521258662671,True,4910.0,60,-1,4910.0
Uniform1-5000_Seed34_J100_M50,"[0.029177, 0.970823]",50,100,0.1,max_proc,lowest_lower_bound,NO_PROFILING,all_to_shortest,greedy,6326,1008,2001,60.00046825408936,0.1873221625039519,False,5141.0,62,-1,5141.0
Uniform1-5000_Seed34_J100_M50,"[0.029177, 0.970823]",50,100,0.05,max_proc,lowest_lower_bound,PRUNE,all_to_shortest,greedy,6209,1626,2001,50.41073536872864,0.1720083749396038,False,5254.0,64,-1,5141.0
Uniform1-5000_Seed35_J100_M50,"[0.008699, 0.884843]",50,100,0.1,max_proc,lowest_lower_bound,NO_PROFILING,all_to_shortest,greedy,7284,562,2001,68.86440634727478,0.226710598572213,False,5632.64,50,-1,5632.64
Uniform1-5000_Seed35_J100_M50,"[0.008699, 0.884843]",50,100,0.05,max_proc,lowest_lower_bound,PRUNE,all_to_shortest,greedy,6295,316,316,7.188022613525391,0.1052200158856234,True,5782.0,74,-1,5632.64
Uniform1-5000_Seed36_J100_M50,"[0.002283, 0.945231]",50,100,0.1,max_proc,lowest_lower_bound,NO_PROFILING,all_to_shortest,greedy,6603,836,2001,55.40846037864685,0.2040193851279721,False,5255.86,51,-1,5255.86
Uniform1-5000_Seed36_J100_M50,"[0.002283, 0.945231]",50,100,0.05,max_proc,lowest_lower_bound,PRUNE,all_to_shortest,greedy,6091,105,105,2.5027761459350586,0.1371104908881957,True,5609.0,62,-1,5255.86
Uniform1-5000_Seed37_J100_M50,"[0.002924, 0.905203]",50,100,0.1,max_proc,lowest_lower_bound,NO_PROFILING,all_to_shortest,greedy,6932,454,2001,52.950040102005005,0.2106607039815349,False,5471.7,50,-1,5471.7
Uniform1-5000_Seed37_J100_M50,"[0.002924, 0.905203]",50,100,0.05,max_proc,lowest_lower_bound,PRUNE,all_to_shortest,greedy,6463,111,111,1.8766100406646729,0.1533807829181495,True,5940.0,64,-1,5471.7
Uniform1-5000_Seed38_J100_M50,"[0.000200, 1.000000]",50,100,0.1,max_proc,lowest_lower_bound,NO_PROFILING,all_to_shortest,greedy,5476,197,197,2.8981802463531494,0.0885682980277574,True,4991.0,71,-1,4991.0
Uniform1-5000_Seed38_J100_M50,"[0.000200, 1.000000]",50,100,0.05,max_proc,lowest_lower_bound,PRUNE,all_to_shortest,greedy,5870,724,2001,37.18225717544556,0.1497444633730834,False,4991.0,65,-1,4991.0
Uniform1-5000_Seed39_J100_M50,"[0.003410, 1.000000]",50,100,0.1,max_proc,lowest_lower_bound,NO_PROFILING,all_to_shortest,greedy,6315,689,2001,48.86782670021057,0.2106096595407759,False,4985.0,50,-1,4985.0
Uniform1-5000_Seed39_J100_M50,"[0.003410, 1.000000]",50,100,0.05,max_proc,lowest_lower_bound,PRUNE,all_to_shortest,greedy,6046,92,92,1.96836519241333,0.1754879259014224,True,5621.0,55,-1,4985.0
Uniform1-5000_Seed40_J100_M50,"[0.020870, 0.888064]",50,100,0.1,max_proc,lowest_lower_bound,NO_PROFILING,all_to_shortest,greedy,7098,164,2001,64.22292280197144,0.2169399830938292,False,5558.16,50,-1,5558.16
Uniform1-5000_Seed40_J100_M50,"[0.020870, 0.888064]",50,100,0.05,max_proc,lowest_lower_bound,PRUNE,all_to_shortest,greedy,6746,62,62,1.4201762676239014,0.1760806403794841,True,6262.0,56,-1,5558.16
Uniform1-5000_Seed21_J150_M75,"[0.001806, 1.000000]",75,150,0.1,max_proc,lowest_lower_bound,NO_PROFILING,all_to_shortest,greedy,5297,72,72,3.879983901977539,0.059278837077591,True,4983.0,70,-1,4983.0
Uniform1-5000_Seed21_J150_M75,"[0.001806, 1.000000]",75,150,0.05,max_proc,lowest_lower_bound,PRUNE,all_to_shortest,greedy,5484,69,69,4.196583271026611,0.0913566739606126,True,4983.0,67,-1,4983.0
Uniform1-5000_Seed22_J150_M75,"[0.002004, 1.000000]",75,150,0.1,max_proc,lowest_lower_bound,NO_PROFILING,all_to_shortest,greedy,6393,745,2001,145.32301688194275,0.2194587830439543,False,4990.0,75,-1,4990.0
Uniform1-5000_Seed22_J150_M75,"[0.002004, 1.000000]",75,150,0.05,max_proc,lowest_lower_bound,PRUNE,all_to_shortest,greedy,6069,90,90,5.556437253952026,0.177788762563849,True,5540.0,88,-1,4990.0
Uniform1-5000_Seed23_J150_M75,"[0.008027, 1.000000]",75,150,0.1,max_proc,lowest_lower_bound,NO_PROFILING,all_to_shortest,greedy,5949,164,2001,132.4394929409027,0.1623802319717599,False,4983.0,88,-1,4983.0
Uniform1-5000_Seed23_J150_M75,"[0.008027, 1.000000]",75,150,0.05,max_proc,lowest_lower_bound,PRUNE,all_to_shortest,greedy,5960,1889,2001,119.95040202140808,0.1639261744966443,False,4983.0,88,-1,4983.0
Uniform1-5000_Seed24_J150_M75,"[0.007279, 0.976147]",75,150,0.1,max_proc,lowest_lower_bound,NO_PROFILING,all_to_shortest,greedy,6528,431,2001,131.6039650440216,0.2213153594771242,False,5083.253333333333,75,-1,5083.253333333333
Uniform1-5000_Seed24_J150_M75,"[0.007279, 0.976147]",75,150,0.05,max_proc,lowest_lower_bound,PRUNE,all_to_shortest,greedy,6154,351,351,23.995612621307373,0.173991983533745,True,5662.0,91,-1,5083.253333333333
Uniform1-5000_Seed25_J150_M75,"[0.003031, 1.000000]",75,150,0.1,max_proc,lowest_lower_bound,NO_PROFILING,all_to_shortest,greedy,5430,107,107,6.046477794647217,0.0885819521178637,True,4949.0,105,-1,4949.0
Uniform1-5000_Seed25_J150_M75,"[0.003031, 1.000000]",75,150,0.05,max_proc,lowest_lower_bound,PRUNE,all_to_shortest,greedy,5491,1325,2001,134.93692779541016,0.0987069750500819,False,4949.0,109,-1,4949.0
Uniform1-5000_Seed26_J150_M75,"[0.004533, 0.905445]",75,150,0.1,max_proc,lowest_lower_bound,NO_PROFILING,all_to_shortest,greedy,6973,880,2001,156.6787781715393,0.2090176394665136,False,5515.52,75,-1,5515.52
Uniform1-5000_Seed26_J150_M75,"[0.004533, 0.905445]",75,150,0.05,max_proc,lowest_lower_bound,PRUNE,all_to_shortest,greedy,6803,661,2001,136.17972564697266,0.1892518006761722,False,5848.0,88,-1,5515.52
Uniform1-5000_Seed27_J150_M75,"[0.025779, 1.000000]",75,150,0.1,max_proc,lowest_lower_bound,NO_PROFILING,all_to_shortest,greedy,6385,64,2001,153.07200384140015,0.2405638214565387,False,4849.0,75,-1,4849.0
Uniform1-5000_Seed27_J150_M75,"[0.025779, 1.000000]",75,150,0.05,max_proc,lowest_lower_bound,PRUNE,all_to_shortest,greedy,5728,91,91,5.870978355407715,0.1534567039106145,True,5420.0,88,-1,4849.0
Uniform1-5000_Seed28_J150_M75,"[0.009252, 1.000000]",75,150,0.1,max_proc,lowest_lower_bound,NO_PROFILING,all_to_shortest,greedy,5376,76,76,3.922973155975342,0.0751488095238095,True,4972.0,74,-1,4972.0
Uniform1-5000_Seed28_J150_M75,"[0.009252, 1.000000]",75,150,0.05,max_proc,lowest_lower_bound,PRUNE,all_to_shortest,greedy,5452,104,104,5.79202675819397,0.0880410858400587,True,4972.0,102,-1,4972.0
Uniform1-5000_Seed29_J150_M75,"[0.004201, 1.000000]",75,150,0.1,max_proc,lowest_lower_bound,NO_PROFILING,all_to_shortest,greedy,5961,539,2001,136.92071223258972,0.1613823184029525,False,4999.0,88,-1,4999.0
Uniform1-5000_Seed29_J150_M75,"[0.004201, 1.000000]",75,150,0.05,max_proc,lowest_lower_bound,PRUNE,all_to_shortest,greedy,6068,431,2001,145.84543013572693,0.1761700725115359,False,4999.0,87,-1,4999.0
Uniform1-5000_Seed30_J150_M75,"[0.009405, 0.999525]",75,150,0.1,max_proc,lowest_lower_bound,NO_PROFILING,all_to_shortest,greedy,6375,312,2001,125.84510564804076,0.2160983006535948,False,4997.373333333333,76,-1,4997.373333333333
Uniform1-5000_Seed30_J150_M75,"[0.009405, 0.999525]",75,150,0.05,max_proc,lowest_lower_bound,PRUNE,all_to_shortest,greedy,5724,540,540,37.29527163505554,0.1269438621010948,True,5260.0,96,-1,4997.373333333333
Uniform1-5000_Seed31_J150_M75,"[0.002807, 1.000000]",75,150,0.1,max_proc,lowest_lower_bound,NO_PROFILING,all_to_shortest,greedy,6352,1211,2001,132.99857211112976,0.2148929471032745,False,4987.0,75,-1,4987.0
Uniform1-5000_Seed31_J150_M75,"[0.002807, 1.000000]",75,150,0.05,max_proc,lowest_lower_bound,PRUNE,all_to_shortest,greedy,5675,93,93,5.810608625411987,0.1212334801762114,True,5339.0,91,-1,4987.0
Uniform1-5000_Seed32_J150_M75,"[0.001978, 0.987727]",75,150,0.1,max_proc,lowest_lower_bound,NO_PROFILING,all_to_shortest,greedy,5980,384,2001,139.43475937843323,0.1546755852842809,False,5055.04,100,-1,5055.04
Uniform1-5000_Seed32_J150_M75,"[0.001978, 0.987727]",75,150,0.05,max_proc,lowest_lower_bound,PRUNE,all_to_shortest,greedy,6087,1507,2001,139.00237393379211,0.169535074749466,False,5055.04,94,-1,5055.04
Uniform1-5000_Seed33_J150_M75,"[0.005851, 1.000000]",75,150,0.1,max_proc,lowest_lower_bound,NO_PROFILING,all_to_shortest,greedy,5111,94,94,5.555953979492188,0.0303267462336137,True,4956.0,92,-1,4956.0
Uniform1-5000_Seed33_J150_M75,"[0.005851, 1.000000]",75,150,0.05,max_proc,lowest_lower_bound,PRUNE,all_to_shortest,greedy,5434,99,99,5.651545524597168,0.0879646669120353,True,4956.0,97,-1,4956.0
Uniform1-5000_Seed34_J150_M75,"[0.028819, 0.958893]",75,150,0.1,max_proc,lowest_lower_bound,NO_PROFILING,all_to_shortest,greedy,6629,1095,2001,144.4785120487213,0.2148197314828782,False,5204.96,78,-1,5204.96
Uniform1-5000_Seed34_J150_M75,"[0.028819, 0.958893]",75,150,0.05,max_proc,lowest_lower_bound,PRUNE,all_to_shortest,greedy,6225,965,2001,133.86580896377563,0.1638618473895582,False,5316.0,96,-1,5204.96
Uniform1-5000_Seed35_J150_M75,"[0.005963, 0.903003]",75,150,0.1,max_proc,lowest_lower_bound,NO_PROFILING,all_to_shortest,greedy,6961,1314,2001,151.16891407966614,0.2050337595173107,False,5533.76,75,-1,5533.76
Uniform1-5000_Seed35_J150_M75,"[0.005963, 0.903003]",75,150,0.05,max_proc,lowest_lower_bound,PRUNE,all_to_shortest,greedy,6434,120,120,7.887146234512329,0.1399191793596518,True,5884.0,99,-1,5533.76
Uniform1-5000_Seed36_J150_M75,"[0.002368, 0.984830]",75,150,0.1,max_proc,lowest_lower_bound,NO_PROFILING,all_to_shortest,greedy,5924,1061,2001,144.10645484924316,0.1445172180958811,False,5067.88,99,-1,5067.88
Uniform1-5000_Seed36_J150_M75,"[0.002368, 0.984830]",75,150,0.05,max_proc,lowest_lower_bound,PRUNE,all_to_shortest,greedy,5945,1560,2001,139.16811609268188,0.1475391084945332,False,5111.0,99,-1,5067.88
Uniform1-5000_Seed37_J150_M75,"[0.003106, 0.961476]",75,150,0.1,max_proc,lowest_lower_bound,NO_PROFILING,all_to_shortest,greedy,6598,77,2001,131.05947136878967,0.2192401737900374,False,5151.453333333333,75,-1,5151.453333333333
Uniform1-5000_Seed37_J150_M75,"[0.003106, 0.961476]",75,150,0.05,max_proc,lowest_lower_bound,PRUNE,all_to_shortest,greedy,6003,109,2001,135.20448446273804,0.1418535176856017,False,5387.0,102,-1,5151.453333333333
Uniform1-5000_Seed38_J150_M75,"[0.000200, 1.000000]",75,150,0.1,max_proc,lowest_lower_bound,NO_PROFILING,all_to_shortest,greedy,5321,106,106,6.066752195358276,0.0620184175906784,True,4991.0,104,-1,4991.0
Uniform1-5000_Seed38_J150_M75,"[0.000200, 1.000000]",75,150,0.05,max_proc,lowest_lower_bound,PRUNE,all_to_shortest,greedy,5411,106,106,6.262213945388794,0.0776196636481241,True,4991.0,104,-1,4991.0
Uniform1-5000_Seed39_J150_M75,"[0.003387, 0.993049]",75,150,0.1,max_proc,lowest_lower_bound,NO_PROFILING,all_to_shortest,greedy,6454,238,2001,133.21582055091858,0.2222043177357711,False,5019.893333333333,75,-1,5019.893333333333
Uniform1-5000_Seed39_J150_M75,"[0.003387, 0.993049]",75,150,0.05,max_proc,lowest_lower_bound,PRUNE,all_to_shortest,greedy,6180,167,167,10.36212706565857,0.1877195253505933,True,5652.0,84,-1,5019.893333333333
Uniform1-5000_Seed40_J150_M75,"[0.011888, 0.955241]",75,150,0.1,max_proc,lowest_lower_bound,NO_PROFILING,all_to_shortest,greedy,6622,75,2001,142.7381613254547,0.212407127755965,False,5215.44,75,-1,5215.44
Uniform1-5000_Seed40_J150_M75,"[0.011888, 0.955241]",75,150,0.05,max_proc,lowest_lower_bound,PRUNE,all_to_shortest,greedy,5949,118,118,7.85161566734314,0.1233081190115986,True,5442.0,104,-1,5215.44
Uniform1-5000_Seed21_J200_M100,"[0.001806, 1.000000]",100,200,0.1,max_proc,lowest_lower_bound,NO_PROFILING,all_to_shortest,greedy,5443,95,95,11.75847315788269,0.084512217527099,True,4983.0,93,-1,4983.0
Uniform1-5000_Seed21_J200_M100,"[0.001806, 1.000000]",100,200,0.05,max_proc,lowest_lower_bound,PRUNE,all_to_shortest,greedy,5461,110,110,15.423428535461426,0.0875297564548617,True,4983.0,108,-1,4983.0
Uniform1-5000_Seed22_J200_M100,"[0.002004, 1.000000]",100,200,0.1,max_proc,lowest_lower_bound,NO_PROFILING,all_to_shortest,greedy,6158,1159,2001,280.2406647205353,0.1896719714192919,False,4990.0,100,-1,4990.0
Uniform1-5000_Seed22_J200_M100,"[0.002004, 1.000000]",100,200,0.05,max_proc,lowest_lower_bound,PRUNE,all_to_shortest,greedy,5630,122,122,16.276715993881226,0.1136767317939609,True,5167.0,114,-1,4990.0
Uniform1-5000_Seed23_J200_M100,"[0.007859, 0.980997]",100,200,0.1,max_proc,lowest_lower_bound,NO_PROFILING,all_to_shortest,greedy,6373,112,2001,300.01662278175354,0.2013619959202886,False,5089.72,110,-1,5089.72
Uniform1-5000_Seed23_J200_M100,"[0.007859, 0.980997]",100,200,0.05,max_proc,lowest_lower_bound,PRUNE,all_to_shortest,greedy,6397,1086,2001,280.69373989105225,0.2043582929498202,False,5201.0,112,-1,5089.72
Uniform1-5000_Seed24_J200_M100,"[0.003723, 0.972331]",100,200,0.1,max_proc,lowest_lower_bound,NO_PROFILING,all_to_shortest,greedy,6635,1483,2001,279.53832364082336,0.2308666164280332,False,5103.2,100,-1,5103.2
Uniform1-5000_Seed24_J200_M100,"[0.003723, 0.972331]",100,200,0.05,max_proc,lowest_lower_bound,PRUNE,all_to_shortest,greedy,6240,309,309,36.12566542625427,0.1821794871794872,True,5697.0,119,-1,5103.2
Uniform1-5000_Seed25_J200_M100,"[0.003031, 1.000000]",100,200,0.1,max_proc,lowest_lower_bound,NO_PROFILING,all_to_shortest,greedy,6196,909,2001,257.33434891700745,0.2012588766946417,False,4949.0,100,-1,4949.0
Uniform1-5000_Seed25_J200_M100,"[0.003031, 1.000000]",100,200,0.05,max_proc,lowest_lower_bound,PRUNE,all_to_shortest,greedy,5617,140,140,18.04217791557312,0.118924692896564,True,5138.0,138,-1,4949.0
Uniform1-5000_Seed26_J200_M100,"[0.004634, 0.925734]",100,200,0.1,max_proc,lowest_lower_bound,NO_PROFILING,all_to_shortest,greedy,6764,316,2001,290.0667643547058,0.2024482554701359,False,5394.64,100,-1,5394.64
Uniform1-5000_Seed26_J200_M100,"[0.004634, 0.925734]",100,200,0.05,max_proc,lowest_lower_bound,PRUNE,all_to_shortest,greedy,6220,163,163,22.990121126174927,0.1326945337620578,True,5669.0,133,-1,5394.64
Uniform1-5000_Seed27_J200_M100,"[0.025288, 1.000000]",100,200,0.1,max_proc,lowest_lower_bound,NO_PROFILING,all_to_shortest,greedy,6132,250,2001,280.68467235565186,0.193900848010437,False,4943.0,100,-1,4943.0
Uniform1-5000_Seed27_J200_M100,"[0.025288, 1.000000]",100,200,0.05,max_proc,lowest_lower_bound,PRUNE,all_to_shortest,greedy,5438,141,141,19.830049991607662,0.0910261125413755,True,5075.0,139,-1,4943.0
Uniform1-5000_Seed28_J200_M100,"[0.009252, 1.000000]",100,200,0.1,max_proc,lowest_lower_bound,NO_PROFILING,all_to_shortest,greedy,5469,135,135,15.956044912338257,0.0908758456756262,True,4972.0,133,-1,4972.0
Uniform1-5000_Seed28_J200_M100,"[0.009252, 1.000000]",100,200,0.05,max_proc,lowest_lower_bound,PRUNE,all_to_shortest,greedy,5347,151,151,20.913750171661377,0.070132784739106,True,4972.0,149,-1,4972.0
Uniform1-5000_Seed29_J200_M100,"[0.000800, 1.000000]",100,200,0.1,max_proc,lowest_lower_bound,NO_PROFILING,all_to_shortest,greedy,6107,459,2001,295.4808478355408,0.1814311445881775,False,4999.0,115,-1,4999.0
Uniform1-5000_Seed29_J200_M100,"[0.000800, 1.000000]",100,200,0.05,max_proc,lowest_lower_bound,PRUNE,all_to_shortest,greedy,6189,98,2001,318.83823227882385,0.1922766198093391,False,4999.0,114,-1,4999.0
Uniform1-5000_Seed30_J200_M100,"[0.001201, 1.000000]",100,200,0.1,max_proc,lowest_lower_bound,NO_PROFILING,all_to_shortest,greedy,5446,122,122,15.16388726234436,0.0828130738156445,True,4995.0,120,-1,4995.0
Uniform1-5000_Seed30_J200_M100,"[0.001201, 1.000000]",100,200,0.05,max_proc,lowest_lower_bound,PRUNE,all_to_shortest,greedy,5484,127,127,16.576390027999878,0.0891684901531728,True,4995.0,125,-1,4995.0
Uniform1-5000_Seed31_J200_M100,"[0.002806, 1.000000]",100,200,0.1,max_proc,lowest_lower_bound,NO_PROFILING,all_to_shortest,greedy,6312,151,2001,272.95510172843933,0.2094423320659062,False,4990.0,104,-1,4990.0
Uniform1-5000_Seed31_J200_M100,"[0.002806, 1.000000]",100,200,0.05,max_proc,lowest_lower_bound,PRUNE,all_to_shortest,greedy,5489,155,155,20.850229024887085,0.0909090909090909,True,5029.0,142,-1,4990.0
Uniform1-5000_Seed32_J200_M100,"[0.001979, 0.987981]",100,200,0.1,max_proc,lowest_lower_bound,NO_PROFILING,all_to_shortest,greedy,6100,1051,2001,279.1610622406006,0.1715180327868853,False,5053.74,122,-1,5053.74
Uniform1-5000_Seed32_J200_M100,"[0.001979, 0.987981]",100,200,0.05,max_proc,lowest_lower_bound,PRUNE,all_to_shortest,greedy,6127,1653,2001,276.9052131175995,0.1751689244328383,False,5131.0,122,-1,5053.74
Uniform1-5000_Seed33_J200_M100,"[0.001614, 1.000000]",100,200,0.1,max_proc,lowest_lower_bound,NO_PROFILING,all_to_shortest,greedy,5391,126,126,14.929407596588137,0.0806900389538119,True,4956.0,124,-1,4956.0
Uniform1-5000_Seed33_J200_M100,"[0.001614, 1.000000]",100,200,0.05,max_proc,lowest_lower_bound,PRUNE,all_to_shortest,greedy,5458,135,135,17.3420090675354,0.091975082447783,True,4956.0,133,-1,4956.0
Uniform1-5000_Seed34_J200_M100,"[0.016228, 0.975805]",100,200,0.1,max_proc,lowest_lower_bound,NO_PROFILING,all_to_shortest,greedy,6397,523,2001,285.8456437587738,0.2004455213381272,False,5114.75,115,-1,5114.75
Uniform1-5000_Seed34_J200_M100,"[0.016228, 0.975805]",100,200,0.05,max_proc,lowest_lower_bound,PRUNE,all_to_shortest,greedy,6402,381,2001,236.2696237564087,0.2010699781318338,False,5215.0,119,-1,5114.75
Uniform1-5000_Seed35_J200_M100,"[0.006065, 0.918328]",100,200,0.1,max_proc,lowest_lower_bound,NO_PROFILING,all_to_shortest,greedy,6910,1123,2001,294.2934260368347,0.2125311143270622,False,5441.41,100,-1,5441.41
Uniform1-5000_Seed35_J200_M100,"[0.006065, 0.918328]",100,200,0.05,max_proc,lowest_lower_bound,PRUNE,all_to_shortest,greedy,6377,792,792,121.46089458465576,0.1467131880194449,True,5794.0,131,-1,5441.41
Uniform1-5000_Seed36_J200_M100,"[0.002307, 0.959693]",100,200,0.1,max_proc,lowest_lower_bound,NO_PROFILING,all_to_shortest,greedy,6678,1295,2001,289.5801289081573,0.2212309074573225,False,5200.62,101,-1,5200.62
Uniform1-5000_Seed36_J200_M100,"[0.002307, 0.959693]",100,200,0.05,max_proc,lowest_lower_bound,PRUNE,all_to_shortest,greedy,6105,380,380,55.206180810928345,0.1481375921375921,True,5564.0,129,-1,5200.62
Uniform1-5000_Seed37_J200_M100,"[0.003199, 0.990261]",100,200,0.1,max_proc,lowest_lower_bound,NO_PROFILING,all_to_shortest,greedy,5829,1998,2001,282.83749651908875,0.1419265740264196,False,5001.71,137,-1,5001.71
Uniform1-5000_Seed37_J200_M100,"[0.003199, 0.990261]",100,200,0.05,max_proc,lowest_lower_bound,PRUNE,all_to_shortest,greedy,5955,590,2001,317.2350161075592,0.1600822837951301,False,5001.71,125,-1,5001.71
Uniform1-5000_Seed38_J200_M100,"[0.000200, 1.000000]",100,200,0.1,max_proc,lowest_lower_bound,NO_PROFILING,all_to_shortest,greedy,5401,148,148,20.12497878074646,0.0759118681725606,True,4991.0,146,-1,4991.0
Uniform1-5000_Seed38_J200_M100,"[0.000200, 1.000000]",100,200,0.05,max_proc,lowest_lower_bound,PRUNE,all_to_shortest,greedy,5976,437,2001,312.13590478897095,0.1648259705488621,False,4991.0,130,-1,4991.0
Uniform1-5000_Seed39_J200_M100,"[0.003410, 1.000000]",100,200,0.1,max_proc,lowest_lower_bound,NO_PROFILING,all_to_shortest,greedy,6271,802,2001,278.2511830329895,0.2050709615691277,False,4985.0,100,-1,4985.0
Uniform1-5000_Seed39_J200_M100,"[0.003410, 1.000000]",100,200,0.05,max_proc,lowest_lower_bound,PRUNE,all_to_shortest,greedy,5553,131,131,18.54457783699036,0.1022870520439402,True,5255.0,129,-1,4985.0
Uniform1-5000_Seed40_J200_M100,"[0.012206, 0.996924]",100,200,0.1,max_proc,lowest_lower_bound,NO_PROFILING,all_to_shortest,greedy,6415,1564,2001,292.3341488838196,0.2209867498051442,False,4997.37,100,-1,4997.37
Uniform1-5000_Seed40_J200_M100,"[0.012206, 0.996924]",100,200,0.05,max_proc,lowest_lower_bound,PRUNE,all_to_shortest,greedy,6070,725,2001,306.5943281650543,0.1767100494233937,False,5160.0,117,-1,4997.37
Uniform1-5000_Seed41_J20_M10,"[0.054855, 0.779046]",10,20,0.1,max_proc,lowest_lower_bound,NO_PROFILING,all_to_shortest,greedy,7224,1325,2001,1.4167063236236572,0.1874307862679955,False,5870.0,10,-1,5870.0
Uniform1-5000_Seed41_J20_M10,"[0.054855, 0.779046]",10,20,0.05,max_proc,lowest_lower_bound,PRUNE,all_to_shortest,greedy,6829,13,13,0.0070610046386718,0.1404305169131644,True,6322.0,10,-1,5870.0
Uniform1-5000_Seed42_J20_M10,"[0.025666, 0.949060]",10,20,0.1,max_proc,lowest_lower_bound,NO_PROFILING,all_to_shortest,greedy,5825,317,2001,0.7539994716644287,0.1237768240343347,False,5104.0,10,-1,5104.0
Uniform1-5000_Seed42_J20_M10,"[0.025666, 0.949060]",10,20,0.05,max_proc,lowest_lower_bound,PRUNE,all_to_shortest,greedy,6207,11,12,0.0053703784942626,0.1777025938456581,True,5825.0,10,-1,5104.0
Uniform1-5000_Seed43_J20_M10,"[0.061684, 0.981335]",10,20,0.1,max_proc,lowest_lower_bound,NO_PROFILING,all_to_shortest,greedy,5458,58,58,0.018852949142456,0.0851593990472701,True,4993.2,11,-1,4993.2
Uniform1-5000_Seed43_J20_M10,"[0.061684, 0.981335]",10,20,0.05,max_proc,lowest_lower_bound,PRUNE,all_to_shortest,greedy,5704,12,13,0.0060095787048339,0.1246143057503506,True,5458.0,11,-1,4993.2
Uniform1-5000_Seed44_J20_M10,"[0.023368, 0.887970]",10,20,0.1,max_proc,lowest_lower_bound,NO_PROFILING,all_to_shortest,greedy,5750,779,2001,0.9961256980895996,0.0994608695652173,False,5178.1,10,-1,5178.1
Uniform1-5000_Seed44_J20_M10,"[0.023368, 0.887970]",10,20,0.05,max_proc,lowest_lower_bound,PRUNE,all_to_shortest,greedy,6153,13,13,0.0049548149108886,0.1584430359174385,True,5609.0,11,-1,5178.1
Uniform1-5000_Seed45_J20_M10,"[0.031731, 0.947295]",10,20,0.1,max_proc,lowest_lower_bound,NO_PROFILING,all_to_shortest,greedy,6321,254,2001,0.6927883625030518,0.1823445657332701,False,5168.4,10,-1,5168.4
Uniform1-5000_Seed45_J20_M10,"[0.031731, 0.947295]",10,20,0.05,max_proc,lowest_lower_bound,PRUNE,all_to_shortest,greedy,6902,10,12,0.0050001144409179,0.2511735728774268,True,6321.0,10,-1,5168.4
Uniform1-5000_Seed46_J20_M10,"[0.105908, 0.956082]",10,20,0.1,max_proc,lowest_lower_bound,NO_PROFILING,all_to_shortest,greedy,5794,1543,2001,1.11138653755188,0.1118398343113565,False,5146.0,10,-1,5146.0
Uniform1-5000_Seed46_J20_M10,"[0.105908, 0.956082]",10,20,0.05,max_proc,lowest_lower_bound,PRUNE,all_to_shortest,greedy,6168,15,28,0.0175056457519531,0.1656939040207522,True,5597.0,13,-1,5146.0
Uniform1-5000_Seed47_J20_M10,"[0.105664, 0.923389]",10,20,0.1,max_proc,lowest_lower_bound,NO_PROFILING,all_to_shortest,greedy,5954,63,2001,1.4578874111175537,0.1051058112193483,False,5328.2,10,-1,5328.2
Uniform1-5000_Seed47_J20_M10,"[0.105664, 0.923389]",10,20,0.05,max_proc,lowest_lower_bound,PRUNE,all_to_shortest,greedy,6085,18,137,0.0398933887481689,0.1243714050944947,True,5631.0,16,-1,5328.2
Uniform1-5000_Seed48_J20_M10,"[0.060895, 0.979075]",10,20,0.1,max_proc,lowest_lower_bound,NO_PROFILING,all_to_shortest,greedy,5292,10,2001,1.327270269393921,0.1249244142101285,False,4630.9,10,-1,4630.9
Uniform1-5000_Seed48_J20_M10,"[0.060895, 0.979075]",10,20,0.05,max_proc,lowest_lower_bound,PRUNE,all_to_shortest,greedy,5202,15,15,0.0,0.1097846981930027,True,4869.0,11,-1,4630.9
Uniform1-5000_Seed49_J20_M10,"[0.037322, 0.827555]",10,20,0.1,max_proc,lowest_lower_bound,NO_PROFILING,all_to_shortest,greedy,6980,10,2001,0.8116164207458496,0.1363037249283667,False,6028.6,10,-1,6028.6
Uniform1-5000_Seed49_J20_M10,"[0.037322, 0.827555]",10,20,0.05,max_proc,lowest_lower_bound,PRUNE,all_to_shortest,greedy,6980,11,12,0.0021650791168212,0.1363037249283667,True,6841.0,10,-1,6028.6
Uniform1-5000_Seed50_J20_M10,"[0.015385, 1.000000]",10,20,0.1,max_proc,lowest_lower_bound,NO_PROFILING,all_to_shortest,greedy,5235,13,2001,0.9159390926361084,0.1184336198662846,False,4615.0,11,-1,4615.0
Uniform1-5000_Seed50_J20_M10,"[0.015385, 1.000000]",10,20,0.05,max_proc,lowest_lower_bound,PRUNE,all_to_shortest,greedy,5346,13,14,0.0040705204010009,0.1367377478488589,True,4968.0,11,-1,4615.0
Uniform1-5000_Seed51_J20_M10,"[0.090301, 0.969274]",10,20,0.1,max_proc,lowest_lower_bound,NO_PROFILING,all_to_shortest,greedy,5489,10,10,0.0010004043579101,0.0679176534887958,True,5116.2,8,-1,5116.2
Uniform1-5000_Seed51_J20_M10,"[0.090301, 0.969274]",10,20,0.05,max_proc,lowest_lower_bound,PRUNE,all_to_shortest,greedy,5541,9,9,0.0042588710784912,0.0766648619382783,True,5116.2,7,-1,5116.2
Uniform1-5000_Seed52_J20_M10,"[0.003269, 0.945907]",10,20,0.1,max_proc,lowest_lower_bound,NO_PROFILING,all_to_shortest,greedy,6064,18,2001,1.0161120891571045,0.1424307387862796,False,5200.3,10,-1,5200.3
Uniform1-5000_Seed52_J20_M10,"[0.003269, 0.945907]",10,20,0.05,max_proc,lowest_lower_bound,PRUNE,all_to_shortest,greedy,6221,5,12,0.0039997100830078,0.164073300112522,True,5870.0,10,-1,5200.3
Uniform1-5000_Seed53_J20_M10,"[0.007313, 1.000000]",10,20,0.1,max_proc,lowest_lower_bound,NO_PROFILING,all_to_shortest,greedy,5207,5,5,0.0010442733764648,0.054541962742462,True,4923.0,3,-1,4923.0
Uniform1-5000_Seed53_J20_M10,"[0.007313, 1.000000]",10,20,0.05,max_proc,lowest_lower_bound,PRUNE,all_to_shortest,greedy,5304,12,12,0.0036373138427734,0.0718325791855203,True,4923.0,10,-1,4923.0
Uniform1-5000_Seed54_J20_M10,"[0.146680, 0.783978]",10,20,0.1,max_proc,lowest_lower_bound,NO_PROFILING,all_to_shortest,greedy,6783,493,2001,1.0868496894836426,0.0964175143741707,False,6129.0,10,-1,6129.0
Uniform1-5000_Seed54_J20_M10,"[0.146680, 0.783978]",10,20,0.05,max_proc,lowest_lower_bound,PRUNE,all_to_shortest,greedy,7110,10,12,0.0043857097625732,0.1379746835443038,True,6547.0,10,-1,6129.0
Uniform1-5000_Seed55_J20_M10,"[0.098771, 0.779758]",10,20,0.1,max_proc,lowest_lower_bound,NO_PROFILING,all_to_shortest,greedy,7056,512,2001,1.093897819519043,0.1290391156462585,False,6145.5,10,-1,6145.5
Uniform1-5000_Seed55_J20_M10,"[0.098771, 0.779758]",10,20,0.05,max_proc,lowest_lower_bound,PRUNE,all_to_shortest,greedy,7056,13,13,0.0049986839294433,0.1290391156462585,True,6908.0,11,-1,6145.5
Uniform1-5000_Seed56_J20_M10,"[0.016030, 0.906441]",10,20,0.1,max_proc,lowest_lower_bound,NO_PROFILING,all_to_shortest,greedy,6192,5,2001,0.7727346420288086,0.1134366925064599,False,5489.6,10,-1,5489.6
Uniform1-5000_Seed56_J20_M10,"[0.016030, 0.906441]",10,20,0.05,max_proc,lowest_lower_bound,PRUNE,all_to_shortest,greedy,6524,12,12,0.0049960613250732,0.1585530349478846,True,6011.0,10,-1,5489.6
Uniform1-5000_Seed57_J20_M10,"[0.061541, 0.877111]",10,20,0.1,max_proc,lowest_lower_bound,NO_PROFILING,all_to_shortest,greedy,5961,3,2001,1.0152959823608398,0.135883241066935,False,5151.0,10,-1,5151.0
Uniform1-5000_Seed57_J20_M10,"[0.061541, 0.877111]",10,20,0.05,max_proc,lowest_lower_bound,PRUNE,all_to_shortest,greedy,5984,12,12,0.0058290958404541,0.1392045454545454,True,5821.0,10,-1,5151.0
Uniform1-5000_Seed58_J20_M10,"[0.115689, 0.809638]",10,20,0.1,max_proc,lowest_lower_bound,NO_PROFILING,all_to_shortest,greedy,6291,352,2001,1.0028369426727295,0.1357494833889683,False,5437.0,10,-1,5437.0
Uniform1-5000_Seed58_J20_M10,"[0.115689, 0.809638]",10,20,0.05,max_proc,lowest_lower_bound,PRUNE,all_to_shortest,greedy,6466,11,12,0.0050585269927978,0.1591401175378905,True,5977.0,10,-1,5437.0
Uniform1-5000_Seed59_J20_M10,"[0.001064, 1.000000]",10,20,0.1,max_proc,lowest_lower_bound,NO_PROFILING,all_to_shortest,greedy,5074,8,8,0.0030550956726074,0.0739061884115096,True,4699.0,6,-1,4699.0
Uniform1-5000_Seed59_J20_M10,"[0.001064, 1.000000]",10,20,0.05,max_proc,lowest_lower_bound,PRUNE,all_to_shortest,greedy,5104,10,10,0.0036394596099853,0.0793495297805642,True,4699.0,8,-1,4699.0
Uniform1-5000_Seed60_J20_M10,"[0.009117, 0.916348]",10,20,0.1,max_proc,lowest_lower_bound,NO_PROFILING,all_to_shortest,greedy,5424,359,359,0.1301863193511963,0.0899889380530974,True,4935.9,11,-1,4935.9
Uniform1-5000_Seed60_J20_M10,"[0.009117, 0.916348]",10,20,0.05,max_proc,lowest_lower_bound,PRUNE,all_to_shortest,greedy,5469,14,14,0.0072152614593505,0.0974766867800329,True,4962.0,12,-1,4935.9
Uniform1-5000_Seed41_J50_M25,"[0.022505, 0.900731]",25,50,0.1,max_proc,lowest_lower_bound,NO_PROFILING,all_to_shortest,greedy,6804,135,2001,10.046860933303831,0.1967136978248088,False,5465.56,25,-1,5465.56
Uniform1-5000_Seed41_J50_M25,"[0.022505, 0.900731]",25,50,0.05,max_proc,lowest_lower_bound,PRUNE,all_to_shortest,greedy,6545,31,31,0.1054098606109619,0.1649258976317799,True,6296.0,28,-1,5465.56
Uniform1-5000_Seed42_J50_M25,"[0.027044, 1.000000]",25,50,0.1,max_proc,lowest_lower_bound,NO_PROFILING,all_to_shortest,greedy,5041,32,32,0.1250486373901367,0.0390795477087879,True,4844.0,30,-1,4844.0
Uniform1-5000_Seed42_J50_M25,"[0.027044, 1.000000]",25,50,0.05,max_proc,lowest_lower_bound,PRUNE,all_to_shortest,greedy,5323,23,23,0.0825946331024169,0.0899868495209468,True,4844.0,21,-1,4844.0
Uniform1-5000_Seed43_J50_M25,"[0.006631, 1.000000]",25,50,0.1,max_proc,lowest_lower_bound,NO_PROFILING,all_to_shortest,greedy,5984,1947,2001,7.817331314086914,0.1682820855614973,False,4977.0,29,-1,4977.0
Uniform1-5000_Seed43_J50_M25,"[0.006631, 1.000000]",25,50,0.05,max_proc,lowest_lower_bound,PRUNE,all_to_shortest,greedy,5788,82,89,0.2201020717620849,0.1401174844505874,True,5259.0,30,-1,4977.0
Uniform1-5000_Seed44_J50_M25,"[0.024943, 1.000000]",25,50,0.1,max_proc,lowest_lower_bound,NO_PROFILING,all_to_shortest,greedy,5584,754,2001,11.980289936065674,0.1312679083094556,False,4851.0,28,-1,4851.0
Uniform1-5000_Seed44_J50_M25,"[0.024943, 1.000000]",25,50,0.05,max_proc,lowest_lower_bound,PRUNE,all_to_shortest,greedy,5584,41,106,0.3546638488769531,0.1312679083094556,True,5078.0,30,-1,4851.0
Uniform1-5000_Seed45_J50_M25,"[0.030446, 0.908915]",25,50,0.1,max_proc,lowest_lower_bound,NO_PROFILING,all_to_shortest,greedy,6481,43,2001,10.260509252548218,0.1688566579231599,False,5386.64,25,-1,5386.64
Uniform1-5000_Seed45_J50_M25,"[0.030446, 0.908915]",25,50,0.05,max_proc,lowest_lower_bound,PRUNE,all_to_shortest,greedy,6368,28,32,0.0976016521453857,0.1541080402010049,True,5805.0,28,-1,5386.64
Uniform1-5000_Seed46_J50_M25,"[0.003455, 1.000000]",25,50,0.1,max_proc,lowest_lower_bound,NO_PROFILING,all_to_shortest,greedy,5307,29,29,0.0984225273132324,0.0729225551158846,True,4920.0,27,-1,4920.0
Uniform1-5000_Seed46_J50_M25,"[0.003455, 1.000000]",25,50,0.05,max_proc,lowest_lower_bound,PRUNE,all_to_shortest,greedy,5335,33,33,0.1291964054107666,0.077788191190253,True,4920.0,31,-1,4920.0
Uniform1-5000_Seed47_J50_M25,"[0.029914, 0.908500]",25,50,0.1,max_proc,lowest_lower_bound,NO_PROFILING,all_to_shortest,greedy,6342,75,2001,13.20593285560608,0.1460864080731629,False,5415.52,25,-1,5415.52
Uniform1-5000_Seed47_J50_M25,"[0.029914, 0.908500]",25,50,0.05,max_proc,lowest_lower_bound,PRUNE,all_to_shortest,greedy,6186,35,35,0.1471385955810547,0.1245522146783057,True,5748.0,27,-1,5415.52
Uniform1-5000_Seed48_J50_M25,"[0.009305, 0.897773]",25,50,0.1,max_proc,lowest_lower_bound,NO_PROFILING,all_to_shortest,greedy,6198,517,2001,10.924405097961426,0.1677444336882866,False,5158.32,25,-1,5158.32
Uniform1-5000_Seed48_J50_M25,"[0.009305, 0.897773]",25,50,0.05,max_proc,lowest_lower_bound,PRUNE,all_to_shortest,greedy,6221,53,74,0.3416314125061035,0.1708214113486578,True,5658.0,30,-1,5158.32
Uniform1-5000_Seed49_J50_M25,"[0.036019, 0.800260]",25,50,0.1,max_proc,lowest_lower_bound,NO_PROFILING,all_to_shortest,greedy,7627,357,2001,11.807025909423828,0.1809728595778156,False,6246.72,25,-1,6246.72
Uniform1-5000_Seed49_J50_M25,"[0.036019, 0.800260]",25,50,0.05,max_proc,lowest_lower_bound,PRUNE,all_to_shortest,greedy,7586,31,32,0.1268949508666992,0.176546269443712,True,6892.0,28,-1,6246.72
Uniform1-5000_Seed50_J50_M25,"[0.010306, 0.977509]",25,50,0.1,max_proc,lowest_lower_bound,NO_PROFILING,all_to_shortest,greedy,5680,1224,2001,12.662299394607544,0.1117112676056338,False,5045.48,28,-1,5045.48
Uniform1-5000_Seed50_J50_M25,"[0.010306, 0.977509]",25,50,0.05,max_proc,lowest_lower_bound,PRUNE,all_to_shortest,greedy,5654,82,82,0.3502137660980224,0.1076264591439689,True,5168.0,36,-1,5045.48
Uniform1-5000_Seed51_J50_M25,"[0.010688, 1.000000]",25,50,0.1,max_proc,lowest_lower_bound,NO_PROFILING,all_to_shortest,greedy,5367,29,29,0.1058752536773681,0.0760201229737283,True,4959.0,27,-1,4959.0
Uniform1-5000_Seed51_J50_M25,"[0.010688, 1.000000]",25,50,0.05,max_proc,lowest_lower_bound,PRUNE,all_to_shortest,greedy,5386,34,34,0.1572191715240478,0.0792796138135907,True,4959.0,32,-1,4959.0
Uniform1-5000_Seed52_J50_M25,"[0.003390, 0.980850]",25,50,0.1,max_proc,lowest_lower_bound,NO_PROFILING,all_to_shortest,greedy,6206,590,2001,15.545802354812622,0.1919046084434418,False,5015.04,25,-1,5015.04
Uniform1-5000_Seed52_J50_M25,"[0.003390, 0.980850]",25,50,0.05,max_proc,lowest_lower_bound,PRUNE,all_to_shortest,greedy,5857,43,43,0.136770486831665,0.1437527744579136,True,5488.0,31,-1,5015.04
Uniform1-5000_Seed53_J50_M25,"[0.007216, 0.986803]",25,50,0.1,max_proc,lowest_lower_bound,NO_PROFILING,all_to_shortest,greedy,6093,559,2001,9.0990788936615,0.1812177909075988,False,4988.84,25,-1,4988.84
Uniform1-5000_Seed53_J50_M25,"[0.007216, 0.986803]",25,50,0.05,max_proc,lowest_lower_bound,PRUNE,all_to_shortest,greedy,6126,35,39,0.1133503913879394,0.1856284688214169,True,5605.0,29,-1,4988.84
Uniform1-5000_Seed54_J50_M25,"[0.001790, 0.955458]",25,50,0.1,max_proc,lowest_lower_bound,NO_PROFILING,all_to_shortest,greedy,5810,989,2001,10.617444276809692,0.1344234079173838,False,5029.0,28,-1,5029.0
Uniform1-5000_Seed54_J50_M25,"[0.001790, 0.955458]",25,50,0.05,max_proc,lowest_lower_bound,PRUNE,all_to_shortest,greedy,5875,52,232,0.9091689586639404,0.144,True,5351.0,31,-1,5029.0
Uniform1-5000_Seed55_J50_M25,"[0.044144, 0.849549]",25,50,0.1,max_proc,lowest_lower_bound,NO_PROFILING,all_to_shortest,greedy,6908,200,2001,10.170982837677002,0.1834626519976838,False,5640.64,25,-1,5640.64
Uniform1-5000_Seed55_J50_M25,"[0.044144, 0.849549]",25,50,0.05,max_proc,lowest_lower_bound,PRUNE,all_to_shortest,greedy,7109,23,27,0.0823585987091064,0.2065494443662962,True,6737.0,25,-1,5640.64
Uniform1-5000_Seed56_J50_M25,"[0.017685, 1.000000]",25,50,0.1,max_proc,lowest_lower_bound,NO_PROFILING,all_to_shortest,greedy,5299,36,36,0.0971617698669433,0.0609548971504057,True,4976.0,34,-1,4976.0
Uniform1-5000_Seed56_J50_M25,"[0.017685, 1.000000]",25,50,0.05,max_proc,lowest_lower_bound,PRUNE,all_to_shortest,greedy,5241,47,47,0.133488655090332,0.0505628696813585,True,4992.0,35,-1,4976.0
Uniform1-5000_Seed57_J50_M25,"[0.021027, 1.000000]",25,50,0.1,max_proc,lowest_lower_bound,NO_PROFILING,all_to_shortest,greedy,5339,408,2001,7.347363471984863,0.1537741150028095,False,4518.0,25,-1,4518.0
Uniform1-5000_Seed57_J50_M25,"[0.021027, 1.000000]",25,50,0.05,max_proc,lowest_lower_bound,PRUNE,all_to_shortest,greedy,5321,35,35,0.0989017486572265,0.1509114828039842,True,4932.0,28,-1,4518.0
Uniform1-5000_Seed58_J50_M25,"[0.005490, 0.922743]",25,50,0.1,max_proc,lowest_lower_bound,NO_PROFILING,all_to_shortest,greedy,6396,523,2001,9.488173723220823,0.1741588492808005,False,5282.08,25,-1,5282.08
Uniform1-5000_Seed58_J50_M25,"[0.005490, 0.922743]",25,50,0.05,max_proc,lowest_lower_bound,PRUNE,all_to_shortest,greedy,6062,28,28,0.0811212062835693,0.1286572088419663,True,5645.0,26,-1,5282.08
Uniform1-5000_Seed59_J50_M25,"[0.000957, 0.945470]",25,50,0.1,max_proc,lowest_lower_bound,NO_PROFILING,all_to_shortest,greedy,6150,667,2001,9.148168325424194,0.1507642276422764,False,5222.8,29,-1,5222.8
Uniform1-5000_Seed59_J50_M25,"[0.000957, 0.945470]",25,50,0.05,max_proc,lowest_lower_bound,PRUNE,all_to_shortest,greedy,5898,482,482,1.409468412399292,0.114479484571041,True,5604.0,31,-1,5222.8
Uniform1-5000_Seed60_J50_M25,"[0.007997, 0.877854]",25,50,0.1,max_proc,lowest_lower_bound,NO_PROFILING,all_to_shortest,greedy,7055,437,2001,14.369986295700071,0.2023586109142452,False,5627.36,25,-1,5627.36
Uniform1-5000_Seed60_J50_M25,"[0.007997, 0.877854]",25,50,0.05,max_proc,lowest_lower_bound,PRUNE,all_to_shortest,greedy,6645,114,114,0.5037798881530762,0.1531437170805117,True,6165.0,31,-1,5627.36
Uniform1-5000_Seed41_J100_M50,"[0.019664, 0.998050]",50,100,0.1,max_proc,lowest_lower_bound,NO_PROFILING,all_to_shortest,greedy,6248,546,2001,62.08401799201965,0.202349551856594,False,4983.72,51,-1,4983.72
Uniform1-5000_Seed41_J100_M50,"[0.019664, 0.998050]",50,100,0.05,max_proc,lowest_lower_bound,PRUNE,all_to_shortest,greedy,5694,345,345,7.141836881637573,0.1247418335089567,True,5299.0,67,-1,4983.72
Uniform1-5000_Seed42_J100_M50,"[0.007125, 1.000000]",50,100,0.1,max_proc,lowest_lower_bound,NO_PROFILING,all_to_shortest,greedy,6170,254,2001,50.441638231277466,0.2038897893030794,False,4912.0,50,-1,4912.0
Uniform1-5000_Seed42_J100_M50,"[0.007125, 1.000000]",50,100,0.05,max_proc,lowest_lower_bound,PRUNE,all_to_shortest,greedy,5582,97,97,1.4249310493469238,0.1200286635614475,True,5068.0,68,-1,4912.0
Uniform1-5000_Seed43_J100_M50,"[0.006631, 1.000000]",50,100,0.1,max_proc,lowest_lower_bound,NO_PROFILING,all_to_shortest,greedy,6158,1407,2001,40.776684284210205,0.1917830464436505,False,4977.0,53,-1,4977.0
Uniform1-5000_Seed43_J100_M50,"[0.006631, 1.000000]",50,100,0.05,max_proc,lowest_lower_bound,PRUNE,all_to_shortest,greedy,5761,586,586,11.57354187965393,0.1360874848116646,True,5227.0,63,-1,4977.0
Uniform1-5000_Seed44_J100_M50,"[0.020556, 1.000000]",50,100,0.1,max_proc,lowest_lower_bound,NO_PROFILING,all_to_shortest,greedy,6210,1799,2001,51.59894347190857,0.2009661835748792,False,4962.0,50,-1,4962.0
Uniform1-5000_Seed44_J100_M50,"[0.020556, 1.000000]",50,100,0.05,max_proc,lowest_lower_bound,PRUNE,all_to_shortest,greedy,5697,796,796,16.60732626914978,0.129015271195366,True,5186.0,65,-1,4962.0
Uniform1-5000_Seed45_J100_M50,"[0.013956, 0.981248]",50,100,0.1,max_proc,lowest_lower_bound,NO_PROFILING,all_to_shortest,greedy,6278,342,2001,50.05475831031799,0.1896463841987894,False,5087.4,50,-1,5087.4
Uniform1-5000_Seed45_J100_M50,"[0.013956, 0.981248]",50,100,0.05,max_proc,lowest_lower_bound,PRUNE,all_to_shortest,greedy,5944,169,169,3.775928258895874,0.1441117092866757,True,5421.0,64,-1,5087.4
Uniform1-5000_Seed46_J100_M50,"[0.003412, 1.000000]",50,100,0.1,max_proc,lowest_lower_bound,NO_PROFILING,all_to_shortest,greedy,5905,577,2001,50.206873655319214,0.1561388653683319,False,4983.0,51,-1,4983.0
Uniform1-5000_Seed46_J100_M50,"[0.003412, 1.000000]",50,100,0.05,max_proc,lowest_lower_bound,PRUNE,all_to_shortest,greedy,5556,71,71,1.3985769748687744,0.1031317494600431,True,5044.0,63,-1,4983.0
Uniform1-5000_Seed47_J100_M50,"[0.025390, 0.911820]",50,100,0.1,max_proc,lowest_lower_bound,NO_PROFILING,all_to_shortest,greedy,6861,1005,2001,59.64196515083313,0.2135548753825972,False,5395.8,50,-1,5395.8
Uniform1-5000_Seed47_J100_M50,"[0.025390, 0.911820]",50,100,0.05,max_proc,lowest_lower_bound,PRUNE,all_to_shortest,greedy,6507,79,79,1.7736072540283203,0.1707699400645458,True,5947.0,60,-1,5395.8
Uniform1-5000_Seed48_J100_M50,"[0.009350, 0.967734]",50,100,0.1,max_proc,lowest_lower_bound,NO_PROFILING,all_to_shortest,greedy,6293,293,2001,58.19514060020447,0.1842300969331002,False,5133.64,50,-1,5133.64
Uniform1-5000_Seed48_J100_M50,"[0.009350, 0.967734]",50,100,0.05,max_proc,lowest_lower_bound,PRUNE,all_to_shortest,greedy,5788,611,611,12.709153652191162,0.1130545957152729,True,5271.0,77,-1,5133.64
Uniform1-5000_Seed49_J100_M50,"[0.032679, 0.868944]",50,100,0.1,max_proc,lowest_lower_bound,NO_PROFILING,all_to_shortest,greedy,7519,1738,2001,62.5364248752594,0.2348769783215853,False,5752.96,50,-1,5752.96
Uniform1-5000_Seed49_J100_M50,"[0.032679, 0.868944]",50,100,0.05,max_proc,lowest_lower_bound,PRUNE,all_to_shortest,greedy,7044,62,62,1.31194806098938,0.18328222600795,True,6418.0,56,-1,5752.96
Uniform1-5000_Seed50_J100_M50,"[0.010543, 1.000000]",50,100,0.1,max_proc,lowest_lower_bound,NO_PROFILING,all_to_shortest,greedy,5341,68,68,1.356462478637695,0.0765774199588092,True,4932.0,66,-1,4932.0
Uniform1-5000_Seed50_J100_M50,"[0.010543, 1.000000]",50,100,0.05,max_proc,lowest_lower_bound,PRUNE,all_to_shortest,greedy,5418,67,67,2.0809357166290283,0.0897009966777408,True,4932.0,65,-1,4932.0
Uniform1-5000_Seed51_J100_M50,"[0.000605, 1.000000]",50,100,0.1,max_proc,lowest_lower_bound,NO_PROFILING,all_to_shortest,greedy,5268,72,72,1.2368474006652832,0.0586560364464692,True,4959.0,70,-1,4959.0
Uniform1-5000_Seed51_J100_M50,"[0.000605, 1.000000]",50,100,0.05,max_proc,lowest_lower_bound,PRUNE,all_to_shortest,greedy,5330,241,241,4.563189029693604,0.0696060037523452,True,4959.0,68,-1,4959.0
Uniform1-5000_Seed52_J100_M50,"[0.003165, 0.927777]",50,100,0.1,max_proc,lowest_lower_bound,NO_PROFILING,all_to_shortest,greedy,6987,1366,2001,68.97048473358154,0.231300987548304,False,5370.9,50,-1,5370.9
Uniform1-5000_Seed52_J100_M50,"[0.003165, 0.927777]",50,100,0.05,max_proc,lowest_lower_bound,PRUNE,all_to_shortest,greedy,6245,352,352,7.10650110244751,0.1399679743795036,True,5748.0,70,-1,5370.9
Uniform1-5000_Seed53_J100_M50,"[0.007100, 0.983524]",50,100,0.1,max_proc,lowest_lower_bound,NO_PROFILING,all_to_shortest,greedy,6674,1619,2001,55.037508487701416,0.2402547198082109,False,5070.54,50,-1,5070.54
Uniform1-5000_Seed53_J100_M50,"[0.007100, 0.983524]",50,100,0.05,max_proc,lowest_lower_bound,PRUNE,all_to_shortest,greedy,5943,137,137,2.568535327911377,0.1468046441191317,True,5473.0,60,-1,5070.54
Uniform1-5000_Seed54_J100_M50,"[0.001806, 1.000000]",50,100,0.1,max_proc,lowest_lower_bound,NO_PROFILING,all_to_shortest,greedy,6215,129,2001,57.79894256591797,0.1980691874497184,False,4984.0,55,-1,4984.0
Uniform1-5000_Seed54_J100_M50,"[0.001806, 1.000000]",50,100,0.05,max_proc,lowest_lower_bound,PRUNE,all_to_shortest,greedy,5967,1863,2001,38.35640549659729,0.1647394000335176,False,5136.0,61,-1,4984.0
Uniform1-5000_Seed55_J100_M50,"[0.000764, 0.946804]",50,100,0.1,max_proc,lowest_lower_bound,NO_PROFILING,all_to_shortest,greedy,6759,234,2001,44.28695559501648,0.2250895102825862,False,5237.62,50,-1,5237.62
Uniform1-5000_Seed55_J100_M50,"[0.000764, 0.946804]",50,100,0.05,max_proc,lowest_lower_bound,PRUNE,all_to_shortest,greedy,6560,57,58,1.0529019832611084,0.2015823170731707,True,5956.0,53,-1,5237.62
Uniform1-5000_Seed56_J100_M50,"[0.016896, 0.957285]",50,100,0.1,max_proc,lowest_lower_bound,NO_PROFILING,all_to_shortest,greedy,6421,1132,2001,56.90281629562378,0.1888366298084411,False,5208.48,50,-1,5208.48
Uniform1-5000_Seed56_J100_M50,"[0.016896, 0.957285]",50,100,0.05,max_proc,lowest_lower_bound,PRUNE,all_to_shortest,greedy,5822,72,72,1.6037962436676023,0.1053795946410169,True,5529.0,70,-1,5208.48
Uniform1-5000_Seed57_J100_M50,"[0.017328, 1.000000]",50,100,0.1,max_proc,lowest_lower_bound,NO_PROFILING,all_to_shortest,greedy,5386,1657,2001,50.20398020744324,0.1535462309691793,False,4559.0,55,-1,4559.0
Uniform1-5000_Seed57_J100_M50,"[0.017328, 1.000000]",50,100,0.05,max_proc,lowest_lower_bound,PRUNE,all_to_shortest,greedy,5222,831,831,16.46732783317566,0.1269628494829567,True,4773.0,62,-1,4559.0
Uniform1-5000_Seed58_J100_M50,"[0.005453, 0.916444]",50,100,0.1,max_proc,lowest_lower_bound,NO_PROFILING,all_to_shortest,greedy,6805,856,2001,61.00439620018005,0.2184599559147685,False,5318.38,50,-1,5318.38
Uniform1-5000_Seed58_J100_M50,"[0.005453, 0.916444]",50,100,0.05,max_proc,lowest_lower_bound,PRUNE,all_to_shortest,greedy,6229,65,65,1.4638245105743408,0.1461903997431369,True,5701.0,61,-1,5318.38
Uniform1-5000_Seed59_J100_M50,"[0.000953, 0.941263]",50,100,0.1,max_proc,lowest_lower_bound,NO_PROFILING,all_to_shortest,greedy,6501,299,2001,50.60240507125855,0.1930256883556375,False,5246.14,55,-1,5246.14
Uniform1-5000_Seed59_J100_M50,"[0.000953, 0.941263]",50,100,0.05,max_proc,lowest_lower_bound,PRUNE,all_to_shortest,greedy,6148,1102,2001,44.333842754364014,0.1466916070266752,False,5558.0,67,-1,5246.14
Uniform1-5000_Seed60_J100_M50,"[0.006912, 0.929420]",50,100,0.1,max_proc,lowest_lower_bound,NO_PROFILING,all_to_shortest,greedy,6688,1064,2001,55.81723594665527,0.1996411483253588,False,5352.8,50,-1,5352.8
Uniform1-5000_Seed60_J100_M50,"[0.006912, 0.929420]",50,100,0.05,max_proc,lowest_lower_bound,PRUNE,all_to_shortest,greedy,6053,75,75,1.557723045349121,0.1156781761110193,True,5724.0,68,-1,5352.8
Uniform1-5000_Seed41_J150_M75,"[0.001407, 1.000000]",75,150,0.1,max_proc,lowest_lower_bound,NO_PROFILING,all_to_shortest,greedy,5465,108,108,6.387016534805298,0.0898444647758462,True,4974.0,106,-1,4974.0
Uniform1-5000_Seed41_J150_M75,"[0.001407, 1.000000]",75,150,0.05,max_proc,lowest_lower_bound,PRUNE,all_to_shortest,greedy,5464,112,112,6.697260618209839,0.0896778916544655,True,4974.0,110,-1,4974.0
Uniform1-5000_Seed42_J150_M75,"[0.007125, 1.000000]",75,150,0.1,max_proc,lowest_lower_bound,NO_PROFILING,all_to_shortest,greedy,6056,139,2001,128.48144340515137,0.1889035667107001,False,4912.0,75,-1,4912.0
Uniform1-5000_Seed42_J150_M75,"[0.007125, 1.000000]",75,150,0.05,max_proc,lowest_lower_bound,PRUNE,all_to_shortest,greedy,5451,119,119,8.110355377197266,0.0988809392771968,True,5018.0,117,-1,4912.0
Uniform1-5000_Seed43_J150_M75,"[0.006180, 0.932039]",75,150,0.1,max_proc,lowest_lower_bound,NO_PROFILING,all_to_shortest,greedy,6786,773,2001,125.52013516426086,0.21309951861676,False,5339.906666666667,75,-1,5339.906666666667
Uniform1-5000_Seed43_J150_M75,"[0.006180, 0.932039]",75,150,0.05,max_proc,lowest_lower_bound,PRUNE,all_to_shortest,greedy,6538,1541,2001,137.7729411125183,0.1832507392678699,False,5808.0,96,-1,5339.906666666667
Uniform1-5000_Seed44_J150_M75,"[0.018138, 1.000000]",75,150,0.1,max_proc,lowest_lower_bound,NO_PROFILING,all_to_shortest,greedy,5258,96,96,5.726780891418457,0.0562951692658805,True,4962.0,94,-1,4962.0
Uniform1-5000_Seed44_J150_M75,"[0.018138, 1.000000]",75,150,0.05,max_proc,lowest_lower_bound,PRUNE,all_to_shortest,greedy,5465,101,101,5.708792448043823,0.0920402561756633,True,4962.0,99,-1,4962.0
Uniform1-5000_Seed45_J150_M75,"[0.013717, 0.964461]",75,150,0.1,max_proc,lowest_lower_bound,NO_PROFILING,all_to_shortest,greedy,6511,142,2001,133.89542627334595,0.2050458198945374,False,5175.946666666667,75,-1,5175.946666666667
Uniform1-5000_Seed45_J150_M75,"[0.013717, 0.964461]",75,150,0.05,max_proc,lowest_lower_bound,PRUNE,all_to_shortest,greedy,6041,125,125,7.344400644302368,0.1431970424322683,True,5483.0,107,-1,5175.946666666667
Uniform1-5000_Seed46_J150_M75,"[0.003374, 0.988957]",75,150,0.1,max_proc,lowest_lower_bound,NO_PROFILING,all_to_shortest,greedy,6485,76,2001,143.73544073104858,0.2230316114109483,False,5038.64,75,-1,5038.64
Uniform1-5000_Seed46_J150_M75,"[0.003374, 0.988957]",75,150,0.05,max_proc,lowest_lower_bound,PRUNE,all_to_shortest,greedy,5597,110,110,6.285387754440308,0.0997605860282293,True,5186.0,106,-1,5038.64
Uniform1-5000_Seed47_J150_M75,"[0.025814, 0.938525]",75,150,0.1,max_proc,lowest_lower_bound,NO_PROFILING,all_to_shortest,greedy,6802,1947,2001,141.5692207813263,0.2197490934039008,False,5307.266666666666,75,-1,5307.266666666666
Uniform1-5000_Seed47_J150_M75,"[0.025814, 0.938525]",75,150,0.05,max_proc,lowest_lower_bound,PRUNE,all_to_shortest,greedy,6186,107,107,6.577831983566284,0.1420519452527212,True,5736.0,94,-1,5307.266666666666
Uniform1-5000_Seed48_J150_M75,"[0.009629, 0.996640]",75,150,0.1,max_proc,lowest_lower_bound,NO_PROFILING,all_to_shortest,greedy,5892,256,2001,144.85203409194946,0.1539805385833898,False,4984.746666666667,100,-1,4984.746666666667
Uniform1-5000_Seed48_J150_M75,"[0.009629, 0.996640]",75,150,0.05,max_proc,lowest_lower_bound,PRUNE,all_to_shortest,greedy,5927,1609,2001,118.08450531959534,0.1589764355210617,False,5006.0,92,-1,4984.746666666667
Uniform1-5000_Seed49_J150_M75,"[0.000184, 0.918742]",75,150,0.1,max_proc,lowest_lower_bound,NO_PROFILING,all_to_shortest,greedy,6846,794,2001,131.0467791557312,0.2052098549031064,False,5441.133333333333,75,-1,5441.133333333333
Uniform1-5000_Seed49_J150_M75,"[0.000184, 0.918742]",75,150,0.05,max_proc,lowest_lower_bound,PRUNE,all_to_shortest,greedy,6379,109,109,5.161614179611206,0.1470240894602079,True,5796.0,97,-1,5441.133333333333
Uniform1-5000_Seed50_J150_M75,"[0.006285, 1.000000]",75,150,0.1,max_proc,lowest_lower_bound,NO_PROFILING,all_to_shortest,greedy,5355,101,101,4.422577142715454,0.0789915966386554,True,4932.0,99,-1,4932.0
Uniform1-5000_Seed50_J150_M75,"[0.006285, 1.000000]",75,150,0.05,max_proc,lowest_lower_bound,PRUNE,all_to_shortest,greedy,5437,132,132,6.05689811706543,0.0928821041015265,True,4932.0,98,-1,4932.0
Uniform1-5000_Seed51_J150_M75,"[0.000605, 1.000000]",75,150,0.1,max_proc,lowest_lower_bound,NO_PROFILING,all_to_shortest,greedy,5376,105,105,4.561993360519409,0.0775669642857142,True,4959.0,103,-1,4959.0
Uniform1-5000_Seed51_J150_M75,"[0.000605, 1.000000]",75,150,0.05,max_proc,lowest_lower_bound,PRUNE,all_to_shortest,greedy,5585,1303,2001,124.33731317520142,0.1120859444941808,False,4959.0,99,-1,4959.0
Uniform1-5000_Seed52_J150_M75,"[0.003352, 0.982528]",75,150,0.1,max_proc,lowest_lower_bound,NO_PROFILING,all_to_shortest,greedy,6294,247,2001,140.84611320495603,0.19421459591145,False,5071.613333333334,76,-1,5071.613333333334
Uniform1-5000_Seed52_J150_M75,"[0.003352, 0.982528]",75,150,0.05,max_proc,lowest_lower_bound,PRUNE,all_to_shortest,greedy,5998,1510,2001,130.6974401473999,0.1544492608647326,False,5209.0,95,-1,5071.613333333334
Uniform1-5000_Seed53_J150_M75,"[0.007149, 0.990273]",75,150,0.1,max_proc,lowest_lower_bound,NO_PROFILING,all_to_shortest,greedy,6106,133,2001,128.43504977226257,0.1752396549841685,False,5035.986666666667,87,-1,5035.986666666667
Uniform1-5000_Seed53_J150_M75,"[0.007149, 0.990273]",75,150,0.05,max_proc,lowest_lower_bound,PRUNE,all_to_shortest,greedy,6178,1421,2001,112.94503688812256,0.1848516240423006,False,5035.986666666667,86,-1,5035.986666666667
Uniform1-5000_Seed54_J150_M75,"[0.001805, 1.000000]",75,150,0.1,max_proc,lowest_lower_bound,NO_PROFILING,all_to_shortest,greedy,6121,1731,2001,140.61518096923828,0.1854272177748734,False,4986.0,80,-1,4986.0
Uniform1-5000_Seed54_J150_M75,"[0.001805, 1.000000]",75,150,0.05,max_proc,lowest_lower_bound,PRUNE,all_to_shortest,greedy,5878,1974,2001,139.02763748168945,0.1517522966995576,False,5207.0,93,-1,4986.0
Uniform1-5000_Seed55_J150_M75,"[0.000797, 0.988090]",75,150,0.1,max_proc,lowest_lower_bound,NO_PROFILING,all_to_shortest,greedy,6425,764,2001,135.05605721473694,0.2188679636835278,False,5018.7733333333335,75,-1,5018.7733333333335
Uniform1-5000_Seed55_J150_M75,"[0.000797, 0.988090]",75,150,0.05,max_proc,lowest_lower_bound,PRUNE,all_to_shortest,greedy,6218,1380,2001,154.20253777503967,0.1928637289589364,False,5254.0,87,-1,5018.7733333333335
Uniform1-5000_Seed56_J150_M75,"[0.016236, 0.919892]",75,150,0.1,max_proc,lowest_lower_bound,NO_PROFILING,all_to_shortest,greedy,6792,706,2001,148.3706088066101,0.2019729093050648,False,5420.2,75,-1,5420.2
Uniform1-5000_Seed56_J150_M75,"[0.016236, 0.919892]",75,150,0.05,max_proc,lowest_lower_bound,PRUNE,all_to_shortest,greedy,6306,201,201,12.553648948669434,0.1404693942277196,True,5739.0,105,-1,5420.2
Uniform1-5000_Seed57_J150_M75,"[0.016421, 1.000000]",75,150,0.1,max_proc,lowest_lower_bound,NO_PROFILING,all_to_shortest,greedy,5634,1020,2001,121.21028590202332,0.1460773872914448,False,4811.0,75,-1,4811.0
Uniform1-5000_Seed57_J150_M75,"[0.016421, 1.000000]",75,150,0.05,max_proc,lowest_lower_bound,PRUNE,all_to_shortest,greedy,5421,133,133,8.483057737350464,0.1125253643239254,True,4973.0,96,-1,4811.0
Uniform1-5000_Seed58_J150_M75,"[0.005463, 0.936243]",75,150,0.1,max_proc,lowest_lower_bound,NO_PROFILING,all_to_shortest,greedy,6788,909,2001,142.59552836418152,0.2179650363386368,False,5308.453333333333,75,-1,5308.453333333333
Uniform1-5000_Seed58_J150_M75,"[0.005463, 0.936243]",75,150,0.05,max_proc,lowest_lower_bound,PRUNE,all_to_shortest,greedy,6167,144,144,9.273016452789308,0.1392162585806173,True,5601.0,102,-1,5308.453333333333
Uniform1-5000_Seed59_J150_M75,"[0.000971, 0.970587]",75,150,0.1,max_proc,lowest_lower_bound,NO_PROFILING,all_to_shortest,greedy,6388,1319,2001,134.24540448188782,0.1935629304946774,False,5151.52,83,-1,5151.52
Uniform1-5000_Seed59_J150_M75,"[0.000971, 0.970587]",75,150,0.05,max_proc,lowest_lower_bound,PRUNE,all_to_shortest,greedy,6442,794,2001,116.98115229606628,0.2003228810928282,False,5244.0,84,-1,5151.52
Uniform1-5000_Seed60_J150_M75,"[0.006871, 0.923808]",75,150,0.1,max_proc,lowest_lower_bound,NO_PROFILING,all_to_shortest,greedy,6598,954,2001,145.60142421722412,0.1837950894210367,False,5385.32,83,-1,5385.32
Uniform1-5000_Seed60_J150_M75,"[0.006871, 0.923808]",75,150,0.05,max_proc,lowest_lower_bound,PRUNE,all_to_shortest,greedy,6472,141,2001,135.7160804271698,0.1679048207663782,False,5530.0,98,-1,5385.32
Uniform1-5000_Seed41_J200_M100,"[0.001407, 1.000000]",100,200,0.1,max_proc,lowest_lower_bound,NO_PROFILING,all_to_shortest,greedy,6019,1358,2001,279.3674144744873,0.1736168798803788,False,4974.0,114,-1,4974.0
Uniform1-5000_Seed41_J200_M100,"[0.001407, 1.000000]",100,200,0.05,max_proc,lowest_lower_bound,PRUNE,all_to_shortest,greedy,6031,1124,2001,291.82831048965454,0.1752611507212734,False,4995.0,115,-1,4974.0
Uniform1-5000_Seed42_J200_M100,"[0.007046, 0.992868]",100,200,0.1,max_proc,lowest_lower_bound,NO_PROFILING,all_to_shortest,greedy,6333,1929,2001,293.1477303504944,0.215627664613927,False,4967.43,100,-1,4967.43
Uniform1-5000_Seed42_J200_M100,"[0.007046, 0.992868]",100,200,0.05,max_proc,lowest_lower_bound,PRUNE,all_to_shortest,greedy,5640,159,159,17.67918634414673,0.1192499999999999,True,5265.0,145,-1,4967.43
Uniform1-5000_Seed43_J200_M100,"[0.006405, 0.965924]",100,200,0.1,max_proc,lowest_lower_bound,NO_PROFILING,all_to_shortest,greedy,6743,485,2001,262.18992948532104,0.2358623757971229,False,5152.58,100,-1,5152.58
Uniform1-5000_Seed43_J200_M100,"[0.006405, 0.965924]",100,200,0.05,max_proc,lowest_lower_bound,PRUNE,all_to_shortest,greedy,5986,990,990,149.82934093475342,0.1392281991313064,True,5555.0,130,-1,5152.58
Uniform1-5000_Seed44_J200_M100,"[0.012092, 1.000000]",100,200,0.1,max_proc,lowest_lower_bound,NO_PROFILING,all_to_shortest,greedy,5325,147,147,18.743486404418945,0.068169014084507,True,4962.0,145,-1,4962.0
Uniform1-5000_Seed44_J200_M100,"[0.012092, 1.000000]",100,200,0.05,max_proc,lowest_lower_bound,PRUNE,all_to_shortest,greedy,5439,150,150,19.74355411529541,0.0876999448428019,True,4962.0,148,-1,4962.0
Uniform1-5000_Seed45_J200_M100,"[0.011404, 0.998746]",100,200,0.1,max_proc,lowest_lower_bound,NO_PROFILING,all_to_shortest,greedy,6472,900,2001,288.3745212554932,0.2277085908529047,False,4998.27,100,-1,4998.27
Uniform1-5000_Seed45_J200_M100,"[0.011404, 0.998746]",100,200,0.05,max_proc,lowest_lower_bound,PRUNE,all_to_shortest,greedy,5519,507,507,73.35391354560852,0.0943522377242253,True,5137.0,146,-1,4998.27
Uniform1-5000_Seed46_J200_M100,"[0.003288, 0.963910]",100,200,0.1,max_proc,lowest_lower_bound,NO_PROFILING,all_to_shortest,greedy,6636,515,2001,280.83354353904724,0.2209810126582279,False,5169.57,100,-1,5169.57
Uniform1-5000_Seed46_J200_M100,"[0.003288, 0.963910]",100,200,0.05,max_proc,lowest_lower_bound,PRUNE,all_to_shortest,greedy,6248,1154,2001,299.801393032074,0.172604033290653,False,5430.0,126,-1,5169.57
Uniform1-5000_Seed47_J200_M100,"[0.012786, 0.950533]",100,200,0.1,max_proc,lowest_lower_bound,NO_PROFILING,all_to_shortest,greedy,6728,1955,2001,277.3046758174896,0.2211325802615933,False,5240.22,100,-1,5240.22
Uniform1-5000_Seed47_J200_M100,"[0.012786, 0.950533]",100,200,0.05,max_proc,lowest_lower_bound,PRUNE,all_to_shortest,greedy,6188,128,128,17.16362738609314,0.153164188752424,True,5619.0,126,-1,5240.22
Uniform1-5000_Seed48_J200_M100,"[0.000793, 0.987892]",100,200,0.1,max_proc,lowest_lower_bound,NO_PROFILING,all_to_shortest,greedy,6039,605,2001,286.7652418613434,0.1649180327868852,False,5043.06,129,-1,5043.06
Uniform1-5000_Seed48_J200_M100,"[0.000793, 0.987892]",100,200,0.05,max_proc,lowest_lower_bound,PRUNE,all_to_shortest,greedy,5968,1644,2001,296.6528072357178,0.1549832439678283,False,5124.0,133,-1,5043.06
Uniform1-5000_Seed49_J200_M100,"[0.000183, 0.914998]",100,200,0.1,max_proc,lowest_lower_bound,NO_PROFILING,all_to_shortest,greedy,7217,97,2001,268.81321716308594,0.2429818484134682,False,5463.4,100,-1,5463.4
Uniform1-5000_Seed49_J200_M100,"[0.000183, 0.914998]",100,200,0.05,max_proc,lowest_lower_bound,PRUNE,all_to_shortest,greedy,6475,162,162,21.838680505752563,0.1562316602316603,True,5891.0,129,-1,5463.4
Uniform1-5000_Seed50_J200_M100,"[0.006285, 1.000000]",100,200,0.1,max_proc,lowest_lower_bound,NO_PROFILING,all_to_shortest,greedy,5422,131,131,15.89483904838562,0.0903725562523054,True,4932.0,129,-1,4932.0
Uniform1-5000_Seed50_J200_M100,"[0.006285, 1.000000]",100,200,0.05,max_proc,lowest_lower_bound,PRUNE,all_to_shortest,greedy,5318,148,148,19.53997135162353,0.072583678074464,True,4932.0,146,-1,4932.0
Uniform1-5000_Seed51_J200_M100,"[0.000602, 1.000000]",100,200,0.1,max_proc,lowest_lower_bound,NO_PROFILING,all_to_shortest,greedy,5464,1046,1046,130.779554605484,0.087298682284041,True,4987.0,146,-1,4987.0
Uniform1-5000_Seed51_J200_M100,"[0.000602, 1.000000]",100,200,0.05,max_proc,lowest_lower_bound,PRUNE,all_to_shortest,greedy,5764,1448,2001,246.97619700431824,0.1348022206800832,False,4987.0,136,-1,4987.0
Uniform1-5000_Seed52_J200_M100,"[0.001153, 0.959722]",100,200,0.1,max_proc,lowest_lower_bound,NO_PROFILING,all_to_shortest,greedy,6662,341,2001,287.0069260597229,0.2187586310417291,False,5204.63,100,-1,5204.63
Uniform1-5000_Seed52_J200_M100,"[0.001153, 0.959722]",100,200,0.05,max_proc,lowest_lower_bound,PRUNE,all_to_shortest,greedy,5819,185,185,25.005625009536743,0.1055799965629833,True,5347.0,154,-1,5204.63
Uniform1-5000_Seed53_J200_M100,"[0.007095, 0.982867]",100,200,0.1,max_proc,lowest_lower_bound,NO_PROFILING,all_to_shortest,greedy,6171,1909,2001,263.7868313789368,0.1777783179387457,False,5073.93,114,-1,5073.93
Uniform1-5000_Seed53_J200_M100,"[0.007095, 0.982867]",100,200,0.05,max_proc,lowest_lower_bound,PRUNE,all_to_shortest,greedy,6413,136,2001,317.5096938610077,0.208805551224076,False,5073.93,112,-1,5073.93
Uniform1-5000_Seed54_J200_M100,"[0.001805, 1.000000]",100,200,0.1,max_proc,lowest_lower_bound,NO_PROFILING,all_to_shortest,greedy,5432,148,148,20.147530555725098,0.0821060382916053,True,4986.0,146,-1,4986.0
Uniform1-5000_Seed54_J200_M100,"[0.001805, 1.000000]",100,200,0.05,max_proc,lowest_lower_bound,PRUNE,all_to_shortest,greedy,5490,149,149,20.232818841934204,0.0918032786885245,True,4986.0,147,-1,4986.0
Uniform1-5000_Seed55_J200_M100,"[0.000803, 0.995058]",100,200,0.1,max_proc,lowest_lower_bound,NO_PROFILING,all_to_shortest,greedy,6316,386,2001,268.30497574806213,0.2109515516149461,False,4983.63,100,-1,4983.63
Uniform1-5000_Seed55_J200_M100,"[0.000803, 0.995058]",100,200,0.05,max_proc,lowest_lower_bound,PRUNE,all_to_shortest,greedy,6231,364,2001,273.4210386276245,0.2001877708233028,False,5214.0,115,-1,4983.63
Uniform1-5000_Seed56_J200_M100,"[0.000932, 0.929291]",100,200,0.1,max_proc,lowest_lower_bound,NO_PROFILING,all_to_shortest,greedy,6797,770,2001,301.8257954120636,0.2106252758569957,False,5365.38,100,-1,5365.38
Uniform1-5000_Seed56_J200_M100,"[0.000932, 0.929291]",100,200,0.05,max_proc,lowest_lower_bound,PRUNE,all_to_shortest,greedy,6288,373,2001,290.9690773487091,0.1467270992366412,False,5520.0,137,-1,5365.38
Uniform1-5000_Seed57_J200_M100,"[0.007649, 1.000000]",100,200,0.1,max_proc,lowest_lower_bound,NO_PROFILING,all_to_shortest,greedy,6002,646,2001,269.5137708187103,0.1941019660113295,False,4837.0,100,-1,4837.0
Uniform1-5000_Seed57_J200_M100,"[0.007649, 1.000000]",100,200,0.05,max_proc,lowest_lower_bound,PRUNE,all_to_shortest,greedy,5604,136,136,18.115991353988647,0.1368665239114918,True,5110.0,132,-1,4837.0
Uniform1-5000_Seed58_J200_M100,"[0.005606, 0.960782]",100,200,0.1,max_proc,lowest_lower_bound,NO_PROFILING,all_to_shortest,greedy,6554,190,2001,280.83660221099854,0.210730851388465,False,5172.87,100,-1,5172.87
Uniform1-5000_Seed58_J200_M100,"[0.005606, 0.960782]",100,200,0.05,max_proc,lowest_lower_bound,PRUNE,all_to_shortest,greedy,6004,367,2001,301.3384475708008,0.1384293804130579,False,5320.0,151,-1,5172.87
Uniform1-5000_Seed59_J200_M100,"[0.000966, 0.965963]",100,200,0.1,max_proc,lowest_lower_bound,NO_PROFILING,all_to_shortest,greedy,6697,944,2001,268.1480984687805,0.227089741675377,False,5176.18,100,-1,5176.18
Uniform1-5000_Seed59_J200_M100,"[0.000966, 0.965963]",100,200,0.05,max_proc,lowest_lower_bound,PRUNE,all_to_shortest,greedy,6306,972,2001,266.42117285728455,0.1791658737710117,False,5343.0,128,-1,5176.18
Uniform1-5000_Seed60_J200_M100,"[0.001150, 0.953189]",100,200,0.1,max_proc,lowest_lower_bound,NO_PROFILING,all_to_shortest,greedy,6495,595,2001,295.64711833000183,0.196409545804465,False,5219.32,113,-1,5219.32
Uniform1-5000_Seed60_J200_M100,"[0.001150, 0.953189]",100,200,0.05,max_proc,lowest_lower_bound,PRUNE,all_to_shortest,greedy,6157,1551,2001,291.91365027427673,0.1522949488387202,False,5350.0,133,-1,5219.32
Uniform1-5000_Seed61_J20_M10,"[0.058089, 0.869996]",10,20,0.1,max_proc,lowest_lower_bound,NO_PROFILING,all_to_shortest,greedy,5905,16,2001,0.9942975044250488,0.1108213378492802,False,5250.6,10,-1,5250.6
Uniform1-5000_Seed61_J20_M10,"[0.058089, 0.869996]",10,20,0.05,max_proc,lowest_lower_bound,PRUNE,all_to_shortest,greedy,5877,13,13,0.0048797130584716,0.106584992343032,True,5458.0,11,-1,5250.6
Uniform1-5000_Seed62_J20_M10,"[0.018908, 0.926508]",10,20,0.1,max_proc,lowest_lower_bound,NO_PROFILING,all_to_shortest,greedy,6172,45,2001,1.0084514617919922,0.1602559948152949,False,5182.9,10,-1,5182.9
Uniform1-5000_Seed62_J20_M10,"[0.018908, 0.926508]",10,20,0.05,max_proc,lowest_lower_bound,PRUNE,all_to_shortest,greedy,6367,12,12,0.0040361881256103,0.1859745563059526,True,6060.0,10,-1,5182.9
Uniform1-5000_Seed63_J20_M10,"[0.029885, 0.797703]",10,20,0.1,max_proc,lowest_lower_bound,NO_PROFILING,all_to_shortest,greedy,5262,979,2001,1.326068878173828,0.109711136450019,False,4684.7,10,-1,4684.7
Uniform1-5000_Seed63_J20_M10,"[0.029885, 0.797703]",10,20,0.05,max_proc,lowest_lower_bound,PRUNE,all_to_shortest,greedy,5521,10,12,0.0063910484313964,0.1514761818511139,True,5062.0,10,-1,4684.7
Uniform1-5000_Seed64_J20_M10,"[0.011869, 1.000000]",10,20,0.1,max_proc,lowest_lower_bound,NO_PROFILING,all_to_shortest,greedy,4754,2,2,0.0009982585906982,0.0252419015565839,True,4634.0,0,-1,4634.0
Uniform1-5000_Seed64_J20_M10,"[0.011869, 1.000000]",10,20,0.05,max_proc,lowest_lower_bound,PRUNE,all_to_shortest,greedy,4754,2,2,0.0,0.0252419015565839,True,4634.0,0,-1,4634.0
Uniform1-5000_Seed65_J20_M10,"[0.025683, 0.900020]",10,20,0.1,max_proc,lowest_lower_bound,NO_PROFILING,all_to_shortest,greedy,6174,12,2001,0.8585927486419678,0.1234045999352121,False,5412.1,10,-1,5412.1
Uniform1-5000_Seed65_J20_M10,"[0.025683, 0.900020]",10,20,0.05,max_proc,lowest_lower_bound,PRUNE,all_to_shortest,greedy,6078,13,13,0.0058429241180419,0.1095590654820664,True,6078.0,11,-1,5412.1
Uniform1-5000_Seed66_J20_M10,"[0.010809, 1.000000]",10,20,0.1,max_proc,lowest_lower_bound,NO_PROFILING,all_to_shortest,greedy,5201,7,7,0.0023541450500488,0.0749855796962122,True,4811.0,5,-1,4811.0
Uniform1-5000_Seed66_J20_M10,"[0.010809, 1.000000]",10,20,0.05,max_proc,lowest_lower_bound,PRUNE,all_to_shortest,greedy,5170,11,11,0.005016803741455,0.0694390715667311,True,4811.0,9,-1,4811.0
Uniform1-5000_Seed67_J20_M10,"[0.073404, 1.000000]",10,20,0.1,max_proc,lowest_lower_bound,NO_PROFILING,all_to_shortest,greedy,5231,8,8,0.0027093887329101,0.0598355954884343,True,4918.0,6,-1,4918.0
Uniform1-5000_Seed67_J20_M10,"[0.073404, 1.000000]",10,20,0.05,max_proc,lowest_lower_bound,PRUNE,all_to_shortest,greedy,5300,8,8,0.0040373802185058,0.0720754716981132,True,4918.0,6,-1,4918.0
Uniform1-5000_Seed68_J20_M10,"[0.029437, 1.000000]",10,20,0.1,max_proc,lowest_lower_bound,NO_PROFILING,all_to_shortest,greedy,5165,9,9,0.0042972564697265,0.0791868344627299,True,4756.0,7,-1,4756.0
Uniform1-5000_Seed68_J20_M10,"[0.029437, 1.000000]",10,20,0.05,max_proc,lowest_lower_bound,PRUNE,all_to_shortest,greedy,5162,16,16,0.006636619567871,0.0786516853932584,True,4756.0,14,-1,4756.0
Uniform1-5000_Seed69_J20_M10,"[0.052059, 0.961589]",10,20,0.1,max_proc,lowest_lower_bound,NO_PROFILING,all_to_shortest,greedy,5469,24,24,0.0089404582977294,0.0903090144450538,True,4975.1,11,-1,4975.1
Uniform1-5000_Seed69_J20_M10,"[0.052059, 0.961589]",10,20,0.05,max_proc,lowest_lower_bound,PRUNE,all_to_shortest,greedy,5409,18,18,0.0073587894439697,0.0802181549269735,True,5108.0,14,-1,4975.1
Uniform1-5000_Seed70_J20_M10,"[0.049741, 0.872593]",10,20,0.1,max_proc,lowest_lower_bound,NO_PROFILING,all_to_shortest,greedy,6557,766,2001,1.0398786067962646,0.1414976361140766,False,5629.2,10,-1,5629.2
Uniform1-5000_Seed70_J20_M10,"[0.049741, 0.872593]",10,20,0.05,max_proc,lowest_lower_bound,PRUNE,all_to_shortest,greedy,6529,13,13,0.0029399394989013,0.1378158982998928,True,6195.0,11,-1,5629.2
Uniform1-5000_Seed71_J20_M10,"[0.033752, 1.000000]",10,20,0.1,max_proc,lowest_lower_bound,NO_PROFILING,all_to_shortest,greedy,5062,19,19,0.0076363086700439,0.0869221651521137,True,4622.0,10,-1,4622.0
Uniform1-5000_Seed71_J20_M10,"[0.033752, 1.000000]",10,20,0.05,max_proc,lowest_lower_bound,PRUNE,all_to_shortest,greedy,5050,12,12,0.0050950050354003,0.0847524752475247,True,4886.0,10,-1,4622.0
Uniform1-5000_Seed72_J20_M10,"[0.064515, 0.858174]",10,20,0.1,max_proc,lowest_lower_bound,NO_PROFILING,all_to_shortest,greedy,6438,11,2001,0.9029426574707032,0.130848089468779,False,5595.6,10,-1,5595.6
Uniform1-5000_Seed72_J20_M10,"[0.064515, 0.858174]",10,20,0.05,max_proc,lowest_lower_bound,PRUNE,all_to_shortest,greedy,6662,11,12,0.0058455467224121,0.1600720504353046,True,6307.0,10,-1,5595.6
Uniform1-5000_Seed73_J20_M10,"[0.030924, 0.945809]",10,20,0.1,max_proc,lowest_lower_bound,NO_PROFILING,all_to_shortest,greedy,5348,87,2001,0.9218742847442628,0.1111443530291697,False,4753.6,10,-1,4753.6
Uniform1-5000_Seed73_J20_M10,"[0.030924, 0.945809]",10,20,0.05,max_proc,lowest_lower_bound,PRUNE,all_to_shortest,greedy,5675,10,12,0.0048799514770507,0.1623612334801761,True,5238.0,10,-1,4753.6
Uniform1-5000_Seed74_J20_M10,"[0.043294, 0.854836]",10,20,0.1,max_proc,lowest_lower_bound,NO_PROFILING,all_to_shortest,greedy,6678,11,2001,1.2523882389068604,0.1318358790056902,False,5797.6,10,-1,5797.6
Uniform1-5000_Seed74_J20_M10,"[0.043294, 0.854836]",10,20,0.05,max_proc,lowest_lower_bound,PRUNE,all_to_shortest,greedy,6721,15,32,0.0033051967620849,0.1373902693051628,True,6122.0,13,-1,5797.6
Uniform1-5000_Seed75_J20_M10,"[0.046030, 1.000000]",10,20,0.1,max_proc,lowest_lower_bound,NO_PROFILING,all_to_shortest,greedy,4345,5,5,0.0,0.0,True,4345.0,3,5,4345.0
Uniform1-5000_Seed75_J20_M10,"[0.046030, 1.000000]",10,20,0.05,max_proc,lowest_lower_bound,PRUNE,all_to_shortest,greedy,4345,6,6,0.0028128623962402,0.0,True,4345.0,4,6,4345.0
Uniform1-5000_Seed76_J20_M10,"[0.020525, 0.880029]",10,20,0.1,max_proc,lowest_lower_bound,NO_PROFILING,all_to_shortest,greedy,6352,1243,2001,1.9131219387054443,0.1332651133501259,False,5505.5,11,-1,5505.5
Uniform1-5000_Seed76_J20_M10,"[0.020525, 0.880029]",10,20,0.05,max_proc,lowest_lower_bound,PRUNE,all_to_shortest,greedy,6173,21,26,0.0207376480102539,0.1081321885630973,True,5607.0,15,-1,5505.5
Uniform1-5000_Seed77_J20_M10,"[0.032005, 0.933476]",10,20,0.1,max_proc,lowest_lower_bound,NO_PROFILING,all_to_shortest,greedy,5813,517,2001,1.0741047859191897,0.0969895062790297,False,5249.2,10,-1,5249.2
Uniform1-5000_Seed77_J20_M10,"[0.032005, 0.933476]",10,20,0.05,max_proc,lowest_lower_bound,PRUNE,all_to_shortest,greedy,5731,14,14,0.0048685073852539,0.0840690978886756,True,5316.0,12,-1,5249.2
Uniform1-5000_Seed78_J20_M10,"[0.028684, 0.899990]",10,20,0.1,max_proc,lowest_lower_bound,NO_PROFILING,all_to_shortest,greedy,5886,10,2001,0.7442324161529541,0.1174821610601427,False,5194.5,10,-1,5194.5
Uniform1-5000_Seed78_J20_M10,"[0.028684, 0.899990]",10,20,0.05,max_proc,lowest_lower_bound,PRUNE,all_to_shortest,greedy,6222,10,12,0.0050606727600097,0.1651398264223722,True,5886.0,10,-1,5194.5
Uniform1-5000_Seed79_J20_M10,"[0.035993, 0.910349]",10,20,0.1,max_proc,lowest_lower_bound,NO_PROFILING,all_to_shortest,greedy,6032,668,2001,0.8457882404327393,0.1018401856763926,False,5417.7,13,-1,5417.7
Uniform1-5000_Seed79_J20_M10,"[0.035993, 0.910349]",10,20,0.05,max_proc,lowest_lower_bound,PRUNE,all_to_shortest,greedy,6349,13,25,0.0059983730316162,0.1466845172468105,True,6113.0,13,-1,5417.7
Uniform1-5000_Seed80_J20_M10,"[0.028279, 1.000000]",10,20,0.1,max_proc,lowest_lower_bound,NO_PROFILING,all_to_shortest,greedy,4938,14,14,0.0043184757232666,0.0117456460105305,True,4880.0,12,-1,4880.0
Uniform1-5000_Seed80_J20_M10,"[0.028279, 1.000000]",10,20,0.05,max_proc,lowest_lower_bound,PRUNE,all_to_shortest,greedy,4938,21,21,0.0076167583465576,0.0117456460105305,True,4880.0,12,-1,4880.0
Uniform1-5000_Seed61_J50_M25,"[0.007835, 0.939870]",25,50,0.1,max_proc,lowest_lower_bound,NO_PROFILING,all_to_shortest,greedy,6503,1388,2001,13.290653228759766,0.1953498385360602,False,5232.64,25,-1,5232.64
Uniform1-5000_Seed61_J50_M25,"[0.007835, 0.939870]",25,50,0.05,max_proc,lowest_lower_bound,PRUNE,all_to_shortest,greedy,5886,31,31,0.1242642402648925,0.1110023785253142,True,5756.0,29,-1,5232.64
Uniform1-5000_Seed62_J50_M25,"[0.001729, 0.922468]",25,50,0.1,max_proc,lowest_lower_bound,NO_PROFILING,all_to_shortest,greedy,6497,1343,2001,14.469300031661987,0.1987686624595966,False,5205.6,25,-1,5205.6
Uniform1-5000_Seed62_J50_M25,"[0.001729, 0.922468]",25,50,0.05,max_proc,lowest_lower_bound,PRUNE,all_to_shortest,greedy,6439,36,36,0.1810715198516845,0.1915514831495573,True,6000.0,28,-1,5205.6
Uniform1-5000_Seed63_J50_M25,"[0.027185, 0.947401]",25,50,0.1,max_proc,lowest_lower_bound,NO_PROFILING,all_to_shortest,greedy,6087,388,2001,15.321619033813477,0.1539543288976507,False,5149.88,30,-1,5149.88
Uniform1-5000_Seed63_J50_M25,"[0.027185, 0.947401]",25,50,0.05,max_proc,lowest_lower_bound,PRUNE,all_to_shortest,greedy,5704,680,680,2.8581790924072266,0.0971458625525946,True,5366.0,40,-1,5149.88
Uniform1-5000_Seed64_J50_M25,"[0.011509, 1.000000]",25,50,0.1,max_proc,lowest_lower_bound,NO_PROFILING,all_to_shortest,greedy,5253,21,21,0.0686466693878173,0.0902341519131924,True,4779.0,19,-1,4779.0
Uniform1-5000_Seed64_J50_M25,"[0.011509, 1.000000]",25,50,0.05,max_proc,lowest_lower_bound,PRUNE,all_to_shortest,greedy,5235,24,24,0.1089606285095214,0.087106017191977,True,4779.0,22,-1,4779.0
Uniform1-5000_Seed65_J50_M25,"[0.013023, 1.000000]",25,50,0.1,max_proc,lowest_lower_bound,NO_PROFILING,all_to_shortest,greedy,5768,1772,2001,9.235309839248655,0.1347087378640776,False,4991.0,25,-1,4991.0
Uniform1-5000_Seed65_J50_M25,"[0.013023, 1.000000]",25,50,0.05,max_proc,lowest_lower_bound,PRUNE,all_to_shortest,greedy,5600,32,32,0.1279540061950683,0.10875,True,5167.0,30,-1,4991.0
Uniform1-5000_Seed66_J50_M25,"[0.009871, 0.917053]",25,50,0.1,max_proc,lowest_lower_bound,NO_PROFILING,all_to_shortest,greedy,6302,603,2001,12.118003606796265,0.164081244049508,False,5267.96,25,-1,5267.96
Uniform1-5000_Seed66_J50_M25,"[0.009871, 0.917053]",25,50,0.05,max_proc,lowest_lower_bound,PRUNE,all_to_shortest,greedy,5898,53,53,0.2030425071716308,0.1068226517463546,True,5632.0,33,-1,5267.96
Uniform1-5000_Seed67_J50_M25,"[0.004677, 1.000000]",25,50,0.1,max_proc,lowest_lower_bound,NO_PROFILING,all_to_shortest,greedy,5300,23,23,0.0641055107116699,0.0720754716981132,True,4918.0,21,-1,4918.0
Uniform1-5000_Seed67_J50_M25,"[0.004677, 1.000000]",25,50,0.05,max_proc,lowest_lower_bound,PRUNE,all_to_shortest,greedy,5421,26,26,0.0963590145111084,0.0927873086146467,True,4918.0,24,-1,4918.0
Uniform1-5000_Seed68_J50_M25,"[0.028118, 1.000000]",25,50,0.1,max_proc,lowest_lower_bound,NO_PROFILING,all_to_shortest,greedy,5430,23,23,0.0774612426757812,0.0830570902394106,True,4979.0,21,-1,4979.0
Uniform1-5000_Seed68_J50_M25,"[0.028118, 1.000000]",25,50,0.05,max_proc,lowest_lower_bound,PRUNE,all_to_shortest,greedy,5467,25,25,0.0755908489227294,0.0892628498262301,True,4979.0,23,-1,4979.0
Uniform1-5000_Seed69_J50_M25,"[0.024578, 0.946237]",25,50,0.1,max_proc,lowest_lower_bound,NO_PROFILING,all_to_shortest,greedy,6023,284,2001,12.46535873413086,0.1353146272621617,False,5208.0,32,-1,5208.0
Uniform1-5000_Seed69_J50_M25,"[0.024578, 0.946237]",25,50,0.05,max_proc,lowest_lower_bound,PRUNE,all_to_shortest,greedy,5921,186,561,2.1642520427703857,0.1204188481675392,True,5371.0,36,-1,5208.0
Uniform1-5000_Seed70_J50_M25,"[0.005888, 0.841022]",25,50,0.1,max_proc,lowest_lower_bound,NO_PROFILING,all_to_shortest,greedy,6797,1643,2001,9.523561239242554,0.1255024275415624,False,5943.96,25,-1,5943.96
Uniform1-5000_Seed70_J50_M25,"[0.005888, 0.841022]",25,50,0.05,max_proc,lowest_lower_bound,PRUNE,all_to_shortest,greedy,7294,26,30,0.099738597869873,0.1850891143405538,True,6707.0,26,-1,5943.96
Uniform1-5000_Seed71_J50_M25,"[0.024954, 0.948623]",25,50,0.1,max_proc,lowest_lower_bound,NO_PROFILING,all_to_shortest,greedy,6371,1709,2001,9.51796531677246,0.1885732224140636,False,5169.6,25,-1,5169.6
Uniform1-5000_Seed71_J50_M25,"[0.024954, 0.948623]",25,50,0.05,max_proc,lowest_lower_bound,PRUNE,all_to_shortest,greedy,5978,31,31,0.0895841121673584,0.1352291736366677,True,5533.0,29,-1,5169.6
Uniform1-5000_Seed72_J50_M25,"[0.044358, 0.911900]",25,50,0.1,max_proc,lowest_lower_bound,NO_PROFILING,all_to_shortest,greedy,6684,549,2001,14.282999753952026,0.1837761819269897,False,5455.64,25,-1,5455.64
Uniform1-5000_Seed72_J50_M25,"[0.044358, 0.911900]",25,50,0.05,max_proc,lowest_lower_bound,PRUNE,all_to_shortest,greedy,6163,38,38,0.1465916633605957,0.1147752717832224,True,6163.0,31,-1,5455.64
Uniform1-5000_Seed73_J50_M25,"[0.032696, 1.000000]",25,50,0.1,max_proc,lowest_lower_bound,NO_PROFILING,all_to_shortest,greedy,5478,651,2001,8.877816200256348,0.1792625045637093,False,4496.0,25,-1,4496.0
Uniform1-5000_Seed73_J50_M25,"[0.032696, 1.000000]",25,50,0.05,max_proc,lowest_lower_bound,PRUNE,all_to_shortest,greedy,5330,28,28,0.0835628509521484,0.1564727954971857,True,4856.0,26,-1,4496.0
Uniform1-5000_Seed74_J50_M25,"[0.019702, 0.910501]",25,50,0.1,max_proc,lowest_lower_bound,NO_PROFILING,all_to_shortest,greedy,6317,265,2001,10.156494855880736,0.1322463194554376,False,5481.6,27,-1,5481.6
Uniform1-5000_Seed74_J50_M25,"[0.019702, 0.910501]",25,50,0.05,max_proc,lowest_lower_bound,PRUNE,all_to_shortest,greedy,6326,448,2001,6.609588623046875,0.1334808725893138,False,5674.0,35,-1,5481.6
Uniform1-5000_Seed75_J50_M25,"[0.026328, 0.970552]",25,50,0.1,max_proc,lowest_lower_bound,NO_PROFILING,all_to_shortest,greedy,6052,237,2001,11.735509395599363,0.1715730337078651,False,5013.64,30,-1,5013.64
Uniform1-5000_Seed75_J50_M25,"[0.026328, 0.970552]",25,50,0.05,max_proc,lowest_lower_bound,PRUNE,all_to_shortest,greedy,5476,134,134,0.4101178646087646,0.0844338933528122,True,5160.0,35,-1,5013.64
Uniform1-5000_Seed76_J50_M25,"[0.005616, 0.948987]",25,50,0.1,max_proc,lowest_lower_bound,NO_PROFILING,all_to_shortest,greedy,6234,933,2001,14.8095543384552,0.1717356432467116,False,5163.4,25,-1,5163.4
Uniform1-5000_Seed76_J50_M25,"[0.005616, 0.948987]",25,50,0.05,max_proc,lowest_lower_bound,PRUNE,all_to_shortest,greedy,5815,86,86,0.3818602561950683,0.112055030094583,True,5537.0,34,-1,5163.4
Uniform1-5000_Seed77_J50_M25,"[0.033782, 1.000000]",25,50,0.1,max_proc,lowest_lower_bound,NO_PROFILING,all_to_shortest,greedy,5441,28,28,0.0954713821411132,0.0860136004410953,True,4973.0,26,-1,4973.0
Uniform1-5000_Seed77_J50_M25,"[0.033782, 1.000000]",25,50,0.05,max_proc,lowest_lower_bound,PRUNE,all_to_shortest,greedy,5441,32,32,0.0953197479248046,0.0860136004410953,True,4973.0,30,-1,4973.0
Uniform1-5000_Seed78_J50_M25,"[0.020444, 0.954446]",25,50,0.1,max_proc,lowest_lower_bound,NO_PROFILING,all_to_shortest,greedy,5998,255,2001,18.23834180831909,0.1681760586862287,False,4989.28,28,-1,4989.28
Uniform1-5000_Seed78_J50_M25,"[0.020444, 0.954446]",25,50,0.05,max_proc,lowest_lower_bound,PRUNE,all_to_shortest,greedy,5789,92,92,0.3954429626464844,0.1381447572983244,True,5286.0,33,-1,4989.28
Uniform1-5000_Seed79_J50_M25,"[0.031537, 0.997040]",25,50,0.1,max_proc,lowest_lower_bound,NO_PROFILING,all_to_shortest,greedy,6095,1763,2001,13.614124536514282,0.1884101722723543,False,4946.64,25,-1,4946.64
Uniform1-5000_Seed79_J50_M25,"[0.031537, 0.997040]",25,50,0.05,max_proc,lowest_lower_bound,PRUNE,all_to_shortest,greedy,5680,46,46,0.1900916099548339,0.1291126760563379,True,5268.0,32,-1,4946.64
Uniform1-5000_Seed80_J50_M25,"[0.004303, 1.000000]",25,50,0.1,max_proc,lowest_lower_bound,NO_PROFILING,all_to_shortest,greedy,5171,20,20,0.079538345336914,0.0562753819377296,True,4880.0,18,-1,4880.0
Uniform1-5000_Seed80_J50_M25,"[0.004303, 1.000000]",25,50,0.05,max_proc,lowest_lower_bound,PRUNE,all_to_shortest,greedy,5180,23,23,0.0808429718017578,0.0579150579150579,True,4880.0,21,-1,4880.0
Uniform1-5000_Seed61_J100_M50,"[0.008023, 0.970355]",50,100,0.1,max_proc,lowest_lower_bound,NO_PROFILING,all_to_shortest,greedy,6508,306,2001,64.2490382194519,0.2147357098955132,False,5110.5,50,-1,5110.5
Uniform1-5000_Seed61_J100_M50,"[0.008023, 0.970355]",50,100,0.05,max_proc,lowest_lower_bound,PRUNE,all_to_shortest,greedy,5927,1184,2001,35.73797249794006,0.1377594061076429,False,5362.0,70,-1,5110.5
Uniform1-5000_Seed62_J100_M50,"[0.001781, 0.966531]",50,100,0.1,max_proc,lowest_lower_bound,NO_PROFILING,all_to_shortest,greedy,6434,42,2001,60.296427726745605,0.2144606776499844,False,5054.16,50,-1,5054.16
Uniform1-5000_Seed62_J100_M50,"[0.001781, 0.966531]",50,100,0.05,max_proc,lowest_lower_bound,PRUNE,all_to_shortest,greedy,6238,56,56,1.24931001663208,0.1897787752484771,True,5662.0,54,-1,5054.16
Uniform1-5000_Seed63_J100_M50,"[0.003643, 0.951112]",50,100,0.1,max_proc,lowest_lower_bound,NO_PROFILING,all_to_shortest,greedy,6348,1063,2001,61.41576671600342,0.1783238815374921,False,5216.0,50,-1,5216.0
Uniform1-5000_Seed63_J100_M50,"[0.003643, 0.951112]",50,100,0.05,max_proc,lowest_lower_bound,PRUNE,all_to_shortest,greedy,6294,85,2001,43.39473366737366,0.171274229424849,False,5530.0,62,-1,5216.0
Uniform1-5000_Seed64_J100_M50,"[0.004784, 1.000000]",50,100,0.1,max_proc,lowest_lower_bound,NO_PROFILING,all_to_shortest,greedy,5732,1895,2001,47.60421419143677,0.1612002791346825,False,4808.0,50,-1,4808.0
Uniform1-5000_Seed64_J100_M50,"[0.004784, 1.000000]",50,100,0.05,max_proc,lowest_lower_bound,PRUNE,all_to_shortest,greedy,5413,62,62,1.257129430770874,0.1117679660077591,True,4913.0,58,-1,4808.0
Uniform1-5000_Seed65_J100_M50,"[0.013023, 1.000000]",50,100,0.1,max_proc,lowest_lower_bound,NO_PROFILING,all_to_shortest,greedy,5465,67,67,1.1792171001434326,0.0867337602927721,True,4991.0,65,-1,4991.0
Uniform1-5000_Seed65_J100_M50,"[0.013023, 1.000000]",50,100,0.05,max_proc,lowest_lower_bound,PRUNE,all_to_shortest,greedy,5498,96,96,1.9005436897277832,0.0922153510367406,True,4991.0,72,-1,4991.0
Uniform1-5000_Seed66_J100_M50,"[0.008422, 0.968522]",50,100,0.1,max_proc,lowest_lower_bound,NO_PROFILING,all_to_shortest,greedy,6285,868,2001,57.36851644515991,0.1876340493237867,False,5105.72,50,-1,5105.72
Uniform1-5000_Seed66_J100_M50,"[0.008422, 0.968522]",50,100,0.05,max_proc,lowest_lower_bound,PRUNE,all_to_shortest,greedy,5991,80,80,1.8967998027801516,0.1477683191453847,True,5444.0,64,-1,5105.72
Uniform1-5000_Seed67_J100_M50,"[0.001830, 1.000000]",50,100,0.1,max_proc,lowest_lower_bound,NO_PROFILING,all_to_shortest,greedy,5409,76,76,1.5023679733276367,0.0907746348678129,True,4918.0,74,-1,4918.0
Uniform1-5000_Seed67_J100_M50,"[0.001830, 1.000000]",50,100,0.05,max_proc,lowest_lower_bound,PRUNE,all_to_shortest,greedy,5411,78,78,1.4708926677703855,0.09111070042506,True,4925.0,76,-1,4918.0
Uniform1-5000_Seed68_J100_M50,"[0.018826, 1.000000]",50,100,0.1,max_proc,lowest_lower_bound,NO_PROFILING,all_to_shortest,greedy,5480,78,78,1.3793325424194336,0.0888686131386861,True,4993.0,76,-1,4993.0
Uniform1-5000_Seed68_J100_M50,"[0.018826, 1.000000]",50,100,0.05,max_proc,lowest_lower_bound,PRUNE,all_to_shortest,greedy,5697,1816,2001,48.37219977378845,0.1235738107776022,False,4998.0,63,-1,4993.0
Uniform1-5000_Seed69_J100_M50,"[0.003789, 0.941673]",50,100,0.1,max_proc,lowest_lower_bound,NO_PROFILING,all_to_shortest,greedy,6280,376,2001,53.25234603881836,0.1595796178343949,False,5277.84,50,-1,5277.84
Uniform1-5000_Seed69_J100_M50,"[0.003789, 0.941673]",50,100,0.05,max_proc,lowest_lower_bound,PRUNE,all_to_shortest,greedy,6010,704,704,15.309197902679443,0.1218236272878535,True,5458.0,71,-1,5277.84
Uniform1-5000_Seed70_J100_M50,"[0.006452, 0.921512]",50,100,0.1,max_proc,lowest_lower_bound,NO_PROFILING,all_to_shortest,greedy,6668,1501,2001,57.06354522705078,0.1864457108578284,False,5424.78,50,-1,5424.78
Uniform1-5000_Seed70_J100_M50,"[0.006452, 0.921512]",50,100,0.05,max_proc,lowest_lower_bound,PRUNE,all_to_shortest,greedy,6096,139,139,2.711402654647827,0.1101082677165354,True,5547.0,64,-1,5424.78
Uniform1-5000_Seed71_J100_M50,"[0.016621, 0.968349]",50,100,0.1,max_proc,lowest_lower_bound,NO_PROFILING,all_to_shortest,greedy,6493,488,2001,57.73291277885437,0.2124041275219467,False,5113.86,50,-1,5113.86
Uniform1-5000_Seed71_J100_M50,"[0.016621, 0.968349]",50,100,0.05,max_proc,lowest_lower_bound,PRUNE,all_to_shortest,greedy,5743,103,103,2.303085803985596,0.109549016193627,True,5376.0,66,-1,5113.86
Uniform1-5000_Seed72_J100_M50,"[0.012602, 0.949910]",50,100,0.1,max_proc,lowest_lower_bound,NO_PROFILING,all_to_shortest,greedy,6491,555,2001,55.0183732509613,0.1931381913418579,False,5237.34,50,-1,5237.34
Uniform1-5000_Seed72_J100_M50,"[0.012602, 0.949910]",50,100,0.05,max_proc,lowest_lower_bound,PRUNE,all_to_shortest,greedy,6476,48,52,1.0404200553894043,0.1912693020382952,True,5876.0,50,-1,5237.34
Uniform1-5000_Seed73_J100_M50,"[0.007238, 1.000000]",50,100,0.1,max_proc,lowest_lower_bound,NO_PROFILING,all_to_shortest,greedy,5697,135,2001,46.86871647834778,0.1269088994207477,False,4974.0,54,-1,4974.0
Uniform1-5000_Seed73_J100_M50,"[0.007238, 1.000000]",50,100,0.05,max_proc,lowest_lower_bound,PRUNE,all_to_shortest,greedy,5535,69,69,1.447581768035889,0.1013550135501355,True,5025.0,56,-1,4974.0
Uniform1-5000_Seed74_J100_M50,"[0.020545, 0.949466]",50,100,0.1,max_proc,lowest_lower_bound,NO_PROFILING,all_to_shortest,greedy,6712,1186,2001,59.82371234893799,0.216829558998808,False,5256.64,51,-1,5256.64
Uniform1-5000_Seed74_J100_M50,"[0.020545, 0.949466]",50,100,0.05,max_proc,lowest_lower_bound,PRUNE,all_to_shortest,greedy,6097,340,773,14.510810375213625,0.1378317205182876,True,5545.0,66,-1,5256.64
Uniform1-5000_Seed75_J100_M50,"[0.003611, 0.988095]",50,100,0.1,max_proc,lowest_lower_bound,NO_PROFILING,all_to_shortest,greedy,6164,175,2001,55.723227739334106,0.1913789746917585,False,4984.34,50,-1,4984.34
Uniform1-5000_Seed75_J100_M50,"[0.003611, 0.988095]",50,100,0.05,max_proc,lowest_lower_bound,PRUNE,all_to_shortest,greedy,5542,175,175,4.057933807373047,0.1006243233489714,True,5068.0,72,-1,4984.34
Uniform1-5000_Seed76_J100_M50,"[0.005590, 0.959159]",50,100,0.1,max_proc,lowest_lower_bound,NO_PROFILING,all_to_shortest,greedy,6288,750,2001,54.89981985092163,0.1749554707379134,False,5187.88,50,-1,5187.88
Uniform1-5000_Seed76_J100_M50,"[0.005590, 0.959159]",50,100,0.05,max_proc,lowest_lower_bound,PRUNE,all_to_shortest,greedy,6033,71,71,1.416583776473999,0.1400828775070445,True,5545.0,67,-1,5187.88
Uniform1-5000_Seed77_J100_M50,"[0.025618, 0.987588]",50,100,0.1,max_proc,lowest_lower_bound,NO_PROFILING,all_to_shortest,greedy,5888,1829,2001,51.550373554229736,0.1447860054347826,False,5035.5,64,-1,5035.5
Uniform1-5000_Seed77_J100_M50,"[0.025618, 0.987588]",50,100,0.05,max_proc,lowest_lower_bound,PRUNE,all_to_shortest,greedy,5807,763,2001,44.16218161582947,0.1328568968486309,False,5169.0,66,-1,5035.5
Uniform1-5000_Seed78_J100_M50,"[0.004547, 0.920631]",50,100,0.1,max_proc,lowest_lower_bound,NO_PROFILING,all_to_shortest,greedy,6647,398,2001,59.15458631515503,0.2059726192267188,False,5277.9,50,-1,5277.9
Uniform1-5000_Seed78_J100_M50,"[0.004547, 0.920631]",50,100,0.05,max_proc,lowest_lower_bound,PRUNE,all_to_shortest,greedy,6140,70,70,1.4433925151824951,0.1404071661237785,True,5621.0,68,-1,5277.9
Uniform1-5000_Seed79_J100_M50,"[0.001168, 0.972143]",50,100,0.1,max_proc,lowest_lower_bound,NO_PROFILING,all_to_shortest,greedy,6575,917,2001,64.85203957557678,0.2183787072243346,False,5139.16,50,-1,5139.16
Uniform1-5000_Seed79_J100_M50,"[0.001168, 0.972143]",50,100,0.05,max_proc,lowest_lower_bound,PRUNE,all_to_shortest,greedy,5899,280,280,6.323983430862427,0.1288082725885743,True,5523.0,63,-1,5139.16
Uniform1-5000_Seed80_J100_M50,"[0.004269, 0.992047]",50,100,0.1,max_proc,lowest_lower_bound,NO_PROFILING,all_to_shortest,greedy,6201,1774,2001,58.93143939971924,0.2067214965328173,False,4919.12,50,-1,4919.12
Uniform1-5000_Seed80_J100_M50,"[0.004269, 0.992047]",50,100,0.05,max_proc,lowest_lower_bound,PRUNE,all_to_shortest,greedy,5805,123,123,2.8775646686553955,0.1526063738156761,True,5280.0,66,-1,4919.12
Uniform1-5000_Seed61_J150_M75,"[0.008268, 1.000000]",75,150,0.1,max_proc,lowest_lower_bound,NO_PROFILING,all_to_shortest,greedy,6053,1465,2001,134.7192509174347,0.1807368247150173,False,4959.0,75,-1,4959.0
Uniform1-5000_Seed61_J150_M75,"[0.008268, 1.000000]",75,150,0.05,max_proc,lowest_lower_bound,PRUNE,all_to_shortest,greedy,5411,172,172,10.215948820114136,0.0835335427832193,True,5111.0,108,-1,4959.0
Uniform1-5000_Seed62_J150_M75,"[0.001842, 1.000000]",75,150,0.1,max_proc,lowest_lower_bound,NO_PROFILING,all_to_shortest,greedy,6266,1976,2001,154.61663913726807,0.2203957867858282,False,4885.0,75,-1,4885.0
Uniform1-5000_Seed62_J150_M75,"[0.001842, 1.000000]",75,150,0.05,max_proc,lowest_lower_bound,PRUNE,all_to_shortest,greedy,5714,116,116,7.462034225463867,0.1450822541127056,True,5259.0,100,-1,4885.0
Uniform1-5000_Seed63_J150_M75,"[0.003635, 0.949040]",75,150,0.1,max_proc,lowest_lower_bound,NO_PROFILING,all_to_shortest,greedy,6546,178,2001,155.4624309539795,0.2014380283124555,False,5227.386666666666,75,-1,5227.386666666666
Uniform1-5000_Seed63_J150_M75,"[0.003635, 0.949040]",75,150,0.05,max_proc,lowest_lower_bound,PRUNE,all_to_shortest,greedy,6612,1357,2001,131.05829739570618,0.209409155071587,False,5428.0,91,-1,5227.386666666666
Uniform1-5000_Seed64_J150_M75,"[0.004731, 1.000000]",75,150,0.1,max_proc,lowest_lower_bound,NO_PROFILING,all_to_shortest,greedy,6104,1333,2001,131.2763159275055,0.2034731323722149,False,4862.0,75,-1,4862.0
Uniform1-5000_Seed64_J150_M75,"[0.004731, 1.000000]",75,150,0.05,max_proc,lowest_lower_bound,PRUNE,all_to_shortest,greedy,5474,181,181,10.608558893203735,0.1118012422360248,True,4972.0,111,-1,4862.0
Uniform1-5000_Seed65_J150_M75,"[0.012493, 0.959254]",75,150,0.1,max_proc,lowest_lower_bound,NO_PROFILING,all_to_shortest,greedy,6301,1366,2001,149.0831389427185,0.1742580542770988,False,5203.0,93,-1,5203.0
Uniform1-5000_Seed65_J150_M75,"[0.012493, 0.959254]",75,150,0.05,max_proc,lowest_lower_bound,PRUNE,all_to_shortest,greedy,6335,610,2001,120.215313911438,0.1786898184688239,False,5289.0,93,-1,5203.0
Uniform1-5000_Seed66_J150_M75,"[0.008566, 0.985146]",75,150,0.1,max_proc,lowest_lower_bound,NO_PROFILING,all_to_shortest,greedy,6303,1387,2001,145.36894941329956,0.2036236712676502,False,5019.56,75,-1,5019.56
Uniform1-5000_Seed66_J150_M75,"[0.008566, 0.985146]",75,150,0.05,max_proc,lowest_lower_bound,PRUNE,all_to_shortest,greedy,5765,143,143,9.256876707077026,0.129304423243712,True,5293.0,104,-1,5019.56
Uniform1-5000_Seed67_J150_M75,"[0.001830, 1.000000]",75,150,0.1,max_proc,lowest_lower_bound,NO_PROFILING,all_to_shortest,greedy,5382,88,88,5.014933109283447,0.0862133036046079,True,4918.0,86,-1,4918.0
Uniform1-5000_Seed67_J150_M75,"[0.001830, 1.000000]",75,150,0.05,max_proc,lowest_lower_bound,PRUNE,all_to_shortest,greedy,5321,101,101,4.735419988632202,0.0757376433001315,True,4918.0,99,-1,4918.0
Uniform1-5000_Seed68_J150_M75,"[0.006609, 1.000000]",75,150,0.1,max_proc,lowest_lower_bound,NO_PROFILING,all_to_shortest,greedy,5515,119,2001,114.31989741325378,0.0946509519492293,False,4993.0,116,-1,4993.0
Uniform1-5000_Seed68_J150_M75,"[0.006609, 1.000000]",75,150,0.05,max_proc,lowest_lower_bound,PRUNE,all_to_shortest,greedy,5679,680,2001,134.91086292266846,0.1207959147737277,False,4993.0,106,-1,4993.0
Uniform1-5000_Seed69_J150_M75,"[0.003673, 0.918184]",75,150,0.1,max_proc,lowest_lower_bound,NO_PROFILING,all_to_shortest,greedy,7095,1047,2001,149.12126898765564,0.2324829692271552,False,5445.533333333334,75,-1,5445.533333333334
Uniform1-5000_Seed69_J150_M75,"[0.003673, 0.918184]",75,150,0.05,max_proc,lowest_lower_bound,PRUNE,all_to_shortest,greedy,6451,91,91,5.861187696456909,0.1558621402366557,True,5862.0,85,-1,5445.533333333334
Uniform1-5000_Seed70_J150_M75,"[0.006494, 0.927483]",75,150,0.1,max_proc,lowest_lower_bound,NO_PROFILING,all_to_shortest,greedy,6802,1767,2001,144.6749622821808,0.2076075664020386,False,5389.8533333333335,75,-1,5389.8533333333335
Uniform1-5000_Seed70_J150_M75,"[0.006494, 0.927483]",75,150,0.05,max_proc,lowest_lower_bound,PRUNE,all_to_shortest,greedy,6023,914,914,57.9706015586853,0.1051214787758038,True,5534.0,111,-1,5389.8533333333335
Uniform1-5000_Seed71_J150_M75,"[0.011392, 0.961786]",75,150,0.1,max_proc,lowest_lower_bound,NO_PROFILING,all_to_shortest,greedy,6673,1443,2001,145.32578921318054,0.2239012937709176,False,5178.906666666667,75,-1,5178.906666666667
Uniform1-5000_Seed71_J150_M75,"[0.011392, 0.961786]",75,150,0.05,max_proc,lowest_lower_bound,PRUNE,all_to_shortest,greedy,6055,302,302,20.58365535736084,0.1446892375447288,True,5561.0,96,-1,5178.906666666667
Uniform1-5000_Seed72_J150_M75,"[0.006918, 0.983277]",75,150,0.1,max_proc,lowest_lower_bound,NO_PROFILING,all_to_shortest,greedy,6412,220,2001,138.99703860282898,0.2109149511332917,False,5059.613333333334,75,-1,5059.613333333334
Uniform1-5000_Seed72_J150_M75,"[0.006918, 0.983277]",75,150,0.05,max_proc,lowest_lower_bound,PRUNE,all_to_shortest,greedy,5906,127,127,8.478254556655884,0.1433096286262557,True,5437.0,95,-1,5059.613333333334
Uniform1-5000_Seed73_J150_M75,"[0.007238, 1.000000]",75,150,0.1,max_proc,lowest_lower_bound,NO_PROFILING,all_to_shortest,greedy,5779,560,2001,124.78073000907898,0.1392974563073196,False,4974.0,81,-1,4974.0
Uniform1-5000_Seed73_J150_M75,"[0.007238, 1.000000]",75,150,0.05,max_proc,lowest_lower_bound,PRUNE,all_to_shortest,greedy,5532,120,120,7.708739757537842,0.1008676789587852,True,5035.0,84,-1,4974.0
Uniform1-5000_Seed74_J150_M75,"[0.021582, 0.997357]",75,150,0.1,max_proc,lowest_lower_bound,NO_PROFILING,all_to_shortest,greedy,6387,1303,2001,152.4102590084076,0.2164980950889828,False,5004.2266666666665,75,-1,5004.2266666666665
Uniform1-5000_Seed74_J150_M75,"[0.021582, 0.997357]",75,150,0.05,max_proc,lowest_lower_bound,PRUNE,all_to_shortest,greedy,5659,477,477,31.11905789375305,0.1157047770513047,True,5147.0,106,-1,5004.2266666666665
Uniform1-5000_Seed75_J150_M75,"[0.003314, 0.917820]",75,150,0.1,max_proc,lowest_lower_bound,NO_PROFILING,all_to_shortest,greedy,6855,1571,2001,140.1527123451233,0.2076810114271821,False,5431.346666666666,75,-1,5431.346666666666
Uniform1-5000_Seed75_J150_M75,"[0.003314, 0.917820]",75,150,0.05,max_proc,lowest_lower_bound,PRUNE,all_to_shortest,greedy,6334,170,170,11.256998538970947,0.1425092095568888,True,5750.0,103,-1,5431.346666666666
Uniform1-5000_Seed76_J150_M75,"[0.005535, 0.951619]",75,150,0.1,max_proc,lowest_lower_bound,NO_PROFILING,all_to_shortest,greedy,6686,669,2001,150.81941604614258,0.2163485890916343,False,5239.493333333333,77,-1,5239.493333333333
Uniform1-5000_Seed76_J150_M75,"[0.005535, 0.951619]",75,150,0.05,max_proc,lowest_lower_bound,PRUNE,all_to_shortest,greedy,5925,571,571,38.10393595695496,0.1156973277074543,True,5380.0,110,-1,5239.493333333333
Uniform1-5000_Seed77_J150_M75,"[0.004343, 0.938933]",75,150,0.1,max_proc,lowest_lower_bound,NO_PROFILING,all_to_shortest,greedy,6782,1015,2001,145.0010187625885,0.2190445296372752,False,5296.44,75,-1,5296.44
Uniform1-5000_Seed77_J150_M75,"[0.004343, 0.938933]",75,150,0.05,max_proc,lowest_lower_bound,PRUNE,all_to_shortest,greedy,6489,834,2001,141.76532340049744,0.1837817845584836,False,5624.0,93,-1,5296.44
Uniform1-5000_Seed78_J150_M75,"[0.004327, 0.876083]",75,150,0.1,max_proc,lowest_lower_bound,NO_PROFILING,all_to_shortest,greedy,6955,1463,2001,141.08015155792236,0.2025478073328541,False,5546.28,75,-1,5546.28
Uniform1-5000_Seed78_J150_M75,"[0.004327, 0.876083]",75,150,0.05,max_proc,lowest_lower_bound,PRUNE,all_to_shortest,greedy,6473,123,123,7.481963634490967,0.1431670013903909,True,5924.0,94,-1,5546.28
Uniform1-5000_Seed79_J150_M75,"[0.001201, 1.000000]",75,150,0.1,max_proc,lowest_lower_bound,NO_PROFILING,all_to_shortest,greedy,5866,1595,2001,119.47833633422852,0.1483123082168428,False,4996.0,75,-1,4996.0
Uniform1-5000_Seed79_J150_M75,"[0.001201, 1.000000]",75,150,0.05,max_proc,lowest_lower_bound,PRUNE,all_to_shortest,greedy,5631,93,93,5.5009682178497314,0.1127686023796838,True,5113.0,87,-1,4996.0
Uniform1-5000_Seed80_J150_M75,"[0.004303, 1.000000]",75,150,0.1,max_proc,lowest_lower_bound,NO_PROFILING,all_to_shortest,greedy,5791,1388,2001,124.60479140281676,0.1573130720082887,False,4880.0,83,-1,4880.0
Uniform1-5000_Seed80_J150_M75,"[0.004303, 1.000000]",75,150,0.05,max_proc,lowest_lower_bound,PRUNE,all_to_shortest,greedy,5810,603,2001,133.38489270210266,0.1600688468158347,False,5017.0,90,-1,4880.0
Uniform1-5000_Seed61_J200_M100,"[0.008137, 0.984220]",100,200,0.1,max_proc,lowest_lower_bound,NO_PROFILING,all_to_shortest,greedy,6386,134,2001,284.9539165496826,0.2110068900720325,False,5038.51,100,-1,5038.51
Uniform1-5000_Seed61_J200_M100,"[0.008137, 0.984220]",100,200,0.05,max_proc,lowest_lower_bound,PRUNE,all_to_shortest,greedy,6056,145,2001,320.543066740036,0.1680135402906208,False,5204.0,125,-1,5038.51
Uniform1-5000_Seed62_J200_M100,"[0.001842, 1.000000]",100,200,0.1,max_proc,lowest_lower_bound,NO_PROFILING,all_to_shortest,greedy,6387,1478,2001,284.8571903705597,0.235165179270393,False,4885.0,100,-1,4885.0
Uniform1-5000_Seed62_J200_M100,"[0.001842, 1.000000]",100,200,0.05,max_proc,lowest_lower_bound,PRUNE,all_to_shortest,greedy,5729,147,147,19.773273944854736,0.1473206493279804,True,5243.0,132,-1,4885.0
Uniform1-5000_Seed63_J200_M100,"[0.003677, 0.960159]",100,200,0.1,max_proc,lowest_lower_bound,NO_PROFILING,all_to_shortest,greedy,6640,576,2001,309.3218150138855,0.2218599397590361,False,5166.85,101,-1,5166.85
Uniform1-5000_Seed63_J200_M100,"[0.003677, 0.960159]",100,200,0.05,max_proc,lowest_lower_bound,PRUNE,all_to_shortest,greedy,6403,399,2001,306.4578890800476,0.1930579415898796,False,5375.0,119,-1,5166.85
Uniform1-5000_Seed64_J200_M100,"[0.001808, 1.000000]",100,200,0.1,max_proc,lowest_lower_bound,NO_PROFILING,all_to_shortest,greedy,5405,136,136,16.87556290626526,0.0788159111933395,True,4979.0,134,-1,4979.0
Uniform1-5000_Seed64_J200_M100,"[0.001808, 1.000000]",100,200,0.05,max_proc,lowest_lower_bound,PRUNE,all_to_shortest,greedy,5489,140,140,17.782095670700073,0.0929130989251229,True,4979.0,138,-1,4979.0
Uniform1-5000_Seed65_J200_M100,"[0.010004, 0.979046]",100,200,0.1,max_proc,lowest_lower_bound,NO_PROFILING,all_to_shortest,greedy,6030,606,2001,279.1137044429779,0.1545903814262023,False,5097.82,128,-1,5097.82
Uniform1-5000_Seed65_J200_M100,"[0.010004, 0.979046]",100,200,0.05,max_proc,lowest_lower_bound,PRUNE,all_to_shortest,greedy,6259,250,2001,301.9997718334198,0.185521648825691,False,5097.82,118,-1,5097.82
Uniform1-5000_Seed66_J200_M100,"[0.008579, 0.986542]",100,200,0.1,max_proc,lowest_lower_bound,NO_PROFILING,all_to_shortest,greedy,6367,101,2001,302.85790824890137,0.2127438354012878,False,5012.46,100,-1,5012.46
Uniform1-5000_Seed66_J200_M100,"[0.008579, 0.986542]",100,200,0.05,max_proc,lowest_lower_bound,PRUNE,all_to_shortest,greedy,5669,170,170,23.59701657295227,0.1158123125771741,True,5160.0,152,-1,5012.46
Uniform1-5000_Seed67_J200_M100,"[0.001804, 1.000000]",100,200,0.1,max_proc,lowest_lower_bound,NO_PROFILING,all_to_shortest,greedy,5484,98,98,11.695415019989014,0.0904449307075127,True,4988.0,96,-1,4988.0
Uniform1-5000_Seed67_J200_M100,"[0.001804, 1.000000]",100,200,0.05,max_proc,lowest_lower_bound,PRUNE,all_to_shortest,greedy,5491,100,100,12.117273807525637,0.0916044436350391,True,4988.0,98,-1,4988.0
Uniform1-5000_Seed68_J200_M100,"[0.003755, 0.986661]",100,200,0.1,max_proc,lowest_lower_bound,NO_PROFILING,all_to_shortest,greedy,6311,1577,2001,273.5271723270416,0.1981460941213753,False,5060.5,100,-1,5060.5
Uniform1-5000_Seed68_J200_M100,"[0.003755, 0.986661]",100,200,0.05,max_proc,lowest_lower_bound,PRUNE,all_to_shortest,greedy,5949,1365,2001,269.8339943885803,0.1493528324088082,False,5195.0,139,-1,5060.5
Uniform1-5000_Seed69_J200_M100,"[0.003589, 0.897230]",100,200,0.1,max_proc,lowest_lower_bound,NO_PROFILING,all_to_shortest,greedy,7260,783,2001,281.38745164871216,0.2324090909090909,False,5572.71,100,-1,5572.71
Uniform1-5000_Seed69_J200_M100,"[0.003589, 0.897230]",100,200,0.05,max_proc,lowest_lower_bound,PRUNE,all_to_shortest,greedy,6759,119,119,15.92199206352234,0.1755126498002663,True,6137.0,114,-1,5572.71
Uniform1-5000_Seed70_J200_M100,"[0.003767, 0.896683]",100,200,0.1,max_proc,lowest_lower_bound,NO_PROFILING,all_to_shortest,greedy,7112,182,2001,269.5036132335663,0.2161150168728909,False,5574.99,100,-1,5574.99
Uniform1-5000_Seed70_J200_M100,"[0.003767, 0.896683]",100,200,0.05,max_proc,lowest_lower_bound,PRUNE,all_to_shortest,greedy,6413,138,138,19.933574676513672,0.1306736316856385,True,5927.0,136,-1,5574.99
Uniform1-5000_Seed71_J200_M100,"[0.003910, 0.977387]",100,200,0.1,max_proc,lowest_lower_bound,NO_PROFILING,all_to_shortest,greedy,6673,1132,2001,290.34025597572327,0.2333762925221039,False,5115.68,100,-1,5115.68
Uniform1-5000_Seed71_J200_M100,"[0.003910, 0.977387]",100,200,0.05,max_proc,lowest_lower_bound,PRUNE,all_to_shortest,greedy,6007,1337,2001,289.639345407486,0.1483802230730813,False,5434.0,132,-1,5115.68
Uniform1-5000_Seed72_J200_M100,"[0.000804, 1.000000]",100,200,0.1,max_proc,lowest_lower_bound,NO_PROFILING,all_to_shortest,greedy,6163,100,2001,263.0000801086426,0.1927632646438422,False,4975.0,100,-1,4975.0
Uniform1-5000_Seed72_J200_M100,"[0.000804, 1.000000]",100,200,0.05,max_proc,lowest_lower_bound,PRUNE,all_to_shortest,greedy,6024,1690,2001,307.2903866767884,0.174136786188579,False,5279.0,119,-1,4975.0
Uniform1-5000_Seed73_J200_M100,"[0.007235, 1.000000]",100,200,0.1,max_proc,lowest_lower_bound,NO_PROFILING,all_to_shortest,greedy,5409,128,128,16.675564765930176,0.080051765575892,True,4976.0,126,-1,4976.0
Uniform1-5000_Seed73_J200_M100,"[0.007235, 1.000000]",100,200,0.05,max_proc,lowest_lower_bound,PRUNE,all_to_shortest,greedy,5445,140,140,18.56003880500793,0.0861340679522497,True,4976.0,134,-1,4976.0
Uniform1-5000_Seed74_J200_M100,"[0.021639, 1.000000]",100,200,0.1,max_proc,lowest_lower_bound,NO_PROFILING,all_to_shortest,greedy,5403,128,128,16.817579984664917,0.076253933000185,True,4991.0,126,-1,4991.0
Uniform1-5000_Seed74_J200_M100,"[0.021639, 1.000000]",100,200,0.05,max_proc,lowest_lower_bound,PRUNE,all_to_shortest,greedy,5484,153,153,20.88590908050537,0.0898978847556528,True,4991.0,151,-1,4991.0
Uniform1-5000_Seed75_J200_M100,"[0.003431, 0.950166]",100,200,0.1,max_proc,lowest_lower_bound,NO_PROFILING,all_to_shortest,greedy,6741,1772,2001,305.3995509147644,0.2217104287197745,False,5246.45,100,-1,5246.45
Uniform1-5000_Seed75_J200_M100,"[0.003431, 0.950166]",100,200,0.05,max_proc,lowest_lower_bound,PRUNE,all_to_shortest,greedy,6462,241,2001,320.4210512638092,0.188107397090684,False,5563.0,124,-1,5246.45
Uniform1-5000_Seed76_J200_M100,"[0.005737, 0.986307]",100,200,0.1,max_proc,lowest_lower_bound,NO_PROFILING,all_to_shortest,greedy,6420,976,2001,306.98053193092346,0.2125825545171339,False,5055.22,113,-1,5055.22
Uniform1-5000_Seed76_J200_M100,"[0.005737, 0.986307]",100,200,0.05,max_proc,lowest_lower_bound,PRUNE,all_to_shortest,greedy,5767,1271,2001,285.7177739143372,0.1234229235304317,False,5152.0,143,-1,5055.22
Uniform1-5000_Seed77_J200_M100,"[0.000382, 0.949655]",100,200,0.1,max_proc,lowest_lower_bound,NO_PROFILING,all_to_shortest,greedy,6795,1353,2001,286.7116503715515,0.2293392200147166,False,5236.64,100,-1,5236.64
Uniform1-5000_Seed77_J200_M100,"[0.000382, 0.949655]",100,200,0.05,max_proc,lowest_lower_bound,PRUNE,all_to_shortest,greedy,6275,502,2001,292.1935999393463,0.1654756972111553,False,5496.0,123,-1,5236.64
Uniform1-5000_Seed78_J200_M100,"[0.004482, 0.918951]",100,200,0.1,max_proc,lowest_lower_bound,NO_PROFILING,all_to_shortest,greedy,6816,356,2001,287.8614799976349,0.2143456572769952,False,5355.02,100,-1,5355.02
Uniform1-5000_Seed78_J200_M100,"[0.004482, 0.918951]",100,200,0.05,max_proc,lowest_lower_bound,PRUNE,all_to_shortest,greedy,6328,392,392,54.47537446022034,0.1537579013906446,True,5778.0,131,-1,5355.02
Uniform1-5000_Seed79_J200_M100,"[0.001201, 1.000000]",100,200,0.1,max_proc,lowest_lower_bound,NO_PROFILING,all_to_shortest,greedy,5398,131,131,16.94309091567993,0.0744720266765468,True,4996.0,129,-1,4996.0
Uniform1-5000_Seed79_J200_M100,"[0.001201, 1.000000]",100,200,0.05,max_proc,lowest_lower_bound,PRUNE,all_to_shortest,greedy,5506,121,121,14.864682912826538,0.0926262259353432,True,4996.0,119,-1,4996.0
Uniform1-5000_Seed80_J200_M100,"[0.004251, 1.000000]",100,200,0.1,max_proc,lowest_lower_bound,NO_PROFILING,all_to_shortest,greedy,5312,133,133,16.7756245136261,0.0700301204819277,True,4940.0,131,-1,4940.0
Uniform1-5000_Seed80_J200_M100,"[0.004251, 1.000000]",100,200,0.05,max_proc,lowest_lower_bound,PRUNE,all_to_shortest,greedy,5401,135,135,17.626250743865967,0.0853545639696352,True,4940.0,133,-1,4940.0
Uniform1-5000_Seed81_J20_M10,"[0.018898, 0.938604]",10,20,0.1,max_proc,lowest_lower_bound,NO_PROFILING,all_to_shortest,greedy,5329,5,2001,0.8031964302062988,0.1659035466316382,False,4444.9,10,-1,4444.9
Uniform1-5000_Seed81_J20_M10,"[0.018898, 0.938604]",10,20,0.05,max_proc,lowest_lower_bound,PRUNE,all_to_shortest,greedy,5329,12,12,0.0095446109771728,0.1659035466316382,True,5329.0,10,-1,4444.9
Uniform1-5000_Seed82_J20_M10,"[0.025937, 0.893461]",10,20,0.1,max_proc,lowest_lower_bound,NO_PROFILING,all_to_shortest,greedy,5844,302,2001,1.045081377029419,0.1291581108829569,False,5089.2,10,-1,5089.2
Uniform1-5000_Seed82_J20_M10,"[0.025937, 0.893461]",10,20,0.05,max_proc,lowest_lower_bound,PRUNE,all_to_shortest,greedy,5862,12,12,0.0013880729675292,0.1318321392016377,True,5459.0,10,-1,5089.2
Uniform1-5000_Seed83_J20_M10,"[0.048174, 0.872977]",10,20,0.1,max_proc,lowest_lower_bound,NO_PROFILING,all_to_shortest,greedy,6368,34,2001,1.009706974029541,0.1133479899497487,False,5646.2,10,-1,5646.2
Uniform1-5000_Seed83_J20_M10,"[0.048174, 0.872977]",10,20,0.05,max_proc,lowest_lower_bound,PRUNE,all_to_shortest,greedy,6526,12,12,0.0041744709014892,0.1348145878026356,True,6247.0,10,-1,5646.2
Uniform1-5000_Seed84_J20_M10,"[0.053931, 0.881761]",10,20,0.1,max_proc,lowest_lower_bound,NO_PROFILING,all_to_shortest,greedy,6782,9,2001,0.7589051723480225,0.1715865526393394,False,5618.3,10,-1,5618.3
Uniform1-5000_Seed84_J20_M10,"[0.053931, 0.881761]",10,20,0.05,max_proc,lowest_lower_bound,PRUNE,all_to_shortest,greedy,6999,12,12,0.0188298225402832,0.1972710387198171,True,6910.0,10,-1,5618.3
Uniform1-5000_Seed85_J20_M10,"[0.066961, 1.000000]",10,20,0.1,max_proc,lowest_lower_bound,NO_PROFILING,all_to_shortest,greedy,5183,2,2,0.0009999275207519,0.0808412116534825,True,4764.0,0,-1,4764.0
Uniform1-5000_Seed85_J20_M10,"[0.066961, 1.000000]",10,20,0.05,max_proc,lowest_lower_bound,PRUNE,all_to_shortest,greedy,5183,2,2,0.0009992122650146,0.0808412116534825,True,4764.0,0,-1,4764.0
Uniform1-5000_Seed86_J20_M10,"[0.071309, 0.930435]",10,20,0.1,max_proc,lowest_lower_bound,NO_PROFILING,all_to_shortest,greedy,5998,809,2001,1.44691801071167,0.1209069689896631,False,5272.8,10,-1,5272.8
Uniform1-5000_Seed86_J20_M10,"[0.071309, 0.930435]",10,20,0.05,max_proc,lowest_lower_bound,PRUNE,all_to_shortest,greedy,5998,13,13,0.0061824321746826,0.1209069689896631,True,5824.0,11,-1,5272.8
Uniform1-5000_Seed87_J20_M10,"[0.013279, 1.000000]",10,20,0.1,max_proc,lowest_lower_bound,NO_PROFILING,all_to_shortest,greedy,5105,73,73,0.0385587215423584,0.0854064642507345,True,4669.0,11,-1,4669.0
Uniform1-5000_Seed87_J20_M10,"[0.013279, 1.000000]",10,20,0.05,max_proc,lowest_lower_bound,PRUNE,all_to_shortest,greedy,5167,15,16,0.0085387229919433,0.0963808786529901,True,4775.0,12,-1,4669.0
Uniform1-5000_Seed88_J20_M10,"[0.001571, 0.969320]",10,20,0.1,max_proc,lowest_lower_bound,NO_PROFILING,all_to_shortest,greedy,5647,197,2001,1.2842249870300293,0.0984239419160616,False,5091.2,11,-1,5091.2
Uniform1-5000_Seed88_J20_M10,"[0.001571, 0.969320]",10,20,0.05,max_proc,lowest_lower_bound,PRUNE,all_to_shortest,greedy,5541,14,14,0.006706953048706,0.0811766829092222,True,5297.0,12,-1,5091.2
Uniform1-5000_Seed89_J20_M10,"[0.050606, 1.000000]",10,20,0.1,max_proc,lowest_lower_bound,NO_PROFILING,all_to_shortest,greedy,5163,3,3,0.0023179054260253,0.073794305636258,True,4782.0,1,-1,4782.0
Uniform1-5000_Seed89_J20_M10,"[0.050606, 1.000000]",10,20,0.05,max_proc,lowest_lower_bound,PRUNE,all_to_shortest,greedy,5163,3,3,0.0019960403442382,0.073794305636258,True,4782.0,1,-1,4782.0
Uniform1-5000_Seed90_J20_M10,"[0.022032, 1.000000]",10,20,0.1,max_proc,lowest_lower_bound,NO_PROFILING,all_to_shortest,greedy,5202,7,7,0.002406358718872,0.0576701268742791,True,4902.0,5,-1,4902.0
Uniform1-5000_Seed90_J20_M10,"[0.022032, 1.000000]",10,20,0.05,max_proc,lowest_lower_bound,PRUNE,all_to_shortest,greedy,5337,8,8,0.004467487335205,0.0815064643057897,True,4902.0,6,-1,4902.0
Uniform1-5000_Seed91_J20_M10,"[0.031164, 0.988130]",10,20,0.1,max_proc,lowest_lower_bound,NO_PROFILING,all_to_shortest,greedy,5449,14,14,0.0090601444244384,0.0754633877775738,True,5037.8,12,-1,5037.8
Uniform1-5000_Seed91_J20_M10,"[0.031164, 0.988130]",10,20,0.05,max_proc,lowest_lower_bound,PRUNE,all_to_shortest,greedy,5591,26,26,0.0165281295776367,0.0989447326059738,True,5075.0,12,-1,5037.8
Uniform1-5000_Seed92_J20_M10,"[0.008839, 0.932168]",10,20,0.1,max_proc,lowest_lower_bound,NO_PROFILING,all_to_shortest,greedy,6130,791,2001,1.114384651184082,0.1510603588907014,False,5204.0,10,-1,5204.0
Uniform1-5000_Seed92_J20_M10,"[0.008839, 0.932168]",10,20,0.05,max_proc,lowest_lower_bound,PRUNE,all_to_shortest,greedy,5822,13,13,0.0089092254638671,0.1061490896599106,True,5419.0,10,-1,5204.0
Uniform1-5000_Seed93_J20_M10,"[0.040605, 0.801870]",10,20,0.1,max_proc,lowest_lower_bound,NO_PROFILING,all_to_shortest,greedy,6681,11,2001,1.510873556137085,0.1226912138901361,False,5861.3,11,-1,5861.3
Uniform1-5000_Seed93_J20_M10,"[0.040605, 0.801870]",10,20,0.05,max_proc,lowest_lower_bound,PRUNE,all_to_shortest,greedy,6524,15,15,0.0094146728515625,0.101578786020846,True,5981.0,13,-1,5861.3
Uniform1-5000_Seed94_J20_M10,"[0.045161, 0.872650]",10,20,0.1,max_proc,lowest_lower_bound,NO_PROFILING,all_to_shortest,greedy,5571,345,2001,1.329665184020996,0.1017232094776521,False,5004.3,11,-1,5004.3
Uniform1-5000_Seed94_J20_M10,"[0.045161, 0.872650]",10,20,0.05,max_proc,lowest_lower_bound,PRUNE,all_to_shortest,greedy,5445,26,26,0.007300853729248,0.0809366391184572,True,5175.0,13,-1,5004.3
Uniform1-5000_Seed95_J20_M10,"[0.063753, 0.803684]",10,20,0.1,max_proc,lowest_lower_bound,NO_PROFILING,all_to_shortest,greedy,6503,872,2001,1.1639983654022217,0.1485468245425188,False,5537.0,10,-1,5537.0
Uniform1-5000_Seed95_J20_M10,"[0.063753, 0.803684]",10,20,0.05,max_proc,lowest_lower_bound,PRUNE,all_to_shortest,greedy,6891,12,12,0.0061957836151123,0.1964881729792482,True,6283.0,10,-1,5537.0
Uniform1-5000_Seed96_J20_M10,"[0.083278, 0.842368]",10,20,0.1,max_proc,lowest_lower_bound,NO_PROFILING,all_to_shortest,greedy,5248,739,2001,1.4738123416900637,0.1053544207317072,False,4695.1,11,-1,4695.1
Uniform1-5000_Seed96_J20_M10,"[0.083278, 0.842368]",10,20,0.05,max_proc,lowest_lower_bound,PRUNE,all_to_shortest,greedy,5162,34,34,0.0123639106750488,0.0904494382022471,True,4857.0,15,-1,4695.1
Uniform1-5000_Seed97_J20_M10,"[0.021115, 0.985817]",10,20,0.1,max_proc,lowest_lower_bound,NO_PROFILING,all_to_shortest,greedy,5346,12,12,0.0086486339569091,0.0609427609427609,True,5020.2,10,-1,5020.2
Uniform1-5000_Seed97_J20_M10,"[0.021115, 0.985817]",10,20,0.05,max_proc,lowest_lower_bound,PRUNE,all_to_shortest,greedy,5509,11,11,0.0069451332092285,0.0887275367580323,True,5020.2,9,-1,5020.2
Uniform1-5000_Seed98_J20_M10,"[0.000551, 0.884611]",10,20,0.1,max_proc,lowest_lower_bound,NO_PROFILING,all_to_shortest,greedy,6816,37,2001,1.0960805416107178,0.2012617370892019,False,5444.2,10,-1,5444.2
Uniform1-5000_Seed98_J20_M10,"[0.000551, 0.884611]",10,20,0.05,max_proc,lowest_lower_bound,PRUNE,all_to_shortest,greedy,7107,8,12,0.0085830688476562,0.2339665118896862,True,6655.0,10,-1,5444.2
Uniform1-5000_Seed99_J20_M10,"[0.011419, 1.000000]",10,20,0.1,max_proc,lowest_lower_bound,NO_PROFILING,all_to_shortest,greedy,4977,7,7,0.0033731460571289,0.0146674703636728,True,4904.0,5,-1,4904.0
Uniform1-5000_Seed99_J20_M10,"[0.011419, 1.000000]",10,20,0.05,max_proc,lowest_lower_bound,PRUNE,all_to_shortest,greedy,5061,7,7,0.0029408931732177,0.0310215372456036,True,4904.0,5,-1,4904.0
Uniform1-5000_Seed100_J20_M10,"[0.015744, 0.982819]",10,20,0.1,max_proc,lowest_lower_bound,NO_PROFILING,all_to_shortest,greedy,5504,424,424,0.2547175884246826,0.076798691860465,True,5081.3,13,-1,5081.3
Uniform1-5000_Seed100_J20_M10,"[0.015744, 0.982819]",10,20,0.05,max_proc,lowest_lower_bound,PRUNE,all_to_shortest,greedy,5682,13,20,0.0019993782043457,0.105719816965857,True,5192.0,13,-1,5081.3
Uniform1-5000_Seed81_J50_M25,"[0.017784, 0.987221]",25,50,0.1,max_proc,lowest_lower_bound,NO_PROFILING,all_to_shortest,greedy,5721,1543,2001,12.567145109176636,0.1743821010312883,False,4723.36,26,-1,4723.36
Uniform1-5000_Seed81_J50_M25,"[0.017784, 0.987221]",25,50,0.05,max_proc,lowest_lower_bound,PRUNE,all_to_shortest,greedy,5201,54,54,0.2278869152069091,0.0918361853489714,True,4853.0,35,-1,4723.36
Uniform1-5000_Seed82_J50_M25,"[0.020997, 0.936005]",25,50,0.1,max_proc,lowest_lower_bound,NO_PROFILING,all_to_shortest,greedy,5719,25,2001,9.510554552078249,0.1505717782829165,False,4857.88,25,-1,4857.88
Uniform1-5000_Seed82_J50_M25,"[0.020997, 0.936005]",25,50,0.05,max_proc,lowest_lower_bound,PRUNE,all_to_shortest,greedy,5794,36,36,0.1476309299468994,0.1615671384190541,True,5459.0,28,-1,4857.88
Uniform1-5000_Seed83_J50_M25,"[0.028709, 0.989560]",25,50,0.1,max_proc,lowest_lower_bound,NO_PROFILING,all_to_shortest,greedy,5809,1041,2001,13.215925931930542,0.1425374419004992,False,4981.0,25,-1,4981.0
Uniform1-5000_Seed83_J50_M25,"[0.028709, 0.989560]",25,50,0.05,max_proc,lowest_lower_bound,PRUNE,all_to_shortest,greedy,5542,37,37,0.1205697059631347,0.1012269938650306,True,5128.0,35,-1,4981.0
Uniform1-5000_Seed84_J50_M25,"[0.027571, 0.968683]",25,50,0.1,max_proc,lowest_lower_bound,NO_PROFILING,all_to_shortest,greedy,6326,1294,2001,10.453367710113524,0.1915649699652229,False,5114.16,25,-1,5114.16
Uniform1-5000_Seed84_J50_M25,"[0.027571, 0.968683]",25,50,0.05,max_proc,lowest_lower_bound,PRUNE,all_to_shortest,greedy,6436,27,27,0.1250123977661132,0.2053822249844624,True,6120.0,25,-1,5114.16
Uniform1-5000_Seed85_J50_M25,"[0.023929, 1.000000]",25,50,0.1,max_proc,lowest_lower_bound,NO_PROFILING,all_to_shortest,greedy,5197,28,28,0.0971438884735107,0.0833172984414085,True,4764.0,26,-1,4764.0
Uniform1-5000_Seed85_J50_M25,"[0.023929, 1.000000]",25,50,0.05,max_proc,lowest_lower_bound,PRUNE,all_to_shortest,greedy,5080,53,53,0.2231667041778564,0.0622047244094488,True,4764.0,29,-1,4764.0
Uniform1-5000_Seed86_J50_M25,"[0.034651, 1.000000]",25,50,0.1,max_proc,lowest_lower_bound,NO_PROFILING,all_to_shortest,greedy,5316,30,30,0.1434497833251953,0.0771256583897667,True,4906.0,28,-1,4906.0
Uniform1-5000_Seed86_J50_M25,"[0.034651, 1.000000]",25,50,0.05,max_proc,lowest_lower_bound,PRUNE,all_to_shortest,greedy,5403,37,37,0.1206698417663574,0.0919859337405145,True,4906.0,35,-1,4906.0
Uniform1-5000_Seed87_J50_M25,"[0.013279, 1.000000]",25,50,0.1,max_proc,lowest_lower_bound,NO_PROFILING,all_to_shortest,greedy,5220,1320,2001,9.91748571395874,0.1055555555555555,False,4669.0,25,-1,4669.0
Uniform1-5000_Seed87_J50_M25,"[0.013279, 1.000000]",25,50,0.05,max_proc,lowest_lower_bound,PRUNE,all_to_shortest,greedy,4964,36,36,0.1147756576538086,0.0594278807413376,True,4708.0,31,-1,4669.0
Uniform1-5000_Seed88_J50_M25,"[0.001505, 0.929431]",25,50,0.1,max_proc,lowest_lower_bound,NO_PROFILING,all_to_shortest,greedy,6544,1014,2001,12.488298654556274,0.1877933985330073,False,5315.08,25,-1,5315.08
Uniform1-5000_Seed88_J50_M25,"[0.001505, 0.929431]",25,50,0.05,max_proc,lowest_lower_bound,PRUNE,all_to_shortest,greedy,6434,31,31,0.1084644794464111,0.1739073671122163,True,5933.0,29,-1,5315.08
Uniform1-5000_Seed89_J50_M25,"[0.006539, 1.000000]",25,50,0.1,max_proc,lowest_lower_bound,NO_PROFILING,all_to_shortest,greedy,5134,9,9,0.0346851348876953,0.0467471756914686,True,4894.0,7,-1,4894.0
Uniform1-5000_Seed89_J50_M25,"[0.006539, 1.000000]",25,50,0.05,max_proc,lowest_lower_bound,PRUNE,all_to_shortest,greedy,5134,9,9,0.0429499149322509,0.0467471756914686,True,4894.0,7,-1,4894.0
Uniform1-5000_Seed90_J50_M25,"[0.021565, 0.981391]",25,50,0.1,max_proc,lowest_lower_bound,NO_PROFILING,all_to_shortest,greedy,5770,621,2001,10.112030506134031,0.1320277296360485,False,5008.2,25,-1,5008.2
Uniform1-5000_Seed90_J50_M25,"[0.021565, 0.981391]",25,50,0.05,max_proc,lowest_lower_bound,PRUNE,all_to_shortest,greedy,5609,35,35,0.1125223636627197,0.1071135674808344,True,5116.0,32,-1,5008.2
Uniform1-5000_Seed91_J50_M25,"[0.016519, 0.978973]",25,50,0.1,max_proc,lowest_lower_bound,NO_PROFILING,all_to_shortest,greedy,5805,545,2001,8.050880193710327,0.1240447889750215,False,5084.92,34,-1,5084.92
Uniform1-5000_Seed91_J50_M25,"[0.016519, 0.978973]",25,50,0.05,max_proc,lowest_lower_bound,PRUNE,all_to_shortest,greedy,5841,71,2001,5.7178709506988525,0.1294435884266392,False,5201.0,34,-1,5084.92
Uniform1-5000_Seed92_J50_M25,"[0.008489, 0.902947]",25,50,0.1,max_proc,lowest_lower_bound,NO_PROFILING,all_to_shortest,greedy,6551,458,2001,13.209271907806396,0.1728102579758815,False,5418.92,25,-1,5418.92
Uniform1-5000_Seed92_J50_M25,"[0.008489, 0.902947]",25,50,0.05,max_proc,lowest_lower_bound,PRUNE,all_to_shortest,greedy,6335,40,40,0.1502571105957031,0.1446061562746645,True,5763.0,32,-1,5418.92
Uniform1-5000_Seed93_J50_M25,"[0.043561, 0.891795]",25,50,0.1,max_proc,lowest_lower_bound,NO_PROFILING,all_to_shortest,greedy,6277,26,2001,10.481016874313354,0.1478795602995061,False,5348.76,31,-1,5348.76
Uniform1-5000_Seed93_J50_M25,"[0.043561, 0.891795]",25,50,0.05,max_proc,lowest_lower_bound,PRUNE,all_to_shortest,greedy,5854,430,430,1.0687134265899658,0.0863067987700717,True,5507.0,36,-1,5348.76
Uniform1-5000_Seed94_J50_M25,"[0.019186, 0.970838]",25,50,0.1,max_proc,lowest_lower_bound,NO_PROFILING,all_to_shortest,greedy,6109,1371,2001,12.070885181427002,0.163863152725487,False,5107.96,32,-1,5107.96
Uniform1-5000_Seed94_J50_M25,"[0.019186, 0.970838]",25,50,0.05,max_proc,lowest_lower_bound,PRUNE,all_to_shortest,greedy,5550,1466,1466,4.924961090087891,0.0796468468468468,True,5357.0,34,-1,5107.96
Uniform1-5000_Seed95_J50_M25,"[0.028009, 0.944656]",25,50,0.1,max_proc,lowest_lower_bound,NO_PROFILING,all_to_shortest,greedy,6204,278,2001,10.05949854850769,0.1770535138620244,False,5105.56,25,-1,5105.56
Uniform1-5000_Seed95_J50_M25,"[0.028009, 0.944656]",25,50,0.05,max_proc,lowest_lower_bound,PRUNE,all_to_shortest,greedy,5906,31,31,0.1301186084747314,0.1355299695225194,True,5400.0,29,-1,5105.56
Uniform1-5000_Seed96_J50_M25,"[0.022992, 0.919291]",25,50,0.1,max_proc,lowest_lower_bound,NO_PROFILING,all_to_shortest,greedy,6358,84,2001,12.929827451705933,0.1791066373073293,False,5219.24,25,-1,5219.24
Uniform1-5000_Seed96_J50_M25,"[0.022992, 0.919291]",25,50,0.05,max_proc,lowest_lower_bound,PRUNE,all_to_shortest,greedy,6128,83,83,0.4320394992828369,0.1482963446475196,True,5563.0,32,-1,5219.24
Uniform1-5000_Seed97_J50_M25,"[0.001616, 1.000000]",25,50,0.1,max_proc,lowest_lower_bound,NO_PROFILING,all_to_shortest,greedy,5242,26,26,0.1250948905944824,0.0558946966806562,True,4949.0,24,-1,4949.0
Uniform1-5000_Seed97_J50_M25,"[0.001616, 1.000000]",25,50,0.05,max_proc,lowest_lower_bound,PRUNE,all_to_shortest,greedy,5286,28,28,0.1337018013000488,0.0637533106318577,True,4949.0,26,-1,4949.0
Uniform1-5000_Seed98_J50_M25,"[0.000623, 1.000000]",25,50,0.1,max_proc,lowest_lower_bound,NO_PROFILING,all_to_shortest,greedy,5879,1685,2001,14.060198307037354,0.1808130634461643,False,4816.0,25,-1,4816.0
Uniform1-5000_Seed98_J50_M25,"[0.000623, 1.000000]",25,50,0.05,max_proc,lowest_lower_bound,PRUNE,all_to_shortest,greedy,5487,39,39,0.161473274230957,0.1222890468379806,True,5297.0,30,-1,4816.0
Uniform1-5000_Seed99_J50_M25,"[0.002447, 1.000000]",25,50,0.1,max_proc,lowest_lower_bound,NO_PROFILING,all_to_shortest,greedy,5154,34,34,0.1227211952209472,0.0485060147458284,True,4904.0,32,-1,4904.0
Uniform1-5000_Seed99_J50_M25,"[0.002447, 1.000000]",25,50,0.05,max_proc,lowest_lower_bound,PRUNE,all_to_shortest,greedy,5341,35,35,0.1196119785308837,0.0818198839168695,True,4904.0,32,-1,4904.0
Uniform1-5000_Seed100_J50_M25,"[0.000542, 0.902846]",25,50,0.1,max_proc,lowest_lower_bound,NO_PROFILING,all_to_shortest,greedy,6618,524,2001,12.399414539337158,0.1641885766092475,False,5531.4,25,-1,5531.4
Uniform1-5000_Seed100_J50_M25,"[0.000542, 0.902846]",25,50,0.05,max_proc,lowest_lower_bound,PRUNE,all_to_shortest,greedy,6281,35,35,0.1585497856140136,0.1193440534946665,True,5877.0,33,-1,5531.4
Uniform1-5000_Seed81_J100_M50,"[0.006404, 1.000000]",50,100,0.1,max_proc,lowest_lower_bound,NO_PROFILING,all_to_shortest,greedy,5472,47,47,0.973118782043457,0.0868055555555555,True,4997.0,45,-1,4997.0
Uniform1-5000_Seed81_J100_M50,"[0.006404, 1.000000]",50,100,0.05,max_proc,lowest_lower_bound,PRUNE,all_to_shortest,greedy,5469,62,62,1.252786636352539,0.0863046260742366,True,4997.0,60,-1,4997.0
Uniform1-5000_Seed82_J100_M50,"[0.020652, 1.000000]",50,100,0.1,max_proc,lowest_lower_bound,NO_PROFILING,all_to_shortest,greedy,5694,1617,2001,56.05392813682556,0.1325957147874956,False,4939.0,57,-1,4939.0
Uniform1-5000_Seed82_J100_M50,"[0.020652, 1.000000]",50,100,0.05,max_proc,lowest_lower_bound,PRUNE,all_to_shortest,greedy,5503,484,484,10.59192967414856,0.102489551153916,True,5016.0,62,-1,4939.0
Uniform1-5000_Seed83_J100_M50,"[0.014304, 0.993029]",50,100,0.1,max_proc,lowest_lower_bound,NO_PROFILING,all_to_shortest,greedy,6123,633,2001,50.42135524749756,0.1893516250204147,False,4963.6,50,-1,4963.6
Uniform1-5000_Seed83_J100_M50,"[0.014304, 0.993029]",50,100,0.05,max_proc,lowest_lower_bound,PRUNE,all_to_shortest,greedy,5787,1362,1362,34.0987331867218,0.1422844306203559,True,5307.0,66,-1,4963.6
Uniform1-5000_Seed84_J100_M50,"[0.001963, 0.972398]",50,100,0.1,max_proc,lowest_lower_bound,NO_PROFILING,all_to_shortest,greedy,6451,778,2001,49.371071338653564,0.2102588745930863,False,5094.62,50,-1,5094.62
Uniform1-5000_Seed84_J100_M50,"[0.001963, 0.972398]",50,100,0.05,max_proc,lowest_lower_bound,PRUNE,all_to_shortest,greedy,6060,61,61,1.2107772827148438,0.1593036303630363,True,5633.0,53,-1,5094.62
Uniform1-5000_Seed85_J100_M50,"[0.003038, 1.000000]",50,100,0.1,max_proc,lowest_lower_bound,NO_PROFILING,all_to_shortest,greedy,5344,70,70,1.2560114860534668,0.0761601796407185,True,4937.0,68,-1,4937.0
Uniform1-5000_Seed85_J100_M50,"[0.003038, 1.000000]",50,100,0.05,max_proc,lowest_lower_bound,PRUNE,all_to_shortest,greedy,5429,97,97,1.976698875427246,0.0906244243875483,True,4937.0,71,-1,4937.0
Uniform1-5000_Seed86_J100_M50,"[0.012026, 1.000000]",50,100,0.1,max_proc,lowest_lower_bound,NO_PROFILING,all_to_shortest,greedy,5319,43,43,0.7837369441986084,0.0776461740928746,True,4906.0,41,-1,4906.0
Uniform1-5000_Seed86_J100_M50,"[0.012026, 1.000000]",50,100,0.05,max_proc,lowest_lower_bound,PRUNE,all_to_shortest,greedy,5321,51,51,1.009531021118164,0.0779928584852471,True,4906.0,49,-1,4906.0
Uniform1-5000_Seed87_J100_M50,"[0.012563, 1.000000]",50,100,0.1,max_proc,lowest_lower_bound,NO_PROFILING,all_to_shortest,greedy,5427,51,51,0.9115138053894044,0.0906578220011055,True,4935.0,49,-1,4935.0
Uniform1-5000_Seed87_J100_M50,"[0.012563, 1.000000]",50,100,0.05,max_proc,lowest_lower_bound,PRUNE,all_to_shortest,greedy,5226,66,66,1.3319807052612305,0.0556831228473019,True,4935.0,64,-1,4935.0
Uniform1-5000_Seed88_J100_M50,"[0.001507, 0.931858]",50,100,0.1,max_proc,lowest_lower_bound,NO_PROFILING,all_to_shortest,greedy,6640,1012,2001,53.8887836933136,0.2003283132530121,False,5309.82,50,-1,5309.82
Uniform1-5000_Seed88_J100_M50,"[0.001507, 0.931858]",50,100,0.05,max_proc,lowest_lower_bound,PRUNE,all_to_shortest,greedy,5806,203,203,4.572919607162476,0.0854598691009301,True,5609.0,71,-1,5309.82
Uniform1-5000_Seed89_J100_M50,"[0.006529, 1.000000]",50,100,0.1,max_proc,lowest_lower_bound,NO_PROFILING,all_to_shortest,greedy,5291,24,24,0.5327959060668945,0.0737100737100737,True,4901.0,22,-1,4901.0
Uniform1-5000_Seed89_J100_M50,"[0.006529, 1.000000]",50,100,0.05,max_proc,lowest_lower_bound,PRUNE,all_to_shortest,greedy,5351,34,34,0.7010152339935303,0.0840964305737245,True,4901.0,32,-1,4901.0
Uniform1-5000_Seed90_J100_M50,"[0.006568, 0.957753]",50,100,0.1,max_proc,lowest_lower_bound,NO_PROFILING,all_to_shortest,greedy,6499,1990,2001,56.03005599975586,0.2034620710878596,False,5176.7,56,-1,5176.7
Uniform1-5000_Seed90_J100_M50,"[0.006568, 0.957753]",50,100,0.05,max_proc,lowest_lower_bound,PRUNE,all_to_shortest,greedy,6078,143,2001,41.778722524642944,0.1482889108259296,False,5431.0,59,-1,5176.7
Uniform1-5000_Seed91_J100_M50,"[0.009220, 0.936714]",50,100,0.1,max_proc,lowest_lower_bound,NO_PROFILING,all_to_shortest,greedy,6371,1203,2001,53.84518074989319,0.1658577931250981,False,5314.32,63,-1,5314.32
Uniform1-5000_Seed91_J100_M50,"[0.009220, 0.936714]",50,100,0.05,max_proc,lowest_lower_bound,PRUNE,all_to_shortest,greedy,6209,110,2001,42.91709613800049,0.1440940570140119,False,5454.0,64,-1,5314.32
Uniform1-5000_Seed92_J100_M50,"[0.003913, 0.924321]",50,100,0.1,max_proc,lowest_lower_bound,NO_PROFILING,all_to_shortest,greedy,6765,151,2001,62.0482292175293,0.2067849223946784,False,5366.1,50,-1,5366.1
Uniform1-5000_Seed92_J100_M50,"[0.003913, 0.924321]",50,100,0.05,max_proc,lowest_lower_bound,PRUNE,all_to_shortest,greedy,6276,68,68,1.4297635555267334,0.1449808795411089,True,5702.0,66,-1,5366.1
Uniform1-5000_Seed93_J100_M50,"[0.009845, 0.935698]",50,100,0.1,max_proc,lowest_lower_bound,NO_PROFILING,all_to_shortest,greedy,6607,1091,2001,61.81007099151611,0.2006023914030573,False,5281.62,52,-1,5281.62
Uniform1-5000_Seed93_J100_M50,"[0.009845, 0.935698]",50,100,0.05,max_proc,lowest_lower_bound,PRUNE,all_to_shortest,greedy,5801,286,286,6.292990684509277,0.0895328391656611,True,5424.0,74,-1,5281.62
Uniform1-5000_Seed94_J100_M50,"[0.018543, 0.938334]",50,100,0.1,max_proc,lowest_lower_bound,NO_PROFILING,all_to_shortest,greedy,6268,1049,2001,59.00951361656189,0.1568442884492661,False,5284.9,64,-1,5284.9
Uniform1-5000_Seed94_J100_M50,"[0.018543, 0.938334]",50,100,0.05,max_proc,lowest_lower_bound,PRUNE,all_to_shortest,greedy,6214,416,2001,50.820438623428345,0.1495172191824912,False,5284.9,64,-1,5284.9
Uniform1-5000_Seed95_J100_M50,"[0.000829, 1.000000]",50,100,0.1,max_proc,lowest_lower_bound,NO_PROFILING,all_to_shortest,greedy,5612,1278,2001,51.67515587806702,0.140591589451176,False,4823.0,65,-1,4823.0
Uniform1-5000_Seed95_J100_M50,"[0.000829, 1.000000]",50,100,0.05,max_proc,lowest_lower_bound,PRUNE,all_to_shortest,greedy,5626,1695,2001,38.3193781375885,0.142730181301102,False,4823.0,65,-1,4823.0
Uniform1-5000_Seed96_J100_M50,"[0.001787, 0.992816]",50,100,0.1,max_proc,lowest_lower_bound,NO_PROFILING,all_to_shortest,greedy,6165,994,2001,60.26293301582336,0.1831013787510137,False,5036.18,52,-1,5036.18
Uniform1-5000_Seed96_J100_M50,"[0.001787, 0.992816]",50,100,0.05,max_proc,lowest_lower_bound,PRUNE,all_to_shortest,greedy,5701,960,960,21.091975450515747,0.1166146290124539,True,5198.0,74,-1,5036.18
Uniform1-5000_Seed97_J100_M50,"[0.001580, 0.977669]",50,100,0.1,max_proc,lowest_lower_bound,NO_PROFILING,all_to_shortest,greedy,6295,1245,2001,61.24691438674927,0.1958633836378077,False,5062.04,50,-1,5062.04
Uniform1-5000_Seed97_J100_M50,"[0.001580, 0.977669]",50,100,0.05,max_proc,lowest_lower_bound,PRUNE,all_to_shortest,greedy,5926,793,793,16.357712984085083,0.1457914276071549,True,5402.0,69,-1,5062.04
Uniform1-5000_Seed98_J100_M50,"[0.000593, 0.987693]",50,100,0.1,max_proc,lowest_lower_bound,NO_PROFILING,all_to_shortest,greedy,6533,135,2001,58.02447080612183,0.2251186285014541,False,5062.3,50,-1,5062.3
Uniform1-5000_Seed98_J100_M50,"[0.000593, 0.987693]",50,100,0.05,max_proc,lowest_lower_bound,PRUNE,all_to_shortest,greedy,6076,61,61,1.2231814861297607,0.1668367346938775,True,5535.0,57,-1,5062.3
Uniform1-5000_Seed99_J100_M50,"[0.002298, 0.942045]",50,100,0.1,max_proc,lowest_lower_bound,NO_PROFILING,all_to_shortest,greedy,6810,1610,2001,59.36600303649902,0.233086637298091,False,5222.68,50,-1,5222.68
Uniform1-5000_Seed99_J100_M50,"[0.002298, 0.942045]",50,100,0.05,max_proc,lowest_lower_bound,PRUNE,all_to_shortest,greedy,6153,68,68,1.3705387115478516,0.1511977896960831,True,5641.0,62,-1,5222.68
Uniform1-5000_Seed100_J100_M50,"[0.000563, 0.937862]",50,100,0.1,max_proc,lowest_lower_bound,NO_PROFILING,all_to_shortest,greedy,6737,855,2001,57.2573344707489,0.2096066498441442,False,5324.88,50,-1,5324.88
Uniform1-5000_Seed100_J100_M50,"[0.000563, 0.937862]",50,100,0.05,max_proc,lowest_lower_bound,PRUNE,all_to_shortest,greedy,6194,122,122,2.5242745876312256,0.1403164352599289,True,5667.0,65,-1,5324.88
Uniform1-5000_Seed81_J150_M75,"[0.002201, 1.000000]",75,150,0.1,max_proc,lowest_lower_bound,NO_PROFILING,all_to_shortest,greedy,5837,1925,2001,133.37867331504822,0.1439095425732396,False,4997.0,99,-1,4997.0
Uniform1-5000_Seed81_J150_M75,"[0.002201, 1.000000]",75,150,0.05,max_proc,lowest_lower_bound,PRUNE,all_to_shortest,greedy,5854,1406,2001,128.14146637916565,0.1463956269217629,False,4997.0,94,-1,4997.0
Uniform1-5000_Seed82_J150_M75,"[0.007069, 1.000000]",75,150,0.1,max_proc,lowest_lower_bound,NO_PROFILING,all_to_shortest,greedy,5432,91,91,5.27780032157898,0.0885493372606774,True,4951.0,89,-1,4951.0
Uniform1-5000_Seed82_J150_M75,"[0.007069, 1.000000]",75,150,0.05,max_proc,lowest_lower_bound,PRUNE,all_to_shortest,greedy,5390,101,101,6.158785820007324,0.0814471243042671,True,4951.0,99,-1,4951.0
Uniform1-5000_Seed83_J150_M75,"[0.014223, 1.000000]",75,150,0.1,max_proc,lowest_lower_bound,NO_PROFILING,all_to_shortest,greedy,6190,992,2001,141.9084231853485,0.1935379644588045,False,4992.0,75,-1,4992.0
Uniform1-5000_Seed83_J150_M75,"[0.014223, 1.000000]",75,150,0.05,max_proc,lowest_lower_bound,PRUNE,all_to_shortest,greedy,6103,1230,2001,140.6980595588684,0.1820416188759626,False,5239.0,90,-1,4992.0
Uniform1-5000_Seed84_J150_M75,"[0.001855, 0.927463]",75,150,0.1,max_proc,lowest_lower_bound,NO_PROFILING,all_to_shortest,greedy,7165,1766,2001,153.35997891426086,0.2477357525005815,False,5389.973333333333,75,-1,5389.973333333333
Uniform1-5000_Seed84_J150_M75,"[0.001855, 0.927463]",75,150,0.05,max_proc,lowest_lower_bound,PRUNE,all_to_shortest,greedy,6692,84,84,5.188711643218994,0.1945646543136082,True,6077.0,82,-1,5389.973333333333
Uniform1-5000_Seed85_J150_M75,"[0.002975, 0.979136]",75,150,0.1,max_proc,lowest_lower_bound,NO_PROFILING,all_to_shortest,greedy,6105,706,2001,145.14915537834167,0.1740868140868141,False,5042.2,94,-1,5042.2
Uniform1-5000_Seed85_J150_M75,"[0.002975, 0.979136]",75,150,0.05,max_proc,lowest_lower_bound,PRUNE,all_to_shortest,greedy,6191,700,2001,151.72752714157104,0.1855596834114037,False,5071.0,92,-1,5042.2
Uniform1-5000_Seed86_J150_M75,"[0.011807, 1.000000]",75,150,0.1,max_proc,lowest_lower_bound,NO_PROFILING,all_to_shortest,greedy,5456,108,108,5.95215916633606,0.0841275659824046,True,4997.0,106,-1,4997.0
Uniform1-5000_Seed86_J150_M75,"[0.011807, 1.000000]",75,150,0.05,max_proc,lowest_lower_bound,PRUNE,all_to_shortest,greedy,5750,1848,2001,124.3866205215454,0.1309565217391304,False,5010.0,98,-1,4997.0
Uniform1-5000_Seed87_J150_M75,"[0.000808, 1.000000]",75,150,0.1,max_proc,lowest_lower_bound,NO_PROFILING,all_to_shortest,greedy,5339,111,111,6.393069267272949,0.0724854841730661,True,4952.0,109,-1,4952.0
Uniform1-5000_Seed87_J150_M75,"[0.000808, 1.000000]",75,150,0.05,max_proc,lowest_lower_bound,PRUNE,all_to_shortest,greedy,5421,115,115,7.04219913482666,0.0865154030621656,True,4952.0,111,-1,4952.0
Uniform1-5000_Seed88_J150_M75,"[0.001500, 0.935548]",75,150,0.1,max_proc,lowest_lower_bound,NO_PROFILING,all_to_shortest,greedy,7021,1299,2001,133.21847772598267,0.2403114466125433,False,5333.7733333333335,75,-1,5333.7733333333335
Uniform1-5000_Seed88_J150_M75,"[0.001500, 0.935548]",75,150,0.05,max_proc,lowest_lower_bound,PRUNE,all_to_shortest,greedy,6427,99,99,6.259904623031616,0.1700990612520097,True,5932.0,96,-1,5333.7733333333335
Uniform1-5000_Seed89_J150_M75,"[0.006412, 1.000000]",75,150,0.1,max_proc,lowest_lower_bound,NO_PROFILING,all_to_shortest,greedy,5407,73,73,4.058954000473023,0.0769373034954688,True,4991.0,71,-1,4991.0
Uniform1-5000_Seed89_J150_M75,"[0.006412, 1.000000]",75,150,0.05,max_proc,lowest_lower_bound,PRUNE,all_to_shortest,greedy,5414,77,77,4.498553037643433,0.0781307720724048,True,4991.0,75,-1,4991.0
Uniform1-5000_Seed90_J150_M75,"[0.006562, 0.956906]",75,150,0.1,max_proc,lowest_lower_bound,NO_PROFILING,all_to_shortest,greedy,6445,222,2001,140.23204398155212,0.196077579519007,False,5181.28,79,-1,5181.28
Uniform1-5000_Seed90_J150_M75,"[0.006562, 0.956906]",75,150,0.05,max_proc,lowest_lower_bound,PRUNE,all_to_shortest,greedy,6472,129,2001,143.0094666481018,0.1994313967861558,False,5347.0,87,-1,5181.28
Uniform1-5000_Seed91_J150_M75,"[0.004435, 0.959862]",75,150,0.1,max_proc,lowest_lower_bound,NO_PROFILING,all_to_shortest,greedy,6108,402,2001,137.9269118309021,0.1509233791748526,False,5186.16,90,-1,5186.16
Uniform1-5000_Seed91_J150_M75,"[0.004435, 0.959862]",75,150,0.05,max_proc,lowest_lower_bound,PRUNE,all_to_shortest,greedy,6195,1983,2001,119.90479302406312,0.1628474576271186,False,5260.0,98,-1,5186.16
Uniform1-5000_Seed92_J150_M75,"[0.000586, 0.969285]",75,150,0.1,max_proc,lowest_lower_bound,NO_PROFILING,all_to_shortest,greedy,6398,1514,2001,140.95382642745972,0.2001917265812233,False,5117.173333333333,75,-1,5117.173333333333
Uniform1-5000_Seed92_J150_M75,"[0.000586, 0.969285]",75,150,0.05,max_proc,lowest_lower_bound,PRUNE,all_to_shortest,greedy,6056,680,2001,135.38034510612488,0.1550242184059885,False,5362.0,102,-1,5117.173333333333
Uniform1-5000_Seed93_J150_M75,"[0.003807, 0.940614]",75,150,0.1,max_proc,lowest_lower_bound,NO_PROFILING,all_to_shortest,greedy,6691,936,2001,148.37660694122314,0.2147641109948687,False,5254.013333333333,77,-1,5254.013333333333
Uniform1-5000_Seed93_J150_M75,"[0.003807, 0.940614]",75,150,0.05,max_proc,lowest_lower_bound,PRUNE,all_to_shortest,greedy,5880,130,130,8.258962154388428,0.1064603174603174,True,5407.0,111,-1,5254.013333333333
Uniform1-5000_Seed94_J150_M75,"[0.002851, 0.948973]",75,150,0.1,max_proc,lowest_lower_bound,NO_PROFILING,all_to_shortest,greedy,6348,752,2001,153.60841155052185,0.1711594202898551,False,5261.48,95,-1,5261.48
Uniform1-5000_Seed94_J150_M75,"[0.002851, 0.948973]",75,150,0.05,max_proc,lowest_lower_bound,PRUNE,all_to_shortest,greedy,6374,1890,2001,125.64334225654602,0.174540320050204,False,5261.48,94,-1,5261.48
Uniform1-5000_Seed95_J150_M75,"[0.000818, 0.986533]",75,150,0.1,max_proc,lowest_lower_bound,NO_PROFILING,all_to_shortest,greedy,5859,180,2001,136.98961973190308,0.165584570745861,False,4888.84,94,-1,4888.84
Uniform1-5000_Seed95_J150_M75,"[0.000818, 0.986533]",75,150,0.05,max_proc,lowest_lower_bound,PRUNE,all_to_shortest,greedy,5893,102,2001,141.6581838130951,0.1703987782114372,False,4913.0,94,-1,4888.84
Uniform1-5000_Seed96_J150_M75,"[0.001760, 0.977629]",75,150,0.1,max_proc,lowest_lower_bound,NO_PROFILING,all_to_shortest,greedy,6351,561,2001,144.62484502792358,0.1947073951608671,False,5114.413333333333,79,-1,5114.413333333333
Uniform1-5000_Seed96_J150_M75,"[0.001760, 0.977629]",75,150,0.05,max_proc,lowest_lower_bound,PRUNE,all_to_shortest,greedy,6282,739,2001,139.77927017211914,0.1858622519367505,False,5290.0,91,-1,5114.413333333333
Uniform1-5000_Seed97_J150_M75,"[0.001579, 0.976607]",75,150,0.1,max_proc,lowest_lower_bound,NO_PROFILING,all_to_shortest,greedy,6285,1295,2001,145.7059509754181,0.1937077698223282,False,5067.546666666667,75,-1,5067.546666666667
Uniform1-5000_Seed97_J150_M75,"[0.001579, 0.976607]",75,150,0.05,max_proc,lowest_lower_bound,PRUNE,all_to_shortest,greedy,5799,273,273,17.69801616668701,0.1261343909869517,True,5439.0,106,-1,5067.546666666667
Uniform1-5000_Seed98_J150_M75,"[0.000600, 1.000000]",75,150,0.1,max_proc,lowest_lower_bound,NO_PROFILING,all_to_shortest,greedy,5404,96,96,5.273020505905151,0.0747594374537379,True,5000.0,94,-1,5000.0
Uniform1-5000_Seed98_J150_M75,"[0.000600, 1.000000]",75,150,0.05,max_proc,lowest_lower_bound,PRUNE,all_to_shortest,greedy,5486,102,102,5.866894483566284,0.0885891359825009,True,5000.0,100,-1,5000.0
Uniform1-5000_Seed99_J150_M75,"[0.002282, 0.940488]",75,150,0.1,max_proc,lowest_lower_bound,NO_PROFILING,all_to_shortest,greedy,6711,718,2001,139.65962290763855,0.2165241146376595,False,5257.906666666667,75,-1,5257.906666666667
Uniform1-5000_Seed99_J150_M75,"[0.002282, 0.940488]",75,150,0.05,max_proc,lowest_lower_bound,PRUNE,all_to_shortest,greedy,6176,102,102,4.884885311126709,0.1486550086355785,True,5679.0,94,-1,5257.906666666667
Uniform1-5000_Seed100_J150_M75,"[0.000584, 0.972592]",75,150,0.1,max_proc,lowest_lower_bound,NO_PROFILING,all_to_shortest,greedy,6311,648,2001,131.37185788154602,0.1863835630908994,False,5134.733333333334,75,-1,5134.733333333334
Uniform1-5000_Seed100_J150_M75,"[0.000584, 0.972592]",75,150,0.05,max_proc,lowest_lower_bound,PRUNE,all_to_shortest,greedy,5674,201,201,12.73628067970276,0.095041710727294,True,5297.0,114,-1,5134.733333333334
Uniform1-5000_Seed81_J200_M100,"[0.002181, 0.990869]",100,200,0.1,max_proc,lowest_lower_bound,NO_PROFILING,all_to_shortest,greedy,6383,462,2001,287.27537965774536,0.2099248002506658,False,5043.05,100,-1,5043.05
Uniform1-5000_Seed81_J200_M100,"[0.002181, 0.990869]",100,200,0.05,max_proc,lowest_lower_bound,PRUNE,all_to_shortest,greedy,5963,564,2001,305.7637667655945,0.1542763709542176,False,5184.0,132,-1,5043.05
Uniform1-5000_Seed82_J200_M100,"[0.007038, 1.000000]",100,200,0.1,max_proc,lowest_lower_bound,NO_PROFILING,all_to_shortest,greedy,5307,128,128,17.348812580108643,0.062935745242133,True,4973.0,126,-1,4973.0
Uniform1-5000_Seed82_J200_M100,"[0.007038, 1.000000]",100,200,0.05,max_proc,lowest_lower_bound,PRUNE,all_to_shortest,greedy,5477,151,151,21.283400535583496,0.0920211794778163,True,4973.0,149,-1,4973.0
Uniform1-5000_Seed83_J200_M100,"[0.001603, 1.000000]",100,200,0.1,max_proc,lowest_lower_bound,NO_PROFILING,all_to_shortest,greedy,5393,152,152,21.942599534988403,0.0743556462080474,True,4992.0,150,-1,4992.0
Uniform1-5000_Seed83_J200_M100,"[0.001603, 1.000000]",100,200,0.05,max_proc,lowest_lower_bound,PRUNE,all_to_shortest,greedy,5518,277,277,39.82669138908386,0.0953243928959768,True,5007.0,151,-1,4992.0
Uniform1-5000_Seed84_J200_M100,"[0.001876, 0.937934]",100,200,0.1,max_proc,lowest_lower_bound,NO_PROFILING,all_to_shortest,greedy,7185,1629,2001,278.53336906433105,0.2582045929018789,False,5329.8,100,-1,5329.8
Uniform1-5000_Seed84_J200_M100,"[0.001876, 0.937934]",100,200,0.05,max_proc,lowest_lower_bound,PRUNE,all_to_shortest,greedy,6453,117,117,15.835209369659424,0.1740585774058577,True,5944.0,115,-1,5329.8
Uniform1-5000_Seed85_J200_M100,"[0.003023, 0.995042]",100,200,0.1,max_proc,lowest_lower_bound,NO_PROFILING,all_to_shortest,greedy,6433,1875,2001,284.3000798225403,0.2287268770402611,False,4961.6,100,-1,4961.6
Uniform1-5000_Seed85_J200_M100,"[0.003023, 0.995042]",100,200,0.05,max_proc,lowest_lower_bound,PRUNE,all_to_shortest,greedy,5812,1705,2001,303.3362443447113,0.1463179628355126,False,5057.0,132,-1,4961.6
Uniform1-5000_Seed86_J200_M100,"[0.011807, 1.000000]",100,200,0.1,max_proc,lowest_lower_bound,NO_PROFILING,all_to_shortest,greedy,5372,131,131,16.321478605270386,0.0698064035740878,True,4997.0,129,-1,4997.0
Uniform1-5000_Seed86_J200_M100,"[0.011807, 1.000000]",100,200,0.05,max_proc,lowest_lower_bound,PRUNE,all_to_shortest,greedy,5498,139,139,18.57159209251404,0.0911240451073117,True,4997.0,137,-1,4997.0
Uniform1-5000_Seed87_J200_M100,"[0.000792, 0.985336]",100,200,0.1,max_proc,lowest_lower_bound,NO_PROFILING,all_to_shortest,greedy,6428,987,2001,286.11612248420715,0.2138923459863098,False,5053.1,100,-1,5053.1
Uniform1-5000_Seed87_J200_M100,"[0.000792, 0.985336]",100,200,0.05,max_proc,lowest_lower_bound,PRUNE,all_to_shortest,greedy,5682,177,177,24.39887571334839,0.1106828581485391,True,5203.0,156,-1,5053.1
Uniform1-5000_Seed88_J200_M100,"[0.001493, 0.931839]",100,200,0.1,max_proc,lowest_lower_bound,NO_PROFILING,all_to_shortest,greedy,7073,739,2001,291.98300290107727,0.2424402657995192,False,5358.22,100,-1,5358.22
Uniform1-5000_Seed88_J200_M100,"[0.001493, 0.931839]",100,200,0.05,max_proc,lowest_lower_bound,PRUNE,all_to_shortest,greedy,6245,151,151,19.45409369468689,0.1419983987189751,True,5774.0,138,-1,5358.22
Uniform1-5000_Seed89_J200_M100,"[0.006412, 1.000000]",100,200,0.1,max_proc,lowest_lower_bound,NO_PROFILING,all_to_shortest,greedy,5343,93,93,10.162173986434937,0.0658805914280366,True,4991.0,91,-1,4991.0
Uniform1-5000_Seed89_J200_M100,"[0.006412, 1.000000]",100,200,0.05,max_proc,lowest_lower_bound,PRUNE,all_to_shortest,greedy,5384,102,102,11.960096597671509,0.0729940564635958,True,4991.0,100,-1,4991.0
Uniform1-5000_Seed90_J200_M100,"[0.006495, 0.947138]",100,200,0.1,max_proc,lowest_lower_bound,NO_PROFILING,all_to_shortest,greedy,6691,862,2001,285.97831988334656,0.2176475863099685,False,5234.72,100,-1,5234.72
Uniform1-5000_Seed90_J200_M100,"[0.006495, 0.947138]",100,200,0.05,max_proc,lowest_lower_bound,PRUNE,all_to_shortest,greedy,6558,456,2001,305.6795320510864,0.2017810308020737,False,5408.0,115,-1,5234.72
Uniform1-5000_Seed91_J200_M100,"[0.004620, 1.000000]",100,200,0.1,max_proc,lowest_lower_bound,NO_PROFILING,all_to_shortest,greedy,5460,131,131,15.55609965324402,0.0882783882783882,True,4978.0,129,-1,4978.0
Uniform1-5000_Seed91_J200_M100,"[0.004620, 1.000000]",100,200,0.05,max_proc,lowest_lower_bound,PRUNE,all_to_shortest,greedy,5530,1787,2001,260.9955081939697,0.0998191681735985,False,4978.0,145,-1,4978.0
Uniform1-5000_Seed92_J200_M100,"[0.000587, 0.971144]",100,200,0.1,max_proc,lowest_lower_bound,NO_PROFILING,all_to_shortest,greedy,6533,170,2001,288.4571549892425,0.2182182764426756,False,5107.38,100,-1,5107.38
Uniform1-5000_Seed92_J200_M100,"[0.000587, 0.971144]",100,200,0.05,max_proc,lowest_lower_bound,PRUNE,all_to_shortest,greedy,6014,138,138,18.52281093597412,0.1507515796474891,True,5494.0,135,-1,5107.38
Uniform1-5000_Seed93_J200_M100,"[0.003822, 0.954527]",100,200,0.1,max_proc,lowest_lower_bound,NO_PROFILING,all_to_shortest,greedy,6472,106,2001,286.4648983478546,0.1914462299134734,False,5232.96,107,-1,5232.96
Uniform1-5000_Seed93_J200_M100,"[0.003822, 0.954527]",100,200,0.05,max_proc,lowest_lower_bound,PRUNE,all_to_shortest,greedy,6275,1230,2001,258.33293533325195,0.1660621513944223,False,5381.0,124,-1,5232.96
Uniform1-5000_Seed94_J200_M100,"[0.002899, 0.965142]",100,200,0.1,max_proc,lowest_lower_bound,NO_PROFILING,all_to_shortest,greedy,6289,290,2001,307.0137231349945,0.1774002226109079,False,5173.33,121,-1,5173.33
Uniform1-5000_Seed94_J200_M100,"[0.002899, 0.965142]",100,200,0.05,max_proc,lowest_lower_bound,PRUNE,all_to_shortest,greedy,6270,109,2001,306.9053382873535,0.1749074960127591,False,5173.33,120,-1,5173.33
Uniform1-5000_Seed95_J200_M100,"[0.000800, 0.999550]",100,200,0.1,max_proc,lowest_lower_bound,NO_PROFILING,all_to_shortest,greedy,6321,358,2001,283.2736361026764,0.2086299636133523,False,5002.25,100,-1,5002.25
Uniform1-5000_Seed95_J200_M100,"[0.000800, 0.999550]",100,200,0.05,max_proc,lowest_lower_bound,PRUNE,all_to_shortest,greedy,6011,180,2001,290.8446102142334,0.1678173348860422,False,5137.0,126,-1,5002.25
Uniform1-5000_Seed96_J200_M100,"[0.001770, 0.983342]",100,200,0.1,max_proc,lowest_lower_bound,NO_PROFILING,all_to_shortest,greedy,6293,765,2001,288.110235452652,0.1920069918957572,False,5084.7,110,-1,5084.7
Uniform1-5000_Seed96_J200_M100,"[0.001770, 0.983342]",100,200,0.05,max_proc,lowest_lower_bound,PRUNE,all_to_shortest,greedy,6029,1742,2001,301.9608018398285,0.156626306186764,False,5217.0,141,-1,5084.7
Uniform1-5000_Seed97_J200_M100,"[0.001598, 0.988661]",100,200,0.1,max_proc,lowest_lower_bound,NO_PROFILING,all_to_shortest,greedy,6326,1490,2001,298.9196400642395,0.2087006006955421,False,5005.76,100,-1,5005.76
Uniform1-5000_Seed97_J200_M100,"[0.001598, 0.988661]",100,200,0.05,max_proc,lowest_lower_bound,PRUNE,all_to_shortest,greedy,6187,112,2001,304.7540018558502,0.1909229028608372,False,5240.0,123,-1,5005.76
Uniform1-5000_Seed98_J200_M100,"[0.000600, 1.000000]",100,200,0.1,max_proc,lowest_lower_bound,NO_PROFILING,all_to_shortest,greedy,6061,634,2001,249.7590548992157,0.1750536215146015,False,5000.0,104,-1,5000.0
Uniform1-5000_Seed98_J200_M100,"[0.000600, 1.000000]",100,200,0.05,max_proc,lowest_lower_bound,PRUNE,all_to_shortest,greedy,5556,234,234,31.936012268066406,0.1000719942404607,True,5102.0,134,-1,5000.0
Uniform1-5000_Seed99_J200_M100,"[0.002273, 0.936768]",100,200,0.1,max_proc,lowest_lower_bound,NO_PROFILING,all_to_shortest,greedy,6811,1553,2001,303.3665165901184,0.2249610923506093,False,5278.79,100,-1,5278.79
Uniform1-5000_Seed99_J200_M100,"[0.002273, 0.936768]",100,200,0.05,max_proc,lowest_lower_bound,PRUNE,all_to_shortest,greedy,6265,131,131,18.307759761810303,0.1574158020750199,True,5691.0,129,-1,5278.79
Uniform1-5000_Seed100_J200_M100,"[0.000582, 0.968423]",100,200,0.1,max_proc,lowest_lower_bound,NO_PROFILING,all_to_shortest,greedy,6561,98,2001,278.17715525627136,0.2140161560737692,False,5156.84,100,-1,5156.84
Uniform1-5000_Seed100_J200_M100,"[0.000582, 0.968423]",100,200,0.05,max_proc,lowest_lower_bound,PRUNE,all_to_shortest,greedy,5950,142,142,18.84525990486145,0.1333042016806722,True,5463.0,140,-1,5156.84
