instance,epsilon_range,n_machines,n_jobs,epsilon,branching_rule,node_selection,profiling_mode,rounding_rule,lower_bound,best_solution,nodes_to_best_solution,nodes_explored,runtime,opt_gap,terminate,best_bound,depth,number_of_nodes_for_optimality,optimal_solution
Uniform1-5000_Seed101_J20_M10,"[0.009012, 0.894000]",10,20,0.02,max_proc,lowest_lower_bound,NO_PROFILING,all_to_shortest,greedy,6418,1065,2001,0.3950510025024414,0.1355406668744156,False,5548.1,10,-1,5548.1
Uniform1-5000_Seed101_J20_M10,"[0.009012, 0.894000]",10,20,0.01,max_proc,lowest_lower_bound,PRUNE,all_to_shortest,greedy,5880,16,16,0.0035967826843261,0.0564455782312924,True,5780.0,14,-1,5548.1
Uniform1-5000_Seed102_J20_M10,"[0.014668, 0.912358]",10,20,0.02,max_proc,lowest_lower_bound,NO_PROFILING,all_to_shortest,greedy,5900,351,2001,0.2988638877868652,0.075593220338983,False,5454.0,10,-1,5454.0
Uniform1-5000_Seed102_J20_M10,"[0.014668, 0.912358]",10,20,0.01,max_proc,lowest_lower_bound,PRUNE,all_to_shortest,greedy,5928,13,13,0.0030922889709472,0.0799595141700404,True,5900.0,10,-1,5454.0
Uniform1-5000_Seed103_J20_M10,"[0.001890, 0.835997]",10,20,0.02,max_proc,lowest_lower_bound,NO_PROFILING,all_to_shortest,greedy,6845,10,2001,0.3479242324829101,0.1498319941563185,False,5819.4,10,-1,5819.4
Uniform1-5000_Seed103_J20_M10,"[0.001890, 0.835997]",10,20,0.01,max_proc,lowest_lower_bound,PRUNE,all_to_shortest,greedy,6839,14,14,0.0029535293579101,0.1490861237022957,True,6839.0,12,-1,5819.4
Uniform1-5000_Seed104_J20_M10,"[0.014608, 1.000000]",10,20,0.02,max_proc,lowest_lower_bound,NO_PROFILING,all_to_shortest,greedy,4949,12,2001,0.3030848503112793,0.0317235805213174,False,4792.0,10,-1,4792.0
Uniform1-5000_Seed104_J20_M10,"[0.014608, 1.000000]",10,20,0.01,max_proc,lowest_lower_bound,PRUNE,all_to_shortest,greedy,4949,13,13,0.0027215480804443,0.0317235805213174,True,4949.0,10,-1,4792.0
Uniform1-5000_Seed105_J20_M10,"[0.014357, 0.955319]",10,20,0.02,max_proc,lowest_lower_bound,NO_PROFILING,all_to_shortest,greedy,5592,8,2001,0.3149030208587646,0.0782725321888411,False,5154.3,10,-1,5154.3
Uniform1-5000_Seed105_J20_M10,"[0.014357, 0.955319]",10,20,0.01,max_proc,lowest_lower_bound,PRUNE,all_to_shortest,greedy,5650,18,18,0.0035459995269775,0.0877345132743362,True,5592.0,14,-1,5154.3
Uniform1-5000_Seed106_J20_M10,"[0.001107, 0.915852]",10,20,0.02,max_proc,lowest_lower_bound,NO_PROFILING,all_to_shortest,greedy,6220,220,2001,0.3982086181640625,0.1287781350482315,False,5419.0,11,-1,5419.0
Uniform1-5000_Seed106_J20_M10,"[0.001107, 0.915852]",10,20,0.01,max_proc,lowest_lower_bound,PRUNE,all_to_shortest,greedy,6172,26,41,0.006608247756958,0.1220025923525599,True,6117.0,14,-1,5419.0
Uniform1-5000_Seed107_J20_M10,"[0.094764, 0.817126]",10,20,0.02,max_proc,lowest_lower_bound,NO_PROFILING,all_to_shortest,greedy,6961,1120,2001,0.4277689456939697,0.1601637695733371,False,5846.1,10,-1,5846.1
Uniform1-5000_Seed107_J20_M10,"[0.094764, 0.817126]",10,20,0.01,max_proc,lowest_lower_bound,PRUNE,all_to_shortest,greedy,6263,16,16,0.0034763813018798,0.066565543669168,True,6263.0,13,-1,5846.1
Uniform1-5000_Seed108_J20_M10,"[0.028808, 0.976914]",10,20,0.02,max_proc,lowest_lower_bound,NO_PROFILING,all_to_shortest,greedy,5518,990,2001,0.4016799926757812,0.081551286698079,False,5068.0,15,-1,5068.0
Uniform1-5000_Seed108_J20_M10,"[0.028808, 0.976914]",10,20,0.01,max_proc,lowest_lower_bound,PRUNE,all_to_shortest,greedy,5538,213,373,0.0626122951507568,0.0848681834597327,True,5444.0,15,-1,5068.0
Uniform1-5000_Seed109_J20_M10,"[0.032539, 1.000000]",10,20,0.02,max_proc,lowest_lower_bound,NO_PROFILING,all_to_shortest,greedy,4364,8,8,0.0014517307281494,0.0,True,4364.0,6,8,4364.0
Uniform1-5000_Seed109_J20_M10,"[0.032539, 1.000000]",10,20,0.01,max_proc,lowest_lower_bound,PRUNE,all_to_shortest,greedy,4392,8,8,0.0018854141235351,0.006375227686703,True,4364.0,6,-1,4364.0
Uniform1-5000_Seed110_J20_M10,"[0.105819, 1.000000]",10,20,0.02,max_proc,lowest_lower_bound,NO_PROFILING,all_to_shortest,greedy,4829,4,4,0.0006587505340576,0.0,True,4829.0,2,4,4829.0
Uniform1-5000_Seed110_J20_M10,"[0.105819, 1.000000]",10,20,0.01,max_proc,lowest_lower_bound,PRUNE,all_to_shortest,greedy,4829,4,4,0.0008397102355957,0.0,True,4829.0,2,4,4829.0
Uniform1-5000_Seed111_J20_M10,"[0.135878, 0.960512]",10,20,0.02,max_proc,lowest_lower_bound,NO_PROFILING,all_to_shortest,greedy,5399,668,2001,0.3587424755096435,0.070346360437118,False,5019.2,15,-1,5019.2
Uniform1-5000_Seed111_J20_M10,"[0.135878, 0.960512]",10,20,0.01,max_proc,lowest_lower_bound,PRUNE,all_to_shortest,greedy,5240,126,126,0.0178465843200683,0.0421374045801527,True,5240.0,15,-1,5019.2
Uniform1-5000_Seed112_J20_M10,"[0.010465, 1.000000]",10,20,0.02,max_proc,lowest_lower_bound,NO_PROFILING,all_to_shortest,greedy,4969,14,14,0.0024061203002929,0.0,True,4969.0,12,14,4969.0
Uniform1-5000_Seed112_J20_M10,"[0.010465, 1.000000]",10,20,0.01,max_proc,lowest_lower_bound,PRUNE,all_to_shortest,greedy,4969,13,13,0.0029098987579345,0.0,True,4969.0,10,13,4969.0
Uniform1-5000_Seed113_J20_M10,"[0.001897, 0.763370]",10,20,0.02,max_proc,lowest_lower_bound,NO_PROFILING,all_to_shortest,greedy,7183,876,2001,0.4527785778045654,0.1193234024780732,False,6325.9,10,-1,6325.9
Uniform1-5000_Seed113_J20_M10,"[0.001897, 0.763370]",10,20,0.01,max_proc,lowest_lower_bound,PRUNE,all_to_shortest,greedy,6833,16,16,0.0038397312164306,0.0742133762622567,True,6792.0,14,-1,6325.9
Uniform1-5000_Seed114_J20_M10,"[0.010128, 1.000000]",10,20,0.02,max_proc,lowest_lower_bound,NO_PROFILING,all_to_shortest,greedy,4899,15,15,0.0025193691253662,0.0124515207185139,True,4838.0,13,-1,4838.0
Uniform1-5000_Seed114_J20_M10,"[0.010128, 1.000000]",10,20,0.01,max_proc,lowest_lower_bound,PRUNE,all_to_shortest,greedy,4924,23,23,0.0046980381011962,0.0174654752233956,True,4838.0,15,-1,4838.0
Uniform1-5000_Seed115_J20_M10,"[0.028606, 1.000000]",10,20,0.02,max_proc,lowest_lower_bound,NO_PROFILING,all_to_shortest,greedy,5079,3,3,0.0005970001220703,0.0157511321126205,True,4999.0,1,-1,4999.0
Uniform1-5000_Seed115_J20_M10,"[0.028606, 1.000000]",10,20,0.01,max_proc,lowest_lower_bound,PRUNE,all_to_shortest,greedy,5079,3,3,0.0006875991821289,0.0157511321126205,True,4999.0,1,-1,4999.0
Uniform1-5000_Seed116_J20_M10,"[0.101981, 0.766010]",10,20,0.02,max_proc,lowest_lower_bound,NO_PROFILING,all_to_shortest,greedy,7654,173,2001,0.4527416229248047,0.1480533054611967,False,6520.8,10,-1,6520.8
Uniform1-5000_Seed116_J20_M10,"[0.101981, 0.766010]",10,20,0.01,max_proc,lowest_lower_bound,PRUNE,all_to_shortest,greedy,7207,16,16,0.0033769607543945,0.0952129873733869,True,7207.0,12,-1,6520.8
Uniform1-5000_Seed117_J20_M10,"[0.033583, 1.000000]",10,20,0.02,max_proc,lowest_lower_bound,NO_PROFILING,all_to_shortest,greedy,5364,4,2001,0.3511273860931396,0.0784862043251305,False,4943.0,10,-1,4943.0
Uniform1-5000_Seed117_J20_M10,"[0.033583, 1.000000]",10,20,0.01,max_proc,lowest_lower_bound,PRUNE,all_to_shortest,greedy,5123,15,15,0.003305435180664,0.0351356626976381,True,5123.0,13,-1,4943.0
Uniform1-5000_Seed118_J20_M10,"[0.089228, 0.898774]",10,20,0.02,max_proc,lowest_lower_bound,NO_PROFILING,all_to_shortest,greedy,5138,286,2001,0.358431339263916,0.1013234721681588,False,4617.4,12,-1,4617.4
Uniform1-5000_Seed118_J20_M10,"[0.089228, 0.898774]",10,20,0.01,max_proc,lowest_lower_bound,PRUNE,all_to_shortest,greedy,4986,20,20,0.0038099288940429,0.0739269955876454,True,4986.0,13,-1,4617.4
Uniform1-5000_Seed119_J20_M10,"[0.000652, 1.000000]",10,20,0.02,max_proc,lowest_lower_bound,NO_PROFILING,all_to_shortest,greedy,4604,11,11,0.0019428730010986,0.0,True,4604.0,9,11,4604.0
Uniform1-5000_Seed119_J20_M10,"[0.000652, 1.000000]",10,20,0.01,max_proc,lowest_lower_bound,PRUNE,all_to_shortest,greedy,4635,13,13,0.0029244422912597,0.0066882416396979,True,4604.0,10,-1,4604.0
Uniform1-5000_Seed120_J20_M10,"[0.002333, 1.000000]",10,20,0.02,max_proc,lowest_lower_bound,NO_PROFILING,all_to_shortest,greedy,4714,5,5,0.0009229183197021,0.0,True,4714.0,3,5,4714.0
Uniform1-5000_Seed120_J20_M10,"[0.002333, 1.000000]",10,20,0.01,max_proc,lowest_lower_bound,PRUNE,all_to_shortest,greedy,4714,7,7,0.0015692710876464,0.0,True,4714.0,5,7,4714.0
Uniform1-5000_Seed121_J20_M10,"[0.010151, 0.935836]",10,20,0.02,max_proc,lowest_lower_bound,NO_PROFILING,all_to_shortest,greedy,5706,40,2001,0.4565534591674804,0.0849982474588152,False,5221.0,11,-1,5221.0
Uniform1-5000_Seed121_J20_M10,"[0.010151, 0.935836]",10,20,0.01,max_proc,lowest_lower_bound,PRUNE,all_to_shortest,greedy,5703,21,21,0.0040280818939208,0.0845169209188146,True,5668.0,12,-1,5221.0
Uniform1-5000_Seed122_J20_M10,"[0.028554, 1.000000]",10,20,0.02,max_proc,lowest_lower_bound,NO_PROFILING,all_to_shortest,greedy,5288,15,2001,0.2778515815734863,0.0595688350983358,False,4973.0,11,-1,4973.0
Uniform1-5000_Seed122_J20_M10,"[0.028554, 1.000000]",10,20,0.01,max_proc,lowest_lower_bound,PRUNE,all_to_shortest,greedy,5294,14,14,0.0029466152191162,0.0606346807706837,True,5288.0,11,-1,4973.0
Uniform1-5000_Seed123_J20_M10,"[0.008791, 0.999560]",10,20,0.02,max_proc,lowest_lower_bound,NO_PROFILING,all_to_shortest,greedy,4930,104,2001,0.3647747039794922,0.0770791075050709,False,4550.0,12,-1,4550.0
Uniform1-5000_Seed123_J20_M10,"[0.008791, 0.999560]",10,20,0.01,max_proc,lowest_lower_bound,PRUNE,all_to_shortest,greedy,4885,20,20,0.0039253234863281,0.0685772773797338,True,4802.0,14,-1,4550.0
Uniform1-5000_Seed124_J20_M10,"[0.028541, 1.000000]",10,20,0.02,max_proc,lowest_lower_bound,NO_PROFILING,all_to_shortest,greedy,4832,8,8,0.0014526844024658,0.013865894039735,True,4765.0,6,-1,4765.0
Uniform1-5000_Seed124_J20_M10,"[0.028541, 1.000000]",10,20,0.01,max_proc,lowest_lower_bound,PRUNE,all_to_shortest,greedy,4820,10,10,0.0022952556610107,0.0114107883817427,True,4765.0,8,-1,4765.0
Uniform1-5000_Seed125_J20_M10,"[0.041687, 0.904455]",10,20,0.02,max_proc,lowest_lower_bound,NO_PROFILING,all_to_shortest,greedy,5780,398,2001,0.3707356452941894,0.0703460207612457,False,5373.4,14,-1,5373.4
Uniform1-5000_Seed125_J20_M10,"[0.041687, 0.904455]",10,20,0.01,max_proc,lowest_lower_bound,PRUNE,all_to_shortest,greedy,5762,46,217,0.0289735794067382,0.0674418604651163,True,5694.0,18,-1,5373.4
Uniform1-5000_Seed126_J20_M10,"[0.000949, 1.000000]",10,20,0.02,max_proc,lowest_lower_bound,NO_PROFILING,all_to_shortest,greedy,4407,1520,2001,0.3259236812591553,0.0435670524166099,False,4215.0,10,-1,4215.0
Uniform1-5000_Seed126_J20_M10,"[0.000949, 1.000000]",10,20,0.01,max_proc,lowest_lower_bound,PRUNE,all_to_shortest,greedy,4407,14,14,0.0028004646301269,0.0435670524166099,True,4407.0,12,-1,4215.0
Uniform1-5000_Seed127_J20_M10,"[0.012614, 1.000000]",10,20,0.02,max_proc,lowest_lower_bound,NO_PROFILING,all_to_shortest,greedy,4836,16,16,0.0026869773864746,0.0,True,4836.0,14,16,4836.0
Uniform1-5000_Seed127_J20_M10,"[0.012614, 1.000000]",10,20,0.01,max_proc,lowest_lower_bound,PRUNE,all_to_shortest,greedy,4894,21,21,0.0040664672851562,0.0118512464241928,True,4836.0,14,-1,4836.0
Uniform1-5000_Seed128_J20_M10,"[0.036847, 1.000000]",10,20,0.02,max_proc,lowest_lower_bound,NO_PROFILING,all_to_shortest,greedy,4951,6,6,0.0011377334594726,0.0133306402746919,True,4885.0,4,-1,4885.0
Uniform1-5000_Seed128_J20_M10,"[0.036847, 1.000000]",10,20,0.01,max_proc,lowest_lower_bound,PRUNE,all_to_shortest,greedy,4885,10,10,0.0022628307342529,0.0,True,4885.0,8,10,4885.0
Uniform1-5000_Seed129_J20_M10,"[0.029268, 1.000000]",10,20,0.02,max_proc,lowest_lower_bound,NO_PROFILING,all_to_shortest,greedy,3895,6,6,0.0010509490966796,0.0,True,3895.0,4,6,3895.0
Uniform1-5000_Seed129_J20_M10,"[0.029268, 1.000000]",10,20,0.01,max_proc,lowest_lower_bound,PRUNE,all_to_shortest,greedy,3895,6,6,0.0013561248779296,0.0,True,3895.0,4,6,3895.0
Uniform1-5000_Seed130_J20_M10,"[0.055602, 1.000000]",10,20,0.02,max_proc,lowest_lower_bound,NO_PROFILING,all_to_shortest,greedy,4833,10,10,0.0017170906066894,0.0138630250362093,True,4766.0,8,-1,4766.0
Uniform1-5000_Seed130_J20_M10,"[0.055602, 1.000000]",10,20,0.01,max_proc,lowest_lower_bound,PRUNE,all_to_shortest,greedy,4833,13,13,0.0027413368225097,0.0138630250362093,True,4766.0,11,-1,4766.0
Uniform1-5000_Seed101_J50_M25,"[0.008840, 0.876889]",25,50,0.02,max_proc,lowest_lower_bound,NO_PROFILING,all_to_shortest,greedy,6911,463,2001,3.171865224838257,0.1815424685284329,False,5656.36,25,-1,5656.36
Uniform1-5000_Seed101_J50_M25,"[0.008840, 0.876889]",25,50,0.01,max_proc,lowest_lower_bound,PRUNE,all_to_shortest,greedy,6248,36,36,0.0606570243835449,0.0946927016645327,True,6132.0,34,-1,5656.36
Uniform1-5000_Seed102_J50_M25,"[0.014874, 0.961182]",25,50,0.02,max_proc,lowest_lower_bound,NO_PROFILING,all_to_shortest,greedy,6229,752,2001,3.1557343006134038,0.1688938834483865,False,5176.96,25,-1,5176.96
Uniform1-5000_Seed102_J50_M25,"[0.014874, 0.961182]",25,50,0.01,max_proc,lowest_lower_bound,PRUNE,all_to_shortest,greedy,5782,42,42,0.0613443851470947,0.1046419923901764,True,5704.0,31,-1,5176.96
Uniform1-5000_Seed103_J50_M25,"[0.002107, 0.955371]",25,50,0.02,max_proc,lowest_lower_bound,NO_PROFILING,all_to_shortest,greedy,6156,109,2001,3.0271518230438232,0.1520532813515269,False,5219.96,33,-1,5219.96
Uniform1-5000_Seed103_J50_M25,"[0.002107, 0.955371]",25,50,0.01,max_proc,lowest_lower_bound,PRUNE,all_to_shortest,greedy,6078,532,2001,2.7813563346862797,0.1411714379730174,False,5219.96,33,-1,5219.96
Uniform1-5000_Seed104_J50_M25,"[0.013562, 0.955555]",25,50,0.02,max_proc,lowest_lower_bound,NO_PROFILING,all_to_shortest,greedy,6551,1784,2001,3.125410795211792,0.2121202869790872,False,5161.4,25,-1,5161.4
Uniform1-5000_Seed104_J50_M25,"[0.013562, 0.955555]",25,50,0.01,max_proc,lowest_lower_bound,PRUNE,all_to_shortest,greedy,5873,38,38,0.0620317459106445,0.1211646517963562,True,5799.0,30,-1,5161.4
Uniform1-5000_Seed105_J50_M25,"[0.013999, 0.931496]",25,50,0.02,max_proc,lowest_lower_bound,NO_PROFILING,all_to_shortest,greedy,6245,1065,2001,3.48867130279541,0.1535436349079263,False,5286.12,25,-1,5286.12
Uniform1-5000_Seed105_J50_M25,"[0.013999, 0.931496]",25,50,0.01,max_proc,lowest_lower_bound,PRUNE,all_to_shortest,greedy,5726,42,42,0.0701260566711425,0.0768215158924205,True,5726.0,39,-1,5286.12
Uniform1-5000_Seed106_J50_M25,"[0.001105, 0.913720]",25,50,0.02,max_proc,lowest_lower_bound,NO_PROFILING,all_to_shortest,greedy,6567,578,2001,3.2348415851593018,0.1728886858535099,False,5431.64,25,-1,5431.64
Uniform1-5000_Seed106_J50_M25,"[0.001105, 0.913720]",25,50,0.01,max_proc,lowest_lower_bound,PRUNE,all_to_shortest,greedy,6020,111,111,0.1480927467346191,0.0977342192691029,True,6020.0,35,-1,5431.64
Uniform1-5000_Seed107_J50_M25,"[0.039643, 0.988793]",25,50,0.02,max_proc,lowest_lower_bound,NO_PROFILING,all_to_shortest,greedy,5196,1922,2001,2.742870092391968,0.06788298691301,False,4843.28,39,-1,4843.28
Uniform1-5000_Seed107_J50_M25,"[0.039643, 0.988793]",25,50,0.01,max_proc,lowest_lower_bound,PRUNE,all_to_shortest,greedy,5400,42,2001,3.0518174171447754,0.1030962962962963,False,4843.28,32,-1,4843.28
Uniform1-5000_Seed108_J50_M25,"[0.029489, 1.000000]",25,50,0.02,max_proc,lowest_lower_bound,NO_PROFILING,all_to_shortest,greedy,5366,70,2001,2.8936026096343994,0.0773387998509131,False,4951.0,39,-1,4951.0
Uniform1-5000_Seed108_J50_M25,"[0.029489, 1.000000]",25,50,0.01,max_proc,lowest_lower_bound,PRUNE,all_to_shortest,greedy,5407,599,2001,2.4999940395355225,0.0843351211392639,False,4951.0,38,-1,4951.0
Uniform1-5000_Seed109_J50_M25,"[0.029254, 1.000000]",25,50,0.02,max_proc,lowest_lower_bound,NO_PROFILING,all_to_shortest,greedy,4854,32,32,0.0429158210754394,0.0,True,4854.0,30,32,4854.0
Uniform1-5000_Seed109_J50_M25,"[0.029254, 1.000000]",25,50,0.01,max_proc,lowest_lower_bound,PRUNE,all_to_shortest,greedy,4854,34,34,0.0501658916473388,0.0,True,4854.0,31,34,4854.0
Uniform1-5000_Seed110_J50_M25,"[0.044716, 0.915385]",25,50,0.02,max_proc,lowest_lower_bound,NO_PROFILING,all_to_shortest,greedy,6118,341,2001,3.2274341583251958,0.1080876103301732,False,5456.72,31,-1,5456.72
Uniform1-5000_Seed110_J50_M25,"[0.044716, 0.915385]",25,50,0.01,max_proc,lowest_lower_bound,PRUNE,all_to_shortest,greedy,6296,102,2001,3.072694063186645,0.1333036848792884,False,5505.0,31,-1,5456.72
Uniform1-5000_Seed111_J50_M25,"[0.025035, 1.000000]",25,50,0.02,max_proc,lowest_lower_bound,NO_PROFILING,all_to_shortest,greedy,5036,40,40,0.0529656410217285,0.0164813343923749,True,4953.0,38,-1,4953.0
Uniform1-5000_Seed111_J50_M25,"[0.025035, 1.000000]",25,50,0.01,max_proc,lowest_lower_bound,PRUNE,all_to_shortest,greedy,5010,88,88,0.1168756484985351,0.011377245508982,True,4953.0,39,-1,4953.0
Uniform1-5000_Seed112_J50_M25,"[0.010465, 1.000000]",25,50,0.02,max_proc,lowest_lower_bound,NO_PROFILING,all_to_shortest,greedy,5064,36,36,0.0486252307891845,0.0187598736176935,True,4969.0,34,-1,4969.0
Uniform1-5000_Seed112_J50_M25,"[0.010465, 1.000000]",25,50,0.01,max_proc,lowest_lower_bound,PRUNE,all_to_shortest,greedy,4969,41,41,0.0673544406890869,0.0,True,4969.0,39,41,4969.0
Uniform1-5000_Seed113_J50_M25,"[0.002139, 0.860594]",25,50,0.02,max_proc,lowest_lower_bound,NO_PROFILING,all_to_shortest,greedy,6720,1603,2001,3.4527664184570312,0.1649940476190476,False,5611.24,25,-1,5611.24
Uniform1-5000_Seed113_J50_M25,"[0.002139, 0.860594]",25,50,0.01,max_proc,lowest_lower_bound,PRUNE,all_to_shortest,greedy,6467,447,2001,2.9940435886383057,0.1323271996288851,False,6156.0,36,-1,5611.24
Uniform1-5000_Seed114_J50_M25,"[0.009808, 1.000000]",25,50,0.02,max_proc,lowest_lower_bound,NO_PROFILING,all_to_shortest,greedy,5512,1481,2001,2.9249000549316406,0.0936139332365747,False,4996.0,40,-1,4996.0
Uniform1-5000_Seed114_J50_M25,"[0.009808, 1.000000]",25,50,0.01,max_proc,lowest_lower_bound,PRUNE,all_to_shortest,greedy,5560,1501,2001,2.797329425811768,0.1014388489208633,False,4996.0,40,-1,4996.0
Uniform1-5000_Seed115_J50_M25,"[0.006401, 1.000000]",25,50,0.02,max_proc,lowest_lower_bound,NO_PROFILING,all_to_shortest,greedy,5017,27,27,0.0367319583892822,0.003587801474985,True,4999.0,25,-1,4999.0
Uniform1-5000_Seed115_J50_M25,"[0.006401, 1.000000]",25,50,0.01,max_proc,lowest_lower_bound,PRUNE,all_to_shortest,greedy,5052,28,28,0.0415081977844238,0.0104908946951702,True,4999.0,26,-1,4999.0
Uniform1-5000_Seed116_J50_M25,"[0.003724, 0.845435]",25,50,0.02,max_proc,lowest_lower_bound,NO_PROFILING,all_to_shortest,greedy,7459,759,2001,3.640813589096069,0.2079099074943022,False,5908.2,25,-1,5908.2
Uniform1-5000_Seed116_J50_M25,"[0.003724, 0.845435]",25,50,0.01,max_proc,lowest_lower_bound,PRUNE,all_to_shortest,greedy,6694,34,34,0.055967092514038,0.117388706304153,True,6694.0,32,-1,5908.2
Uniform1-5000_Seed117_J50_M25,"[0.001803, 1.000000]",25,50,0.02,max_proc,lowest_lower_bound,NO_PROFILING,all_to_shortest,greedy,5769,1003,2001,2.832256317138672,0.1345120471485526,False,4993.0,26,-1,4993.0
Uniform1-5000_Seed117_J50_M25,"[0.001803, 1.000000]",25,50,0.01,max_proc,lowest_lower_bound,PRUNE,all_to_shortest,greedy,5094,41,41,0.0618977546691894,0.019827247742442,True,5067.0,37,-1,4993.0
Uniform1-5000_Seed118_J50_M25,"[0.010640, 1.000000]",25,50,0.02,max_proc,lowest_lower_bound,NO_PROFILING,all_to_shortest,greedy,4959,31,31,0.0413410663604736,0.014519056261343,True,4887.0,29,-1,4887.0
Uniform1-5000_Seed118_J50_M25,"[0.010640, 1.000000]",25,50,0.01,max_proc,lowest_lower_bound,PRUNE,all_to_shortest,greedy,4909,37,37,0.0559298992156982,0.0044815644734161,True,4887.0,35,-1,4887.0
Uniform1-5000_Seed119_J50_M25,"[0.000582, 0.948849]",25,50,0.02,max_proc,lowest_lower_bound,NO_PROFILING,all_to_shortest,greedy,6020,356,2001,3.406536817550659,0.1440930232558138,False,5152.56,26,-1,5152.56
Uniform1-5000_Seed119_J50_M25,"[0.000582, 0.948849]",25,50,0.01,max_proc,lowest_lower_bound,PRUNE,all_to_shortest,greedy,5805,465,2001,2.5966031551361084,0.112392764857881,False,5308.0,36,-1,5152.56
Uniform1-5000_Seed120_J50_M25,"[0.002251, 0.964868]",25,50,0.02,max_proc,lowest_lower_bound,NO_PROFILING,all_to_shortest,greedy,6021,907,2001,3.285075187683105,0.1885666832752034,False,4885.64,25,-1,4885.64
Uniform1-5000_Seed120_J50_M25,"[0.002251, 0.964868]",25,50,0.01,max_proc,lowest_lower_bound,PRUNE,all_to_shortest,greedy,5334,41,41,0.0602445602416992,0.0840569928758904,True,5334.0,34,-1,4885.64
Uniform1-5000_Seed121_J50_M25,"[0.002800, 1.000000]",25,50,0.02,max_proc,lowest_lower_bound,NO_PROFILING,all_to_shortest,greedy,5186,1034,2001,2.5099942684173584,0.0358657925183185,False,5000.0,32,-1,5000.0
Uniform1-5000_Seed121_J50_M25,"[0.002800, 1.000000]",25,50,0.01,max_proc,lowest_lower_bound,PRUNE,all_to_shortest,greedy,5074,682,682,0.8486616611480713,0.0145841545132045,True,5010.0,36,-1,5000.0
Uniform1-5000_Seed122_J50_M25,"[0.026957, 0.944073]",25,50,0.02,max_proc,lowest_lower_bound,NO_PROFILING,all_to_shortest,greedy,6367,28,2001,3.083751678466797,0.1726715878749803,False,5267.6,25,-1,5267.6
Uniform1-5000_Seed122_J50_M25,"[0.026957, 0.944073]",25,50,0.01,max_proc,lowest_lower_bound,PRUNE,all_to_shortest,greedy,5834,337,337,0.5635561943054199,0.0970860473088789,True,5735.0,33,-1,5267.6
Uniform1-5000_Seed123_J50_M25,"[0.007871, 0.975843]",25,50,0.02,max_proc,lowest_lower_bound,NO_PROFILING,all_to_shortest,greedy,5986,27,2001,2.94417667388916,0.1510591379886401,False,5081.76,26,-1,5081.76
Uniform1-5000_Seed123_J50_M25,"[0.007871, 0.975843]",25,50,0.01,max_proc,lowest_lower_bound,PRUNE,all_to_shortest,greedy,5553,59,2001,2.911731719970703,0.0848622366288492,False,5234.0,36,-1,5081.76
Uniform1-5000_Seed124_J50_M25,"[0.013793, 1.000000]",25,50,0.02,max_proc,lowest_lower_bound,NO_PROFILING,all_to_shortest,greedy,4930,31,31,0.0394392013549804,0.0,True,4930.0,29,31,4930.0
Uniform1-5000_Seed124_J50_M25,"[0.013793, 1.000000]",25,50,0.01,max_proc,lowest_lower_bound,PRUNE,all_to_shortest,greedy,5004,37,37,0.0541729927062988,0.0147881694644284,True,4930.0,35,-1,4930.0
Uniform1-5000_Seed125_J50_M25,"[0.038644, 0.854996]",25,50,0.02,max_proc,lowest_lower_bound,NO_PROFILING,all_to_shortest,greedy,6954,311,2001,3.533799886703491,0.1664480874316939,False,5796.52,25,-1,5796.52
Uniform1-5000_Seed125_J50_M25,"[0.038644, 0.854996]",25,50,0.01,max_proc,lowest_lower_bound,PRUNE,all_to_shortest,greedy,6037,56,56,0.0838789939880371,0.0398343548119926,True,6037.0,41,-1,5796.52
Uniform1-5000_Seed126_J50_M25,"[0.000799, 0.982124]",25,50,0.02,max_proc,lowest_lower_bound,NO_PROFILING,all_to_shortest,greedy,6286,1218,2001,3.2059338092803955,0.2040343620744512,False,5003.44,25,-1,5003.44
Uniform1-5000_Seed126_J50_M25,"[0.000799, 0.982124]",25,50,0.01,max_proc,lowest_lower_bound,PRUNE,all_to_shortest,greedy,5534,385,385,0.5171794891357422,0.0958727864112758,True,5534.0,34,-1,5003.44
Uniform1-5000_Seed127_J50_M25,"[0.012368, 1.000000]",25,50,0.02,max_proc,lowest_lower_bound,NO_PROFILING,all_to_shortest,greedy,5471,488,2001,2.829239845275879,0.0985194662767318,False,4932.0,26,-1,4932.0
Uniform1-5000_Seed127_J50_M25,"[0.012368, 1.000000]",25,50,0.01,max_proc,lowest_lower_bound,PRUNE,all_to_shortest,greedy,5056,44,44,0.0644032955169677,0.0245253164556962,True,5004.0,36,-1,4932.0
Uniform1-5000_Seed128_J50_M25,"[0.036847, 1.000000]",25,50,0.02,max_proc,lowest_lower_bound,NO_PROFILING,all_to_shortest,greedy,4932,30,30,0.051924705505371,0.009529602595296,True,4885.0,28,-1,4885.0
Uniform1-5000_Seed128_J50_M25,"[0.036847, 1.000000]",25,50,0.01,max_proc,lowest_lower_bound,PRUNE,all_to_shortest,greedy,4885,39,39,0.0563349723815918,0.0,True,4885.0,32,39,4885.0
Uniform1-5000_Seed129_J50_M25,"[0.023438, 1.000000]",25,50,0.02,max_proc,lowest_lower_bound,NO_PROFILING,all_to_shortest,greedy,4864,32,32,0.0407099723815918,0.0,True,4864.0,30,32,4864.0
Uniform1-5000_Seed129_J50_M25,"[0.023438, 1.000000]",25,50,0.01,max_proc,lowest_lower_bound,PRUNE,all_to_shortest,greedy,4864,32,32,0.0506956577301025,0.0,True,4864.0,30,32,4864.0
Uniform1-5000_Seed130_J50_M25,"[0.053309, 1.000000]",25,50,0.02,max_proc,lowest_lower_bound,NO_PROFILING,all_to_shortest,greedy,4971,39,39,0.0560896396636962,0.0,True,4971.0,37,39,4971.0
Uniform1-5000_Seed130_J50_M25,"[0.053309, 1.000000]",25,50,0.01,max_proc,lowest_lower_bound,PRUNE,all_to_shortest,greedy,5051,75,75,0.1115632057189941,0.0158384478321124,True,4971.0,43,-1,4971.0
Uniform1-5000_Seed101_J100_M50,"[0.009329, 0.925408]",50,100,0.02,max_proc,lowest_lower_bound,NO_PROFILING,all_to_shortest,greedy,6525,1532,2001,16.66838836669922,0.1785747126436781,False,5359.8,50,-1,5359.8
Uniform1-5000_Seed101_J100_M50,"[0.009329, 0.925408]",50,100,0.01,max_proc,lowest_lower_bound,PRUNE,all_to_shortest,greedy,6207,519,2001,19.16589593887329,0.1364910584823586,False,5479.0,64,-1,5359.8
Uniform1-5000_Seed102_J100_M50,"[0.014766, 0.954229]",50,100,0.02,max_proc,lowest_lower_bound,NO_PROFILING,all_to_shortest,greedy,6453,1743,2001,17.957940101623535,0.1918983418565008,False,5214.68,50,-1,5214.68
Uniform1-5000_Seed102_J100_M50,"[0.014766, 0.954229]",50,100,0.01,max_proc,lowest_lower_bound,PRUNE,all_to_shortest,greedy,5654,103,2001,15.371259689331056,0.0777007428369295,False,5428.0,77,-1,5214.68
Uniform1-5000_Seed103_J100_M50,"[0.002206, 1.000000]",50,100,0.02,max_proc,lowest_lower_bound,NO_PROFILING,all_to_shortest,greedy,5372,141,2001,14.884591102600098,0.0716679076693968,False,4987.0,81,-1,4987.0
Uniform1-5000_Seed103_J100_M50,"[0.002206, 1.000000]",50,100,0.01,max_proc,lowest_lower_bound,PRUNE,all_to_shortest,greedy,5660,542,2001,16.676627159118652,0.1189045936395759,False,4987.0,73,-1,4987.0
Uniform1-5000_Seed104_J100_M50,"[0.013969, 0.984191]",50,100,0.02,max_proc,lowest_lower_bound,NO_PROFILING,all_to_shortest,greedy,6363,1469,2001,17.053821086883545,0.2124438158101524,False,5011.22,50,-1,5011.22
Uniform1-5000_Seed104_J100_M50,"[0.013969, 0.984191]",50,100,0.01,max_proc,lowest_lower_bound,PRUNE,all_to_shortest,greedy,5304,242,242,2.0943517684936523,0.0551998491704373,True,5224.0,82,-1,5011.22
Uniform1-5000_Seed105_J100_M50,"[0.000200, 1.000000]",50,100,0.02,max_proc,lowest_lower_bound,NO_PROFILING,all_to_shortest,greedy,5041,69,69,0.5370962619781494,0.0081333068835548,True,5000.0,67,-1,5000.0
Uniform1-5000_Seed105_J100_M50,"[0.000200, 1.000000]",50,100,0.01,max_proc,lowest_lower_bound,PRUNE,all_to_shortest,greedy,5012,89,89,0.7420117855072021,0.0023942537909018,True,5000.0,87,-1,5000.0
Uniform1-5000_Seed106_J100_M50,"[0.001209, 1.000000]",50,100,0.02,max_proc,lowest_lower_bound,NO_PROFILING,all_to_shortest,greedy,4963,78,78,0.5820324420928955,0.0,True,4963.0,76,78,4963.0
Uniform1-5000_Seed106_J100_M50,"[0.001209, 1.000000]",50,100,0.01,max_proc,lowest_lower_bound,PRUNE,all_to_shortest,greedy,5087,105,2001,14.718458890914915,0.0243758600353843,False,4963.0,81,-1,4963.0
Uniform1-5000_Seed107_J100_M50,"[0.001019, 0.996378]",50,100,0.02,max_proc,lowest_lower_bound,NO_PROFILING,all_to_shortest,greedy,6257,324,2001,16.833788871765137,0.2154738692664216,False,4908.78,50,-1,4908.78
Uniform1-5000_Seed107_J100_M50,"[0.001019, 0.996378]",50,100,0.01,max_proc,lowest_lower_bound,PRUNE,all_to_shortest,greedy,5767,62,2001,18.48292732238769,0.1488156753944859,False,4993.0,66,-1,4908.78
Uniform1-5000_Seed108_J100_M50,"[0.016870, 0.943947]",50,100,0.02,max_proc,lowest_lower_bound,NO_PROFILING,all_to_shortest,greedy,6496,555,2001,18.580564498901367,0.1878509852216748,False,5275.72,57,-1,5275.72
Uniform1-5000_Seed108_J100_M50,"[0.016870, 0.943947]",50,100,0.01,max_proc,lowest_lower_bound,PRUNE,all_to_shortest,greedy,6596,59,2001,22.105926513671875,0.2001637355973316,False,5297.0,57,-1,5275.72
Uniform1-5000_Seed109_J100_M50,"[0.008123, 0.961702]",50,100,0.02,max_proc,lowest_lower_bound,NO_PROFILING,all_to_shortest,greedy,6063,887,2001,15.214133024215698,0.1675243278904832,False,5047.3,50,-1,5047.3
Uniform1-5000_Seed109_J100_M50,"[0.008123, 0.961702]",50,100,0.01,max_proc,lowest_lower_bound,PRUNE,all_to_shortest,greedy,5523,395,395,3.08782696723938,0.0861307260546803,True,5460.0,73,-1,5047.3
Uniform1-5000_Seed110_J100_M50,"[0.021646, 0.916272]",50,100,0.02,max_proc,lowest_lower_bound,NO_PROFILING,all_to_shortest,greedy,6940,1249,2001,18.14447283744812,0.2144899135446686,False,5451.44,50,-1,5451.44
Uniform1-5000_Seed110_J100_M50,"[0.021646, 0.916272]",50,100,0.01,max_proc,lowest_lower_bound,PRUNE,all_to_shortest,greedy,6308,172,2001,20.073606252670288,0.1357894736842106,False,5594.0,67,-1,5451.44
Uniform1-5000_Seed111_J100_M50,"[0.015344, 1.000000]",50,100,0.02,max_proc,lowest_lower_bound,NO_PROFILING,all_to_shortest,greedy,4953,72,72,0.5372920036315918,0.0,True,4953.0,70,72,4953.0
Uniform1-5000_Seed111_J100_M50,"[0.015344, 1.000000]",50,100,0.01,max_proc,lowest_lower_bound,PRUNE,all_to_shortest,greedy,5006,98,98,0.8025507926940918,0.0105872952457051,True,4953.0,75,-1,4953.0
Uniform1-5000_Seed112_J100_M50,"[0.009801, 0.938592]",50,100,0.02,max_proc,lowest_lower_bound,NO_PROFILING,all_to_shortest,greedy,6775,305,2001,18.38803243637085,0.2168531365313653,False,5305.82,50,-1,5305.82
Uniform1-5000_Seed112_J100_M50,"[0.009801, 0.938592]",50,100,0.01,max_proc,lowest_lower_bound,PRUNE,all_to_shortest,greedy,5799,81,81,0.7176816463470459,0.0850456975340576,True,5799.0,78,-1,5305.82
Uniform1-5000_Seed113_J100_M50,"[0.002152, 0.966750]",50,100,0.02,max_proc,lowest_lower_bound,NO_PROFILING,all_to_shortest,greedy,6732,86,2001,18.444260358810425,0.2407991681521094,False,5110.94,50,-1,5110.94
Uniform1-5000_Seed113_J100_M50,"[0.002152, 0.966750]",50,100,0.01,max_proc,lowest_lower_bound,PRUNE,all_to_shortest,greedy,6305,588,2001,18.039842128753666,0.1893830293417923,False,5590.0,62,-1,5110.94
Uniform1-5000_Seed114_J100_M50,"[0.007206, 1.000000]",50,100,0.02,max_proc,lowest_lower_bound,NO_PROFILING,all_to_shortest,greedy,5063,63,63,0.4739351272583008,0.0132332609125024,True,4996.0,61,-1,4996.0
Uniform1-5000_Seed114_J100_M50,"[0.007206, 1.000000]",50,100,0.01,max_proc,lowest_lower_bound,PRUNE,all_to_shortest,greedy,5086,81,81,0.6441433429718018,0.017695635076681,True,4996.0,79,-1,4996.0
Uniform1-5000_Seed115_J100_M50,"[0.001200, 1.000000]",50,100,0.02,max_proc,lowest_lower_bound,NO_PROFILING,all_to_shortest,greedy,5820,844,2001,15.058963298797607,0.1410652920962199,False,4999.0,57,-1,4999.0
Uniform1-5000_Seed115_J100_M50,"[0.001200, 1.000000]",50,100,0.01,max_proc,lowest_lower_bound,PRUNE,all_to_shortest,greedy,5958,919,2001,15.046208381652832,0.1609600537092984,False,4999.0,57,-1,4999.0
Uniform1-5000_Seed116_J100_M50,"[0.004108, 0.932756]",50,100,0.02,max_proc,lowest_lower_bound,NO_PROFILING,all_to_shortest,greedy,6849,486,2001,18.860045433044437,0.2181194334939406,False,5355.1,50,-1,5355.1
Uniform1-5000_Seed116_J100_M50,"[0.004108, 0.932756]",50,100,0.01,max_proc,lowest_lower_bound,PRUNE,all_to_shortest,greedy,6231,67,2001,18.07493257522583,0.1405713368640667,False,5563.0,65,-1,5355.1
Uniform1-5000_Seed117_J100_M50,"[0.001803, 1.000000]",50,100,0.02,max_proc,lowest_lower_bound,NO_PROFILING,all_to_shortest,greedy,5082,66,66,0.491849422454834,0.0175127902400629,True,4993.0,64,-1,4993.0
Uniform1-5000_Seed117_J100_M50,"[0.001803, 1.000000]",50,100,0.01,max_proc,lowest_lower_bound,PRUNE,all_to_shortest,greedy,5068,97,97,0.7848668098449707,0.0147987371744277,True,4993.0,85,-1,4993.0
Uniform1-5000_Seed118_J100_M50,"[0.003885, 1.000000]",50,100,0.02,max_proc,lowest_lower_bound,NO_PROFILING,all_to_shortest,greedy,4891,68,68,0.4937372207641601,0.0,True,4891.0,66,68,4891.0
Uniform1-5000_Seed118_J100_M50,"[0.003885, 1.000000]",50,100,0.01,max_proc,lowest_lower_bound,PRUNE,all_to_shortest,greedy,4912,81,81,0.6423006057739258,0.0042752442996742,True,4891.0,77,-1,4891.0
Uniform1-5000_Seed119_J100_M50,"[0.000608, 0.996606]",50,100,0.02,max_proc,lowest_lower_bound,NO_PROFILING,all_to_shortest,greedy,6249,1369,2001,17.080044269561768,0.2106353016482637,False,4932.74,50,-1,4932.74
Uniform1-5000_Seed119_J100_M50,"[0.000608, 0.996606]",50,100,0.01,max_proc,lowest_lower_bound,PRUNE,all_to_shortest,greedy,5253,83,83,0.6874701976776123,0.0609670664382258,True,5192.0,79,-1,4932.74
Uniform1-5000_Seed120_J100_M50,"[0.002137, 0.954657]",50,100,0.02,max_proc,lowest_lower_bound,NO_PROFILING,all_to_shortest,greedy,6434,1979,2001,17.96337580680847,0.1999689151383276,False,5147.4,50,-1,5147.4
Uniform1-5000_Seed120_J100_M50,"[0.002137, 0.954657]",50,100,0.01,max_proc,lowest_lower_bound,PRUNE,all_to_shortest,greedy,5597,83,83,0.6947264671325684,0.0803287475433268,True,5509.0,75,-1,5147.4
Uniform1-5000_Seed121_J100_M50,"[0.002800, 1.000000]",50,100,0.02,max_proc,lowest_lower_bound,NO_PROFILING,all_to_shortest,greedy,5842,271,2001,15.66836428642273,0.1441287230400547,False,5000.0,63,-1,5000.0
Uniform1-5000_Seed121_J100_M50,"[0.002800, 1.000000]",50,100,0.01,max_proc,lowest_lower_bound,PRUNE,all_to_shortest,greedy,5967,1927,2001,18.6705904006958,0.1620579855873973,False,5000.0,63,-1,5000.0
Uniform1-5000_Seed122_J100_M50,"[0.010456, 1.000000]",50,100,0.02,max_proc,lowest_lower_bound,NO_PROFILING,all_to_shortest,greedy,5997,495,2001,16.352752208709717,0.1707520426880106,False,4973.0,55,-1,4973.0
Uniform1-5000_Seed122_J100_M50,"[0.010456, 1.000000]",50,100,0.01,max_proc,lowest_lower_bound,PRUNE,all_to_shortest,greedy,5079,152,152,1.244903326034546,0.0208702500492222,True,5030.0,89,-1,4973.0
Uniform1-5000_Seed123_J100_M50,"[0.008066, 1.000000]",50,100,0.02,max_proc,lowest_lower_bound,NO_PROFILING,all_to_shortest,greedy,5430,1540,2001,14.94928741455078,0.0867403314917127,False,4959.0,72,-1,4959.0
Uniform1-5000_Seed123_J100_M50,"[0.008066, 1.000000]",50,100,0.01,max_proc,lowest_lower_bound,PRUNE,all_to_shortest,greedy,5474,1009,2001,15.809179782867432,0.0940811107051516,False,4959.0,72,-1,4959.0
Uniform1-5000_Seed124_J100_M50,"[0.008316, 1.000000]",50,100,0.02,max_proc,lowest_lower_bound,NO_PROFILING,all_to_shortest,greedy,4930,83,83,0.6233971118927002,0.0,True,4930.0,81,83,4930.0
Uniform1-5000_Seed124_J100_M50,"[0.008316, 1.000000]",50,100,0.01,max_proc,lowest_lower_bound,PRUNE,all_to_shortest,greedy,5296,1074,2001,15.68011212348938,0.0691087613293051,False,4930.0,74,-1,4930.0
Uniform1-5000_Seed125_J100_M50,"[0.003091, 0.907758]",50,100,0.02,max_proc,lowest_lower_bound,NO_PROFILING,all_to_shortest,greedy,6777,1662,2001,19.81287240982056,0.1885406522059908,False,5499.26,50,-1,5499.26
Uniform1-5000_Seed125_J100_M50,"[0.003091, 0.907758]",50,100,0.01,max_proc,lowest_lower_bound,PRUNE,all_to_shortest,greedy,5779,91,91,0.7996480464935303,0.0484062986675895,True,5745.0,89,-1,5499.26
Uniform1-5000_Seed126_J100_M50,"[0.000814, 1.000000]",50,100,0.02,max_proc,lowest_lower_bound,NO_PROFILING,all_to_shortest,greedy,5977,51,2001,15.671697616577148,0.1778484189392672,False,4914.0,50,-1,4914.0
Uniform1-5000_Seed126_J100_M50,"[0.000814, 1.000000]",50,100,0.01,max_proc,lowest_lower_bound,PRUNE,all_to_shortest,greedy,6002,49,2001,19.859066009521484,0.1812729090303232,False,5212.0,58,-1,4914.0
Uniform1-5000_Seed127_J100_M50,"[0.007230, 0.976239]",50,100,0.02,max_proc,lowest_lower_bound,NO_PROFILING,all_to_shortest,greedy,6508,411,2001,17.393611192703247,0.2136447449293177,False,5117.6,50,-1,5117.6
Uniform1-5000_Seed127_J100_M50,"[0.007230, 0.976239]",50,100,0.01,max_proc,lowest_lower_bound,PRUNE,all_to_shortest,greedy,5663,471,471,3.931473255157471,0.0963093766554828,True,5663.0,69,-1,5117.6
Uniform1-5000_Seed128_J100_M50,"[0.006866, 1.000000]",50,100,0.02,max_proc,lowest_lower_bound,NO_PROFILING,all_to_shortest,greedy,4952,65,65,0.4783468246459961,0.0,True,4952.0,63,65,4952.0
Uniform1-5000_Seed128_J100_M50,"[0.006866, 1.000000]",50,100,0.01,max_proc,lowest_lower_bound,PRUNE,all_to_shortest,greedy,5048,78,78,0.6609563827514648,0.0190174326465927,True,4952.0,74,-1,4952.0
Uniform1-5000_Seed129_J100_M50,"[0.022873, 1.000000]",50,100,0.02,max_proc,lowest_lower_bound,NO_PROFILING,all_to_shortest,greedy,6232,1322,2001,15.851957321166992,0.2002567394094993,False,4984.0,50,-1,4984.0
Uniform1-5000_Seed129_J100_M50,"[0.022873, 1.000000]",50,100,0.01,max_proc,lowest_lower_bound,PRUNE,all_to_shortest,greedy,5285,84,84,0.6902322769165039,0.0569536423841059,True,5247.0,74,-1,4984.0
Uniform1-5000_Seed130_J100_M50,"[0.034014, 0.953358]",50,100,0.02,max_proc,lowest_lower_bound,NO_PROFILING,all_to_shortest,greedy,6501,451,2001,17.64465093612671,0.1950346100599908,False,5233.08,50,-1,5233.08
Uniform1-5000_Seed130_J100_M50,"[0.034014, 0.953358]",50,100,0.01,max_proc,lowest_lower_bound,PRUNE,all_to_shortest,greedy,5534,95,95,0.8060569763183594,0.054376581134803,True,5493.0,92,-1,5233.08
Uniform1-5000_Seed101_J150_M75,"[0.007778, 0.940891]",75,150,0.02,max_proc,lowest_lower_bound,NO_PROFILING,all_to_shortest,greedy,6479,1282,2001,51.15016746520996,0.1863559191233214,False,5271.6,90,-1,5271.6
Uniform1-5000_Seed101_J150_M75,"[0.007778, 0.940891]",75,150,0.01,max_proc,lowest_lower_bound,PRUNE,all_to_shortest,greedy,6442,636,2001,52.22782111167908,0.1816827072337782,False,5271.6,90,-1,5271.6
Uniform1-5000_Seed102_J150_M75,"[0.015013, 0.970213]",75,150,0.02,max_proc,lowest_lower_bound,NO_PROFILING,all_to_shortest,greedy,6545,533,2001,51.05903720855713,0.2163829895594601,False,5128.7733333333335,75,-1,5128.7733333333335
Uniform1-5000_Seed102_J150_M75,"[0.015013, 0.970213]",75,150,0.01,max_proc,lowest_lower_bound,PRUNE,all_to_shortest,greedy,5323,163,163,3.8312578201293945,0.0364881958795165,True,5323.0,133,-1,5128.7733333333335
Uniform1-5000_Seed103_J150_M75,"[0.002206, 1.000000]",75,150,0.02,max_proc,lowest_lower_bound,NO_PROFILING,all_to_shortest,greedy,5070,98,98,1.964717388153076,0.0163708086785009,True,4987.0,96,-1,4987.0
Uniform1-5000_Seed103_J150_M75,"[0.002206, 1.000000]",75,150,0.01,max_proc,lowest_lower_bound,PRUNE,all_to_shortest,greedy,5045,123,123,2.824340581893921,0.0114965312190287,True,4987.0,121,-1,4987.0
Uniform1-5000_Seed104_J150_M75,"[0.009577, 0.963906]",75,150,0.02,max_proc,lowest_lower_bound,NO_PROFILING,all_to_shortest,greedy,6668,474,2001,49.10499167442322,0.2326514697060587,False,5116.68,75,-1,5116.68
Uniform1-5000_Seed104_J150_M75,"[0.009577, 0.963906]",75,150,0.01,max_proc,lowest_lower_bound,PRUNE,all_to_shortest,greedy,5546,126,126,2.993163585662842,0.0774107464839523,True,5441.0,120,-1,5116.68
Uniform1-5000_Seed105_J150_M75,"[0.000200, 1.000000]",75,150,0.02,max_proc,lowest_lower_bound,NO_PROFILING,all_to_shortest,greedy,5000,108,108,2.2377541065216064,0.0,True,5000.0,106,108,5000.0
Uniform1-5000_Seed105_J150_M75,"[0.000200, 1.000000]",75,150,0.01,max_proc,lowest_lower_bound,PRUNE,all_to_shortest,greedy,5086,133,133,3.175881147384644,0.0169091624066063,True,5000.0,131,-1,5000.0
Uniform1-5000_Seed106_J150_M75,"[0.001187, 0.982000]",75,150,0.02,max_proc,lowest_lower_bound,NO_PROFILING,all_to_shortest,greedy,6013,82,2001,47.45323777198792,0.1594922113199179,False,5053.973333333333,97,-1,5053.973333333333
Uniform1-5000_Seed106_J150_M75,"[0.001187, 0.982000]",75,150,0.01,max_proc,lowest_lower_bound,PRUNE,all_to_shortest,greedy,6008,126,2001,56.87510561943054,0.1587927208166888,False,5053.973333333333,97,-1,5053.973333333333
Uniform1-5000_Seed107_J150_M75,"[0.000979, 0.957983]",75,150,0.02,max_proc,lowest_lower_bound,NO_PROFILING,all_to_shortest,greedy,6526,795,2001,46.320778369903564,0.2176647257125344,False,5105.52,75,-1,5105.52
Uniform1-5000_Seed107_J150_M75,"[0.000979, 0.957983]",75,150,0.01,max_proc,lowest_lower_bound,PRUNE,all_to_shortest,greedy,5365,159,159,3.7329583168029785,0.0483653308480893,True,5288.0,124,-1,5105.52
Uniform1-5000_Seed108_J150_M75,"[0.017069, 0.955070]",75,150,0.02,max_proc,lowest_lower_bound,NO_PROFILING,all_to_shortest,greedy,6270,1903,2001,48.868539571762085,0.1683763955342903,False,5214.28,90,-1,5214.28
Uniform1-5000_Seed108_J150_M75,"[0.017069, 0.955070]",75,150,0.01,max_proc,lowest_lower_bound,PRUNE,all_to_shortest,greedy,6403,106,2001,57.133780002594,0.185650476339216,False,5214.28,90,-1,5214.28
Uniform1-5000_Seed109_J150_M75,"[0.007884, 0.943214]",75,150,0.02,max_proc,lowest_lower_bound,NO_PROFILING,all_to_shortest,greedy,6585,902,2001,44.14115571975708,0.2102799291318653,False,5200.306666666666,75,-1,5200.306666666666
Uniform1-5000_Seed109_J150_M75,"[0.007884, 0.943214]",75,150,0.01,max_proc,lowest_lower_bound,PRUNE,all_to_shortest,greedy,5905,109,109,2.6254186630249023,0.1193384137736382,True,5805.0,104,-1,5200.306666666666
Uniform1-5000_Seed110_J150_M75,"[0.022803, 0.965250]",75,150,0.02,max_proc,lowest_lower_bound,NO_PROFILING,all_to_shortest,greedy,6203,1477,2001,48.85088515281677,0.1657542049545918,False,5174.826666666667,96,-1,5174.826666666667
Uniform1-5000_Seed110_J150_M75,"[0.022803, 0.965250]",75,150,0.01,max_proc,lowest_lower_bound,PRUNE,all_to_shortest,greedy,6168,92,2001,57.4353187084198,0.1610203199308257,False,5174.826666666667,96,-1,5174.826666666667
Uniform1-5000_Seed111_J150_M75,"[0.015344, 1.000000]",75,150,0.02,max_proc,lowest_lower_bound,NO_PROFILING,all_to_shortest,greedy,4953,111,111,2.4137115478515625,0.0,True,4953.0,109,111,4953.0
Uniform1-5000_Seed111_J150_M75,"[0.015344, 1.000000]",75,150,0.01,max_proc,lowest_lower_bound,PRUNE,all_to_shortest,greedy,5041,234,234,5.575628995895386,0.0174568537988494,True,4953.0,124,-1,4953.0
Uniform1-5000_Seed112_J150_M75,"[0.010263, 0.983856]",75,150,0.02,max_proc,lowest_lower_bound,NO_PROFILING,all_to_shortest,greedy,6475,1868,2001,48.3248770236969,0.2174826254826254,False,5066.8,75,-1,5066.8
Uniform1-5000_Seed112_J150_M75,"[0.010263, 0.983856]",75,150,0.01,max_proc,lowest_lower_bound,PRUNE,all_to_shortest,greedy,5279,190,190,4.862036943435669,0.0401970070089031,True,5244.0,128,-1,5066.8
Uniform1-5000_Seed113_J150_M75,"[0.002181, 0.991431]",75,150,0.02,max_proc,lowest_lower_bound,NO_PROFILING,all_to_shortest,greedy,6574,143,2001,46.70426630973816,0.232854680052733,False,5043.213333333333,75,-1,5043.213333333333
Uniform1-5000_Seed113_J150_M75,"[0.002181, 0.991431]",75,150,0.01,max_proc,lowest_lower_bound,PRUNE,all_to_shortest,greedy,6111,192,2001,50.735990047454834,0.1747319042164403,False,5438.0,96,-1,5043.213333333333
Uniform1-5000_Seed114_J150_M75,"[0.007204, 1.000000]",75,150,0.02,max_proc,lowest_lower_bound,NO_PROFILING,all_to_shortest,greedy,5012,92,92,1.9266715049743648,0.0029928172386272,True,4997.0,90,-1,4997.0
Uniform1-5000_Seed114_J150_M75,"[0.007204, 1.000000]",75,150,0.01,max_proc,lowest_lower_bound,PRUNE,all_to_shortest,greedy,5013,119,119,2.7448151111602783,0.0031917015759026,True,4997.0,117,-1,4997.0
Uniform1-5000_Seed115_J150_M75,"[0.001193, 0.994298]",75,150,0.02,max_proc,lowest_lower_bound,NO_PROFILING,all_to_shortest,greedy,6443,216,2001,45.58875322341919,0.2196699260179005,False,5027.666666666667,75,-1,5027.666666666667
Uniform1-5000_Seed115_J150_M75,"[0.001193, 0.994298]",75,150,0.01,max_proc,lowest_lower_bound,PRUNE,all_to_shortest,greedy,6092,155,2001,53.25160098075867,0.1747100021886626,False,5110.0,90,-1,5027.666666666667
Uniform1-5000_Seed116_J150_M75,"[0.004017, 0.912895]",75,150,0.02,max_proc,lowest_lower_bound,NO_PROFILING,all_to_shortest,greedy,6805,1009,2001,47.32653522491455,0.1951388684790595,False,5477.08,75,-1,5477.08
Uniform1-5000_Seed116_J150_M75,"[0.004017, 0.912895]",75,150,0.01,max_proc,lowest_lower_bound,PRUNE,all_to_shortest,greedy,6708,850,2001,60.595444679260254,0.1835002981514609,False,5601.0,90,-1,5477.08
Uniform1-5000_Seed117_J150_M75,"[0.001803, 1.000000]",75,150,0.02,max_proc,lowest_lower_bound,NO_PROFILING,all_to_shortest,greedy,6334,736,2001,46.36558532714844,0.2117145563624881,False,4993.0,75,-1,4993.0
Uniform1-5000_Seed117_J150_M75,"[0.001803, 1.000000]",75,150,0.01,max_proc,lowest_lower_bound,PRUNE,all_to_shortest,greedy,5297,117,117,2.897371530532837,0.0573909760241646,True,5194.0,115,-1,4993.0
Uniform1-5000_Seed118_J150_M75,"[0.003821, 1.000000]",75,150,0.02,max_proc,lowest_lower_bound,NO_PROFILING,all_to_shortest,greedy,4979,120,120,2.624385356903076,0.0014059048001606,True,4972.0,118,-1,4972.0
Uniform1-5000_Seed118_J150_M75,"[0.003821, 1.000000]",75,150,0.01,max_proc,lowest_lower_bound,PRUNE,all_to_shortest,greedy,5023,241,241,5.372915029525757,0.0101532948437188,True,4972.0,131,-1,4972.0
Uniform1-5000_Seed119_J150_M75,"[0.000575, 0.950933]",75,150,0.02,max_proc,lowest_lower_bound,NO_PROFILING,all_to_shortest,greedy,6806,240,2001,49.64583730697632,0.2337819570966793,False,5214.88,75,-1,5214.88
Uniform1-5000_Seed119_J150_M75,"[0.000575, 0.950933]",75,150,0.01,max_proc,lowest_lower_bound,PRUNE,all_to_shortest,greedy,5535,1643,1643,41.69179129600525,0.0578355916892502,True,5433.0,123,-1,5214.88
Uniform1-5000_Seed120_J150_M75,"[0.002175, 0.986863]",75,150,0.02,max_proc,lowest_lower_bound,NO_PROFILING,all_to_shortest,greedy,6617,409,2001,47.63833737373352,0.2355367487783991,False,5058.453333333333,75,-1,5058.453333333333
Uniform1-5000_Seed120_J150_M75,"[0.002175, 0.986863]",75,150,0.01,max_proc,lowest_lower_bound,PRUNE,all_to_shortest,greedy,5605,107,107,2.546220302581787,0.0975105560511448,True,5509.0,105,-1,5058.453333333333
Uniform1-5000_Seed121_J150_M75,"[0.002800, 1.000000]",75,150,0.02,max_proc,lowest_lower_bound,NO_PROFILING,all_to_shortest,greedy,5000,1198,1198,25.00229835510254,0.0,True,5000.0,125,1198,5000.0
Uniform1-5000_Seed121_J150_M75,"[0.002800, 1.000000]",75,150,0.01,max_proc,lowest_lower_bound,PRUNE,all_to_shortest,greedy,5627,104,2001,51.03902626037598,0.1114270481606539,False,5000.0,102,-1,5000.0
Uniform1-5000_Seed122_J150_M75,"[0.010456, 1.000000]",75,150,0.02,max_proc,lowest_lower_bound,NO_PROFILING,all_to_shortest,greedy,5019,108,108,2.245844841003418,0.0091651723450886,True,4973.0,106,-1,4973.0
Uniform1-5000_Seed122_J150_M75,"[0.010456, 1.000000]",75,150,0.01,max_proc,lowest_lower_bound,PRUNE,all_to_shortest,greedy,5069,137,137,3.143669366836548,0.0189386466758729,True,4973.0,122,-1,4973.0
Uniform1-5000_Seed123_J150_M75,"[0.003592, 0.989628]",75,150,0.02,max_proc,lowest_lower_bound,NO_PROFILING,all_to_shortest,greedy,6398,431,2001,44.0988495349884,0.2167906637490882,False,5010.973333333333,75,-1,5010.973333333333
Uniform1-5000_Seed123_J150_M75,"[0.003592, 0.989628]",75,150,0.01,max_proc,lowest_lower_bound,PRUNE,all_to_shortest,greedy,5866,101,2001,47.00907874107361,0.1457597454256165,False,5086.0,87,-1,5010.973333333333
Uniform1-5000_Seed124_J150_M75,"[0.008316, 1.000000]",75,150,0.02,max_proc,lowest_lower_bound,NO_PROFILING,all_to_shortest,greedy,4947,110,110,2.252415180206299,0.0034364261168384,True,4930.0,108,-1,4930.0
Uniform1-5000_Seed124_J150_M75,"[0.008316, 1.000000]",75,150,0.01,max_proc,lowest_lower_bound,PRUNE,all_to_shortest,greedy,5122,272,2001,47.64829897880554,0.0374853572823115,False,4930.0,122,-1,4930.0
Uniform1-5000_Seed125_J150_M75,"[0.003112, 0.913884]",75,150,0.02,max_proc,lowest_lower_bound,NO_PROFILING,all_to_shortest,greedy,6945,1583,2001,52.36066389083862,0.2134773218142549,False,5462.4,75,-1,5462.4
Uniform1-5000_Seed125_J150_M75,"[0.003112, 0.913884]",75,150,0.01,max_proc,lowest_lower_bound,PRUNE,all_to_shortest,greedy,5745,124,124,3.0960655212402344,0.0491906005221932,True,5745.0,122,-1,5462.4
Uniform1-5000_Seed126_J150_M75,"[0.000805, 1.000000]",75,150,0.02,max_proc,lowest_lower_bound,NO_PROFILING,all_to_shortest,greedy,6119,527,2001,42.8955512046814,0.1882660565451871,False,4967.0,75,-1,4967.0
Uniform1-5000_Seed126_J150_M75,"[0.000805, 1.000000]",75,150,0.01,max_proc,lowest_lower_bound,PRUNE,all_to_shortest,greedy,6167,67,2001,47.63488745689392,0.1945840765364034,False,5063.0,82,-1,4967.0
Uniform1-5000_Seed127_J150_M75,"[0.007273, 0.982006]",75,150,0.02,max_proc,lowest_lower_bound,NO_PROFILING,all_to_shortest,greedy,6630,1209,2001,49.64839696884155,0.232647561588738,False,5087.546666666667,75,-1,5087.546666666667
Uniform1-5000_Seed127_J150_M75,"[0.007273, 0.982006]",75,150,0.01,max_proc,lowest_lower_bound,PRUNE,all_to_shortest,greedy,6528,1213,2001,60.048728466033936,0.220657679738562,False,5414.0,85,-1,5087.546666666667
Uniform1-5000_Seed128_J150_M75,"[0.006866, 1.000000]",75,150,0.02,max_proc,lowest_lower_bound,NO_PROFILING,all_to_shortest,greedy,6090,1728,2001,45.28430485725403,0.186863711001642,False,4952.0,75,-1,4952.0
Uniform1-5000_Seed128_J150_M75,"[0.006866, 1.000000]",75,150,0.01,max_proc,lowest_lower_bound,PRUNE,all_to_shortest,greedy,5094,139,139,3.3601279258728027,0.027875932469572,True,5009.0,134,-1,4952.0
Uniform1-5000_Seed129_J150_M75,"[0.004063, 0.964332]",75,150,0.02,max_proc,lowest_lower_bound,NO_PROFILING,all_to_shortest,greedy,6760,1982,2001,46.6737174987793,0.2354516765285996,False,5168.346666666666,75,-1,5168.346666666666
Uniform1-5000_Seed129_J150_M75,"[0.004063, 0.964332]",75,150,0.01,max_proc,lowest_lower_bound,PRUNE,all_to_shortest,greedy,6409,848,2001,54.46375918388367,0.193579861652884,False,5430.0,88,-1,5168.346666666666
Uniform1-5000_Seed130_J150_M75,"[0.031082, 0.957214]",75,150,0.02,max_proc,lowest_lower_bound,NO_PROFILING,all_to_shortest,greedy,6713,1255,2001,49.16135621070862,0.2235960077461641,False,5212.0,75,-1,5212.0
Uniform1-5000_Seed130_J150_M75,"[0.031082, 0.957214]",75,150,0.01,max_proc,lowest_lower_bound,PRUNE,all_to_shortest,greedy,5530,139,139,3.426478147506714,0.05750452079566,True,5445.0,137,-1,5212.0
Uniform1-5000_Seed101_J200_M100,"[0.004434, 0.956095]",100,200,0.02,max_proc,lowest_lower_bound,NO_PROFILING,all_to_shortest,greedy,6395,258,2001,106.14709639549255,0.1887771696637998,False,5187.77,112,-1,5187.77
Uniform1-5000_Seed101_J200_M100,"[0.004434, 0.956095]",100,200,0.01,max_proc,lowest_lower_bound,PRUNE,all_to_shortest,greedy,6361,114,2001,129.96351647377014,0.1844411256091808,False,5187.77,112,-1,5187.77
Uniform1-5000_Seed102_J200_M100,"[0.015462, 0.999229]",100,200,0.02,max_proc,lowest_lower_bound,NO_PROFILING,all_to_shortest,greedy,6097,1693,2001,104.66971015930176,0.183231097260948,False,4979.84,108,-1,4979.84
Uniform1-5000_Seed102_J200_M100,"[0.015462, 0.999229]",100,200,0.01,max_proc,lowest_lower_bound,PRUNE,all_to_shortest,greedy,6114,119,2001,103.56202912330627,0.1855021262675825,False,5002.0,108,-1,4979.84
Uniform1-5000_Seed103_J200_M100,"[0.002206, 1.000000]",100,200,0.02,max_proc,lowest_lower_bound,NO_PROFILING,all_to_shortest,greedy,4989,138,138,6.278234481811523,0.0004008819402685,True,4987.0,136,-1,4987.0
Uniform1-5000_Seed103_J200_M100,"[0.002206, 1.000000]",100,200,0.01,max_proc,lowest_lower_bound,PRUNE,all_to_shortest,greedy,5081,167,167,8.420566082000732,0.0185002952174768,True,4987.0,165,-1,4987.0
Uniform1-5000_Seed104_J200_M100,"[0.001621, 0.999121]",100,200,0.02,max_proc,lowest_lower_bound,NO_PROFILING,all_to_shortest,greedy,6439,1859,2001,103.5607888698578,0.2333685354868768,False,4936.34,100,-1,4936.34
Uniform1-5000_Seed104_J200_M100,"[0.001621, 0.999121]",100,200,0.01,max_proc,lowest_lower_bound,PRUNE,all_to_shortest,greedy,5179,386,386,18.90507125854492,0.0468546051361266,True,5119.0,166,-1,4936.34
Uniform1-5000_Seed105_J200_M100,"[0.000200, 1.000000]",100,200,0.02,max_proc,lowest_lower_bound,NO_PROFILING,all_to_shortest,greedy,5087,130,130,6.078577280044556,0.0171024179280518,True,5000.0,128,-1,5000.0
Uniform1-5000_Seed105_J200_M100,"[0.000200, 1.000000]",100,200,0.01,max_proc,lowest_lower_bound,PRUNE,all_to_shortest,greedy,5098,171,171,8.886702299118042,0.0192232247940368,True,5000.0,169,-1,5000.0
Uniform1-5000_Seed106_J200_M100,"[0.001200, 1.000000]",100,200,0.02,max_proc,lowest_lower_bound,NO_PROFILING,all_to_shortest,greedy,5614,1674,2001,97.92755842208862,0.1095475596722479,False,4999.0,144,-1,4999.0
Uniform1-5000_Seed106_J200_M100,"[0.001200, 1.000000]",100,200,0.01,max_proc,lowest_lower_bound,PRUNE,all_to_shortest,greedy,5893,620,2001,90.59585952758788,0.1517054132021041,False,4999.0,130,-1,4999.0
Uniform1-5000_Seed107_J200_M100,"[0.000971, 0.950246]",100,200,0.02,max_proc,lowest_lower_bound,NO_PROFILING,all_to_shortest,greedy,6576,1459,2001,100.35893058776855,0.2172916666666666,False,5147.09,100,-1,5147.09
Uniform1-5000_Seed107_J200_M100,"[0.000971, 0.950246]",100,200,0.01,max_proc,lowest_lower_bound,PRUNE,all_to_shortest,greedy,6296,142,2001,117.89616775512695,0.1824825285895806,False,5307.0,116,-1,5147.09
Uniform1-5000_Seed108_J200_M100,"[0.017483, 0.980602]",100,200,0.02,max_proc,lowest_lower_bound,NO_PROFILING,all_to_shortest,greedy,6371,1460,2001,100.8688793182373,0.2009496154449851,False,5090.75,103,-1,5090.75
Uniform1-5000_Seed108_J200_M100,"[0.017483, 0.980602]",100,200,0.01,max_proc,lowest_lower_bound,PRUNE,all_to_shortest,greedy,6412,127,2001,102.41844987869264,0.2060589519650655,False,5137.0,114,-1,5090.75
Uniform1-5000_Seed109_J200_M100,"[0.000976, 0.965057]",100,200,0.02,max_proc,lowest_lower_bound,NO_PROFILING,all_to_shortest,greedy,6510,662,2001,94.46973991394044,0.2128955453149001,False,5124.05,100,-1,5124.05
Uniform1-5000_Seed109_J200_M100,"[0.000976, 0.965057]",100,200,0.01,max_proc,lowest_lower_bound,PRUNE,all_to_shortest,greedy,5717,156,156,7.928089618682861,0.1037169844323945,True,5636.0,142,-1,5124.05
Uniform1-5000_Seed110_J200_M100,"[0.012995, 0.954530]",100,200,0.02,max_proc,lowest_lower_bound,NO_PROFILING,all_to_shortest,greedy,6358,595,2001,104.8287250995636,0.176951871657754,False,5232.94,117,-1,5232.94
Uniform1-5000_Seed110_J200_M100,"[0.012995, 0.954530]",100,200,0.01,max_proc,lowest_lower_bound,PRUNE,all_to_shortest,greedy,6416,882,2001,129.09914183616638,0.184392144638404,False,5232.94,117,-1,5232.94
Uniform1-5000_Seed111_J200_M100,"[0.015344, 1.000000]",100,200,0.02,max_proc,lowest_lower_bound,NO_PROFILING,all_to_shortest,greedy,4957,146,146,7.103408098220825,0.0008069396812588,True,4953.0,144,-1,4953.0
Uniform1-5000_Seed111_J200_M100,"[0.015344, 1.000000]",100,200,0.01,max_proc,lowest_lower_bound,PRUNE,all_to_shortest,greedy,5018,178,178,9.49121117591858,0.0129533678756476,True,4953.0,176,-1,4953.0
Uniform1-5000_Seed112_J200_M100,"[0.000201, 1.000000]",100,200,0.02,max_proc,lowest_lower_bound,NO_PROFILING,all_to_shortest,greedy,6240,1825,2001,97.89759802818298,0.2011217948717948,False,4985.0,108,-1,4985.0
Uniform1-5000_Seed112_J200_M100,"[0.000201, 1.000000]",100,200,0.01,max_proc,lowest_lower_bound,PRUNE,all_to_shortest,greedy,6285,128,2001,102.25209140777588,0.2068416865552903,False,4985.0,108,-1,4985.0
Uniform1-5000_Seed113_J200_M100,"[0.002200, 1.000000]",100,200,0.02,max_proc,lowest_lower_bound,NO_PROFILING,all_to_shortest,greedy,6312,1822,2001,93.43355655670166,0.2078580481622306,False,5000.0,100,-1,5000.0
Uniform1-5000_Seed113_J200_M100,"[0.002200, 1.000000]",100,200,0.01,max_proc,lowest_lower_bound,PRUNE,all_to_shortest,greedy,5363,180,180,9.314586639404297,0.0676859966436695,True,5275.0,164,-1,5000.0
Uniform1-5000_Seed114_J200_M100,"[0.007204, 1.000000]",100,200,0.02,max_proc,lowest_lower_bound,NO_PROFILING,all_to_shortest,greedy,5018,136,136,6.347956895828247,0.0041849342367477,True,4997.0,134,-1,4997.0
Uniform1-5000_Seed114_J200_M100,"[0.007204, 1.000000]",100,200,0.01,max_proc,lowest_lower_bound,PRUNE,all_to_shortest,greedy,5035,169,169,8.46848726272583,0.0075471698113207,True,4997.0,167,-1,4997.0
Uniform1-5000_Seed115_J200_M100,"[0.001197, 0.997335]",100,200,0.02,max_proc,lowest_lower_bound,NO_PROFILING,all_to_shortest,greedy,6275,1578,2001,96.51283884048462,0.2012175298804781,False,5012.36,102,-1,5012.36
Uniform1-5000_Seed115_J200_M100,"[0.001197, 0.997335]",100,200,0.01,max_proc,lowest_lower_bound,PRUNE,all_to_shortest,greedy,6078,344,2001,117.506991147995,0.1753274103323462,False,5096.0,119,-1,5012.36
Uniform1-5000_Seed116_J200_M100,"[0.001681, 0.933911]",100,200,0.02,max_proc,lowest_lower_bound,NO_PROFILING,all_to_shortest,greedy,6692,274,2001,107.65730381011964,0.1999656306037059,False,5353.83,100,-1,5353.83
Uniform1-5000_Seed116_J200_M100,"[0.001681, 0.933911]",100,200,0.01,max_proc,lowest_lower_bound,PRUNE,all_to_shortest,greedy,6675,1002,2001,139.4214220046997,0.1979280898876404,False,5407.0,120,-1,5353.83
Uniform1-5000_Seed117_J200_M100,"[0.001803, 1.000000]",100,200,0.02,max_proc,lowest_lower_bound,NO_PROFILING,all_to_shortest,greedy,5088,154,154,7.833622694015503,0.0186713836477987,True,4993.0,152,-1,4993.0
Uniform1-5000_Seed117_J200_M100,"[0.001803, 1.000000]",100,200,0.01,max_proc,lowest_lower_bound,PRUNE,all_to_shortest,greedy,5004,183,183,9.761144399642944,0.0021982414068745,True,4993.0,181,-1,4993.0
Uniform1-5000_Seed118_J200_M100,"[0.003821, 1.000000]",100,200,0.02,max_proc,lowest_lower_bound,NO_PROFILING,all_to_shortest,greedy,5064,160,160,7.869194507598877,0.0181674565560821,True,4972.0,158,-1,4972.0
Uniform1-5000_Seed118_J200_M100,"[0.003821, 1.000000]",100,200,0.01,max_proc,lowest_lower_bound,PRUNE,all_to_shortest,greedy,5027,206,206,10.645694971084597,0.0109409190371991,True,4972.0,177,-1,4972.0
Uniform1-5000_Seed119_J200_M100,"[0.000591, 0.980917]",100,200,0.02,max_proc,lowest_lower_bound,NO_PROFILING,all_to_shortest,greedy,6513,320,2001,109.0827808380127,0.2205005373867649,False,5076.88,105,-1,5076.88
Uniform1-5000_Seed119_J200_M100,"[0.000591, 0.980917]",100,200,0.01,max_proc,lowest_lower_bound,PRUNE,all_to_shortest,greedy,6393,153,2001,133.0724229812622,0.2058689191302987,False,5130.0,119,-1,5076.88
Uniform1-5000_Seed120_J200_M100,"[0.002160, 0.980177]",100,200,0.02,max_proc,lowest_lower_bound,NO_PROFILING,all_to_shortest,greedy,6724,348,2001,112.92457985877992,0.2425698988697204,False,5092.96,100,-1,5092.96
Uniform1-5000_Seed120_J200_M100,"[0.002160, 0.980177]",100,200,0.01,max_proc,lowest_lower_bound,PRUNE,all_to_shortest,greedy,5596,146,146,7.944578647613525,0.089892780557541,True,5540.0,144,-1,5092.96
Uniform1-5000_Seed121_J200_M100,"[0.002800, 1.000000]",100,200,0.02,max_proc,lowest_lower_bound,NO_PROFILING,all_to_shortest,greedy,5012,158,158,8.137534856796265,0.0023942537909018,True,5000.0,156,-1,5000.0
Uniform1-5000_Seed121_J200_M100,"[0.002800, 1.000000]",100,200,0.01,max_proc,lowest_lower_bound,PRUNE,all_to_shortest,greedy,5043,180,180,9.666363000869753,0.0085266706325599,True,5000.0,178,-1,5000.0
Uniform1-5000_Seed122_J200_M100,"[0.010456, 1.000000]",100,200,0.02,max_proc,lowest_lower_bound,NO_PROFILING,all_to_shortest,greedy,6245,1288,2001,107.79759883880617,0.2036829463570856,False,4973.0,103,-1,4973.0
Uniform1-5000_Seed122_J200_M100,"[0.010456, 1.000000]",100,200,0.01,max_proc,lowest_lower_bound,PRUNE,all_to_shortest,greedy,6164,1073,2001,130.6166970729828,0.1932186891628812,False,5014.0,112,-1,4973.0
Uniform1-5000_Seed123_J200_M100,"[0.003547, 0.977228]",100,200,0.02,max_proc,lowest_lower_bound,NO_PROFILING,all_to_shortest,greedy,6590,1024,2001,105.93312120437622,0.2299605462822457,False,5074.56,100,-1,5074.56
Uniform1-5000_Seed123_J200_M100,"[0.003547, 0.977228]",100,200,0.01,max_proc,lowest_lower_bound,PRUNE,all_to_shortest,greedy,5331,1231,1231,74.28263235092163,0.0481035453010691,True,5292.0,168,-1,5074.56
Uniform1-5000_Seed124_J200_M100,"[0.005477, 1.000000]",100,200,0.02,max_proc,lowest_lower_bound,NO_PROFILING,all_to_shortest,greedy,4953,165,165,11.695306539535522,0.0046436503129416,True,4930.0,163,-1,4930.0
Uniform1-5000_Seed124_J200_M100,"[0.005477, 1.000000]",100,200,0.01,max_proc,lowest_lower_bound,PRUNE,all_to_shortest,greedy,5352,644,2001,117.8667471408844,0.0788490284005979,False,4930.0,160,-1,4930.0
Uniform1-5000_Seed125_J200_M100,"[0.003148, 0.924436]",100,200,0.02,max_proc,lowest_lower_bound,NO_PROFILING,all_to_shortest,greedy,6960,1491,2001,109.24660611152648,0.2241307471264367,False,5400.05,100,-1,5400.05
Uniform1-5000_Seed125_J200_M100,"[0.003148, 0.924436]",100,200,0.01,max_proc,lowest_lower_bound,PRUNE,all_to_shortest,greedy,5758,188,188,10.436622858047484,0.0621656825286557,True,5648.0,167,-1,5400.05
Uniform1-5000_Seed126_J200_M100,"[0.000805, 1.000000]",100,200,0.02,max_proc,lowest_lower_bound,NO_PROFILING,all_to_shortest,greedy,5721,1227,2001,95.4509663581848,0.1317951407096661,False,4967.0,112,-1,4967.0
Uniform1-5000_Seed126_J200_M100,"[0.000805, 1.000000]",100,200,0.01,max_proc,lowest_lower_bound,PRUNE,all_to_shortest,greedy,5903,141,2001,103.62046718597412,0.1585634423174657,False,4967.0,112,-1,4967.0
Uniform1-5000_Seed127_J200_M100,"[0.007282, 0.983601]",100,200,0.02,max_proc,lowest_lower_bound,NO_PROFILING,all_to_shortest,greedy,6486,1571,2001,105.24541902542114,0.2165695343817453,False,5081.33,100,-1,5081.33
Uniform1-5000_Seed127_J200_M100,"[0.007282, 0.983601]",100,200,0.01,max_proc,lowest_lower_bound,PRUNE,all_to_shortest,greedy,6528,1260,2001,136.12087678909302,0.221609987745098,False,5242.0,110,-1,5081.33
Uniform1-5000_Seed128_J200_M100,"[0.004039, 1.000000]",100,200,0.02,max_proc,lowest_lower_bound,NO_PROFILING,all_to_shortest,greedy,5040,142,142,7.0999133586883545,0.0174603174603174,True,4952.0,140,-1,4952.0
Uniform1-5000_Seed128_J200_M100,"[0.004039, 1.000000]",100,200,0.01,max_proc,lowest_lower_bound,PRUNE,all_to_shortest,greedy,4960,180,180,9.627164125442505,0.0016129032258064,True,4952.0,178,-1,4952.0
Uniform1-5000_Seed129_J200_M100,"[0.004095, 0.971807]",100,200,0.02,max_proc,lowest_lower_bound,NO_PROFILING,all_to_shortest,greedy,6692,211,2001,108.15033006668092,0.2336237298266587,False,5128.59,100,-1,5128.59
Uniform1-5000_Seed129_J200_M100,"[0.004095, 0.971807]",100,200,0.01,max_proc,lowest_lower_bound,PRUNE,all_to_shortest,greedy,6141,134,2001,124.30331134796144,0.1648607718612603,False,5337.0,132,-1,5128.59
Uniform1-5000_Seed130_J200_M100,"[0.010011, 0.924913]",100,200,0.02,max_proc,lowest_lower_bound,NO_PROFILING,all_to_shortest,greedy,6998,1403,2001,120.61239218711852,0.2292054872820805,False,5394.02,100,-1,5394.02
Uniform1-5000_Seed130_J200_M100,"[0.010011, 0.924913]",100,200,0.01,max_proc,lowest_lower_bound,PRUNE,all_to_shortest,greedy,6623,173,2001,111.24681091308594,0.1855624339423221,False,5701.0,113,-1,5394.02
Uniform1-5000_Seed131_J20_M10,"[0.047288, 0.836234]",10,20,0.02,max_proc,lowest_lower_bound,NO_PROFILING,all_to_shortest,greedy,6384,846,2001,0.416224718093872,0.1089285714285713,False,5688.6,10,-1,5688.6
Uniform1-5000_Seed131_J20_M10,"[0.047288, 0.836234]",10,20,0.01,max_proc,lowest_lower_bound,PRUNE,all_to_shortest,greedy,6073,104,104,0.0157790184020996,0.0632965585377901,True,5995.0,16,-1,5688.6
Uniform1-5000_Seed132_J20_M10,"[0.108718, 0.888876]",10,20,0.02,max_proc,lowest_lower_bound,NO_PROFILING,all_to_shortest,greedy,5925,140,2001,0.3548250198364258,0.1089113924050633,False,5279.7,12,-1,5279.7
Uniform1-5000_Seed132_J20_M10,"[0.108718, 0.888876]",10,20,0.01,max_proc,lowest_lower_bound,PRUNE,all_to_shortest,greedy,5782,23,23,0.0045597553253173,0.0868730543064683,True,5782.0,14,-1,5279.7
Uniform1-5000_Seed133_J20_M10,"[0.017427, 1.000000]",10,20,0.02,max_proc,lowest_lower_bound,NO_PROFILING,all_to_shortest,greedy,4935,5,5,0.0009775161743164,0.0,True,4935.0,3,5,4935.0
Uniform1-5000_Seed133_J20_M10,"[0.017427, 1.000000]",10,20,0.01,max_proc,lowest_lower_bound,PRUNE,all_to_shortest,greedy,4935,9,9,0.0020101070404052,0.0,True,4935.0,7,9,4935.0
Uniform1-5000_Seed134_J20_M10,"[0.091765, 0.958673]",10,20,0.02,max_proc,lowest_lower_bound,NO_PROFILING,all_to_shortest,greedy,4935,1322,2001,0.4342122077941894,0.0615197568389058,False,4631.4,15,-1,4631.4
Uniform1-5000_Seed134_J20_M10,"[0.091765, 0.958673]",10,20,0.01,max_proc,lowest_lower_bound,PRUNE,all_to_shortest,greedy,4758,200,200,0.0281424522399902,0.0266078184110971,True,4738.0,18,-1,4631.4
Uniform1-5000_Seed135_J20_M10,"[0.015676, 0.989542]",10,20,0.02,max_proc,lowest_lower_bound,NO_PROFILING,all_to_shortest,greedy,5363,575,2001,0.4616148471832275,0.1316986761141152,False,4656.7,11,-1,4656.7
Uniform1-5000_Seed135_J20_M10,"[0.015676, 0.989542]",10,20,0.01,max_proc,lowest_lower_bound,PRUNE,all_to_shortest,greedy,5287,25,31,0.0059189796447753,0.1192169472290524,True,5203.0,13,-1,4656.7
Uniform1-5000_Seed136_J20_M10,"[0.075510, 0.981009]",10,20,0.02,max_proc,lowest_lower_bound,NO_PROFILING,all_to_shortest,greedy,5301,15,2001,0.3216025829315185,0.0881343142803244,False,4833.8,14,-1,4833.8
Uniform1-5000_Seed136_J20_M10,"[0.075510, 0.981009]",10,20,0.01,max_proc,lowest_lower_bound,PRUNE,all_to_shortest,greedy,5301,19,239,0.0340535640716552,0.0881343142803244,True,5234.0,14,-1,4833.8
Uniform1-5000_Seed137_J20_M10,"[0.206629, 0.826164]",10,20,0.02,max_proc,lowest_lower_bound,NO_PROFILING,all_to_shortest,greedy,6151,542,2001,0.4236576557159424,0.0778735165013818,False,5672.0,12,-1,5672.0
Uniform1-5000_Seed137_J20_M10,"[0.206629, 0.826164]",10,20,0.01,max_proc,lowest_lower_bound,PRUNE,all_to_shortest,greedy,5940,40,40,0.0075390338897705,0.0451178451178451,True,5940.0,15,-1,5672.0
Uniform1-5000_Seed138_J20_M10,"[0.068440, 0.960344]",10,20,0.02,max_proc,lowest_lower_bound,NO_PROFILING,all_to_shortest,greedy,4992,679,2001,0.3826842308044433,0.174599358974359,False,4120.4,10,-1,4120.4
Uniform1-5000_Seed138_J20_M10,"[0.068440, 0.960344]",10,20,0.01,max_proc,lowest_lower_bound,PRUNE,all_to_shortest,greedy,4873,13,13,0.0029959678649902,0.1544428483480402,True,4848.0,11,-1,4120.4
Uniform1-5000_Seed139_J20_M10,"[0.100293, 0.916800]",10,20,0.02,max_proc,lowest_lower_bound,NO_PROFILING,all_to_shortest,greedy,5629,238,2001,0.3485643863677978,0.0594244093089358,False,5294.5,12,-1,5294.5
Uniform1-5000_Seed139_J20_M10,"[0.100293, 0.916800]",10,20,0.01,max_proc,lowest_lower_bound,PRUNE,all_to_shortest,greedy,5518,29,29,0.0052495002746582,0.0405038057267125,True,5518.0,16,-1,5294.5
Uniform1-5000_Seed140_J20_M10,"[0.024255, 1.000000]",10,20,0.02,max_proc,lowest_lower_bound,NO_PROFILING,all_to_shortest,greedy,4940,9,9,0.0015625953674316,0.0151821862348178,True,4865.0,7,-1,4865.0
Uniform1-5000_Seed140_J20_M10,"[0.024255, 1.000000]",10,20,0.01,max_proc,lowest_lower_bound,PRUNE,all_to_shortest,greedy,4865,8,8,0.0018055438995361,0.0,True,4865.0,6,8,4865.0
Uniform1-5000_Seed141_J20_M10,"[0.010140, 1.000000]",10,20,0.02,max_proc,lowest_lower_bound,NO_PROFILING,all_to_shortest,greedy,4931,13,13,0.0021367073059082,0.0,True,4931.0,11,13,4931.0
Uniform1-5000_Seed141_J20_M10,"[0.010140, 1.000000]",10,20,0.01,max_proc,lowest_lower_bound,PRUNE,all_to_shortest,greedy,4931,16,16,0.0033831596374511,0.0,True,4931.0,14,16,4931.0
Uniform1-5000_Seed142_J20_M10,"[0.026380, 1.000000]",10,20,0.02,max_proc,lowest_lower_bound,NO_PROFILING,all_to_shortest,greedy,4928,6,6,0.0011217594146728,0.0,True,4928.0,4,6,4928.0
Uniform1-5000_Seed142_J20_M10,"[0.026380, 1.000000]",10,20,0.01,max_proc,lowest_lower_bound,PRUNE,all_to_shortest,greedy,4928,8,8,0.0018296241760253,0.0,True,4928.0,6,8,4928.0
Uniform1-5000_Seed143_J20_M10,"[0.031082, 1.000000]",10,20,0.02,max_proc,lowest_lower_bound,NO_PROFILING,all_to_shortest,greedy,4826,3,3,0.0004432201385498,0.0,True,4826.0,1,3,4826.0
Uniform1-5000_Seed143_J20_M10,"[0.031082, 1.000000]",10,20,0.01,max_proc,lowest_lower_bound,PRUNE,all_to_shortest,greedy,4826,3,3,0.0005133152008056,0.0,True,4826.0,1,3,4826.0
Uniform1-5000_Seed144_J20_M10,"[0.001408, 0.998411]",10,20,0.02,max_proc,lowest_lower_bound,NO_PROFILING,all_to_shortest,greedy,5652,1972,2001,0.4846069812774658,0.1205060155697099,False,4970.9,10,-1,4970.9
Uniform1-5000_Seed144_J20_M10,"[0.001408, 0.998411]",10,20,0.01,max_proc,lowest_lower_bound,PRUNE,all_to_shortest,greedy,5317,26,262,0.0346088409423828,0.065093097611435,True,5276.0,16,-1,4970.9
Uniform1-5000_Seed145_J20_M10,"[0.007373, 0.990610]",10,20,0.02,max_proc,lowest_lower_bound,NO_PROFILING,all_to_shortest,greedy,4927,149,2001,0.380828857421875,0.0640755023340775,False,4611.3,10,-1,4611.3
Uniform1-5000_Seed145_J20_M10,"[0.007373, 0.990610]",10,20,0.01,max_proc,lowest_lower_bound,PRUNE,all_to_shortest,greedy,4739,20,20,0.0040349960327148,0.0269466132095378,True,4739.0,17,-1,4611.3
Uniform1-5000_Seed146_J20_M10,"[0.002265, 0.923126]",10,20,0.02,max_proc,lowest_lower_bound,NO_PROFILING,all_to_shortest,greedy,6057,1815,2001,0.5504469871520996,0.125260029717682,False,5298.3,10,-1,5298.3
Uniform1-5000_Seed146_J20_M10,"[0.002265, 0.923126]",10,20,0.01,max_proc,lowest_lower_bound,PRUNE,all_to_shortest,greedy,5895,14,14,0.0030751228332519,0.1012213740458014,True,5895.0,12,-1,5298.3
Uniform1-5000_Seed147_J20_M10,"[0.043414, 1.000000]",10,20,0.02,max_proc,lowest_lower_bound,NO_PROFILING,all_to_shortest,greedy,4880,157,2001,0.3025293350219726,0.0276639344262295,False,4745.0,14,-1,4745.0
Uniform1-5000_Seed147_J20_M10,"[0.043414, 1.000000]",10,20,0.01,max_proc,lowest_lower_bound,PRUNE,all_to_shortest,greedy,4819,32,32,0.0055849552154541,0.0153558829632703,True,4783.0,15,-1,4745.0
Uniform1-5000_Seed148_J20_M10,"[0.003515, 1.000000]",10,20,0.02,max_proc,lowest_lower_bound,NO_PROFILING,all_to_shortest,greedy,4860,510,510,0.0776212215423584,0.0049382716049382,True,4836.0,10,-1,4836.0
Uniform1-5000_Seed148_J20_M10,"[0.003515, 1.000000]",10,20,0.01,max_proc,lowest_lower_bound,PRUNE,all_to_shortest,greedy,4896,13,13,0.0026924610137939,0.0122549019607843,True,4852.0,10,-1,4836.0
Uniform1-5000_Seed149_J20_M10,"[0.058543, 0.881274]",10,20,0.02,max_proc,lowest_lower_bound,NO_PROFILING,all_to_shortest,greedy,5539,14,2001,0.4147412776947021,0.074851056147319,False,5124.4,15,-1,5124.4
Uniform1-5000_Seed149_J20_M10,"[0.058543, 0.881274]",10,20,0.01,max_proc,lowest_lower_bound,PRUNE,all_to_shortest,greedy,5539,16,568,0.0744979381561279,0.074851056147319,True,5516.0,17,-1,5124.4
Uniform1-5000_Seed150_J20_M10,"[0.005236, 1.000000]",10,20,0.02,max_proc,lowest_lower_bound,NO_PROFILING,all_to_shortest,greedy,5036,8,8,0.0015053749084472,0.0138999205718824,True,4966.0,6,-1,4966.0
Uniform1-5000_Seed150_J20_M10,"[0.005236, 1.000000]",10,20,0.01,max_proc,lowest_lower_bound,PRUNE,all_to_shortest,greedy,4966,9,9,0.0021758079528808,0.0,True,4966.0,7,9,4966.0
Uniform1-5000_Seed151_J20_M10,"[0.048477, 0.795129]",10,20,0.02,max_proc,lowest_lower_bound,NO_PROFILING,all_to_shortest,greedy,7076,135,2001,0.3510980606079101,0.1516676088185415,False,6002.8,10,-1,6002.8
Uniform1-5000_Seed151_J20_M10,"[0.048477, 0.795129]",10,20,0.01,max_proc,lowest_lower_bound,PRUNE,all_to_shortest,greedy,6747,21,21,0.0041236877441406,0.1103008744627241,True,6747.0,13,-1,6002.8
Uniform1-5000_Seed152_J20_M10,"[0.021536, 0.838703]",10,20,0.02,max_proc,lowest_lower_bound,NO_PROFILING,all_to_shortest,greedy,6692,1390,2001,0.5320196151733398,0.1396144650328751,False,5757.7,11,-1,5757.7
Uniform1-5000_Seed152_J20_M10,"[0.021536, 0.838703]",10,20,0.01,max_proc,lowest_lower_bound,PRUNE,all_to_shortest,greedy,6085,20,20,0.0045936107635498,0.0537880032867707,True,6077.0,15,-1,5757.7
Uniform1-5000_Seed153_J20_M10,"[0.026194, 1.000000]",10,20,0.02,max_proc,lowest_lower_bound,NO_PROFILING,all_to_shortest,greedy,4314,9,9,0.0015871524810791,0.0,True,4314.0,7,9,4314.0
Uniform1-5000_Seed153_J20_M10,"[0.026194, 1.000000]",10,20,0.01,max_proc,lowest_lower_bound,PRUNE,all_to_shortest,greedy,4377,8,8,0.0018997192382812,0.0143934201507882,True,4314.0,6,-1,4314.0
Uniform1-5000_Seed154_J20_M10,"[0.057394, 0.934972]",10,20,0.02,max_proc,lowest_lower_bound,NO_PROFILING,all_to_shortest,greedy,6216,122,2001,0.3781569004058838,0.1506917631917631,False,5279.3,10,-1,5279.3
Uniform1-5000_Seed154_J20_M10,"[0.057394, 0.934972]",10,20,0.01,max_proc,lowest_lower_bound,PRUNE,all_to_shortest,greedy,5599,24,51,0.0081181526184082,0.0570994820503661,True,5502.0,16,-1,5279.3
Uniform1-5000_Seed155_J20_M10,"[0.000894, 1.000000]",10,20,0.02,max_proc,lowest_lower_bound,NO_PROFILING,all_to_shortest,greedy,4474,8,8,0.0014083385467529,0.0,True,4474.0,6,8,4474.0
Uniform1-5000_Seed155_J20_M10,"[0.000894, 1.000000]",10,20,0.01,max_proc,lowest_lower_bound,PRUNE,all_to_shortest,greedy,4474,11,11,0.0023021697998046,0.0,True,4474.0,9,11,4474.0
Uniform1-5000_Seed156_J20_M10,"[0.092587, 0.959137]",10,20,0.02,max_proc,lowest_lower_bound,NO_PROFILING,all_to_shortest,greedy,5295,43,2001,0.4177103042602539,0.0576203966005666,False,4989.9,12,-1,4989.9
Uniform1-5000_Seed156_J20_M10,"[0.092587, 0.959137]",10,20,0.01,max_proc,lowest_lower_bound,PRUNE,all_to_shortest,greedy,5245,32,32,0.0064814090728759,0.0486367969494757,True,5190.0,16,-1,4989.9
Uniform1-5000_Seed157_J20_M10,"[0.029099, 0.966721]",10,20,0.02,max_proc,lowest_lower_bound,NO_PROFILING,all_to_shortest,greedy,5742,637,2001,0.3827857971191406,0.1082549634273772,False,5120.4,11,-1,5120.4
Uniform1-5000_Seed157_J20_M10,"[0.029099, 0.966721]",10,20,0.01,max_proc,lowest_lower_bound,PRUNE,all_to_shortest,greedy,5608,18,18,0.0038449764251708,0.0869472182596291,True,5525.0,14,-1,5120.4
Uniform1-5000_Seed158_J20_M10,"[0.046063, 0.915564]",10,20,0.02,max_proc,lowest_lower_bound,NO_PROFILING,all_to_shortest,greedy,5932,627,2001,0.4699807167053222,0.0814059339177342,False,5449.1,13,-1,5449.1
Uniform1-5000_Seed158_J20_M10,"[0.046063, 0.915564]",10,20,0.01,max_proc,lowest_lower_bound,PRUNE,all_to_shortest,greedy,5744,84,113,0.0183918476104736,0.0513405292479108,True,5730.0,17,-1,5449.1
Uniform1-5000_Seed159_J20_M10,"[0.002520, 1.000000]",10,20,0.02,max_proc,lowest_lower_bound,NO_PROFILING,all_to_shortest,greedy,4762,6,6,0.0010559558868408,0.0,True,4762.0,4,6,4762.0
Uniform1-5000_Seed159_J20_M10,"[0.002520, 1.000000]",10,20,0.01,max_proc,lowest_lower_bound,PRUNE,all_to_shortest,greedy,4762,6,6,0.0013651847839355,0.0,True,4762.0,4,6,4762.0
Uniform1-5000_Seed160_J20_M10,"[0.150885, 0.905129]",10,20,0.02,max_proc,lowest_lower_bound,NO_PROFILING,all_to_shortest,greedy,5894,98,2001,0.3787424564361572,0.0655751611808618,False,5507.5,13,-1,5507.5
Uniform1-5000_Seed160_J20_M10,"[0.150885, 0.905129]",10,20,0.01,max_proc,lowest_lower_bound,PRUNE,all_to_shortest,greedy,5752,134,134,0.0202655792236328,0.0425069541029207,True,5657.0,16,-1,5507.5
Uniform1-5000_Seed131_J50_M25,"[0.013051, 0.936389]",25,50,0.02,max_proc,lowest_lower_bound,NO_PROFILING,all_to_shortest,greedy,5918,104,2001,2.873852252960205,0.1195606623859412,False,5210.44,34,-1,5210.44
Uniform1-5000_Seed131_J50_M25,"[0.013051, 0.936389]",25,50,0.01,max_proc,lowest_lower_bound,PRUNE,all_to_shortest,greedy,5942,294,2001,3.42207670211792,0.1231167956916863,False,5210.44,34,-1,5210.44
Uniform1-5000_Seed132_J50_M25,"[0.013164, 0.926679]",25,50,0.02,max_proc,lowest_lower_bound,NO_PROFILING,all_to_shortest,greedy,6084,545,2001,3.153184175491333,0.1509270216962524,False,5165.76,25,-1,5165.76
Uniform1-5000_Seed132_J50_M25,"[0.013164, 0.926679]",25,50,0.01,max_proc,lowest_lower_bound,PRUNE,all_to_shortest,greedy,5614,845,2001,2.7436771392822266,0.0798432490203063,False,5355.0,37,-1,5165.76
Uniform1-5000_Seed133_J50_M25,"[0.001216, 1.000000]",25,50,0.02,max_proc,lowest_lower_bound,NO_PROFILING,all_to_shortest,greedy,5003,13,13,0.0197715759277343,0.0135918448930641,True,4935.0,11,-1,4935.0
Uniform1-5000_Seed133_J50_M25,"[0.001216, 1.000000]",25,50,0.01,max_proc,lowest_lower_bound,PRUNE,all_to_shortest,greedy,4980,21,21,0.0331089496612548,0.0090361445783132,True,4935.0,19,-1,4935.0
Uniform1-5000_Seed134_J50_M25,"[0.042698, 0.955108]",25,50,0.02,max_proc,lowest_lower_bound,NO_PROFILING,all_to_shortest,greedy,6122,1452,2001,3.943309545516968,0.1813132963083959,False,5012.0,25,-1,5012.0
Uniform1-5000_Seed134_J50_M25,"[0.042698, 0.955108]",25,50,0.01,max_proc,lowest_lower_bound,PRUNE,all_to_shortest,greedy,5450,69,69,0.1212782859802246,0.0803669724770642,True,5349.0,36,-1,5012.0
Uniform1-5000_Seed135_J50_M25,"[0.014228, 0.962813]",25,50,0.02,max_proc,lowest_lower_bound,NO_PROFILING,all_to_shortest,greedy,5981,27,2001,3.434664487838745,0.1421501421167028,False,5130.8,29,-1,5130.8
Uniform1-5000_Seed135_J50_M25,"[0.014228, 0.962813]",25,50,0.01,max_proc,lowest_lower_bound,PRUNE,all_to_shortest,greedy,5931,439,2001,3.986909866333008,0.1349182262687573,False,5345.0,33,-1,5130.8
Uniform1-5000_Seed136_J50_M25,"[0.021734, 0.954286]",25,50,0.02,max_proc,lowest_lower_bound,NO_PROFILING,all_to_shortest,greedy,5786,148,2001,3.3042380809783936,0.1411752506049084,False,4969.16,34,-1,4969.16
Uniform1-5000_Seed136_J50_M25,"[0.021734, 0.954286]",25,50,0.01,max_proc,lowest_lower_bound,PRUNE,all_to_shortest,greedy,5858,31,2001,3.596053123474121,0.1517309662000683,False,4969.16,34,-1,4969.16
Uniform1-5000_Seed137_J50_M25,"[0.039766, 0.927934]",25,50,0.02,max_proc,lowest_lower_bound,NO_PROFILING,all_to_shortest,greedy,6125,107,2001,3.2339959144592285,0.1419167346938775,False,5255.76,25,-1,5255.76
Uniform1-5000_Seed137_J50_M25,"[0.039766, 0.927934]",25,50,0.01,max_proc,lowest_lower_bound,PRUNE,all_to_shortest,greedy,5613,712,712,1.0956664085388184,0.0636451095670763,True,5506.0,39,-1,5255.76
Uniform1-5000_Seed138_J50_M25,"[0.050842, 0.948298]",25,50,0.02,max_proc,lowest_lower_bound,NO_PROFILING,all_to_shortest,greedy,5280,1316,2001,3.6772403717041016,0.1543863636363636,False,4464.84,25,-1,4464.84
Uniform1-5000_Seed138_J50_M25,"[0.050842, 0.948298]",25,50,0.01,max_proc,lowest_lower_bound,PRUNE,all_to_shortest,greedy,4914,87,87,0.1340265274047851,0.0914041514041513,True,4848.0,35,-1,4464.84
Uniform1-5000_Seed139_J50_M25,"[0.017030, 0.916056]",25,50,0.02,max_proc,lowest_lower_bound,NO_PROFILING,all_to_shortest,greedy,6356,634,2001,3.315527439117432,0.1592888609188168,False,5343.56,25,-1,5343.56
Uniform1-5000_Seed139_J50_M25,"[0.017030, 0.916056]",25,50,0.01,max_proc,lowest_lower_bound,PRUNE,all_to_shortest,greedy,6284,455,2001,2.8980822563171387,0.1496562698917886,False,5660.0,33,-1,5343.56
Uniform1-5000_Seed140_J50_M25,"[0.017097, 1.000000]",25,50,0.02,max_proc,lowest_lower_bound,NO_PROFILING,all_to_shortest,greedy,4943,35,35,0.0456767082214355,0.0060691887517701,True,4913.0,33,-1,4913.0
Uniform1-5000_Seed140_J50_M25,"[0.017097, 1.000000]",25,50,0.01,max_proc,lowest_lower_bound,PRUNE,all_to_shortest,greedy,4913,60,60,0.0825080871582031,0.0,True,4913.0,38,60,4913.0
Uniform1-5000_Seed141_J50_M25,"[0.010140, 1.000000]",25,50,0.02,max_proc,lowest_lower_bound,NO_PROFILING,all_to_shortest,greedy,4998,35,35,0.0465428829193115,0.0134053621448579,True,4931.0,33,-1,4931.0
Uniform1-5000_Seed141_J50_M25,"[0.010140, 1.000000]",25,50,0.01,max_proc,lowest_lower_bound,PRUNE,all_to_shortest,greedy,4935,39,39,0.0634455680847168,0.0008105369807497,True,4931.0,37,-1,4931.0
Uniform1-5000_Seed142_J50_M25,"[0.025614, 0.970973]",25,50,0.02,max_proc,lowest_lower_bound,NO_PROFILING,all_to_shortest,greedy,5836,1575,2001,3.285040616989136,0.1303427004797807,False,5075.32,30,-1,5075.32
Uniform1-5000_Seed142_J50_M25,"[0.025614, 0.970973]",25,50,0.01,max_proc,lowest_lower_bound,PRUNE,all_to_shortest,greedy,5353,338,338,0.5654478073120117,0.0518737156734541,True,5270.0,41,-1,5075.32
Uniform1-5000_Seed143_J50_M25,"[0.027745, 0.963289]",25,50,0.02,max_proc,lowest_lower_bound,NO_PROFILING,all_to_shortest,greedy,6021,100,2001,3.8115196228027344,0.1679255937551901,False,5009.92,29,-1,5009.92
Uniform1-5000_Seed143_J50_M25,"[0.027745, 0.963289]",25,50,0.01,max_proc,lowest_lower_bound,PRUNE,all_to_shortest,greedy,5706,357,2001,3.0389206409454346,0.1219908867858394,False,5217.0,34,-1,5009.92
Uniform1-5000_Seed144_J50_M25,"[0.001385, 0.982413]",25,50,0.02,max_proc,lowest_lower_bound,NO_PROFILING,all_to_shortest,greedy,6030,1619,2001,3.401905059814453,0.1615389718076285,False,5055.92,25,-1,5055.92
Uniform1-5000_Seed144_J50_M25,"[0.001385, 0.982413]",25,50,0.01,max_proc,lowest_lower_bound,PRUNE,all_to_shortest,greedy,5296,43,43,0.0679588317871093,0.0453323262839879,True,5296.0,39,-1,5055.92
Uniform1-5000_Seed145_J50_M25,"[0.003423, 1.000000]",25,50,0.02,max_proc,lowest_lower_bound,NO_PROFILING,all_to_shortest,greedy,4967,42,42,0.056917667388916,0.0,True,4967.0,40,42,4967.0
Uniform1-5000_Seed145_J50_M25,"[0.003423, 1.000000]",25,50,0.01,max_proc,lowest_lower_bound,PRUNE,all_to_shortest,greedy,5111,1371,2001,2.4502174854278564,0.0281745255331637,False,4967.0,39,-1,4967.0
Uniform1-5000_Seed146_J50_M25,"[0.002418, 1.000000]",25,50,0.02,max_proc,lowest_lower_bound,NO_PROFILING,all_to_shortest,greedy,5680,1693,2001,2.883330583572388,0.1264084507042253,False,4962.0,25,-1,4962.0
Uniform1-5000_Seed146_J50_M25,"[0.002418, 1.000000]",25,50,0.01,max_proc,lowest_lower_bound,PRUNE,all_to_shortest,greedy,5338,32,32,0.049370527267456,0.0704383664293743,True,5338.0,30,-1,4962.0
Uniform1-5000_Seed147_J50_M25,"[0.002175, 0.984669]",25,50,0.02,max_proc,lowest_lower_bound,NO_PROFILING,all_to_shortest,greedy,5571,221,2001,3.363877534866333,0.0923496679231734,False,5056.52,36,-1,5056.52
Uniform1-5000_Seed147_J50_M25,"[0.002175, 0.984669]",25,50,0.01,max_proc,lowest_lower_bound,PRUNE,all_to_shortest,greedy,5608,302,2001,3.843867301940918,0.0983380884450783,False,5056.52,36,-1,5056.52
Uniform1-5000_Seed148_J50_M25,"[0.003509, 0.998142]",25,50,0.02,max_proc,lowest_lower_bound,NO_PROFILING,all_to_shortest,greedy,5860,1436,2001,3.374445676803589,0.1732081911262798,False,4845.0,27,-1,4845.0
Uniform1-5000_Seed148_J50_M25,"[0.003509, 0.998142]",25,50,0.01,max_proc,lowest_lower_bound,PRUNE,all_to_shortest,greedy,5518,1292,2001,3.122489213943481,0.1219644798840159,False,4987.0,34,-1,4845.0
Uniform1-5000_Seed149_J50_M25,"[0.008627, 0.949404]",25,50,0.02,max_proc,lowest_lower_bound,NO_PROFILING,all_to_shortest,greedy,6045,70,2001,4.030015468597412,0.1563209263854425,False,5100.04,26,-1,5100.04
Uniform1-5000_Seed149_J50_M25,"[0.008627, 0.949404]",25,50,0.01,max_proc,lowest_lower_bound,PRUNE,all_to_shortest,greedy,5665,39,2001,2.9750123023986816,0.0997281553398058,False,5253.0,37,-1,5100.04
Uniform1-5000_Seed150_J50_M25,"[0.005236, 1.000000]",25,50,0.02,max_proc,lowest_lower_bound,NO_PROFILING,all_to_shortest,greedy,4966,22,22,0.0309774875640869,0.0,True,4966.0,20,22,4966.0
Uniform1-5000_Seed150_J50_M25,"[0.005236, 1.000000]",25,50,0.01,max_proc,lowest_lower_bound,PRUNE,all_to_shortest,greedy,5014,28,28,0.0496292114257812,0.0095731950538492,True,4966.0,26,-1,4966.0
Uniform1-5000_Seed151_J50_M25,"[0.010915, 0.890655]",25,50,0.02,max_proc,lowest_lower_bound,NO_PROFILING,all_to_shortest,greedy,6763,1026,2001,3.223820924758911,0.1871832027206861,False,5497.08,25,-1,5497.08
Uniform1-5000_Seed151_J50_M25,"[0.010915, 0.890655]",25,50,0.01,max_proc,lowest_lower_bound,PRUNE,all_to_shortest,greedy,6218,30,32,0.0514452457427978,0.1159408169829527,True,6119.0,28,-1,5497.08
Uniform1-5000_Seed152_J50_M25,"[0.023002, 0.920993]",25,50,0.02,max_proc,lowest_lower_bound,NO_PROFILING,all_to_shortest,greedy,6473,1675,2001,3.151665449142456,0.1671682372933724,False,5390.92,25,-1,5390.92
Uniform1-5000_Seed152_J50_M25,"[0.023002, 0.920993]",25,50,0.01,max_proc,lowest_lower_bound,PRUNE,all_to_shortest,greedy,6077,34,34,0.0583226680755615,0.1128978114201085,True,6007.0,31,-1,5390.92
Uniform1-5000_Seed153_J50_M25,"[0.013716, 1.000000]",25,50,0.02,max_proc,lowest_lower_bound,NO_PROFILING,all_to_shortest,greedy,4900,28,28,0.0379509925842285,0.0179591836734693,True,4812.0,26,-1,4812.0
Uniform1-5000_Seed153_J50_M25,"[0.013716, 1.000000]",25,50,0.01,max_proc,lowest_lower_bound,PRUNE,all_to_shortest,greedy,4906,32,32,0.0469272136688232,0.019160211985324,True,4812.0,30,-1,4812.0
Uniform1-5000_Seed154_J50_M25,"[0.003669, 0.959310]",25,50,0.02,max_proc,lowest_lower_bound,NO_PROFILING,all_to_shortest,greedy,6065,675,2001,3.2757973670959477,0.1461302555647155,False,5178.72,31,-1,5178.72
Uniform1-5000_Seed154_J50_M25,"[0.003669, 0.959310]",25,50,0.01,max_proc,lowest_lower_bound,PRUNE,all_to_shortest,greedy,5668,1896,2001,2.8936960697174072,0.0863232180663372,False,5242.0,39,-1,5178.72
Uniform1-5000_Seed155_J50_M25,"[0.000860, 1.000000]",25,50,0.02,max_proc,lowest_lower_bound,NO_PROFILING,all_to_shortest,greedy,4696,33,33,0.0415737628936767,0.0100085178875638,True,4649.0,31,-1,4649.0
Uniform1-5000_Seed155_J50_M25,"[0.000860, 1.000000]",25,50,0.01,max_proc,lowest_lower_bound,PRUNE,all_to_shortest,greedy,4695,37,37,0.0569980144500732,0.0097976570820021,True,4649.0,35,-1,4649.0
Uniform1-5000_Seed156_J50_M25,"[0.041434, 0.951022]",25,50,0.02,max_proc,lowest_lower_bound,NO_PROFILING,all_to_shortest,greedy,5908,1576,2001,3.428794860839844,0.1339539607312118,False,5116.6,29,-1,5116.6
Uniform1-5000_Seed156_J50_M25,"[0.041434, 0.951022]",25,50,0.01,max_proc,lowest_lower_bound,PRUNE,all_to_shortest,greedy,5830,1366,2001,3.348203182220459,0.1223670668953687,False,5288.0,33,-1,5116.6
Uniform1-5000_Seed157_J50_M25,"[0.016970, 1.000000]",25,50,0.02,max_proc,lowest_lower_bound,NO_PROFILING,all_to_shortest,greedy,5029,37,37,0.0475955009460449,0.0157088884470073,True,4950.0,35,-1,4950.0
Uniform1-5000_Seed157_J50_M25,"[0.016970, 1.000000]",25,50,0.01,max_proc,lowest_lower_bound,PRUNE,all_to_shortest,greedy,4989,39,39,0.0597343444824218,0.0078171978352375,True,4950.0,37,-1,4950.0
Uniform1-5000_Seed158_J50_M25,"[0.043092, 0.959748]",25,50,0.02,max_proc,lowest_lower_bound,NO_PROFILING,all_to_shortest,greedy,5867,203,2001,3.382683515548706,0.1139867053008352,False,5198.24,30,-1,5198.24
Uniform1-5000_Seed158_J50_M25,"[0.043092, 0.959748]",25,50,0.01,max_proc,lowest_lower_bound,PRUNE,all_to_shortest,greedy,5835,813,2001,3.4776456356048584,0.109127677806341,False,5369.0,35,-1,5198.24
Uniform1-5000_Seed159_J50_M25,"[0.002520, 1.000000]",25,50,0.02,max_proc,lowest_lower_bound,NO_PROFILING,all_to_shortest,greedy,4762,14,14,0.0205144882202148,0.0,True,4762.0,12,14,4762.0
Uniform1-5000_Seed159_J50_M25,"[0.002520, 1.000000]",25,50,0.01,max_proc,lowest_lower_bound,PRUNE,all_to_shortest,greedy,4762,12,12,0.0194573402404785,0.0,True,4762.0,10,12,4762.0
Uniform1-5000_Seed160_J50_M25,"[0.045209, 0.867663]",25,50,0.02,max_proc,lowest_lower_bound,NO_PROFILING,all_to_shortest,greedy,6946,1144,2001,3.3147976398468018,0.1720299452922545,False,5751.08,25,-1,5751.08
Uniform1-5000_Seed160_J50_M25,"[0.045209, 0.867663]",25,50,0.01,max_proc,lowest_lower_bound,PRUNE,all_to_shortest,greedy,6187,883,883,1.5771479606628418,0.0704574106998545,True,6187.0,38,-1,5751.08
Uniform1-5000_Seed131_J100_M50,"[0.013071, 0.958969]",50,100,0.02,max_proc,lowest_lower_bound,NO_PROFILING,all_to_shortest,greedy,6340,1234,2001,17.808977842330933,0.1794227129337539,False,5202.46,61,-1,5202.46
Uniform1-5000_Seed131_J100_M50,"[0.013071, 0.958969]",50,100,0.01,max_proc,lowest_lower_bound,PRUNE,all_to_shortest,greedy,6300,362,2001,20.17855477333069,0.1742126984126984,False,5202.46,61,-1,5202.46
Uniform1-5000_Seed132_J100_M50,"[0.001856, 1.000000]",50,100,0.02,max_proc,lowest_lower_bound,NO_PROFILING,all_to_shortest,greedy,5782,1270,2001,18.993488073349,0.1615358007609823,False,4848.0,63,-1,4848.0
Uniform1-5000_Seed132_J100_M50,"[0.001856, 1.000000]",50,100,0.01,max_proc,lowest_lower_bound,PRUNE,all_to_shortest,greedy,5818,1630,2001,17.19685697555542,0.1667239601237538,False,4848.0,63,-1,4848.0
Uniform1-5000_Seed133_J100_M50,"[0.001201, 1.000000]",50,100,0.02,max_proc,lowest_lower_bound,NO_PROFILING,all_to_shortest,greedy,5078,62,62,0.451883316040039,0.0163450177235131,True,4995.0,60,-1,4995.0
Uniform1-5000_Seed133_J100_M50,"[0.001201, 1.000000]",50,100,0.01,max_proc,lowest_lower_bound,PRUNE,all_to_shortest,greedy,5021,68,68,0.5711660385131836,0.0051782513443537,True,4995.0,66,-1,4995.0
Uniform1-5000_Seed134_J100_M50,"[0.015876, 1.000000]",50,100,0.02,max_proc,lowest_lower_bound,NO_PROFILING,all_to_shortest,greedy,5942,59,2001,18.24824070930481,0.1943789969707169,False,4787.0,60,-1,4787.0
Uniform1-5000_Seed134_J100_M50,"[0.015876, 1.000000]",50,100,0.01,max_proc,lowest_lower_bound,PRUNE,all_to_shortest,greedy,5922,115,2001,16.27492094039917,0.1916582235731171,False,4810.0,60,-1,4787.0
Uniform1-5000_Seed135_J100_M50,"[0.014767, 0.999324]",50,100,0.02,max_proc,lowest_lower_bound,NO_PROFILING,all_to_shortest,greedy,5744,95,2001,16.65357756614685,0.1393906685236768,False,4943.34,64,-1,4943.34
Uniform1-5000_Seed135_J100_M50,"[0.014767, 0.999324]",50,100,0.01,max_proc,lowest_lower_bound,PRUNE,all_to_shortest,greedy,5841,104,2001,16.27237606048584,0.1536825885978428,False,4943.34,64,-1,4943.34
Uniform1-5000_Seed136_J100_M50,"[0.021724, 0.988631]",50,100,0.02,max_proc,lowest_lower_bound,NO_PROFILING,all_to_shortest,greedy,5983,65,2001,18.645642042160038,0.1690590005014206,False,4971.52,66,-1,4971.52
Uniform1-5000_Seed136_J100_M50,"[0.021724, 0.988631]",50,100,0.01,max_proc,lowest_lower_bound,PRUNE,all_to_shortest,greedy,5907,1596,2001,16.105557680130005,0.1583680379211104,False,4971.52,66,-1,4971.52
Uniform1-5000_Seed137_J100_M50,"[0.039546, 0.939255]",50,100,0.02,max_proc,lowest_lower_bound,NO_PROFILING,all_to_shortest,greedy,6523,1991,2001,18.331430912017822,0.1897838417905871,False,5285.04,56,-1,5285.04
Uniform1-5000_Seed137_J100_M50,"[0.039546, 0.939255]",50,100,0.01,max_proc,lowest_lower_bound,PRUNE,all_to_shortest,greedy,6607,518,2001,22.419411420822144,0.2000847585893749,False,5375.0,59,-1,5285.04
Uniform1-5000_Seed138_J100_M50,"[0.006926, 1.000000]",50,100,0.02,max_proc,lowest_lower_bound,NO_PROFILING,all_to_shortest,greedy,5000,71,71,0.5456545352935791,0.0182,True,4909.0,69,-1,4909.0
Uniform1-5000_Seed138_J100_M50,"[0.006926, 1.000000]",50,100,0.01,max_proc,lowest_lower_bound,PRUNE,all_to_shortest,greedy,4986,72,72,0.6270208358764648,0.01544324107501,True,4909.0,69,-1,4909.0
Uniform1-5000_Seed139_J100_M50,"[0.005917, 0.965460]",50,100,0.02,max_proc,lowest_lower_bound,NO_PROFILING,all_to_shortest,greedy,6228,52,2001,16.005781650543213,0.1859152215799615,False,5070.12,50,-1,5070.12
Uniform1-5000_Seed139_J100_M50,"[0.005917, 0.965460]",50,100,0.01,max_proc,lowest_lower_bound,PRUNE,all_to_shortest,greedy,6009,147,2001,18.706366777420044,0.156245631552671,False,5369.0,67,-1,5070.12
Uniform1-5000_Seed140_J100_M50,"[0.000798, 0.983602]",50,100,0.02,max_proc,lowest_lower_bound,NO_PROFILING,all_to_shortest,greedy,5894,824,2001,17.0671329498291,0.1490939938920936,False,5015.24,66,-1,5015.24
Uniform1-5000_Seed140_J100_M50,"[0.000798, 0.983602]",50,100,0.01,max_proc,lowest_lower_bound,PRUNE,all_to_shortest,greedy,5922,553,2001,19.228344440460205,0.1531171901384667,False,5015.24,66,-1,5015.24
Uniform1-5000_Seed141_J100_M50,"[0.009307, 0.989493]",50,100,0.02,max_proc,lowest_lower_bound,NO_PROFILING,all_to_shortest,greedy,6120,125,2001,17.788818359375,0.1748267973856208,False,5050.06,50,-1,5050.06
Uniform1-5000_Seed141_J100_M50,"[0.009307, 0.989493]",50,100,0.01,max_proc,lowest_lower_bound,PRUNE,all_to_shortest,greedy,5181,102,102,0.8872044086456299,0.0252731132985909,True,5166.0,89,-1,5050.06
Uniform1-5000_Seed142_J100_M50,"[0.017955, 0.921687]",50,100,0.02,max_proc,lowest_lower_bound,NO_PROFILING,all_to_shortest,greedy,6642,1048,2001,16.881947994232178,0.1950135501355013,False,5346.72,50,-1,5346.72
Uniform1-5000_Seed142_J100_M50,"[0.017955, 0.921687]",50,100,0.01,max_proc,lowest_lower_bound,PRUNE,all_to_shortest,greedy,5703,285,285,2.7261297702789307,0.0624723829563387,True,5703.0,81,-1,5346.72
Uniform1-5000_Seed143_J100_M50,"[0.017814, 1.000000]",50,100,0.02,max_proc,lowest_lower_bound,NO_PROFILING,all_to_shortest,greedy,5945,1233,2001,17.171733140945435,0.1596299411269974,False,4996.0,50,-1,4996.0
Uniform1-5000_Seed143_J100_M50,"[0.017814, 1.000000]",50,100,0.01,max_proc,lowest_lower_bound,PRUNE,all_to_shortest,greedy,5130,142,142,1.3065927028656006,0.026120857699805,True,5095.0,83,-1,4996.0
Uniform1-5000_Seed144_J100_M50,"[0.001396, 0.990239]",50,100,0.02,max_proc,lowest_lower_bound,NO_PROFILING,all_to_shortest,greedy,6293,547,2001,18.322079181671143,0.2029302399491498,False,5015.96,50,-1,5015.96
Uniform1-5000_Seed144_J100_M50,"[0.001396, 0.990239]",50,100,0.01,max_proc,lowest_lower_bound,PRUNE,all_to_shortest,greedy,5350,82,82,0.7707116603851318,0.06243738317757,True,5264.0,80,-1,5015.96
Uniform1-5000_Seed145_J100_M50,"[0.003423, 1.000000]",50,100,0.02,max_proc,lowest_lower_bound,NO_PROFILING,all_to_shortest,greedy,6078,865,2001,16.648159980773926,0.1827903915761763,False,4967.0,53,-1,4967.0
Uniform1-5000_Seed145_J100_M50,"[0.003423, 1.000000]",50,100,0.01,max_proc,lowest_lower_bound,PRUNE,all_to_shortest,greedy,5413,667,2001,17.70365834236145,0.0823942360982819,False,4985.0,77,-1,4967.0
Uniform1-5000_Seed146_J100_M50,"[0.002411, 1.000000]",50,100,0.02,max_proc,lowest_lower_bound,NO_PROFILING,all_to_shortest,greedy,5950,1044,2001,16.98932909965515,0.1633613445378151,False,4978.0,50,-1,4978.0
Uniform1-5000_Seed146_J100_M50,"[0.002411, 1.000000]",50,100,0.01,max_proc,lowest_lower_bound,PRUNE,all_to_shortest,greedy,5227,77,77,0.6539225578308105,0.0476372680313755,True,5227.0,75,-1,4978.0
Uniform1-5000_Seed147_J100_M50,"[0.002209, 1.000000]",50,100,0.02,max_proc,lowest_lower_bound,NO_PROFILING,all_to_shortest,greedy,5078,59,59,0.4407441616058349,0.019495864513588,True,4979.0,57,-1,4979.0
Uniform1-5000_Seed147_J100_M50,"[0.002209, 1.000000]",50,100,0.01,max_proc,lowest_lower_bound,PRUNE,all_to_shortest,greedy,5053,86,86,0.7473392486572266,0.0146447654858499,True,4979.0,84,-1,4979.0
Uniform1-5000_Seed148_J100_M50,"[0.003285, 0.934616]",50,100,0.02,max_proc,lowest_lower_bound,NO_PROFILING,all_to_shortest,greedy,6396,92,2001,18.57463836669922,0.1910068792995622,False,5174.32,57,-1,5174.32
Uniform1-5000_Seed148_J100_M50,"[0.003285, 0.934616]",50,100,0.01,max_proc,lowest_lower_bound,PRUNE,all_to_shortest,greedy,6239,442,2001,20.45709753036499,0.1706491424907838,False,5245.0,60,-1,5174.32
Uniform1-5000_Seed149_J100_M50,"[0.006578, 0.965215]",50,100,0.02,max_proc,lowest_lower_bound,NO_PROFILING,all_to_shortest,greedy,6281,1809,2001,18.55600595474243,0.2013214456296768,False,5016.5,52,-1,5016.5
Uniform1-5000_Seed149_J100_M50,"[0.006578, 0.965215]",50,100,0.01,max_proc,lowest_lower_bound,PRUNE,all_to_shortest,greedy,5851,1524,2001,17.139158964157104,0.1426251922748248,False,5157.0,68,-1,5016.5
Uniform1-5000_Seed150_J100_M50,"[0.005236, 1.000000]",50,100,0.02,max_proc,lowest_lower_bound,NO_PROFILING,all_to_shortest,greedy,4966,64,64,0.4780943393707275,0.0,True,4966.0,62,64,4966.0
Uniform1-5000_Seed150_J100_M50,"[0.005236, 1.000000]",50,100,0.01,max_proc,lowest_lower_bound,PRUNE,all_to_shortest,greedy,4966,69,69,0.5963103771209717,0.0,True,4966.0,67,69,4966.0
Uniform1-5000_Seed151_J100_M50,"[0.011145, 0.928048]",50,100,0.02,max_proc,lowest_lower_bound,NO_PROFILING,all_to_shortest,greedy,6821,47,2001,18.53756308555603,0.2107696818648292,False,5383.34,50,-1,5383.34
Uniform1-5000_Seed151_J100_M50,"[0.011145, 0.928048]",50,100,0.01,max_proc,lowest_lower_bound,PRUNE,all_to_shortest,greedy,5762,448,448,4.24579668045044,0.0657167650121485,True,5762.0,84,-1,5383.34
Uniform1-5000_Seed152_J100_M50,"[0.014572, 0.956937]",50,100,0.02,max_proc,lowest_lower_bound,NO_PROFILING,all_to_shortest,greedy,6571,249,2001,21.493475198745728,0.2062699741287474,False,5215.6,50,-1,5215.6
Uniform1-5000_Seed152_J100_M50,"[0.014572, 0.956937]",50,100,0.01,max_proc,lowest_lower_bound,PRUNE,all_to_shortest,greedy,5733,1243,1243,13.266474723815918,0.0902494331065759,True,5714.0,69,-1,5215.6
Uniform1-5000_Seed153_J100_M50,"[0.003618, 1.000000]",50,100,0.02,max_proc,lowest_lower_bound,NO_PROFILING,all_to_shortest,greedy,5014,83,83,0.6490354537963867,0.0077782209812524,True,4975.0,81,-1,4975.0
Uniform1-5000_Seed153_J100_M50,"[0.003618, 1.000000]",50,100,0.01,max_proc,lowest_lower_bound,PRUNE,all_to_shortest,greedy,4998,107,107,0.9435174465179444,0.0046018407362945,True,4975.0,89,-1,4975.0
Uniform1-5000_Seed154_J100_M50,"[0.003824, 1.000000]",50,100,0.02,max_proc,lowest_lower_bound,NO_PROFILING,all_to_shortest,greedy,5718,1430,2001,19.161008834838867,0.1311647429171039,False,4968.0,63,-1,4968.0
Uniform1-5000_Seed154_J100_M50,"[0.003824, 1.000000]",50,100,0.01,max_proc,lowest_lower_bound,PRUNE,all_to_shortest,greedy,5758,106,2001,15.860838174819946,0.1372004168113928,False,4968.0,63,-1,4968.0
Uniform1-5000_Seed155_J100_M50,"[0.000832, 1.000000]",50,100,0.02,max_proc,lowest_lower_bound,NO_PROFILING,all_to_shortest,greedy,6068,1388,2001,16.894450664520264,0.2081410678971654,False,4805.0,50,-1,4805.0
Uniform1-5000_Seed155_J100_M50,"[0.000832, 1.000000]",50,100,0.01,max_proc,lowest_lower_bound,PRUNE,all_to_shortest,greedy,4982,75,75,0.6758923530578613,0.0355279004415897,True,4956.0,71,-1,4805.0
Uniform1-5000_Seed156_J100_M50,"[0.015306, 1.000000]",50,100,0.02,max_proc,lowest_lower_bound,NO_PROFILING,all_to_shortest,greedy,4904,77,77,0.6044125556945801,0.0008156606851549,True,4900.0,75,-1,4900.0
Uniform1-5000_Seed156_J100_M50,"[0.015306, 1.000000]",50,100,0.01,max_proc,lowest_lower_bound,PRUNE,all_to_shortest,greedy,5292,592,2001,17.532376289367676,0.074074074074074,False,4900.0,73,-1,4900.0
Uniform1-5000_Seed157_J100_M50,"[0.009912, 0.981321]",50,100,0.02,max_proc,lowest_lower_bound,NO_PROFILING,all_to_shortest,greedy,6520,1425,2001,17.35756754875183,0.2263466257668711,False,5044.22,50,-1,5044.22
Uniform1-5000_Seed157_J100_M50,"[0.009912, 0.981321]",50,100,0.01,max_proc,lowest_lower_bound,PRUNE,all_to_shortest,greedy,5541,78,78,0.6802959442138672,0.0896552968778198,True,5440.0,72,-1,5044.22
Uniform1-5000_Seed158_J100_M50,"[0.005722, 0.984396]",50,100,0.02,max_proc,lowest_lower_bound,NO_PROFILING,all_to_shortest,greedy,6010,402,2001,18.461321592330933,0.1567254575707155,False,5068.08,65,-1,5068.08
Uniform1-5000_Seed158_J100_M50,"[0.005722, 0.984396]",50,100,0.01,max_proc,lowest_lower_bound,PRUNE,all_to_shortest,greedy,5957,603,2001,20.348158359527588,0.1492227631358066,False,5068.08,65,-1,5068.08
Uniform1-5000_Seed159_J100_M50,"[0.002406, 1.000000]",50,100,0.02,max_proc,lowest_lower_bound,NO_PROFILING,all_to_shortest,greedy,5028,38,38,0.2874319553375244,0.0081543357199681,True,4987.0,36,-1,4987.0
Uniform1-5000_Seed159_J100_M50,"[0.002406, 1.000000]",50,100,0.01,max_proc,lowest_lower_bound,PRUNE,all_to_shortest,greedy,4987,50,50,0.4122841358184814,0.0,True,4987.0,48,50,4987.0
Uniform1-5000_Seed160_J100_M50,"[0.045403, 0.871381]",50,100,0.02,max_proc,lowest_lower_bound,NO_PROFILING,all_to_shortest,greedy,7212,933,2001,17.500110864639282,0.2059706045479756,False,5726.54,50,-1,5726.54
Uniform1-5000_Seed160_J100_M50,"[0.045403, 0.871381]",50,100,0.01,max_proc,lowest_lower_bound,PRUNE,all_to_shortest,greedy,6345,77,77,0.7209076881408691,0.097472025216706,True,6255.0,74,-1,5726.54
Uniform1-5000_Seed131_J150_M75,"[0.013029, 1.000000]",75,150,0.02,max_proc,lowest_lower_bound,NO_PROFILING,all_to_shortest,greedy,5565,369,2001,46.75443625450134,0.1035040431266846,False,4989.0,112,-1,4989.0
Uniform1-5000_Seed131_J150_M75,"[0.013029, 1.000000]",75,150,0.01,max_proc,lowest_lower_bound,PRUNE,all_to_shortest,greedy,5914,1312,2001,56.57932019233704,0.1564085221508285,False,4989.0,108,-1,4989.0
Uniform1-5000_Seed132_J150_M75,"[0.001815, 1.000000]",75,150,0.02,max_proc,lowest_lower_bound,NO_PROFILING,all_to_shortest,greedy,5033,109,109,2.4445276260375977,0.0147029604609576,True,4959.0,107,-1,4959.0
Uniform1-5000_Seed132_J150_M75,"[0.001815, 1.000000]",75,150,0.01,max_proc,lowest_lower_bound,PRUNE,all_to_shortest,greedy,5044,206,206,5.432794570922852,0.0168517049960348,True,4959.0,127,-1,4959.0
Uniform1-5000_Seed133_J150_M75,"[0.001200, 1.000000]",75,150,0.02,max_proc,lowest_lower_bound,NO_PROFILING,all_to_shortest,greedy,5092,94,94,2.086176872253418,0.0180675569520816,True,5000.0,92,-1,5000.0
Uniform1-5000_Seed133_J150_M75,"[0.001200, 1.000000]",75,150,0.01,max_proc,lowest_lower_bound,PRUNE,all_to_shortest,greedy,5040,111,111,2.749318599700928,0.0079365079365079,True,5000.0,109,-1,5000.0
Uniform1-5000_Seed134_J150_M75,"[0.010746, 1.000000]",75,150,0.02,max_proc,lowest_lower_bound,NO_PROFILING,all_to_shortest,greedy,4993,107,107,2.458709478378296,0.0122171039455237,True,4932.0,105,-1,4932.0
Uniform1-5000_Seed134_J150_M75,"[0.010746, 1.000000]",75,150,0.01,max_proc,lowest_lower_bound,PRUNE,all_to_shortest,greedy,4954,140,140,3.6039555072784415,0.0044408558740411,True,4932.0,133,-1,4932.0
Uniform1-5000_Seed135_J150_M75,"[0.014432, 0.976604]",75,150,0.02,max_proc,lowest_lower_bound,NO_PROFILING,all_to_shortest,greedy,6038,1589,2001,51.37693858146668,0.1622479849839903,False,5058.346666666666,95,-1,5058.346666666666
Uniform1-5000_Seed135_J150_M75,"[0.014432, 0.976604]",75,150,0.01,max_proc,lowest_lower_bound,PRUNE,all_to_shortest,greedy,6151,1118,2001,62.06668138504028,0.1776383243916978,False,5058.346666666666,95,-1,5058.346666666666
Uniform1-5000_Seed136_J150_M75,"[0.021345, 0.980271]",75,150,0.02,max_proc,lowest_lower_bound,NO_PROFILING,all_to_shortest,greedy,6088,837,2001,51.37320280075073,0.1688852387209811,False,5059.826666666667,94,-1,5059.826666666667
Uniform1-5000_Seed136_J150_M75,"[0.021345, 0.980271]",75,150,0.01,max_proc,lowest_lower_bound,PRUNE,all_to_shortest,greedy,6083,313,2001,55.54672694206238,0.1682020932653843,False,5059.826666666667,94,-1,5059.826666666667
Uniform1-5000_Seed137_J150_M75,"[0.021620, 0.993701]",75,150,0.02,max_proc,lowest_lower_bound,NO_PROFILING,all_to_shortest,greedy,6342,155,2001,50.85372924804688,0.2123199831809104,False,4995.466666666666,80,-1,4995.466666666666
Uniform1-5000_Seed137_J150_M75,"[0.021620, 0.993701]",75,150,0.01,max_proc,lowest_lower_bound,PRUNE,all_to_shortest,greedy,6088,177,2001,57.99854922294617,0.1794568550153307,False,5020.0,89,-1,4995.466666666666
Uniform1-5000_Seed138_J150_M75,"[0.005500, 1.000000]",75,150,0.02,max_proc,lowest_lower_bound,NO_PROFILING,all_to_shortest,greedy,4942,121,121,2.909895420074463,0.0066774585188182,True,4909.0,119,-1,4909.0
Uniform1-5000_Seed138_J150_M75,"[0.005500, 1.000000]",75,150,0.01,max_proc,lowest_lower_bound,PRUNE,all_to_shortest,greedy,5002,183,183,4.474669456481934,0.01859256297481,True,4909.0,128,-1,4909.0
Uniform1-5000_Seed139_J150_M75,"[0.005809, 0.956916]",75,150,0.02,max_proc,lowest_lower_bound,NO_PROFILING,all_to_shortest,greedy,6721,473,2001,56.32944393157959,0.2315865694589098,False,5164.506666666667,75,-1,5164.506666666667
Uniform1-5000_Seed139_J150_M75,"[0.005809, 0.956916]",75,150,0.01,max_proc,lowest_lower_bound,PRUNE,all_to_shortest,greedy,6103,195,2001,46.77268934249878,0.1537757387077392,False,5307.0,98,-1,5164.506666666667
Uniform1-5000_Seed140_J150_M75,"[0.000811, 0.999886]",75,150,0.02,max_proc,lowest_lower_bound,NO_PROFILING,all_to_shortest,greedy,5831,1459,2001,50.59562301635742,0.1539084205110615,False,4933.56,101,-1,4933.56
Uniform1-5000_Seed140_J150_M75,"[0.000811, 0.999886]",75,150,0.01,max_proc,lowest_lower_bound,PRUNE,all_to_shortest,greedy,5884,1096,2001,50.45209455490112,0.1615295717199183,False,4933.56,101,-1,4933.56
Uniform1-5000_Seed141_J150_M75,"[0.009406, 1.000000]",75,150,0.02,max_proc,lowest_lower_bound,NO_PROFILING,all_to_shortest,greedy,4997,135,135,3.112036943435669,0.0,True,4997.0,131,135,4997.0
Uniform1-5000_Seed141_J150_M75,"[0.009406, 1.000000]",75,150,0.01,max_proc,lowest_lower_bound,PRUNE,all_to_shortest,greedy,5762,242,2001,48.85499596595764,0.1327664005553627,False,4997.0,112,-1,4997.0
Uniform1-5000_Seed142_J150_M75,"[0.003261, 0.957706]",75,150,0.02,max_proc,lowest_lower_bound,NO_PROFILING,all_to_shortest,greedy,6633,175,2001,51.585278272628784,0.2141635258053169,False,5212.453333333333,78,-1,5212.453333333333
Uniform1-5000_Seed142_J150_M75,"[0.003261, 0.957706]",75,150,0.01,max_proc,lowest_lower_bound,PRUNE,all_to_shortest,greedy,6501,189,2001,64.37408113479614,0.1982074552632929,False,5295.0,88,-1,5212.453333333333
Uniform1-5000_Seed143_J150_M75,"[0.016613, 1.000000]",75,150,0.02,max_proc,lowest_lower_bound,NO_PROFILING,all_to_shortest,greedy,5998,422,2001,51.67395186424256,0.1670556852284094,False,4996.0,86,-1,4996.0
Uniform1-5000_Seed143_J150_M75,"[0.016613, 1.000000]",75,150,0.01,max_proc,lowest_lower_bound,PRUNE,all_to_shortest,greedy,6046,91,2001,52.32175064086914,0.173668541184254,False,4996.0,86,-1,4996.0
Uniform1-5000_Seed144_J150_M75,"[0.001402, 0.994801]",75,150,0.02,max_proc,lowest_lower_bound,NO_PROFILING,all_to_shortest,greedy,6301,1012,2001,46.54352831840515,0.2075924456435486,False,4992.96,75,-1,4992.96
Uniform1-5000_Seed144_J150_M75,"[0.001402, 0.994801]",75,150,0.01,max_proc,lowest_lower_bound,PRUNE,all_to_shortest,greedy,6375,82,2001,47.8683979511261,0.2167905882352941,False,5107.0,86,-1,4992.96
Uniform1-5000_Seed145_J150_M75,"[0.003423, 1.000000]",75,150,0.02,max_proc,lowest_lower_bound,NO_PROFILING,all_to_shortest,greedy,6170,606,2001,43.01490879058838,0.1949756888168557,False,4967.0,79,-1,4967.0
Uniform1-5000_Seed145_J150_M75,"[0.003423, 1.000000]",75,150,0.01,max_proc,lowest_lower_bound,PRUNE,all_to_shortest,greedy,5397,1502,2001,48.28847813606262,0.0796738929034648,False,5024.0,126,-1,4967.0
Uniform1-5000_Seed146_J150_M75,"[0.000602, 1.000000]",75,150,0.02,max_proc,lowest_lower_bound,NO_PROFILING,all_to_shortest,greedy,6038,73,2001,44.37898540496826,0.1747267307055316,False,4983.0,79,-1,4983.0
Uniform1-5000_Seed146_J150_M75,"[0.000602, 1.000000]",75,150,0.01,max_proc,lowest_lower_bound,PRUNE,all_to_shortest,greedy,5124,422,422,10.329487800598145,0.0275175644028103,True,5027.0,118,-1,4983.0
Uniform1-5000_Seed147_J150_M75,"[0.002209, 1.000000]",75,150,0.02,max_proc,lowest_lower_bound,NO_PROFILING,all_to_shortest,greedy,6218,1709,2001,47.28496074676514,0.1992602122869089,False,4979.0,75,-1,4979.0
Uniform1-5000_Seed147_J150_M75,"[0.002209, 1.000000]",75,150,0.01,max_proc,lowest_lower_bound,PRUNE,all_to_shortest,greedy,6032,444,2001,45.40393733978272,0.1745689655172413,False,5039.0,90,-1,4979.0
Uniform1-5000_Seed148_J150_M75,"[0.003227, 0.942134]",75,150,0.02,max_proc,lowest_lower_bound,NO_PROFILING,all_to_shortest,greedy,6446,536,2001,45.943283557891846,0.1827758816837315,False,5267.826666666667,75,-1,5267.826666666667
Uniform1-5000_Seed148_J150_M75,"[0.003227, 0.942134]",75,150,0.01,max_proc,lowest_lower_bound,PRUNE,all_to_shortest,greedy,6493,99,2001,48.09265851974487,0.1886914112634118,False,5383.0,87,-1,5267.826666666667
Uniform1-5000_Seed149_J150_M75,"[0.006535, 0.987436]",75,150,0.02,max_proc,lowest_lower_bound,NO_PROFILING,all_to_shortest,greedy,6167,901,2001,47.12709856033325,0.1812161504783526,False,5049.44,78,-1,5049.44
Uniform1-5000_Seed149_J150_M75,"[0.006535, 0.987436]",75,150,0.01,max_proc,lowest_lower_bound,PRUNE,all_to_shortest,greedy,5679,1321,2001,52.07113599777222,0.1108575453424899,False,5165.0,119,-1,5049.44
Uniform1-5000_Seed150_J150_M75,"[0.004229, 1.000000]",75,150,0.02,max_proc,lowest_lower_bound,NO_PROFILING,all_to_shortest,greedy,5052,106,106,2.5124900341033936,0.0170229612034837,True,4966.0,104,-1,4966.0
Uniform1-5000_Seed150_J150_M75,"[0.004229, 1.000000]",75,150,0.01,max_proc,lowest_lower_bound,PRUNE,all_to_shortest,greedy,4992,123,123,2.974942445755005,0.0052083333333333,True,4966.0,121,-1,4966.0
Uniform1-5000_Seed151_J150_M75,"[0.002997, 0.935697]",75,150,0.02,max_proc,lowest_lower_bound,NO_PROFILING,all_to_shortest,greedy,6832,668,2001,53.23570871353149,0.2184816549570648,False,5339.333333333333,75,-1,5339.333333333333
Uniform1-5000_Seed151_J150_M75,"[0.002997, 0.935697]",75,150,0.01,max_proc,lowest_lower_bound,PRUNE,all_to_shortest,greedy,6715,208,2001,60.39246726036072,0.2048647307024076,False,5697.0,86,-1,5339.333333333333
Uniform1-5000_Seed152_J150_M75,"[0.003406, 1.000000]",75,150,0.02,max_proc,lowest_lower_bound,NO_PROFILING,all_to_shortest,greedy,6264,898,2001,45.34657287597656,0.2032247765006385,False,4991.0,80,-1,4991.0
Uniform1-5000_Seed152_J150_M75,"[0.003406, 1.000000]",75,150,0.01,max_proc,lowest_lower_bound,PRUNE,all_to_shortest,greedy,6260,239,2001,61.563114404678345,0.2027156549520767,False,5058.0,87,-1,4991.0
Uniform1-5000_Seed153_J150_M75,"[0.003590, 0.992314]",75,150,0.02,max_proc,lowest_lower_bound,NO_PROFILING,all_to_shortest,greedy,6437,813,2001,50.22431874275208,0.2211382113821137,False,5013.533333333334,75,-1,5013.533333333334
Uniform1-5000_Seed153_J150_M75,"[0.003590, 0.992314]",75,150,0.01,max_proc,lowest_lower_bound,PRUNE,all_to_shortest,greedy,6129,94,2001,58.34931826591492,0.1819981508674606,False,5152.0,89,-1,5013.533333333334
Uniform1-5000_Seed154_J150_M75,"[0.003799, 0.993211]",75,150,0.02,max_proc,lowest_lower_bound,NO_PROFILING,all_to_shortest,greedy,6084,1071,2001,49.77096652984619,0.1778500986193293,False,5001.96,93,-1,5001.96
Uniform1-5000_Seed154_J150_M75,"[0.003799, 0.993211]",75,150,0.01,max_proc,lowest_lower_bound,PRUNE,all_to_shortest,greedy,6079,324,2001,58.90432691574097,0.1771738772824477,False,5001.96,93,-1,5001.96
Uniform1-5000_Seed155_J150_M75,"[0.000815, 1.000000]",75,150,0.02,max_proc,lowest_lower_bound,NO_PROFILING,all_to_shortest,greedy,4954,119,119,2.744678497314453,0.0092854259184497,True,4908.0,117,-1,4908.0
Uniform1-5000_Seed155_J150_M75,"[0.000815, 1.000000]",75,150,0.01,max_proc,lowest_lower_bound,PRUNE,all_to_shortest,greedy,5005,133,133,3.2933497428894043,0.0193806193806193,True,4908.0,131,-1,4908.0
Uniform1-5000_Seed156_J150_M75,"[0.014921, 0.975845]",75,150,0.02,max_proc,lowest_lower_bound,NO_PROFILING,all_to_shortest,greedy,6067,316,2001,48.88034629821777,0.1715158507774298,False,5026.413333333333,90,-1,5026.413333333333
Uniform1-5000_Seed156_J150_M75,"[0.014921, 0.975845]",75,150,0.01,max_proc,lowest_lower_bound,PRUNE,all_to_shortest,greedy,6116,315,2001,57.86172032356262,0.1781534772182254,False,5026.413333333333,90,-1,5026.413333333333
Uniform1-5000_Seed157_J150_M75,"[0.009839, 0.975815]",75,150,0.02,max_proc,lowest_lower_bound,NO_PROFILING,all_to_shortest,greedy,6478,722,2001,46.58698868751526,0.2155130184213234,False,5081.906666666667,75,-1,5081.906666666667
Uniform1-5000_Seed157_J150_M75,"[0.009839, 0.975815]",75,150,0.01,max_proc,lowest_lower_bound,PRUNE,all_to_shortest,greedy,5519,125,125,3.065065860748291,0.0791979223289243,True,5426.0,122,-1,5081.906666666667
Uniform1-5000_Seed158_J150_M75,"[0.002405, 1.000000]",75,150,0.02,max_proc,lowest_lower_bound,NO_PROFILING,all_to_shortest,greedy,5576,115,2001,45.69978475570679,0.1052725968436154,False,4989.0,113,-1,4989.0
Uniform1-5000_Seed158_J150_M75,"[0.002405, 1.000000]",75,150,0.01,max_proc,lowest_lower_bound,PRUNE,all_to_shortest,greedy,5730,918,2001,44.8770911693573,0.1293193717277486,False,4989.0,109,-1,4989.0
Uniform1-5000_Seed159_J150_M75,"[0.002401, 1.000000]",75,150,0.02,max_proc,lowest_lower_bound,NO_PROFILING,all_to_shortest,greedy,5087,87,87,1.755073070526123,0.0174955769608806,True,4998.0,85,-1,4998.0
Uniform1-5000_Seed159_J150_M75,"[0.002401, 1.000000]",75,150,0.01,max_proc,lowest_lower_bound,PRUNE,all_to_shortest,greedy,4998,111,111,2.6149649620056152,0.0,True,4998.0,109,111,4998.0
Uniform1-5000_Seed160_J150_M75,"[0.004334, 0.940209]",75,150,0.02,max_proc,lowest_lower_bound,NO_PROFILING,all_to_shortest,greedy,6614,1288,2001,46.76757192611694,0.1975607297651447,False,5307.333333333333,75,-1,5307.333333333333
Uniform1-5000_Seed160_J150_M75,"[0.004334, 0.940209]",75,150,0.01,max_proc,lowest_lower_bound,PRUNE,all_to_shortest,greedy,6625,77,2001,61.3014702796936,0.1988930817610063,False,5499.0,84,-1,5307.333333333333
Uniform1-5000_Seed131_J200_M100,"[0.013029, 1.000000]",100,200,0.02,max_proc,lowest_lower_bound,NO_PROFILING,all_to_shortest,greedy,5655,1389,2001,98.77181458473206,0.1177718832891246,False,4989.0,143,-1,4989.0
Uniform1-5000_Seed131_J200_M100,"[0.013029, 1.000000]",100,200,0.01,max_proc,lowest_lower_bound,PRUNE,all_to_shortest,greedy,5938,1964,2001,99.48519778251648,0.1598181205793196,False,4989.0,141,-1,4989.0
Uniform1-5000_Seed132_J200_M100,"[0.001785, 0.987384]",100,200,0.02,max_proc,lowest_lower_bound,NO_PROFILING,all_to_shortest,greedy,6292,1948,2001,104.7259714603424,0.1985664335664335,False,5042.62,114,-1,5042.62
Uniform1-5000_Seed132_J200_M100,"[0.001785, 0.987384]",100,200,0.01,max_proc,lowest_lower_bound,PRUNE,all_to_shortest,greedy,6331,545,2001,129.8172631263733,0.2035033959879956,False,5042.62,114,-1,5042.62
Uniform1-5000_Seed133_J200_M100,"[0.001200, 1.000000]",100,200,0.02,max_proc,lowest_lower_bound,NO_PROFILING,all_to_shortest,greedy,5056,132,132,6.272682428359985,0.0110759493670886,True,5000.0,130,-1,5000.0
Uniform1-5000_Seed133_J200_M100,"[0.001200, 1.000000]",100,200,0.01,max_proc,lowest_lower_bound,PRUNE,all_to_shortest,greedy,5090,160,160,8.60799241065979,0.0176817288801571,True,5000.0,158,-1,5000.0
Uniform1-5000_Seed134_J200_M100,"[0.010746, 1.000000]",100,200,0.02,max_proc,lowest_lower_bound,NO_PROFILING,all_to_shortest,greedy,5006,143,143,6.869136333465576,0.0147822612864562,True,4932.0,141,-1,4932.0
Uniform1-5000_Seed134_J200_M100,"[0.010746, 1.000000]",100,200,0.01,max_proc,lowest_lower_bound,PRUNE,all_to_shortest,greedy,5008,183,183,10.2006573677063,0.0151757188498402,True,4932.0,173,-1,4932.0
Uniform1-5000_Seed135_J200_M100,"[0.010918, 0.946262]",100,200,0.02,max_proc,lowest_lower_bound,NO_PROFILING,all_to_shortest,greedy,6675,1178,2001,111.1013367176056,0.2178966292134831,False,5220.54,100,-1,5220.54
Uniform1-5000_Seed135_J200_M100,"[0.010918, 0.946262]",100,200,0.01,max_proc,lowest_lower_bound,PRUNE,all_to_shortest,greedy,6351,178,2001,104.01006293296814,0.1779971658006613,False,5316.0,124,-1,5220.54
Uniform1-5000_Seed136_J200_M100,"[0.002419, 1.000000]",100,200,0.02,max_proc,lowest_lower_bound,NO_PROFILING,all_to_shortest,greedy,6209,1660,2001,111.0255527496338,0.2011596070220647,False,4960.0,102,-1,4960.0
Uniform1-5000_Seed136_J200_M100,"[0.002419, 1.000000]",100,200,0.01,max_proc,lowest_lower_bound,PRUNE,all_to_shortest,greedy,5983,168,2001,104.5145344734192,0.1709844559585492,False,4993.0,129,-1,4960.0
Uniform1-5000_Seed137_J200_M100,"[0.001604, 0.995119]",100,200,0.02,max_proc,lowest_lower_bound,NO_PROFILING,all_to_shortest,greedy,6357,286,2001,106.26195764541626,0.21529809658644,False,4988.35,107,-1,4988.35
Uniform1-5000_Seed137_J200_M100,"[0.001604, 0.995119]",100,200,0.01,max_proc,lowest_lower_bound,PRUNE,all_to_shortest,greedy,6017,1227,2001,124.19637489318848,0.1709572876848927,False,5010.0,120,-1,4988.35
Uniform1-5000_Seed138_J200_M100,"[0.005500, 1.000000]",100,200,0.02,max_proc,lowest_lower_bound,NO_PROFILING,all_to_shortest,greedy,5891,1282,2001,103.94759726524352,0.1666949584111356,False,4909.0,118,-1,4909.0
Uniform1-5000_Seed138_J200_M100,"[0.005500, 1.000000]",100,200,0.01,max_proc,lowest_lower_bound,PRUNE,all_to_shortest,greedy,5938,111,2001,105.3989520072937,0.1732906702593465,False,4911.0,118,-1,4909.0
Uniform1-5000_Seed139_J200_M100,"[0.005838, 0.961774]",100,200,0.02,max_proc,lowest_lower_bound,NO_PROFILING,all_to_shortest,greedy,6669,1604,2001,113.89941072463988,0.2295066726645674,False,5138.42,100,-1,5138.42
Uniform1-5000_Seed139_J200_M100,"[0.005838, 0.961774]",100,200,0.01,max_proc,lowest_lower_bound,PRUNE,all_to_shortest,greedy,6086,161,2001,112.15312314033508,0.1556983240223463,False,5246.0,134,-1,5138.42
Uniform1-5000_Seed140_J200_M100,"[0.000811, 1.000000]",100,200,0.02,max_proc,lowest_lower_bound,NO_PROFILING,all_to_shortest,greedy,4999,161,161,7.6500725746154785,0.0132026405281056,True,4933.0,159,-1,4933.0
Uniform1-5000_Seed140_J200_M100,"[0.000811, 1.000000]",100,200,0.01,max_proc,lowest_lower_bound,PRUNE,all_to_shortest,greedy,5365,861,2001,94.13268637657166,0.0805219012115563,False,4933.0,160,-1,4933.0
Uniform1-5000_Seed141_J200_M100,"[0.009406, 1.000000]",100,200,0.02,max_proc,lowest_lower_bound,NO_PROFILING,all_to_shortest,greedy,5084,426,426,20.541972637176517,0.0171125098347757,True,4997.0,173,-1,4997.0
Uniform1-5000_Seed141_J200_M100,"[0.009406, 1.000000]",100,200,0.01,max_proc,lowest_lower_bound,PRUNE,all_to_shortest,greedy,5837,753,2001,118.34240627288818,0.1439095425732396,False,4997.0,147,-1,4997.0
Uniform1-5000_Seed142_J200_M100,"[0.003263, 0.958364]",100,200,0.02,max_proc,lowest_lower_bound,NO_PROFILING,all_to_shortest,greedy,6403,684,2001,107.7605414390564,0.186331407152897,False,5209.92,120,-1,5209.92
Uniform1-5000_Seed142_J200_M100,"[0.003263, 0.958364]",100,200,0.01,max_proc,lowest_lower_bound,PRUNE,all_to_shortest,greedy,6394,1624,2001,120.8896026611328,0.1851861119799812,False,5217.0,120,-1,5209.92
Uniform1-5000_Seed143_J200_M100,"[0.006005, 1.000000]",100,200,0.02,max_proc,lowest_lower_bound,NO_PROFILING,all_to_shortest,greedy,6226,882,2001,103.82954263687134,0.1975586251204625,False,4996.0,102,-1,4996.0
Uniform1-5000_Seed143_J200_M100,"[0.006005, 1.000000]",100,200,0.01,max_proc,lowest_lower_bound,PRUNE,all_to_shortest,greedy,6056,1434,2001,126.1532425880432,0.1750330250990752,False,5076.0,114,-1,4996.0
Uniform1-5000_Seed144_J200_M100,"[0.001409, 1.000000]",100,200,0.02,max_proc,lowest_lower_bound,NO_PROFILING,all_to_shortest,greedy,6249,745,2001,100.8401153087616,0.2051528244519123,False,4967.0,100,-1,4967.0
Uniform1-5000_Seed144_J200_M100,"[0.001409, 1.000000]",100,200,0.01,max_proc,lowest_lower_bound,PRUNE,all_to_shortest,greedy,6273,108,2001,122.67148876190186,0.2081938466443487,False,5094.0,117,-1,4967.0
Uniform1-5000_Seed145_J200_M100,"[0.003423, 1.000000]",100,200,0.02,max_proc,lowest_lower_bound,NO_PROFILING,all_to_shortest,greedy,5064,173,173,8.761597633361816,0.0191548183254344,True,4967.0,171,-1,4967.0
Uniform1-5000_Seed145_J200_M100,"[0.003423, 1.000000]",100,200,0.01,max_proc,lowest_lower_bound,PRUNE,all_to_shortest,greedy,5443,190,2001,112.62698698043825,0.0874517729193459,False,4967.0,157,-1,4967.0
Uniform1-5000_Seed146_J200_M100,"[0.000602, 1.000000]",100,200,0.02,max_proc,lowest_lower_bound,NO_PROFILING,all_to_shortest,greedy,5065,152,152,7.174652099609375,0.0161895360315893,True,4983.0,150,-1,4983.0
Uniform1-5000_Seed146_J200_M100,"[0.000602, 1.000000]",100,200,0.01,max_proc,lowest_lower_bound,PRUNE,all_to_shortest,greedy,5100,724,2001,103.08662486076356,0.0229411764705882,False,4983.0,170,-1,4983.0
Uniform1-5000_Seed147_J200_M100,"[0.002209, 1.000000]",100,200,0.02,max_proc,lowest_lower_bound,NO_PROFILING,all_to_shortest,greedy,6311,1615,2001,108.230637550354,0.2110600538741879,False,4979.0,100,-1,4979.0
Uniform1-5000_Seed147_J200_M100,"[0.002209, 1.000000]",100,200,0.01,max_proc,lowest_lower_bound,PRUNE,all_to_shortest,greedy,6133,822,2001,102.86843848228456,0.1881624001304418,False,4994.0,121,-1,4979.0
Uniform1-5000_Seed148_J200_M100,"[0.003315, 0.968655]",100,200,0.02,max_proc,lowest_lower_bound,NO_PROFILING,all_to_shortest,greedy,6474,329,2001,105.65436100959778,0.2079502625888168,False,5127.73,104,-1,5127.73
Uniform1-5000_Seed148_J200_M100,"[0.003315, 0.968655]",100,200,0.01,max_proc,lowest_lower_bound,PRUNE,all_to_shortest,greedy,6374,665,2001,131.39976382255554,0.1955240037652965,False,5180.0,118,-1,5127.73
Uniform1-5000_Seed149_J200_M100,"[0.006494, 0.981118]",100,200,0.02,max_proc,lowest_lower_bound,NO_PROFILING,all_to_shortest,greedy,6343,94,2001,103.22710347175598,0.1988081349519155,False,5081.96,100,-1,5081.96
Uniform1-5000_Seed149_J200_M100,"[0.006494, 0.981118]",100,200,0.01,max_proc,lowest_lower_bound,PRUNE,all_to_shortest,greedy,5715,1765,2001,101.80422043800354,0.1107681539807524,False,5253.0,158,-1,5081.96
Uniform1-5000_Seed150_J200_M100,"[0.002819, 1.000000]",100,200,0.02,max_proc,lowest_lower_bound,NO_PROFILING,all_to_shortest,greedy,5002,146,146,6.835537910461426,0.0071971211515393,True,4966.0,144,-1,4966.0
Uniform1-5000_Seed150_J200_M100,"[0.002819, 1.000000]",100,200,0.01,max_proc,lowest_lower_bound,PRUNE,all_to_shortest,greedy,5048,162,162,8.42994999885559,0.0162440570522979,True,4966.0,160,-1,4966.0
Uniform1-5000_Seed151_J200_M100,"[0.002169, 0.985025]",100,200,0.02,max_proc,lowest_lower_bound,NO_PROFILING,all_to_shortest,greedy,6553,91,2001,113.47121381759644,0.2260109873340455,False,5071.95,100,-1,5071.95
Uniform1-5000_Seed151_J200_M100,"[0.002169, 0.985025]",100,200,0.01,max_proc,lowest_lower_bound,PRUNE,all_to_shortest,greedy,6042,773,2001,126.72728180885316,0.1605511420059583,False,5176.0,134,-1,5071.95
Uniform1-5000_Seed152_J200_M100,"[0.003307, 0.970887]",100,200,0.02,max_proc,lowest_lower_bound,NO_PROFILING,all_to_shortest,greedy,6673,285,2001,103.68693351745604,0.229632848793646,False,5140.66,100,-1,5140.66
Uniform1-5000_Seed152_J200_M100,"[0.003307, 0.970887]",100,200,0.01,max_proc,lowest_lower_bound,PRUNE,all_to_shortest,greedy,5356,174,174,9.678218603134155,0.0402053771471247,True,5356.0,166,-1,5140.66
Uniform1-5000_Seed153_J200_M100,"[0.003533, 0.976614]",100,200,0.02,max_proc,lowest_lower_bound,NO_PROFILING,all_to_shortest,greedy,6680,563,2001,114.96653246879578,0.2374056886227544,False,5094.13,100,-1,5094.13
Uniform1-5000_Seed153_J200_M100,"[0.003533, 0.976614]",100,200,0.01,max_proc,lowest_lower_bound,PRUNE,all_to_shortest,greedy,5266,190,190,10.041728258132936,0.0326376756551462,True,5266.0,172,-1,5094.13
Uniform1-5000_Seed154_J200_M100,"[0.003824, 1.000000]",100,200,0.02,max_proc,lowest_lower_bound,NO_PROFILING,all_to_shortest,greedy,5046,166,166,8.266004800796509,0.0154577883472057,True,4968.0,164,-1,4968.0
Uniform1-5000_Seed154_J200_M100,"[0.003824, 1.000000]",100,200,0.01,max_proc,lowest_lower_bound,PRUNE,all_to_shortest,greedy,5004,549,549,25.8582284450531,0.0071942446043165,True,4968.0,175,-1,4968.0
Uniform1-5000_Seed155_J200_M100,"[0.000802, 1.000000]",100,200,0.02,max_proc,lowest_lower_bound,NO_PROFILING,all_to_shortest,greedy,5077,128,128,6.260035991668701,0.0171361039984242,True,4990.0,126,-1,4990.0
Uniform1-5000_Seed155_J200_M100,"[0.000802, 1.000000]",100,200,0.01,max_proc,lowest_lower_bound,PRUNE,all_to_shortest,greedy,5050,172,172,9.022268772125244,0.0118811881188118,True,4990.0,170,-1,4990.0
Uniform1-5000_Seed156_J200_M100,"[0.014639, 0.973013]",100,200,0.02,max_proc,lowest_lower_bound,NO_PROFILING,all_to_shortest,greedy,6252,1250,2001,108.60721516609192,0.1805406269993601,False,5123.26,119,-1,5123.26
Uniform1-5000_Seed156_J200_M100,"[0.014639, 0.973013]",100,200,0.01,max_proc,lowest_lower_bound,PRUNE,all_to_shortest,greedy,6323,1251,2001,104.81480503082275,0.1897422109758026,False,5123.26,119,-1,5123.26
Uniform1-5000_Seed157_J200_M100,"[0.009832, 0.975093]",100,200,0.02,max_proc,lowest_lower_bound,NO_PROFILING,all_to_shortest,greedy,6528,1208,2001,103.26859307289124,0.2209451593137255,False,5085.67,100,-1,5085.67
Uniform1-5000_Seed157_J200_M100,"[0.009832, 0.975093]",100,200,0.01,max_proc,lowest_lower_bound,PRUNE,all_to_shortest,greedy,5405,166,166,8.670254468917847,0.0590804810360776,True,5301.0,164,-1,5085.67
Uniform1-5000_Seed158_J200_M100,"[0.002405, 1.000000]",100,200,0.02,max_proc,lowest_lower_bound,NO_PROFILING,all_to_shortest,greedy,6412,1976,2001,103.03520774841309,0.2219276356830942,False,4989.0,100,-1,4989.0
Uniform1-5000_Seed158_J200_M100,"[0.002405, 1.000000]",100,200,0.01,max_proc,lowest_lower_bound,PRUNE,all_to_shortest,greedy,5789,345,2001,102.65609407424928,0.1381931248920366,False,5012.0,145,-1,4989.0
Uniform1-5000_Seed159_J200_M100,"[0.002401, 1.000000]",100,200,0.02,max_proc,lowest_lower_bound,NO_PROFILING,all_to_shortest,greedy,5019,118,118,5.301660537719727,0.00418410041841,True,4998.0,116,-1,4998.0
Uniform1-5000_Seed159_J200_M100,"[0.002401, 1.000000]",100,200,0.01,max_proc,lowest_lower_bound,PRUNE,all_to_shortest,greedy,5083,145,145,7.208506345748901,0.0167224080267558,True,4998.0,143,-1,4998.0
Uniform1-5000_Seed160_J200_M100,"[0.004319, 0.937028]",100,200,0.02,max_proc,lowest_lower_bound,NO_PROFILING,all_to_shortest,greedy,6921,723,2001,103.86940932273863,0.2305519433607859,False,5325.35,100,-1,5325.35
Uniform1-5000_Seed160_J200_M100,"[0.004319, 0.937028]",100,200,0.01,max_proc,lowest_lower_bound,PRUNE,all_to_shortest,greedy,6672,756,2001,129.4264998435974,0.2018360311750599,False,5563.0,113,-1,5325.35
Uniform1-5000_Seed161_J20_M10,"[0.053615, 0.990420]",10,20,0.02,max_proc,lowest_lower_bound,NO_PROFILING,all_to_shortest,greedy,5178,330,2001,0.3439476490020752,0.0706643491695634,False,4812.1,12,-1,4812.1
Uniform1-5000_Seed161_J20_M10,"[0.053615, 0.990420]",10,20,0.01,max_proc,lowest_lower_bound,PRUNE,all_to_shortest,greedy,5125,25,25,0.0046370029449462,0.0610536585365852,True,5125.0,15,-1,4812.1
Uniform1-5000_Seed162_J20_M10,"[0.030023, 0.811133]",10,20,0.02,max_proc,lowest_lower_bound,NO_PROFILING,all_to_shortest,greedy,6833,11,2001,0.281064510345459,0.151822040099517,False,5795.6,10,-1,5795.6
Uniform1-5000_Seed162_J20_M10,"[0.030023, 0.811133]",10,20,0.01,max_proc,lowest_lower_bound,PRUNE,all_to_shortest,greedy,6833,12,12,0.0027718544006347,0.151822040099517,True,6833.0,10,-1,5795.6
Uniform1-5000_Seed163_J20_M10,"[0.012638, 0.821809]",10,20,0.02,max_proc,lowest_lower_bound,NO_PROFILING,all_to_shortest,greedy,6621,66,2001,0.3543639183044433,0.1634194230478779,False,5539.0,10,-1,5539.0
Uniform1-5000_Seed163_J20_M10,"[0.012638, 0.821809]",10,20,0.01,max_proc,lowest_lower_bound,PRUNE,all_to_shortest,greedy,6461,13,13,0.0027778148651123,0.1427023680544807,True,6461.0,11,-1,5539.0
Uniform1-5000_Seed164_J20_M10,"[0.022045, 0.944243]",10,20,0.02,max_proc,lowest_lower_bound,NO_PROFILING,all_to_shortest,greedy,5798,564,2001,0.3589704036712646,0.1159365298378751,False,5125.8,10,-1,5125.8
Uniform1-5000_Seed164_J20_M10,"[0.022045, 0.944243]",10,20,0.01,max_proc,lowest_lower_bound,PRUNE,all_to_shortest,greedy,5709,14,14,0.0028576850891113,0.1021544929059379,True,5709.0,11,-1,5125.8
Uniform1-5000_Seed165_J20_M10,"[0.033905, 1.000000]",10,20,0.02,max_proc,lowest_lower_bound,NO_PROFILING,all_to_shortest,greedy,5263,958,2001,0.3239021301269531,0.0809424282728481,False,4837.0,11,-1,4837.0
Uniform1-5000_Seed165_J20_M10,"[0.033905, 1.000000]",10,20,0.01,max_proc,lowest_lower_bound,PRUNE,all_to_shortest,greedy,5040,19,19,0.0035972595214843,0.0402777777777777,True,4958.0,14,-1,4837.0
Uniform1-5000_Seed166_J20_M10,"[0.001177, 0.919132]",10,20,0.02,max_proc,lowest_lower_bound,NO_PROFILING,all_to_shortest,greedy,5812,145,2001,0.4164667129516601,0.1229869236063317,False,5097.2,10,-1,5097.2
Uniform1-5000_Seed166_J20_M10,"[0.001177, 0.919132]",10,20,0.01,max_proc,lowest_lower_bound,PRUNE,all_to_shortest,greedy,5699,15,15,0.0031878948211669,0.1055974732409194,True,5650.0,13,-1,5097.2
Uniform1-5000_Seed167_J20_M10,"[0.105252, 1.000000]",10,20,0.02,max_proc,lowest_lower_bound,NO_PROFILING,all_to_shortest,greedy,4703,11,11,0.0020515918731689,0.0,True,4703.0,9,11,4703.0
Uniform1-5000_Seed167_J20_M10,"[0.105252, 1.000000]",10,20,0.01,max_proc,lowest_lower_bound,PRUNE,all_to_shortest,greedy,4797,13,13,0.0030679702758789,0.0195955805711903,True,4703.0,11,-1,4703.0
Uniform1-5000_Seed168_J20_M10,"[0.016051, 0.851100]",10,20,0.02,max_proc,lowest_lower_bound,NO_PROFILING,all_to_shortest,greedy,5832,1178,2001,0.5144503116607666,0.0919924554183813,False,5295.5,10,-1,5295.5
Uniform1-5000_Seed168_J20_M10,"[0.016051, 0.851100]",10,20,0.01,max_proc,lowest_lower_bound,PRUNE,all_to_shortest,greedy,5784,593,823,0.1211204528808593,0.0844571230982019,True,5688.0,17,-1,5295.5
Uniform1-5000_Seed169_J20_M10,"[0.080972, 0.937695]",10,20,0.02,max_proc,lowest_lower_bound,NO_PROFILING,all_to_shortest,greedy,5753,718,2001,0.3894689083099365,0.079071788632018,False,5298.1,10,-1,5298.1
Uniform1-5000_Seed169_J20_M10,"[0.080972, 0.937695]",10,20,0.01,max_proc,lowest_lower_bound,PRUNE,all_to_shortest,greedy,5461,20,20,0.0041334629058837,0.029829701519868,True,5422.0,18,-1,5298.1
Uniform1-5000_Seed170_J20_M10,"[0.033711, 0.919834]",10,20,0.02,max_proc,lowest_lower_bound,NO_PROFILING,all_to_shortest,greedy,5986,1499,2001,0.3859617710113525,0.0980955562980287,False,5398.8,16,-1,5398.8
Uniform1-5000_Seed170_J20_M10,"[0.033711, 0.919834]",10,20,0.01,max_proc,lowest_lower_bound,PRUNE,all_to_shortest,greedy,5708,507,507,0.0772364139556884,0.0541695865451996,True,5708.0,17,-1,5398.8
Uniform1-5000_Seed171_J20_M10,"[0.098003, 0.793167]",10,20,0.02,max_proc,lowest_lower_bound,NO_PROFILING,all_to_shortest,greedy,7144,43,2001,0.4226975440979004,0.1273096304591265,False,6234.5,11,-1,6234.5
Uniform1-5000_Seed171_J20_M10,"[0.098003, 0.793167]",10,20,0.01,max_proc,lowest_lower_bound,PRUNE,all_to_shortest,greedy,7028,90,90,0.0142629146575927,0.1129055207740466,True,6936.0,13,-1,6234.5
Uniform1-5000_Seed172_J20_M10,"[0.086485, 1.000000]",10,20,0.02,max_proc,lowest_lower_bound,NO_PROFILING,all_to_shortest,greedy,5122,266,2001,0.3153605461120605,0.0450995704802811,False,4891.0,11,-1,4891.0
Uniform1-5000_Seed172_J20_M10,"[0.086485, 1.000000]",10,20,0.01,max_proc,lowest_lower_bound,PRUNE,all_to_shortest,greedy,5061,19,19,0.0037488937377929,0.0335901995653033,True,4965.0,17,-1,4891.0
Uniform1-5000_Seed173_J20_M10,"[0.057569, 0.869791]",10,20,0.02,max_proc,lowest_lower_bound,NO_PROFILING,all_to_shortest,greedy,6284,178,2001,0.4034082889556885,0.1099140674729471,False,5593.3,15,-1,5593.3
Uniform1-5000_Seed173_J20_M10,"[0.057569, 0.869791]",10,20,0.01,max_proc,lowest_lower_bound,PRUNE,all_to_shortest,greedy,6200,226,2001,0.265371561050415,0.0978548387096773,False,6077.0,17,-1,5593.3
Uniform1-5000_Seed174_J20_M10,"[0.122716, 0.963269]",10,20,0.02,max_proc,lowest_lower_bound,NO_PROFILING,all_to_shortest,greedy,5130,19,2001,0.3738667964935303,0.0707407407407406,False,4767.1,16,-1,4767.1
Uniform1-5000_Seed174_J20_M10,"[0.122716, 0.963269]",10,20,0.01,max_proc,lowest_lower_bound,PRUNE,all_to_shortest,greedy,4991,131,131,0.0201375484466552,0.0448607493488278,True,4919.0,17,-1,4767.1
Uniform1-5000_Seed175_J20_M10,"[0.057986, 1.000000]",10,20,0.02,max_proc,lowest_lower_bound,NO_PROFILING,all_to_shortest,greedy,4777,6,6,0.001063585281372,0.0,True,4777.0,4,6,4777.0
Uniform1-5000_Seed175_J20_M10,"[0.057986, 1.000000]",10,20,0.01,max_proc,lowest_lower_bound,PRUNE,all_to_shortest,greedy,4777,13,13,0.0027589797973632,0.0,True,4777.0,11,13,4777.0
Uniform1-5000_Seed176_J20_M10,"[0.045710, 0.978117]",10,20,0.02,max_proc,lowest_lower_bound,NO_PROFILING,all_to_shortest,greedy,5666,833,2001,0.556178092956543,0.1466996117190257,False,4834.8,10,-1,4834.8
Uniform1-5000_Seed176_J20_M10,"[0.045710, 0.978117]",10,20,0.01,max_proc,lowest_lower_bound,PRUNE,all_to_shortest,greedy,5145,19,19,0.0039424896240234,0.0602915451895043,True,5145.0,13,-1,4834.8
Uniform1-5000_Seed177_J20_M10,"[0.015921, 1.000000]",10,20,0.02,max_proc,lowest_lower_bound,NO_PROFILING,all_to_shortest,greedy,4962,12,12,0.0020029544830322,0.0,True,4962.0,10,12,4962.0
Uniform1-5000_Seed177_J20_M10,"[0.015921, 1.000000]",10,20,0.01,max_proc,lowest_lower_bound,PRUNE,all_to_shortest,greedy,4962,13,13,0.0027518272399902,0.0,True,4962.0,11,13,4962.0
Uniform1-5000_Seed178_J20_M10,"[0.015375, 0.825784]",10,20,0.02,max_proc,lowest_lower_bound,NO_PROFILING,all_to_shortest,greedy,6695,56,2001,0.3236339092254638,0.0965197908887229,False,6048.8,10,-1,6048.8
Uniform1-5000_Seed178_J20_M10,"[0.015375, 0.825784]",10,20,0.01,max_proc,lowest_lower_bound,PRUNE,all_to_shortest,greedy,6612,13,13,0.0028221607208251,0.0851784633998789,True,6612.0,11,-1,6048.8
Uniform1-5000_Seed179_J20_M10,"[0.005129, 1.000000]",10,20,0.02,max_proc,lowest_lower_bound,NO_PROFILING,all_to_shortest,greedy,5218,445,2001,0.3229329586029053,0.1032962821004216,False,4679.0,10,-1,4679.0
Uniform1-5000_Seed179_J20_M10,"[0.005129, 1.000000]",10,20,0.01,max_proc,lowest_lower_bound,PRUNE,all_to_shortest,greedy,5215,15,15,0.0030257701873779,0.1027804410354746,True,5215.0,11,-1,4679.0
Uniform1-5000_Seed180_J20_M10,"[0.097494, 0.906726]",10,20,0.02,max_proc,lowest_lower_bound,NO_PROFILING,all_to_shortest,greedy,6030,540,2001,0.3861830234527588,0.0882587064676616,False,5497.8,11,-1,5497.8
Uniform1-5000_Seed180_J20_M10,"[0.097494, 0.906726]",10,20,0.01,max_proc,lowest_lower_bound,PRUNE,all_to_shortest,greedy,5724,20,20,0.0040254592895507,0.0395178197064989,True,5646.0,18,-1,5497.8
Uniform1-5000_Seed181_J20_M10,"[0.046565, 0.975314]",10,20,0.02,max_proc,lowest_lower_bound,NO_PROFILING,all_to_shortest,greedy,4995,638,2001,0.3440334796905517,0.0584384384384383,False,4703.1,10,-1,4703.1
Uniform1-5000_Seed181_J20_M10,"[0.046565, 0.975314]",10,20,0.01,max_proc,lowest_lower_bound,PRUNE,all_to_shortest,greedy,5011,15,15,0.0031485557556152,0.0614448213929354,True,4985.0,13,-1,4703.1
Uniform1-5000_Seed182_J20_M10,"[0.046889, 1.000000]",10,20,0.02,max_proc,lowest_lower_bound,NO_PROFILING,all_to_shortest,greedy,4711,6,6,0.0011336803436279,0.0176183400551899,True,4628.0,4,-1,4628.0
Uniform1-5000_Seed182_J20_M10,"[0.046889, 1.000000]",10,20,0.01,max_proc,lowest_lower_bound,PRUNE,all_to_shortest,greedy,4628,9,9,0.0019106864929199,0.0,True,4628.0,7,9,4628.0
Uniform1-5000_Seed183_J20_M10,"[0.006275, 0.953660]",10,20,0.02,max_proc,lowest_lower_bound,NO_PROFILING,all_to_shortest,greedy,5731,1435,2001,0.3300340175628662,0.1102250916070493,False,5099.3,13,-1,5099.3
Uniform1-5000_Seed183_J20_M10,"[0.006275, 0.953660]",10,20,0.01,max_proc,lowest_lower_bound,PRUNE,all_to_shortest,greedy,5731,77,87,0.0130314826965332,0.1102250916070493,True,5731.0,13,-1,5099.3
Uniform1-5000_Seed184_J20_M10,"[0.084127, 0.894023]",10,20,0.02,max_proc,lowest_lower_bound,NO_PROFILING,all_to_shortest,greedy,5621,611,2001,0.3605780601501465,0.0758761786159046,False,5194.5,13,-1,5194.5
Uniform1-5000_Seed184_J20_M10,"[0.084127, 0.894023]",10,20,0.01,max_proc,lowest_lower_bound,PRUNE,all_to_shortest,greedy,5528,42,42,0.0072367191314697,0.0603292329956584,True,5431.0,16,-1,5194.5
Uniform1-5000_Seed185_J20_M10,"[0.029817, 1.000000]",10,20,0.02,max_proc,lowest_lower_bound,NO_PROFILING,all_to_shortest,greedy,4930,15,15,0.0025510787963867,0.0,True,4930.0,13,15,4930.0
Uniform1-5000_Seed185_J20_M10,"[0.029817, 1.000000]",10,20,0.01,max_proc,lowest_lower_bound,PRUNE,all_to_shortest,greedy,4939,17,17,0.0034236907958984,0.0018222312208949,True,4930.0,13,-1,4930.0
Uniform1-5000_Seed186_J20_M10,"[0.044139, 0.860877]",10,20,0.02,max_proc,lowest_lower_bound,NO_PROFILING,all_to_shortest,greedy,7038,201,2001,0.6597495079040527,0.1759164535379369,False,5799.9,10,-1,5799.9
Uniform1-5000_Seed186_J20_M10,"[0.044139, 0.860877]",10,20,0.01,max_proc,lowest_lower_bound,PRUNE,all_to_shortest,greedy,6321,17,17,0.0036993026733398,0.0824394874228761,True,6321.0,15,-1,5799.9
Uniform1-5000_Seed187_J20_M10,"[0.060415, 0.829544]",10,20,0.02,max_proc,lowest_lower_bound,NO_PROFILING,all_to_shortest,greedy,6996,98,2001,0.4232094287872314,0.1387935963407661,False,6025.0,10,-1,6025.0
Uniform1-5000_Seed187_J20_M10,"[0.060415, 0.829544]",10,20,0.01,max_proc,lowest_lower_bound,PRUNE,all_to_shortest,greedy,6557,22,22,0.0043830871582031,0.0811346652432514,True,6491.0,13,-1,6025.0
Uniform1-5000_Seed188_J20_M10,"[0.012250, 0.954902]",10,20,0.02,max_proc,lowest_lower_bound,NO_PROFILING,all_to_shortest,greedy,5491,121,2001,0.2887818813323974,0.1228920050992533,False,4816.2,12,-1,4816.2
Uniform1-5000_Seed188_J20_M10,"[0.012250, 0.954902]",10,20,0.01,max_proc,lowest_lower_bound,PRUNE,all_to_shortest,greedy,5442,20,20,0.0036451816558837,0.1149944873208379,True,5442.0,13,-1,4816.2
Uniform1-5000_Seed189_J20_M10,"[0.021952, 0.848234]",10,20,0.02,max_proc,lowest_lower_bound,NO_PROFILING,all_to_shortest,greedy,6090,1782,2001,0.3661727905273437,0.1248111658456486,False,5329.9,10,-1,5329.9
Uniform1-5000_Seed189_J20_M10,"[0.021952, 0.848234]",10,20,0.01,max_proc,lowest_lower_bound,PRUNE,all_to_shortest,greedy,6042,16,16,0.0034089088439941,0.1178583250579279,True,6042.0,14,-1,5329.9
Uniform1-5000_Seed190_J20_M10,"[0.030083, 1.000000]",10,20,0.02,max_proc,lowest_lower_bound,NO_PROFILING,all_to_shortest,greedy,5525,1225,2001,0.3339807987213135,0.1035294117647058,False,4953.0,10,-1,4953.0
Uniform1-5000_Seed190_J20_M10,"[0.030083, 1.000000]",10,20,0.01,max_proc,lowest_lower_bound,PRUNE,all_to_shortest,greedy,5525,14,14,0.0029940605163574,0.1035294117647058,True,5525.0,12,-1,4953.0
Uniform1-5000_Seed191_J20_M10,"[0.000902, 0.997272]",10,20,0.02,max_proc,lowest_lower_bound,NO_PROFILING,all_to_shortest,greedy,5214,4,2001,0.2968277931213379,0.149386267740698,False,4435.1,10,-1,4435.1
Uniform1-5000_Seed191_J20_M10,"[0.000902, 0.997272]",10,20,0.01,max_proc,lowest_lower_bound,PRUNE,all_to_shortest,greedy,5214,15,15,0.0029563903808593,0.149386267740698,True,5214.0,10,-1,4435.1
Uniform1-5000_Seed192_J20_M10,"[0.010908, 0.910318]",10,20,0.02,max_proc,lowest_lower_bound,NO_PROFILING,all_to_shortest,greedy,6002,1048,2001,0.4098479747772217,0.0987837387537486,False,5409.1,10,-1,5409.1
Uniform1-5000_Seed192_J20_M10,"[0.010908, 0.910318]",10,20,0.01,max_proc,lowest_lower_bound,PRUNE,all_to_shortest,greedy,5913,17,22,0.0040357112884521,0.0852190089633011,True,5810.0,13,-1,5409.1
Uniform1-5000_Seed193_J20_M10,"[0.129080, 0.856075]",10,20,0.02,max_proc,lowest_lower_bound,NO_PROFILING,all_to_shortest,greedy,6586,22,2001,0.3499219417572021,0.1142423322198602,False,5833.6,13,-1,5833.6
Uniform1-5000_Seed193_J20_M10,"[0.129080, 0.856075]",10,20,0.01,max_proc,lowest_lower_bound,PRUNE,all_to_shortest,greedy,6586,46,226,0.030095100402832,0.1142423322198602,True,6586.0,14,-1,5833.6
Uniform1-5000_Seed194_J20_M10,"[0.133293, 1.000000]",10,20,0.02,max_proc,lowest_lower_bound,NO_PROFILING,all_to_shortest,greedy,5033,7,7,0.0013368129730224,0.0176832902841247,True,4944.0,5,-1,4944.0
Uniform1-5000_Seed194_J20_M10,"[0.133293, 1.000000]",10,20,0.01,max_proc,lowest_lower_bound,PRUNE,all_to_shortest,greedy,5022,12,12,0.0027308464050292,0.015531660692951,True,4944.0,10,-1,4944.0
Uniform1-5000_Seed195_J20_M10,"[0.070205, 1.000000]",10,20,0.02,max_proc,lowest_lower_bound,NO_PROFILING,all_to_shortest,greedy,4913,27,2001,0.3147742748260498,0.0374516588642377,False,4729.0,11,-1,4729.0
Uniform1-5000_Seed195_J20_M10,"[0.070205, 1.000000]",10,20,0.01,max_proc,lowest_lower_bound,PRUNE,all_to_shortest,greedy,4814,17,17,0.0033061504364013,0.0176568342334856,True,4814.0,12,-1,4729.0
Uniform1-5000_Seed196_J20_M10,"[0.014200, 0.989975]",10,20,0.02,max_proc,lowest_lower_bound,NO_PROFILING,all_to_shortest,greedy,4912,861,2001,0.3198335170745849,0.0394340390879478,False,4718.3,11,-1,4718.3
Uniform1-5000_Seed196_J20_M10,"[0.014200, 0.989975]",10,20,0.01,max_proc,lowest_lower_bound,PRUNE,all_to_shortest,greedy,4920,16,16,0.0032272338867187,0.0409959349593495,True,4902.0,14,-1,4718.3
Uniform1-5000_Seed197_J20_M10,"[0.031126, 0.962508]",10,20,0.02,max_proc,lowest_lower_bound,NO_PROFILING,all_to_shortest,greedy,5406,1761,2001,0.3524129390716553,0.0788568257491676,False,4979.7,12,-1,4979.7
Uniform1-5000_Seed197_J20_M10,"[0.031126, 0.962508]",10,20,0.01,max_proc,lowest_lower_bound,PRUNE,all_to_shortest,greedy,5203,17,17,0.0035858154296875,0.0429175475687103,True,5135.0,15,-1,4979.7
Uniform1-5000_Seed198_J20_M10,"[0.022835, 1.000000]",10,20,0.02,max_proc,lowest_lower_bound,NO_PROFILING,all_to_shortest,greedy,4654,8,8,0.0014333724975585,0.0025784271594327,True,4642.0,6,-1,4642.0
Uniform1-5000_Seed198_J20_M10,"[0.022835, 1.000000]",10,20,0.01,max_proc,lowest_lower_bound,PRUNE,all_to_shortest,greedy,4642,14,14,0.0029120445251464,0.0,True,4642.0,12,14,4642.0
Uniform1-5000_Seed199_J20_M10,"[0.066256, 1.000000]",10,20,0.02,max_proc,lowest_lower_bound,NO_PROFILING,all_to_shortest,greedy,5428,313,2001,0.4527685642242431,0.1018791451731761,False,4875.0,10,-1,4875.0
Uniform1-5000_Seed199_J20_M10,"[0.066256, 1.000000]",10,20,0.01,max_proc,lowest_lower_bound,PRUNE,all_to_shortest,greedy,5052,17,17,0.0035743713378906,0.0350356294536817,True,5052.0,14,-1,4875.0
Uniform1-5000_Seed200_J20_M10,"[0.038821, 0.988896]",10,20,0.02,max_proc,lowest_lower_bound,NO_PROFILING,all_to_shortest,greedy,5105,84,2001,0.4364871978759765,0.0614691478942213,False,4791.2,12,-1,4791.2
Uniform1-5000_Seed200_J20_M10,"[0.038821, 0.988896]",10,20,0.01,max_proc,lowest_lower_bound,PRUNE,all_to_shortest,greedy,4961,39,39,0.0075418949127197,0.0342269703688772,True,4961.0,15,-1,4791.2
Uniform1-5000_Seed161_J50_M25,"[0.007064, 1.000000]",25,50,0.02,max_proc,lowest_lower_bound,NO_PROFILING,all_to_shortest,greedy,4881,34,34,0.0557422637939453,0.0139315713993034,True,4813.0,32,-1,4813.0
Uniform1-5000_Seed161_J50_M25,"[0.007064, 1.000000]",25,50,0.01,max_proc,lowest_lower_bound,PRUNE,all_to_shortest,greedy,4895,62,62,0.0814690589904785,0.0167517875383043,True,4813.0,35,-1,4813.0
Uniform1-5000_Seed162_J50_M25,"[0.029853, 0.848592]",25,50,0.02,max_proc,lowest_lower_bound,NO_PROFILING,all_to_shortest,greedy,7189,39,2001,3.30970311164856,0.1892502434274586,False,5828.48,25,-1,5828.48
Uniform1-5000_Seed162_J50_M25,"[0.029853, 0.848592]",25,50,0.01,max_proc,lowest_lower_bound,PRUNE,all_to_shortest,greedy,6421,39,39,0.0631148815155029,0.0922784612988631,True,6421.0,35,-1,5828.48
Uniform1-5000_Seed163_J50_M25,"[0.012494, 0.879075]",25,50,0.02,max_proc,lowest_lower_bound,NO_PROFILING,all_to_shortest,greedy,6774,1010,2001,2.984360694885254,0.1729436079126071,False,5602.48,25,-1,5602.48
Uniform1-5000_Seed163_J50_M25,"[0.012494, 0.879075]",25,50,0.01,max_proc,lowest_lower_bound,PRUNE,all_to_shortest,greedy,6308,35,35,0.0548903942108154,0.1118452758402029,True,6308.0,33,-1,5602.48
Uniform1-5000_Seed164_J50_M25,"[0.018299, 0.921428]",25,50,0.02,max_proc,lowest_lower_bound,NO_PROFILING,all_to_shortest,greedy,6726,63,2001,3.4140543937683105,0.1956467439785905,False,5410.08,25,-1,5410.08
Uniform1-5000_Seed164_J50_M25,"[0.018299, 0.921428]",25,50,0.01,max_proc,lowest_lower_bound,PRUNE,all_to_shortest,greedy,6130,623,2001,3.121514320373535,0.117442088091354,False,5624.0,33,-1,5410.08
Uniform1-5000_Seed165_J50_M25,"[0.030184, 1.000000]",25,50,0.02,max_proc,lowest_lower_bound,NO_PROFILING,all_to_shortest,greedy,5330,1162,2001,2.634225845336914,0.0924953095684803,False,4837.0,31,-1,4837.0
Uniform1-5000_Seed165_J50_M25,"[0.030184, 1.000000]",25,50,0.01,max_proc,lowest_lower_bound,PRUNE,all_to_shortest,greedy,5409,1758,2001,3.066117763519287,0.1057496764651506,False,5031.0,31,-1,4837.0
Uniform1-5000_Seed166_J50_M25,"[0.001161, 0.952005]",25,50,0.02,max_proc,lowest_lower_bound,NO_PROFILING,all_to_shortest,greedy,6342,62,2001,2.968543767929077,0.1851087984862819,False,5168.04,25,-1,5168.04
Uniform1-5000_Seed166_J50_M25,"[0.001161, 0.952005]",25,50,0.01,max_proc,lowest_lower_bound,PRUNE,all_to_shortest,greedy,5921,92,92,0.1244208812713623,0.1271677081574058,True,5808.0,33,-1,5168.04
Uniform1-5000_Seed167_J50_M25,"[0.010116, 1.000000]",25,50,0.02,max_proc,lowest_lower_bound,NO_PROFILING,all_to_shortest,greedy,4844,21,21,0.0260224342346191,0.0,True,4844.0,19,21,4844.0
Uniform1-5000_Seed167_J50_M25,"[0.010116, 1.000000]",25,50,0.01,max_proc,lowest_lower_bound,PRUNE,all_to_shortest,greedy,4894,23,23,0.0340948104858398,0.0102165917449938,True,4844.0,21,-1,4844.0
Uniform1-5000_Seed168_J50_M25,"[0.013466, 0.905829]",25,50,0.02,max_proc,lowest_lower_bound,NO_PROFILING,all_to_shortest,greedy,6373,1263,2001,3.863633871078491,0.1726784873685861,False,5272.52,25,-1,5272.52
Uniform1-5000_Seed168_J50_M25,"[0.013466, 0.905829]",25,50,0.01,max_proc,lowest_lower_bound,PRUNE,all_to_shortest,greedy,5786,318,2001,2.30096173286438,0.0887452471482889,False,5445.0,41,-1,5272.52
Uniform1-5000_Seed169_J50_M25,"[0.017672, 0.976696]",25,50,0.02,max_proc,lowest_lower_bound,NO_PROFILING,all_to_shortest,greedy,5725,458,2001,2.9518563747406006,0.1104489082969431,False,5092.68,36,-1,5092.68
Uniform1-5000_Seed169_J50_M25,"[0.017672, 0.976696]",25,50,0.01,max_proc,lowest_lower_bound,PRUNE,all_to_shortest,greedy,5725,1095,2001,2.665016889572144,0.1104489082969431,False,5092.68,36,-1,5092.68
Uniform1-5000_Seed170_J50_M25,"[0.031836, 0.975922]",25,50,0.02,max_proc,lowest_lower_bound,NO_PROFILING,all_to_shortest,greedy,6009,278,2001,2.988079071044922,0.1531835579963387,False,5088.52,25,-1,5088.52
Uniform1-5000_Seed170_J50_M25,"[0.031836, 0.975922]",25,50,0.01,max_proc,lowest_lower_bound,PRUNE,all_to_shortest,greedy,5286,46,46,0.0667765140533447,0.0373590616723419,True,5286.0,39,-1,5088.52
Uniform1-5000_Seed171_J50_M25,"[0.093701, 0.885706]",25,50,0.02,max_proc,lowest_lower_bound,NO_PROFILING,all_to_shortest,greedy,6514,1441,2001,3.1559178829193115,0.1382253607614368,False,5613.6,31,-1,5613.6
Uniform1-5000_Seed171_J50_M25,"[0.093701, 0.885706]",25,50,0.01,max_proc,lowest_lower_bound,PRUNE,all_to_shortest,greedy,6071,196,2001,2.60782790184021,0.0753417888321528,False,5711.0,39,-1,5613.6
Uniform1-5000_Seed172_J50_M25,"[0.070556, 0.912929]",25,50,0.02,max_proc,lowest_lower_bound,NO_PROFILING,all_to_shortest,greedy,6390,645,2001,3.1672723293304443,0.1615837245696401,False,5357.48,27,-1,5357.48
Uniform1-5000_Seed172_J50_M25,"[0.070556, 0.912929]",25,50,0.01,max_proc,lowest_lower_bound,PRUNE,all_to_shortest,greedy,6006,778,2001,2.664304733276367,0.107978687978688,False,5529.0,35,-1,5357.48
Uniform1-5000_Seed173_J50_M25,"[0.037475, 0.959566]",25,50,0.02,max_proc,lowest_lower_bound,NO_PROFILING,all_to_shortest,greedy,5808,27,2001,3.164783000946045,0.1270661157024793,False,5070.0,32,-1,5070.0
Uniform1-5000_Seed173_J50_M25,"[0.037475, 0.959566]",25,50,0.01,max_proc,lowest_lower_bound,PRUNE,all_to_shortest,greedy,5816,311,2001,3.656551599502564,0.1282668500687757,False,5070.0,32,-1,5070.0
Uniform1-5000_Seed174_J50_M25,"[0.010546, 1.000000]",25,50,0.02,max_proc,lowest_lower_bound,NO_PROFILING,all_to_shortest,greedy,5271,1843,2001,2.7302355766296387,0.1005501802314551,False,4741.0,30,-1,4741.0
Uniform1-5000_Seed174_J50_M25,"[0.010546, 1.000000]",25,50,0.01,max_proc,lowest_lower_bound,PRUNE,all_to_shortest,greedy,5305,1627,2001,3.200011968612671,0.1063147973609802,False,4913.0,33,-1,4741.0
Uniform1-5000_Seed175_J50_M25,"[0.015282, 1.000000]",25,50,0.02,max_proc,lowest_lower_bound,NO_PROFILING,all_to_shortest,greedy,4845,34,34,0.0418896675109863,0.0140350877192982,True,4777.0,32,-1,4777.0
Uniform1-5000_Seed175_J50_M25,"[0.015282, 1.000000]",25,50,0.01,max_proc,lowest_lower_bound,PRUNE,all_to_shortest,greedy,4837,42,42,0.0597398281097412,0.0124043828819516,True,4777.0,40,-1,4777.0
Uniform1-5000_Seed176_J50_M25,"[0.030239, 1.000000]",25,50,0.02,max_proc,lowest_lower_bound,NO_PROFILING,all_to_shortest,greedy,5662,26,2001,3.0138745307922363,0.1647827622748145,False,4729.0,25,-1,4729.0
Uniform1-5000_Seed176_J50_M25,"[0.030239, 1.000000]",25,50,0.01,max_proc,lowest_lower_bound,PRUNE,all_to_shortest,greedy,5121,252,252,0.3572175502777099,0.076547549306776,True,5121.0,37,-1,4729.0
Uniform1-5000_Seed177_J50_M25,"[0.005844, 1.000000]",25,50,0.02,max_proc,lowest_lower_bound,NO_PROFILING,all_to_shortest,greedy,5843,81,2001,2.929376602172852,0.1507787095670032,False,4962.0,25,-1,4962.0
Uniform1-5000_Seed177_J50_M25,"[0.005844, 1.000000]",25,50,0.01,max_proc,lowest_lower_bound,PRUNE,all_to_shortest,greedy,5132,40,40,0.0579702854156494,0.0331254871395167,True,5088.0,36,-1,4962.0
Uniform1-5000_Seed178_J50_M25,"[0.016162, 0.887155]",25,50,0.02,max_proc,lowest_lower_bound,NO_PROFILING,all_to_shortest,greedy,7080,1738,2001,2.949329376220703,0.2047514124293785,False,5630.36,25,-1,5630.36
Uniform1-5000_Seed178_J50_M25,"[0.016162, 0.887155]",25,50,0.01,max_proc,lowest_lower_bound,PRUNE,all_to_shortest,greedy,6655,32,32,0.0496313571929931,0.1539654395191586,True,6533.0,30,-1,5630.36
Uniform1-5000_Seed179_J50_M25,"[0.005023, 1.000000]",25,50,0.02,max_proc,lowest_lower_bound,NO_PROFILING,all_to_shortest,greedy,5391,755,2001,2.96345853805542,0.1137080319050269,False,4778.0,29,-1,4778.0
Uniform1-5000_Seed179_J50_M25,"[0.005023, 1.000000]",25,50,0.01,max_proc,lowest_lower_bound,PRUNE,all_to_shortest,greedy,4792,94,94,0.1231708526611328,0.0029215358931552,True,4790.0,34,-1,4778.0
Uniform1-5000_Seed180_J50_M25,"[0.016247, 0.976189]",25,50,0.02,max_proc,lowest_lower_bound,NO_PROFILING,all_to_shortest,greedy,6224,618,2001,3.0267765522003174,0.1792030848329048,False,5108.64,25,-1,5108.64
Uniform1-5000_Seed180_J50_M25,"[0.016247, 0.976189]",25,50,0.01,max_proc,lowest_lower_bound,PRUNE,all_to_shortest,greedy,5620,35,35,0.0527510643005371,0.0909893238434163,True,5614.0,33,-1,5108.64
Uniform1-5000_Seed181_J50_M25,"[0.019262, 1.000000]",25,50,0.02,max_proc,lowest_lower_bound,NO_PROFILING,all_to_shortest,greedy,5041,10,10,0.0146074295043945,0.0113072803015274,True,4984.0,8,-1,4984.0
Uniform1-5000_Seed181_J50_M25,"[0.019262, 1.000000]",25,50,0.01,max_proc,lowest_lower_bound,PRUNE,all_to_shortest,greedy,5072,27,27,0.0396654605865478,0.0173501577287066,True,4984.0,25,-1,4984.0
Uniform1-5000_Seed182_J50_M25,"[0.036855, 1.000000]",25,50,0.02,max_proc,lowest_lower_bound,NO_PROFILING,all_to_shortest,greedy,4891,41,41,0.0515437126159668,0.0014312001635657,True,4884.0,39,-1,4884.0
Uniform1-5000_Seed182_J50_M25,"[0.036855, 1.000000]",25,50,0.01,max_proc,lowest_lower_bound,PRUNE,all_to_shortest,greedy,4953,166,166,0.2067363262176513,0.0139309509388249,True,4884.0,43,-1,4884.0
Uniform1-5000_Seed183_J50_M25,"[0.003699, 1.000000]",25,50,0.02,max_proc,lowest_lower_bound,NO_PROFILING,all_to_shortest,greedy,4962,31,31,0.0379595756530761,0.0193470374848851,True,4866.0,29,-1,4866.0
Uniform1-5000_Seed183_J50_M25,"[0.003699, 1.000000]",25,50,0.01,max_proc,lowest_lower_bound,PRUNE,all_to_shortest,greedy,5053,1825,2001,2.4746501445770264,0.0370077181872155,False,4866.0,36,-1,4866.0
Uniform1-5000_Seed184_J50_M25,"[0.028378, 0.906966]",25,50,0.02,max_proc,lowest_lower_bound,NO_PROFILING,all_to_shortest,greedy,6373,82,2001,2.664797067642212,0.1650651184685391,False,5321.04,25,-1,5321.04
Uniform1-5000_Seed184_J50_M25,"[0.028378, 0.906966]",25,50,0.01,max_proc,lowest_lower_bound,PRUNE,all_to_shortest,greedy,6134,34,34,0.0513281822204589,0.1325334202804043,True,6057.0,30,-1,5321.04
Uniform1-5000_Seed185_J50_M25,"[0.000609, 1.000000]",25,50,0.02,max_proc,lowest_lower_bound,NO_PROFILING,all_to_shortest,greedy,4930,32,32,0.0424742698669433,0.0,True,4930.0,30,32,4930.0
Uniform1-5000_Seed185_J50_M25,"[0.000609, 1.000000]",25,50,0.01,max_proc,lowest_lower_bound,PRUNE,all_to_shortest,greedy,4990,33,33,0.0507562160491943,0.0120240480961923,True,4930.0,31,-1,4930.0
Uniform1-5000_Seed186_J50_M25,"[0.047218, 0.920932]",25,50,0.02,max_proc,lowest_lower_bound,NO_PROFILING,all_to_shortest,greedy,6490,1288,2001,3.7797584533691406,0.1646101694915253,False,5421.68,25,-1,5421.68
Uniform1-5000_Seed186_J50_M25,"[0.047218, 0.920932]",25,50,0.01,max_proc,lowest_lower_bound,PRUNE,all_to_shortest,greedy,5844,46,46,0.0715959072113037,0.0722655715263517,True,5800.0,44,-1,5421.68
Uniform1-5000_Seed187_J50_M25,"[0.032817, 0.916298]",25,50,0.02,max_proc,lowest_lower_bound,NO_PROFILING,all_to_shortest,greedy,6269,424,2001,2.9563376903533936,0.1299154570106874,False,5454.56,25,-1,5454.56
Uniform1-5000_Seed187_J50_M25,"[0.032817, 0.916298]",25,50,0.01,max_proc,lowest_lower_bound,PRUNE,all_to_shortest,greedy,5742,50,50,0.0800235271453857,0.0500592128178334,True,5708.0,39,-1,5454.56
Uniform1-5000_Seed188_J50_M25,"[0.009627, 1.000000]",25,50,0.02,max_proc,lowest_lower_bound,NO_PROFILING,all_to_shortest,greedy,4992,23,23,0.0284185409545898,0.001201923076923,True,4986.0,21,-1,4986.0
Uniform1-5000_Seed188_J50_M25,"[0.009627, 1.000000]",25,50,0.01,max_proc,lowest_lower_bound,PRUNE,all_to_shortest,greedy,4986,26,26,0.0376136302947998,0.0,True,4986.0,24,26,4986.0
Uniform1-5000_Seed189_J50_M25,"[0.021480, 1.000000]",25,50,0.02,max_proc,lowest_lower_bound,NO_PROFILING,all_to_shortest,greedy,5185,972,2001,2.63331937789917,0.0931533269045323,False,4702.0,31,-1,4702.0
Uniform1-5000_Seed189_J50_M25,"[0.021480, 1.000000]",25,50,0.01,max_proc,lowest_lower_bound,PRUNE,all_to_shortest,greedy,4823,244,244,0.2892618179321289,0.025088119427742,True,4767.0,36,-1,4702.0
Uniform1-5000_Seed190_J50_M25,"[0.030083, 1.000000]",25,50,0.02,max_proc,lowest_lower_bound,NO_PROFILING,all_to_shortest,greedy,4983,35,35,0.0447814464569091,0.0060204695966285,True,4953.0,33,-1,4953.0
Uniform1-5000_Seed190_J50_M25,"[0.030083, 1.000000]",25,50,0.01,max_proc,lowest_lower_bound,PRUNE,all_to_shortest,greedy,4953,40,40,0.0580425262451171,0.0,True,4953.0,38,40,4953.0
Uniform1-5000_Seed191_J50_M25,"[0.000803, 1.000000]",25,50,0.02,max_proc,lowest_lower_bound,NO_PROFILING,all_to_shortest,greedy,5677,1818,2001,2.844684600830078,0.1220715166461159,False,4984.0,25,-1,4984.0
Uniform1-5000_Seed191_J50_M25,"[0.000803, 1.000000]",25,50,0.01,max_proc,lowest_lower_bound,PRUNE,all_to_shortest,greedy,5202,37,37,0.0554609298706054,0.0419069588619761,True,5181.0,35,-1,4984.0
Uniform1-5000_Seed192_J50_M25,"[0.011018, 0.919563]",25,50,0.02,max_proc,lowest_lower_bound,NO_PROFILING,all_to_shortest,greedy,6777,23,2001,3.061861753463745,0.2098686734543308,False,5354.72,25,-1,5354.72
Uniform1-5000_Seed192_J50_M25,"[0.011018, 0.919563]",25,50,0.01,max_proc,lowest_lower_bound,PRUNE,all_to_shortest,greedy,6125,198,198,0.2443232536315918,0.1257599999999999,True,6100.0,32,-1,5354.72
Uniform1-5000_Seed193_J50_M25,"[0.002163, 0.981950]",25,50,0.02,max_proc,lowest_lower_bound,NO_PROFILING,all_to_shortest,greedy,6087,343,2001,3.064042806625366,0.164481682273698,False,5085.8,30,-1,5085.8
Uniform1-5000_Seed193_J50_M25,"[0.002163, 0.981950]",25,50,0.01,max_proc,lowest_lower_bound,PRUNE,all_to_shortest,greedy,5316,373,373,0.5148942470550537,0.0433032355154251,True,5219.0,42,-1,5085.8
Uniform1-5000_Seed194_J50_M25,"[0.098706, 1.000000]",25,50,0.02,max_proc,lowest_lower_bound,NO_PROFILING,all_to_shortest,greedy,5372,1648,2001,3.1684975624084477,0.0796723752792256,False,4944.0,35,-1,4944.0
Uniform1-5000_Seed194_J50_M25,"[0.098706, 1.000000]",25,50,0.01,max_proc,lowest_lower_bound,PRUNE,all_to_shortest,greedy,5508,359,2001,3.6239166259765625,0.10239651416122,False,4944.0,35,-1,4944.0
Uniform1-5000_Seed195_J50_M25,"[0.012435, 0.987875]",25,50,0.02,max_proc,lowest_lower_bound,NO_PROFILING,all_to_shortest,greedy,5920,1798,2001,3.04612398147583,0.1713716216216217,False,4905.48,25,-1,4905.48
Uniform1-5000_Seed195_J50_M25,"[0.012435, 0.987875]",25,50,0.01,max_proc,lowest_lower_bound,PRUNE,all_to_shortest,greedy,5474,31,31,0.04606294631958,0.103858238947753,True,5387.0,27,-1,4905.48
Uniform1-5000_Seed196_J50_M25,"[0.012798, 0.907122]",25,50,0.02,max_proc,lowest_lower_bound,NO_PROFILING,all_to_shortest,greedy,6777,660,2001,3.1009843349456787,0.2274988933156264,False,5235.24,25,-1,5235.24
Uniform1-5000_Seed196_J50_M25,"[0.012798, 0.907122]",25,50,0.01,max_proc,lowest_lower_bound,PRUNE,all_to_shortest,greedy,5515,290,290,0.3738291263580322,0.0507271078875793,True,5482.0,37,-1,5235.24
Uniform1-5000_Seed197_J50_M25,"[0.027971, 0.900494]",25,50,0.02,max_proc,lowest_lower_bound,NO_PROFILING,all_to_shortest,greedy,6723,204,2001,3.304882049560547,0.1757548713372007,False,5541.4,27,-1,5541.4
Uniform1-5000_Seed197_J50_M25,"[0.027971, 0.900494]",25,50,0.01,max_proc,lowest_lower_bound,PRUNE,all_to_shortest,greedy,6035,95,95,0.1342530250549316,0.0817895608947805,True,5973.0,36,-1,5541.4
Uniform1-5000_Seed198_J50_M25,"[0.010195, 0.928504]",25,50,0.02,max_proc,lowest_lower_bound,NO_PROFILING,all_to_shortest,greedy,6430,1419,2001,3.5933101177215576,0.2067371695178848,False,5100.68,25,-1,5100.68
Uniform1-5000_Seed198_J50_M25,"[0.010195, 0.928504]",25,50,0.01,max_proc,lowest_lower_bound,PRUNE,all_to_shortest,greedy,5403,128,128,0.1802334785461425,0.0559540995743105,True,5368.0,39,-1,5100.68
Uniform1-5000_Seed199_J50_M25,"[0.001231, 1.000000]",25,50,0.02,max_proc,lowest_lower_bound,NO_PROFILING,all_to_shortest,greedy,4958,887,887,1.03763747215271,0.0167406212182331,True,4875.0,41,-1,4875.0
Uniform1-5000_Seed199_J50_M25,"[0.001231, 1.000000]",25,50,0.01,max_proc,lowest_lower_bound,PRUNE,all_to_shortest,greedy,5368,477,2001,2.455463171005249,0.0918405365126676,False,4875.0,39,-1,4875.0
Uniform1-5000_Seed200_J50_M25,"[0.032096, 1.000000]",25,50,0.02,max_proc,lowest_lower_bound,NO_PROFILING,all_to_shortest,greedy,5002,32,32,0.0400307178497314,0.0033986405437824,True,4985.0,30,-1,4985.0
Uniform1-5000_Seed200_J50_M25,"[0.032096, 1.000000]",25,50,0.01,max_proc,lowest_lower_bound,PRUNE,all_to_shortest,greedy,4985,39,39,0.0576097965240478,0.0,True,4985.0,37,39,4985.0
Uniform1-5000_Seed161_J100_M50,"[0.006816, 1.000000]",50,100,0.02,max_proc,lowest_lower_bound,NO_PROFILING,all_to_shortest,greedy,5514,106,2001,14.500548839569092,0.0953935437069278,False,4988.0,64,-1,4988.0
Uniform1-5000_Seed161_J100_M50,"[0.006816, 1.000000]",50,100,0.01,max_proc,lowest_lower_bound,PRUNE,all_to_shortest,greedy,5578,88,2001,15.533332347869871,0.1057726783793474,False,4988.0,64,-1,4988.0
Uniform1-5000_Seed162_J100_M50,"[0.013510, 0.935034]",50,100,0.02,max_proc,lowest_lower_bound,NO_PROFILING,all_to_shortest,greedy,6934,1534,2001,16.78087854385376,0.2314364003461205,False,5329.22,50,-1,5329.22
Uniform1-5000_Seed162_J100_M50,"[0.013510, 0.935034]",50,100,0.01,max_proc,lowest_lower_bound,PRUNE,all_to_shortest,greedy,5795,105,105,0.8278713226318359,0.0803761863675582,True,5710.0,79,-1,5329.22
Uniform1-5000_Seed163_J100_M50,"[0.012940, 0.910412]",50,100,0.02,max_proc,lowest_lower_bound,NO_PROFILING,all_to_shortest,greedy,7128,1160,2001,20.380943298339844,0.2410718294051627,False,5409.64,50,-1,5409.64
Uniform1-5000_Seed163_J100_M50,"[0.012940, 0.910412]",50,100,0.01,max_proc,lowest_lower_bound,PRUNE,all_to_shortest,greedy,6021,79,79,0.6852648258209229,0.1015379505065603,True,5920.0,74,-1,5409.64
Uniform1-5000_Seed164_J100_M50,"[0.018376, 0.925293]",50,100,0.02,max_proc,lowest_lower_bound,NO_PROFILING,all_to_shortest,greedy,6315,330,2001,16.1124484539032,0.1468756927949327,False,5387.48,66,-1,5387.48
Uniform1-5000_Seed164_J100_M50,"[0.018376, 0.925293]",50,100,0.01,max_proc,lowest_lower_bound,PRUNE,all_to_shortest,greedy,6315,65,2001,17.940921545028687,0.1468756927949327,False,5387.48,66,-1,5387.48
Uniform1-5000_Seed165_J100_M50,"[0.004860, 0.959168]",50,100,0.02,max_proc,lowest_lower_bound,NO_PROFILING,all_to_shortest,greedy,6499,1444,2001,15.41515326499939,0.2084874596091706,False,5144.04,50,-1,5144.04
Uniform1-5000_Seed165_J100_M50,"[0.004860, 0.959168]",50,100,0.01,max_proc,lowest_lower_bound,PRUNE,all_to_shortest,greedy,5616,77,77,0.6360673904418945,0.0840384615384615,True,5616.0,72,-1,5144.04
Uniform1-5000_Seed166_J100_M50,"[0.001189, 0.975018]",50,100,0.02,max_proc,lowest_lower_bound,NO_PROFILING,all_to_shortest,greedy,6101,230,2001,16.400824069976807,0.1729126372725782,False,5046.06,50,-1,5046.06
Uniform1-5000_Seed166_J100_M50,"[0.001189, 0.975018]",50,100,0.01,max_proc,lowest_lower_bound,PRUNE,all_to_shortest,greedy,6239,235,2001,19.83889627456665,0.1912069241865683,False,5381.0,56,-1,5046.06
Uniform1-5000_Seed167_J100_M50,"[0.008047, 1.000000]",50,100,0.02,max_proc,lowest_lower_bound,NO_PROFILING,all_to_shortest,greedy,5069,69,69,0.4890673160552978,0.0193332018149536,True,4971.0,67,-1,4971.0
Uniform1-5000_Seed167_J100_M50,"[0.008047, 1.000000]",50,100,0.01,max_proc,lowest_lower_bound,PRUNE,all_to_shortest,greedy,4971,79,79,0.6293511390686035,0.0,True,4971.0,77,79,4971.0
Uniform1-5000_Seed168_J100_M50,"[0.008795, 0.926142]",50,100,0.02,max_proc,lowest_lower_bound,NO_PROFILING,all_to_shortest,greedy,6747,354,2001,19.25786638259888,0.2247962057210611,False,5230.3,50,-1,5230.3
Uniform1-5000_Seed168_J100_M50,"[0.008795, 0.926142]",50,100,0.01,max_proc,lowest_lower_bound,PRUNE,all_to_shortest,greedy,5540,86,86,0.7130792140960693,0.0559025270758122,True,5536.0,84,-1,5230.3
Uniform1-5000_Seed169_J100_M50,"[0.000402, 1.000000]",50,100,0.02,max_proc,lowest_lower_bound,NO_PROFILING,all_to_shortest,greedy,5039,86,86,0.6212265491485596,0.0128993847985711,True,4974.0,84,-1,4974.0
Uniform1-5000_Seed169_J100_M50,"[0.000402, 1.000000]",50,100,0.01,max_proc,lowest_lower_bound,PRUNE,all_to_shortest,greedy,5246,1702,2001,15.601564407348633,0.0518490278307281,False,4974.0,78,-1,4974.0
Uniform1-5000_Seed170_J100_M50,"[0.001394, 0.989160]",50,100,0.02,max_proc,lowest_lower_bound,NO_PROFILING,all_to_shortest,greedy,6466,1114,2001,16.680802583694458,0.2235663470460872,False,5020.42,50,-1,5020.42
Uniform1-5000_Seed170_J100_M50,"[0.001394, 0.989160]",50,100,0.01,max_proc,lowest_lower_bound,PRUNE,all_to_shortest,greedy,5330,224,224,1.9616053104400637,0.0580825515947467,True,5279.0,78,-1,5020.42
Uniform1-5000_Seed171_J100_M50,"[0.010821, 0.911922]",50,100,0.02,max_proc,lowest_lower_bound,NO_PROFILING,all_to_shortest,greedy,6996,220,2001,17.520947456359863,0.2206660949113779,False,5452.22,50,-1,5452.22
Uniform1-5000_Seed171_J100_M50,"[0.010821, 0.911922]",50,100,0.01,max_proc,lowest_lower_bound,PRUNE,all_to_shortest,greedy,5977,79,79,0.6429893970489502,0.0877998996151915,True,5977.0,70,-1,5452.22
Uniform1-5000_Seed172_J100_M50,"[0.014518, 0.922152]",50,100,0.02,max_proc,lowest_lower_bound,NO_PROFILING,all_to_shortest,greedy,6627,992,2001,16.980149507522583,0.19965293496303,False,5303.9,50,-1,5303.9
Uniform1-5000_Seed172_J100_M50,"[0.014518, 0.922152]",50,100,0.01,max_proc,lowest_lower_bound,PRUNE,all_to_shortest,greedy,6190,1100,2001,18.895942211151123,0.1431502423263328,False,5496.0,66,-1,5303.9
Uniform1-5000_Seed173_J100_M50,"[0.016238, 1.000000]",50,100,0.02,max_proc,lowest_lower_bound,NO_PROFILING,all_to_shortest,greedy,4956,82,82,0.601524829864502,0.0183615819209039,True,4865.0,80,-1,4865.0
Uniform1-5000_Seed173_J100_M50,"[0.016238, 1.000000]",50,100,0.01,max_proc,lowest_lower_bound,PRUNE,all_to_shortest,greedy,5135,311,2001,15.331736326217651,0.0525803310613437,False,4865.0,79,-1,4865.0
Uniform1-5000_Seed174_J100_M50,"[0.001427, 0.969229]",50,100,0.02,max_proc,lowest_lower_bound,NO_PROFILING,all_to_shortest,greedy,6019,604,2001,15.843085289001465,0.1852633327795315,False,4903.9,50,-1,4903.9
Uniform1-5000_Seed174_J100_M50,"[0.001427, 0.969229]",50,100,0.01,max_proc,lowest_lower_bound,PRUNE,all_to_shortest,greedy,5880,242,2001,16.819743156433105,0.1660034013605442,False,5088.0,64,-1,4903.9
Uniform1-5000_Seed175_J100_M50,"[0.014635, 0.971296]",50,100,0.02,max_proc,lowest_lower_bound,NO_PROFILING,all_to_shortest,greedy,6379,908,2001,16.600602626800537,0.2180310393478601,False,4988.18,50,-1,4988.18
Uniform1-5000_Seed175_J100_M50,"[0.014635, 0.971296]",50,100,0.01,max_proc,lowest_lower_bound,PRUNE,all_to_shortest,greedy,5456,89,89,1.008084058761597,0.0857441348973606,True,5401.0,84,-1,4988.18
Uniform1-5000_Seed176_J100_M50,"[0.010084, 1.000000]",50,100,0.02,max_proc,lowest_lower_bound,NO_PROFILING,all_to_shortest,greedy,5861,489,2001,17.676456928253174,0.1709605869305579,False,4859.0,54,-1,4859.0
Uniform1-5000_Seed176_J100_M50,"[0.010084, 1.000000]",50,100,0.01,max_proc,lowest_lower_bound,PRUNE,all_to_shortest,greedy,5836,564,2001,19.440378189086918,0.1674091843728581,False,5011.0,59,-1,4859.0
Uniform1-5000_Seed177_J100_M50,"[0.004031, 1.000000]",50,100,0.02,max_proc,lowest_lower_bound,NO_PROFILING,all_to_shortest,greedy,6385,921,2001,16.596356630325317,0.222866092404072,False,4962.0,50,-1,4962.0
Uniform1-5000_Seed177_J100_M50,"[0.004031, 1.000000]",50,100,0.01,max_proc,lowest_lower_bound,PRUNE,all_to_shortest,greedy,5297,315,315,2.2836248874664307,0.0632433452897866,True,5277.0,74,-1,4962.0
Uniform1-5000_Seed178_J100_M50,"[0.016140, 0.885899]",50,100,0.02,max_proc,lowest_lower_bound,NO_PROFILING,all_to_shortest,greedy,7218,1158,2001,17.17514133453369,0.2188500969797727,False,5638.34,50,-1,5638.34
Uniform1-5000_Seed178_J100_M50,"[0.016140, 0.885899]",50,100,0.01,max_proc,lowest_lower_bound,PRUNE,all_to_shortest,greedy,6295,92,92,0.7924811840057373,0.1043145353455122,True,6175.0,73,-1,5638.34
Uniform1-5000_Seed179_J100_M50,"[0.004862, 1.000000]",50,100,0.02,max_proc,lowest_lower_bound,NO_PROFILING,all_to_shortest,greedy,5929,1746,2001,15.371618032455444,0.1674818687805701,False,4936.0,50,-1,4936.0
Uniform1-5000_Seed179_J100_M50,"[0.004862, 1.000000]",50,100,0.01,max_proc,lowest_lower_bound,PRUNE,all_to_shortest,greedy,5236,124,124,1.0008575916290283,0.0572956455309396,True,5159.0,71,-1,4936.0
Uniform1-5000_Seed180_J100_M50,"[0.006690, 0.926690]",50,100,0.02,max_proc,lowest_lower_bound,NO_PROFILING,all_to_shortest,greedy,6752,798,2001,16.619933605194092,0.202973933649289,False,5381.52,50,-1,5381.52
Uniform1-5000_Seed180_J100_M50,"[0.006690, 0.926690]",50,100,0.01,max_proc,lowest_lower_bound,PRUNE,all_to_shortest,greedy,5842,576,576,4.724490404129028,0.078822321122903,True,5789.0,71,-1,5381.52
Uniform1-5000_Seed181_J100_M50,"[0.003812, 1.000000]",50,100,0.02,max_proc,lowest_lower_bound,NO_PROFILING,all_to_shortest,greedy,5058,73,73,0.5332460403442383,0.0146302886516409,True,4984.0,71,-1,4984.0
Uniform1-5000_Seed181_J100_M50,"[0.003812, 1.000000]",50,100,0.01,max_proc,lowest_lower_bound,PRUNE,all_to_shortest,greedy,5199,1075,2001,15.41312289237976,0.0413541065589536,False,4984.0,75,-1,4984.0
Uniform1-5000_Seed182_J100_M50,"[0.036298, 1.000000]",50,100,0.02,max_proc,lowest_lower_bound,NO_PROFILING,all_to_shortest,greedy,5706,924,2001,15.37437129020691,0.1309148264984227,False,4959.0,62,-1,4959.0
Uniform1-5000_Seed182_J100_M50,"[0.036298, 1.000000]",50,100,0.01,max_proc,lowest_lower_bound,PRUNE,all_to_shortest,greedy,5743,115,2001,14.795254945755005,0.1365140170642521,False,4959.0,62,-1,4959.0
Uniform1-5000_Seed183_J100_M50,"[0.003699, 1.000000]",50,100,0.02,max_proc,lowest_lower_bound,NO_PROFILING,all_to_shortest,greedy,4866,54,54,0.3912274837493896,0.0,True,4866.0,52,54,4866.0
Uniform1-5000_Seed183_J100_M50,"[0.003699, 1.000000]",50,100,0.01,max_proc,lowest_lower_bound,PRUNE,all_to_shortest,greedy,4927,64,64,0.523754358291626,0.012380759082606,True,4866.0,62,-1,4866.0
Uniform1-5000_Seed184_J100_M50,"[0.028514, 0.942840]",50,100,0.02,max_proc,lowest_lower_bound,NO_PROFILING,all_to_shortest,greedy,6664,490,2001,17.02129054069519,0.2053271308523409,False,5295.7,50,-1,5295.7
Uniform1-5000_Seed184_J100_M50,"[0.028514, 0.942840]",50,100,0.01,max_proc,lowest_lower_bound,PRUNE,all_to_shortest,greedy,5797,76,76,0.6510400772094727,0.0864757633258582,True,5722.0,74,-1,5295.7
Uniform1-5000_Seed185_J100_M50,"[0.000603, 0.994834]",50,100,0.02,max_proc,lowest_lower_bound,NO_PROFILING,all_to_shortest,greedy,6193,608,2001,16.94683527946472,0.1960729856289358,False,4978.72,53,-1,4978.72
Uniform1-5000_Seed185_J100_M50,"[0.000603, 0.994834]",50,100,0.01,max_proc,lowest_lower_bound,PRUNE,all_to_shortest,greedy,5628,889,2001,15.100878477096558,0.115366027007818,False,5035.0,73,-1,4978.72
Uniform1-5000_Seed186_J100_M50,"[0.009021, 0.979177]",50,100,0.02,max_proc,lowest_lower_bound,NO_PROFILING,all_to_shortest,greedy,6300,144,2001,16.930021286010742,0.1906063492063491,False,5099.18,50,-1,5099.18
Uniform1-5000_Seed186_J100_M50,"[0.009021, 0.979177]",50,100,0.01,max_proc,lowest_lower_bound,PRUNE,all_to_shortest,greedy,5819,441,2001,17.058894634246826,0.1237016669530846,False,5255.0,77,-1,5099.18
Uniform1-5000_Seed187_J100_M50,"[0.002990, 0.933965]",50,100,0.02,max_proc,lowest_lower_bound,NO_PROFILING,all_to_shortest,greedy,6864,1965,2001,17.912824869155884,0.2203700466200466,False,5351.38,50,-1,5351.38
Uniform1-5000_Seed187_J100_M50,"[0.002990, 0.933965]",50,100,0.01,max_proc,lowest_lower_bound,PRUNE,all_to_shortest,greedy,5698,327,327,2.802742958068848,0.0608318708318708,True,5626.0,81,-1,5351.38
Uniform1-5000_Seed188_J100_M50,"[0.009627, 1.000000]",50,100,0.02,max_proc,lowest_lower_bound,NO_PROFILING,all_to_shortest,greedy,4986,53,53,0.3749198913574219,0.0,True,4986.0,51,53,4986.0
Uniform1-5000_Seed188_J100_M50,"[0.009627, 1.000000]",50,100,0.01,max_proc,lowest_lower_bound,PRUNE,all_to_shortest,greedy,5026,61,61,0.4810879230499267,0.007958615200955,True,4986.0,59,-1,4986.0
Uniform1-5000_Seed189_J100_M50,"[0.008226, 1.000000]",50,100,0.02,max_proc,lowest_lower_bound,NO_PROFILING,all_to_shortest,greedy,5069,64,64,0.4918491840362549,0.0167685934109291,True,4984.0,62,-1,4984.0
Uniform1-5000_Seed189_J100_M50,"[0.008226, 1.000000]",50,100,0.01,max_proc,lowest_lower_bound,PRUNE,all_to_shortest,greedy,4998,81,81,0.6490423679351807,0.0028011204481792,True,4984.0,79,-1,4984.0
Uniform1-5000_Seed190_J100_M50,"[0.024632, 1.000000]",50,100,0.02,max_proc,lowest_lower_bound,NO_PROFILING,all_to_shortest,greedy,4963,73,73,0.538154125213623,0.00201491033649,True,4953.0,71,-1,4953.0
Uniform1-5000_Seed190_J100_M50,"[0.024632, 1.000000]",50,100,0.01,max_proc,lowest_lower_bound,PRUNE,all_to_shortest,greedy,5033,87,87,0.6881966590881348,0.0158950923902245,True,4953.0,85,-1,4953.0
Uniform1-5000_Seed191_J100_M50,"[0.000782, 0.973826]",50,100,0.02,max_proc,lowest_lower_bound,NO_PROFILING,all_to_shortest,greedy,6626,1582,2001,17.793537378311157,0.2275943253848475,False,5117.96,50,-1,5117.96
Uniform1-5000_Seed191_J100_M50,"[0.000782, 0.973826]",50,100,0.01,max_proc,lowest_lower_bound,PRUNE,all_to_shortest,greedy,5501,74,74,0.6396942138671875,0.0696309761861479,True,5499.0,70,-1,5117.96
Uniform1-5000_Seed192_J100_M50,"[0.011240, 0.938094]",50,100,0.02,max_proc,lowest_lower_bound,NO_PROFILING,all_to_shortest,greedy,6550,154,2001,15.851490020751951,0.1986351145038168,False,5248.94,50,-1,5248.94
Uniform1-5000_Seed192_J100_M50,"[0.011240, 0.938094]",50,100,0.01,max_proc,lowest_lower_bound,PRUNE,all_to_shortest,greedy,6281,81,2001,20.16582036018372,0.1643145995860532,False,5487.0,62,-1,5248.94
Uniform1-5000_Seed193_J100_M50,"[0.002174, 0.986945]",50,100,0.02,max_proc,lowest_lower_bound,NO_PROFILING,all_to_shortest,greedy,6231,1513,2001,16.054503202438354,0.1879216819130155,False,5060.06,50,-1,5060.06
Uniform1-5000_Seed193_J100_M50,"[0.002174, 0.986945]",50,100,0.01,max_proc,lowest_lower_bound,PRUNE,all_to_shortest,greedy,6280,71,2001,16.412689447402954,0.1942579617834394,False,5103.0,60,-1,5060.06
Uniform1-5000_Seed194_J100_M50,"[0.001156, 0.952656]",50,100,0.02,max_proc,lowest_lower_bound,NO_PROFILING,all_to_shortest,greedy,6405,1907,2001,18.41610836982727,0.1897423887587822,False,5189.7,62,-1,5189.7
Uniform1-5000_Seed194_J100_M50,"[0.001156, 0.952656]",50,100,0.01,max_proc,lowest_lower_bound,PRUNE,all_to_shortest,greedy,6421,52,2001,21.826788663864136,0.1917614078803925,False,5189.7,62,-1,5189.7
Uniform1-5000_Seed195_J100_M50,"[0.011865, 0.968032]",50,100,0.02,max_proc,lowest_lower_bound,NO_PROFILING,all_to_shortest,greedy,6710,527,2001,19.420475721359253,0.2337764530551416,False,5141.36,50,-1,5141.36
Uniform1-5000_Seed195_J100_M50,"[0.011865, 0.968032]",50,100,0.01,max_proc,lowest_lower_bound,PRUNE,all_to_shortest,greedy,5494,86,86,0.7479262351989746,0.0641863851474336,True,5494.0,83,-1,5141.36
Uniform1-5000_Seed196_J100_M50,"[0.011014, 0.891389]",50,100,0.02,max_proc,lowest_lower_bound,NO_PROFILING,all_to_shortest,greedy,7068,1967,2001,16.475088834762573,0.2292473118279569,False,5447.68,50,-1,5447.68
Uniform1-5000_Seed196_J100_M50,"[0.011014, 0.891389]",50,100,0.01,max_proc,lowest_lower_bound,PRUNE,all_to_shortest,greedy,5947,1044,1044,9.302924394607544,0.0839616613418529,True,5841.0,75,-1,5447.68
Uniform1-5000_Seed197_J100_M50,"[0.016460, 0.944089]",50,100,0.02,max_proc,lowest_lower_bound,NO_PROFILING,all_to_shortest,greedy,6476,1367,2001,15.337859630584717,0.1838295243977763,False,5285.52,50,-1,5285.52
Uniform1-5000_Seed197_J100_M50,"[0.016460, 0.944089]",50,100,0.01,max_proc,lowest_lower_bound,PRUNE,all_to_shortest,greedy,5548,103,103,0.8401069641113281,0.0473107426099494,True,5457.0,81,-1,5285.52
Uniform1-5000_Seed198_J100_M50,"[0.010081, 0.943733]",50,100,0.02,max_proc,lowest_lower_bound,NO_PROFILING,all_to_shortest,greedy,6530,981,2001,16.95916247367859,0.2100704441041348,False,5158.24,50,-1,5158.24
Uniform1-5000_Seed198_J100_M50,"[0.010081, 0.943733]",50,100,0.01,max_proc,lowest_lower_bound,PRUNE,all_to_shortest,greedy,5545,830,830,6.973529100418091,0.0697493237150586,True,5443.0,76,-1,5158.24
Uniform1-5000_Seed199_J100_M50,"[0.001219, 1.000000]",50,100,0.02,max_proc,lowest_lower_bound,NO_PROFILING,all_to_shortest,greedy,5661,58,2001,15.35960817337036,0.1305423070128952,False,4922.0,67,-1,4922.0
Uniform1-5000_Seed199_J100_M50,"[0.001219, 1.000000]",50,100,0.01,max_proc,lowest_lower_bound,PRUNE,all_to_shortest,greedy,5676,163,2001,14.564022064208984,0.1328400281888654,False,4922.0,67,-1,4922.0
Uniform1-5000_Seed200_J100_M50,"[0.027683, 1.000000]",50,100,0.02,max_proc,lowest_lower_bound,NO_PROFILING,all_to_shortest,greedy,5035,81,81,0.5861644744873047,0.009930486593843,True,4985.0,79,-1,4985.0
Uniform1-5000_Seed200_J100_M50,"[0.027683, 1.000000]",50,100,0.01,max_proc,lowest_lower_bound,PRUNE,all_to_shortest,greedy,5348,1074,2001,16.202017545700073,0.0678758414360508,False,4985.0,81,-1,4985.0
Uniform1-5000_Seed161_J150_M75,"[0.006684, 0.980544]",75,150,0.02,max_proc,lowest_lower_bound,NO_PROFILING,all_to_shortest,greedy,6212,661,2001,47.49684548377991,0.1811053874221936,False,5086.973333333333,88,-1,5086.973333333333
Uniform1-5000_Seed161_J150_M75,"[0.006684, 0.980544]",75,150,0.01,max_proc,lowest_lower_bound,PRUNE,all_to_shortest,greedy,6220,1795,2001,60.77433228492737,0.1821586280814576,False,5095.0,88,-1,5086.973333333333
Uniform1-5000_Seed162_J150_M75,"[0.012657, 0.970286]",75,150,0.02,max_proc,lowest_lower_bound,NO_PROFILING,all_to_shortest,greedy,6551,1901,2001,45.74293208122253,0.2160586170050373,False,5135.6,75,-1,5135.6
Uniform1-5000_Seed162_J150_M75,"[0.012657, 0.970286]",75,150,0.01,max_proc,lowest_lower_bound,PRUNE,all_to_shortest,greedy,6291,90,2001,46.42430233955383,0.183659195676363,False,5233.0,85,-1,5135.6
Uniform1-5000_Seed163_J150_M75,"[0.005105, 0.935536]",75,150,0.02,max_proc,lowest_lower_bound,NO_PROFILING,all_to_shortest,greedy,6888,473,2001,48.47046422958374,0.2321506000774293,False,5288.946666666667,75,-1,5288.946666666667
Uniform1-5000_Seed163_J150_M75,"[0.005105, 0.935536]",75,150,0.01,max_proc,lowest_lower_bound,PRUNE,all_to_shortest,greedy,5834,123,123,3.002002954483032,0.0934270369100674,True,5834.0,105,-1,5288.946666666667
Uniform1-5000_Seed164_J150_M75,"[0.007261, 0.954376]",75,150,0.02,max_proc,lowest_lower_bound,NO_PROFILING,all_to_shortest,greedy,6175,1790,2001,46.83083772659302,0.1524232118758434,False,5233.786666666667,98,-1,5233.786666666667
Uniform1-5000_Seed164_J150_M75,"[0.007261, 0.954376]",75,150,0.01,max_proc,lowest_lower_bound,PRUNE,all_to_shortest,greedy,6263,355,2001,55.588995695114136,0.1643323221033583,False,5233.786666666667,98,-1,5233.786666666667
Uniform1-5000_Seed165_J150_M75,"[0.004881, 0.971493]",75,150,0.02,max_proc,lowest_lower_bound,NO_PROFILING,all_to_shortest,greedy,6366,676,2001,42.71736454963684,0.1954110378050057,False,5122.013333333333,75,-1,5122.013333333333
Uniform1-5000_Seed165_J150_M75,"[0.004881, 0.971493]",75,150,0.01,max_proc,lowest_lower_bound,PRUNE,all_to_shortest,greedy,5956,108,2001,49.41084861755371,0.140024625027983,False,5306.0,103,-1,5122.013333333333
Uniform1-5000_Seed166_J150_M75,"[0.001152, 0.951550]",75,150,0.02,max_proc,lowest_lower_bound,NO_PROFILING,all_to_shortest,greedy,6698,1378,2001,48.97711229324341,0.2224027072758037,False,5208.346666666666,75,-1,5208.346666666666
Uniform1-5000_Seed166_J150_M75,"[0.001152, 0.951550]",75,150,0.01,max_proc,lowest_lower_bound,PRUNE,all_to_shortest,greedy,6416,80,2001,58.33173489570618,0.1882252701579385,False,5492.0,83,-1,5208.346666666666
Uniform1-5000_Seed167_J150_M75,"[0.001207, 1.000000]",75,150,0.02,max_proc,lowest_lower_bound,NO_PROFILING,all_to_shortest,greedy,5057,103,103,2.1859116554260254,0.0170061301166699,True,4971.0,101,-1,4971.0
Uniform1-5000_Seed167_J150_M75,"[0.001207, 1.000000]",75,150,0.01,max_proc,lowest_lower_bound,PRUNE,all_to_shortest,greedy,5042,117,117,2.72529673576355,0.014081713605712,True,4971.0,113,-1,4971.0
Uniform1-5000_Seed168_J150_M75,"[0.008822, 0.929376]",75,150,0.02,max_proc,lowest_lower_bound,NO_PROFILING,all_to_shortest,greedy,6754,922,2001,51.84359955787659,0.2279755206791038,False,5214.253333333333,75,-1,5214.253333333333
Uniform1-5000_Seed168_J150_M75,"[0.008822, 0.929376]",75,150,0.01,max_proc,lowest_lower_bound,PRUNE,all_to_shortest,greedy,6728,87,2001,58.869112730026245,0.2249920729290527,False,5534.0,85,-1,5214.253333333333
Uniform1-5000_Seed169_J150_M75,"[0.000401, 1.000000]",75,150,0.02,max_proc,lowest_lower_bound,NO_PROFILING,all_to_shortest,greedy,4998,106,106,2.1754391193389893,0.0016006402561024,True,4990.0,104,-1,4990.0
Uniform1-5000_Seed169_J150_M75,"[0.000401, 1.000000]",75,150,0.01,max_proc,lowest_lower_bound,PRUNE,all_to_shortest,greedy,5075,129,129,2.987954378128052,0.0167487684729064,True,4990.0,127,-1,4990.0
Uniform1-5000_Seed170_J150_M75,"[0.001390, 0.991019]",75,150,0.02,max_proc,lowest_lower_bound,NO_PROFILING,all_to_shortest,greedy,6399,578,2001,46.84037256240845,0.2132812418607074,False,5034.213333333333,76,-1,5034.213333333333
Uniform1-5000_Seed170_J150_M75,"[0.001390, 0.991019]",75,150,0.01,max_proc,lowest_lower_bound,PRUNE,all_to_shortest,greedy,6444,73,2001,56.238046169281006,0.2187750879370991,False,5193.0,84,-1,5034.213333333333
Uniform1-5000_Seed171_J150_M75,"[0.011041, 0.933811]",75,150,0.02,max_proc,lowest_lower_bound,NO_PROFILING,all_to_shortest,greedy,6752,1611,2001,48.56903982162476,0.2085762243285939,False,5343.693333333334,75,-1,5343.693333333334
Uniform1-5000_Seed171_J150_M75,"[0.011041, 0.933811]",75,150,0.01,max_proc,lowest_lower_bound,PRUNE,all_to_shortest,greedy,5977,108,108,2.6575653553009038,0.1059572806870782,True,5977.0,105,-1,5343.693333333334
Uniform1-5000_Seed172_J150_M75,"[0.002615, 0.932370]",75,150,0.02,max_proc,lowest_lower_bound,NO_PROFILING,all_to_shortest,greedy,6598,1567,2001,47.26450157165527,0.1886895018692533,False,5353.026666666667,75,-1,5353.026666666667
Uniform1-5000_Seed172_J150_M75,"[0.002615, 0.932370]",75,150,0.01,max_proc,lowest_lower_bound,PRUNE,all_to_shortest,greedy,6413,446,2001,55.51317596435547,0.1652850979780654,False,5543.0,100,-1,5353.026666666667
Uniform1-5000_Seed173_J150_M75,"[0.011838, 1.000000]",75,150,0.02,max_proc,lowest_lower_bound,NO_PROFILING,all_to_shortest,greedy,5059,116,116,2.467087984085083,0.014825064241945,True,4984.0,114,-1,4984.0
Uniform1-5000_Seed173_J150_M75,"[0.011838, 1.000000]",75,150,0.01,max_proc,lowest_lower_bound,PRUNE,all_to_shortest,greedy,5269,1888,2001,47.36210322380066,0.0540899601442398,False,4984.0,117,-1,4984.0
Uniform1-5000_Seed174_J150_M75,"[0.001379, 0.982809]",75,150,0.02,max_proc,lowest_lower_bound,NO_PROFILING,all_to_shortest,greedy,6613,922,2001,51.37312412261963,0.2323806643480014,False,5076.266666666666,75,-1,5076.266666666666
Uniform1-5000_Seed174_J150_M75,"[0.001379, 0.982809]",75,150,0.01,max_proc,lowest_lower_bound,PRUNE,all_to_shortest,greedy,6020,92,2001,52.56613302230835,0.156766334440753,False,5315.0,92,-1,5076.266666666666
Uniform1-5000_Seed175_J150_M75,"[0.014737, 0.987549]",75,150,0.02,max_proc,lowest_lower_bound,NO_PROFILING,all_to_shortest,greedy,6296,1257,2001,46.62224698066712,0.2132020330368487,False,4953.68,75,-1,4953.68
Uniform1-5000_Seed175_J150_M75,"[0.014737, 0.987549]",75,150,0.01,max_proc,lowest_lower_bound,PRUNE,all_to_shortest,greedy,5360,861,2001,47.16717553138733,0.0758059701492536,False,5108.0,128,-1,4953.68
Uniform1-5000_Seed176_J150_M75,"[0.009336, 1.000000]",75,150,0.02,max_proc,lowest_lower_bound,NO_PROFILING,all_to_shortest,greedy,5965,607,2001,47.34743571281433,0.1740150880134115,False,4927.0,82,-1,4927.0
Uniform1-5000_Seed176_J150_M75,"[0.009336, 1.000000]",75,150,0.01,max_proc,lowest_lower_bound,PRUNE,all_to_shortest,greedy,5883,1817,2001,57.54919505119324,0.1625021247662757,False,4935.0,90,-1,4927.0
Uniform1-5000_Seed177_J150_M75,"[0.003225, 1.000000]",75,150,0.02,max_proc,lowest_lower_bound,NO_PROFILING,all_to_shortest,greedy,6167,966,2001,43.52272295951843,0.1953948435219717,False,4962.0,78,-1,4962.0
Uniform1-5000_Seed177_J150_M75,"[0.003225, 1.000000]",75,150,0.01,max_proc,lowest_lower_bound,PRUNE,all_to_shortest,greedy,5958,785,2001,44.37683415412903,0.1671701913393756,False,5069.0,90,-1,4962.0
Uniform1-5000_Seed178_J150_M75,"[0.004041, 0.917479]",75,150,0.02,max_proc,lowest_lower_bound,NO_PROFILING,all_to_shortest,greedy,7113,62,2001,47.66650366783142,0.2346033084961807,False,5444.266666666666,75,-1,5444.266666666666
Uniform1-5000_Seed178_J150_M75,"[0.004041, 0.917479]",75,150,0.01,max_proc,lowest_lower_bound,PRUNE,all_to_shortest,greedy,6128,144,144,3.776153802871704,0.1115752828546562,True,6030.0,108,-1,5444.266666666666
Uniform1-5000_Seed179_J150_M75,"[0.004862, 1.000000]",75,150,0.02,max_proc,lowest_lower_bound,NO_PROFILING,all_to_shortest,greedy,4936,116,116,2.5740623474121094,0.0,True,4936.0,114,116,4936.0
Uniform1-5000_Seed179_J150_M75,"[0.004862, 1.000000]",75,150,0.01,max_proc,lowest_lower_bound,PRUNE,all_to_shortest,greedy,5013,488,488,10.797419309616089,0.0153600638340315,True,4936.0,127,-1,4936.0
Uniform1-5000_Seed180_J150_M75,"[0.000589, 0.978890]",75,150,0.02,max_proc,lowest_lower_bound,NO_PROFILING,all_to_shortest,greedy,6463,1527,2001,42.56062722206116,0.211736551652999,False,5094.546666666667,75,-1,5094.546666666667
Uniform1-5000_Seed180_J150_M75,"[0.000589, 0.978890]",75,150,0.01,max_proc,lowest_lower_bound,PRUNE,all_to_shortest,greedy,5403,293,293,7.111264944076538,0.0570892713924362,True,5403.0,113,-1,5094.546666666667
Uniform1-5000_Seed181_J150_M75,"[0.003812, 1.000000]",75,150,0.02,max_proc,lowest_lower_bound,NO_PROFILING,all_to_shortest,greedy,5637,480,2001,43.340967416763306,0.1158417598013127,False,4984.0,108,-1,4984.0
Uniform1-5000_Seed181_J150_M75,"[0.003812, 1.000000]",75,150,0.01,max_proc,lowest_lower_bound,PRUNE,all_to_shortest,greedy,5779,103,2001,54.05310559272766,0.1375670531233777,False,4984.0,101,-1,4984.0
Uniform1-5000_Seed182_J150_M75,"[0.012301, 1.000000]",75,150,0.02,max_proc,lowest_lower_bound,NO_PROFILING,all_to_shortest,greedy,5058,101,101,2.08262300491333,0.0195729537366548,True,4959.0,99,-1,4959.0
Uniform1-5000_Seed182_J150_M75,"[0.012301, 1.000000]",75,150,0.01,max_proc,lowest_lower_bound,PRUNE,all_to_shortest,greedy,4966,125,125,2.9107065200805664,0.0014095851792186,True,4959.0,123,-1,4959.0
Uniform1-5000_Seed183_J150_M75,"[0.003699, 1.000000]",75,150,0.02,max_proc,lowest_lower_bound,NO_PROFILING,all_to_shortest,greedy,4891,80,80,1.6459932327270508,0.0051114291555919,True,4866.0,78,-1,4866.0
Uniform1-5000_Seed183_J150_M75,"[0.003699, 1.000000]",75,150,0.01,max_proc,lowest_lower_bound,PRUNE,all_to_shortest,greedy,4960,109,109,2.445697069168091,0.0189516129032258,True,4866.0,107,-1,4866.0
Uniform1-5000_Seed184_J150_M75,"[0.028409, 0.939384]",75,150,0.02,max_proc,lowest_lower_bound,NO_PROFILING,all_to_shortest,greedy,6960,271,2001,52.32162761688232,0.236323754789272,False,5315.1866666666665,75,-1,5315.1866666666665
Uniform1-5000_Seed184_J150_M75,"[0.028409, 0.939384]",75,150,0.01,max_proc,lowest_lower_bound,PRUNE,all_to_shortest,greedy,5736,123,123,3.2502658367156982,0.0733635518363552,True,5735.0,119,-1,5315.1866666666665
Uniform1-5000_Seed185_J150_M75,"[0.000595, 0.982242]",75,150,0.02,max_proc,lowest_lower_bound,NO_PROFILING,all_to_shortest,greedy,6480,1950,2001,47.99586582183838,0.2218292181069958,False,5042.546666666667,75,-1,5042.546666666667
Uniform1-5000_Seed185_J150_M75,"[0.000595, 0.982242]",75,150,0.01,max_proc,lowest_lower_bound,PRUNE,all_to_shortest,greedy,5258,149,2001,46.8209924697876,0.0409762900976289,False,5154.0,137,-1,5042.546666666667
Uniform1-5000_Seed186_J150_M75,"[0.000598, 0.994452]",75,150,0.02,max_proc,lowest_lower_bound,NO_PROFILING,all_to_shortest,greedy,6310,461,2001,46.50379037857056,0.2043021658742736,False,5020.8533333333335,75,-1,5020.8533333333335
Uniform1-5000_Seed186_J150_M75,"[0.000598, 0.994452]",75,150,0.01,max_proc,lowest_lower_bound,PRUNE,all_to_shortest,greedy,5345,503,2001,48.21569466590881,0.0606448394137823,False,5211.0,134,-1,5020.8533333333335
Uniform1-5000_Seed187_J150_M75,"[0.002945, 0.919900]",75,150,0.02,max_proc,lowest_lower_bound,NO_PROFILING,all_to_shortest,greedy,7002,1067,2001,49.40613126754761,0.2240502713510425,False,5433.2,75,-1,5433.2
Uniform1-5000_Seed187_J150_M75,"[0.002945, 0.919900]",75,150,0.01,max_proc,lowest_lower_bound,PRUNE,all_to_shortest,greedy,6894,485,2001,58.75747585296631,0.2118944009283435,False,5638.0,83,-1,5433.2
Uniform1-5000_Seed188_J150_M75,"[0.009627, 1.000000]",75,150,0.02,max_proc,lowest_lower_bound,NO_PROFILING,all_to_shortest,greedy,5072,90,90,1.8071496486663816,0.0169558359621451,True,4986.0,88,-1,4986.0
Uniform1-5000_Seed188_J150_M75,"[0.009627, 1.000000]",75,150,0.01,max_proc,lowest_lower_bound,PRUNE,all_to_shortest,greedy,5013,106,106,2.451507568359375,0.0053859964093357,True,4986.0,104,-1,4986.0
Uniform1-5000_Seed189_J150_M75,"[0.008226, 1.000000]",75,150,0.02,max_proc,lowest_lower_bound,NO_PROFILING,all_to_shortest,greedy,5058,123,123,2.787940740585327,0.0146302886516409,True,4984.0,121,-1,4984.0
Uniform1-5000_Seed189_J150_M75,"[0.008226, 1.000000]",75,150,0.01,max_proc,lowest_lower_bound,PRUNE,all_to_shortest,greedy,5120,1935,2001,49.3247652053833,0.0265625,False,4984.0,131,-1,4984.0
Uniform1-5000_Seed190_J150_M75,"[0.006246, 1.000000]",75,150,0.02,max_proc,lowest_lower_bound,NO_PROFILING,all_to_shortest,greedy,6102,1045,2001,44.03694200515747,0.1866601114388725,False,4963.0,79,-1,4963.0
Uniform1-5000_Seed190_J150_M75,"[0.006246, 1.000000]",75,150,0.01,max_proc,lowest_lower_bound,PRUNE,all_to_shortest,greedy,5574,1853,2001,49.10027742385864,0.109616074632221,False,5026.0,112,-1,4963.0
Uniform1-5000_Seed191_J150_M75,"[0.000735, 0.915557]",75,150,0.02,max_proc,lowest_lower_bound,NO_PROFILING,all_to_shortest,greedy,7109,731,2001,49.00482654571533,0.2342551695034463,False,5443.68,75,-1,5443.68
Uniform1-5000_Seed191_J150_M75,"[0.000735, 0.915557]",75,150,0.01,max_proc,lowest_lower_bound,PRUNE,all_to_shortest,greedy,5987,120,120,2.896700143814087,0.0907499582428594,True,5880.0,112,-1,5443.68
Uniform1-5000_Seed192_J150_M75,"[0.006667, 0.896435]",75,150,0.02,max_proc,lowest_lower_bound,NO_PROFILING,all_to_shortest,greedy,6982,941,2001,45.915846824646,0.2051331996562589,False,5549.76,75,-1,5549.76
Uniform1-5000_Seed192_J150_M75,"[0.006667, 0.896435]",75,150,0.01,max_proc,lowest_lower_bound,PRUNE,all_to_shortest,greedy,7066,73,2001,63.77588629722595,0.2145825077837531,False,5835.0,89,-1,5549.76
Uniform1-5000_Seed193_J150_M75,"[0.002156, 0.978599]",75,150,0.02,max_proc,lowest_lower_bound,NO_PROFILING,all_to_shortest,greedy,6360,90,2001,46.974018573760986,0.197607966457023,False,5103.213333333333,89,-1,5103.213333333333
Uniform1-5000_Seed193_J150_M75,"[0.002156, 0.978599]",75,150,0.01,max_proc,lowest_lower_bound,PRUNE,all_to_shortest,greedy,6472,119,2001,50.20433187484741,0.2114936135146271,False,5103.213333333333,89,-1,5103.213333333333
Uniform1-5000_Seed194_J150_M75,"[0.001113, 0.923475]",75,150,0.02,max_proc,lowest_lower_bound,NO_PROFILING,all_to_shortest,greedy,6748,1309,2001,46.284897804260254,0.2013297767239676,False,5389.426666666666,75,-1,5389.426666666666
Uniform1-5000_Seed194_J150_M75,"[0.001113, 0.923475]",75,150,0.01,max_proc,lowest_lower_bound,PRUNE,all_to_shortest,greedy,6540,1447,2001,55.96066355705261,0.1759286442405709,False,5562.0,93,-1,5389.426666666666
Uniform1-5000_Seed195_J150_M75,"[0.011871, 0.968552]",75,150,0.02,max_proc,lowest_lower_bound,NO_PROFILING,all_to_shortest,greedy,6536,66,2001,48.8565468788147,0.2138004895960831,False,5138.6,75,-1,5138.6
Uniform1-5000_Seed195_J150_M75,"[0.011871, 0.968552]",75,150,0.01,max_proc,lowest_lower_bound,PRUNE,all_to_shortest,greedy,5597,133,133,3.233077049255371,0.0819010184027156,True,5494.0,126,-1,5138.6
Uniform1-5000_Seed196_J150_M75,"[0.011423, 0.934975]",75,150,0.02,max_proc,lowest_lower_bound,NO_PROFILING,all_to_shortest,greedy,6561,580,2001,45.56209921836853,0.1994289488390996,False,5252.546666666667,79,-1,5252.546666666667
Uniform1-5000_Seed196_J150_M75,"[0.011423, 0.934975]",75,150,0.01,max_proc,lowest_lower_bound,PRUNE,all_to_shortest,greedy,6160,245,2001,56.73419260978699,0.1473138528138527,False,5288.0,97,-1,5252.546666666667
Uniform1-5000_Seed197_J150_M75,"[0.003559, 0.934686]",75,150,0.02,max_proc,lowest_lower_bound,NO_PROFILING,all_to_shortest,greedy,6986,1034,2001,48.92036819458008,0.235801126061647,False,5338.693333333334,75,-1,5338.693333333334
Uniform1-5000_Seed197_J150_M75,"[0.003559, 0.934686]",75,150,0.01,max_proc,lowest_lower_bound,PRUNE,all_to_shortest,greedy,5691,138,138,3.364227056503296,0.0619059333450476,True,5647.0,123,-1,5338.693333333334
Uniform1-5000_Seed198_J150_M75,"[0.010426, 0.993437]",75,150,0.02,max_proc,lowest_lower_bound,NO_PROFILING,all_to_shortest,greedy,6345,547,2001,50.34236907958984,0.2139112161807196,False,4987.733333333334,84,-1,4987.733333333334
Uniform1-5000_Seed198_J150_M75,"[0.010426, 0.993437]",75,150,0.01,max_proc,lowest_lower_bound,PRUNE,all_to_shortest,greedy,6372,150,2001,56.831066370010376,0.21724210085792,False,5050.0,84,-1,4987.733333333334
Uniform1-5000_Seed199_J150_M75,"[0.000775, 0.953885]",75,150,0.02,max_proc,lowest_lower_bound,NO_PROFILING,all_to_shortest,greedy,6654,365,2001,48.09749031066895,0.2239034164913335,False,5164.1466666666665,76,-1,5164.1466666666665
Uniform1-5000_Seed199_J150_M75,"[0.000775, 0.953885]",75,150,0.01,max_proc,lowest_lower_bound,PRUNE,all_to_shortest,greedy,6541,1692,2001,60.4020094871521,0.2104958467104928,False,5254.0,86,-1,5164.1466666666665
Uniform1-5000_Seed200_J150_M75,"[0.003611, 1.000000]",75,150,0.02,max_proc,lowest_lower_bound,NO_PROFILING,all_to_shortest,greedy,4985,131,131,2.909029483795166,0.0,True,4985.0,129,131,4985.0
Uniform1-5000_Seed200_J150_M75,"[0.003611, 1.000000]",75,150,0.01,max_proc,lowest_lower_bound,PRUNE,all_to_shortest,greedy,5562,180,2001,51.68305253982544,0.1037396619920891,False,4985.0,116,-1,4985.0
Uniform1-5000_Seed161_J200_M100,"[0.005361, 0.990478]",100,200,0.02,max_proc,lowest_lower_bound,NO_PROFILING,all_to_shortest,greedy,6329,418,2001,103.42163252830504,0.204305577500395,False,5035.95,105,-1,5035.95
Uniform1-5000_Seed161_J200_M100,"[0.005361, 0.990478]",100,200,0.01,max_proc,lowest_lower_bound,PRUNE,all_to_shortest,greedy,6182,855,2001,127.80647373199464,0.1853849886768036,False,5100.0,117,-1,5035.95
Uniform1-5000_Seed162_J200_M100,"[0.011439, 1.000000]",100,200,0.02,max_proc,lowest_lower_bound,NO_PROFILING,all_to_shortest,greedy,6349,1844,2001,95.68160486221312,0.2151519924397543,False,4983.0,101,-1,4983.0
Uniform1-5000_Seed162_J200_M100,"[0.011439, 1.000000]",100,200,0.01,max_proc,lowest_lower_bound,PRUNE,all_to_shortest,greedy,5766,147,2001,117.61940908432008,0.1357960457856399,False,5020.0,148,-1,4983.0
Uniform1-5000_Seed163_J200_M100,"[0.005031, 0.922023]",100,200,0.02,max_proc,lowest_lower_bound,NO_PROFILING,all_to_shortest,greedy,7167,1688,2001,113.66746950149536,0.2512264545835077,False,5366.46,100,-1,5366.46
Uniform1-5000_Seed163_J200_M100,"[0.005031, 0.922023]",100,200,0.01,max_proc,lowest_lower_bound,PRUNE,all_to_shortest,greedy,5995,191,191,10.664676666259766,0.1048440366972477,True,5934.0,144,-1,5366.46
Uniform1-5000_Seed164_J200_M100,"[0.007063, 0.928347]",100,200,0.02,max_proc,lowest_lower_bound,NO_PROFILING,all_to_shortest,greedy,6386,781,2001,104.83453845977785,0.1574491074224867,False,5380.53,129,-1,5380.53
Uniform1-5000_Seed164_J200_M100,"[0.007063, 0.928347]",100,200,0.01,max_proc,lowest_lower_bound,PRUNE,all_to_shortest,greedy,6456,129,2001,126.5929651260376,0.1665845724907063,False,5380.53,129,-1,5380.53
Uniform1-5000_Seed165_J200_M100,"[0.002752, 0.978293]",100,200,0.02,max_proc,lowest_lower_bound,NO_PROFILING,all_to_shortest,greedy,6343,555,2001,91.88703894615172,0.1981065741762573,False,5086.41,100,-1,5086.41
Uniform1-5000_Seed165_J200_M100,"[0.002752, 0.978293]",100,200,0.01,max_proc,lowest_lower_bound,PRUNE,all_to_shortest,greedy,5237,703,703,39.83177065849304,0.0287550124116861,True,5231.0,170,-1,5086.41
Uniform1-5000_Seed166_J200_M100,"[0.001169, 0.965786]",100,200,0.02,max_proc,lowest_lower_bound,NO_PROFILING,all_to_shortest,greedy,6591,1087,2001,106.24762678146362,0.2214277044454559,False,5131.57,100,-1,5131.57
Uniform1-5000_Seed166_J200_M100,"[0.001169, 0.965786]",100,200,0.01,max_proc,lowest_lower_bound,PRUNE,all_to_shortest,greedy,6395,1316,2001,132.18649411201477,0.1975652853792025,False,5273.0,111,-1,5131.57
Uniform1-5000_Seed167_J200_M100,"[0.001207, 1.000000]",100,200,0.02,max_proc,lowest_lower_bound,NO_PROFILING,all_to_shortest,greedy,5035,160,160,8.493401288986206,0.0127110228401191,True,4971.0,158,-1,4971.0
Uniform1-5000_Seed167_J200_M100,"[0.001207, 1.000000]",100,200,0.01,max_proc,lowest_lower_bound,PRUNE,all_to_shortest,greedy,5045,194,194,10.893857717514038,0.0146679881070366,True,4971.0,182,-1,4971.0
Uniform1-5000_Seed168_J200_M100,"[0.008904, 0.943610]",100,200,0.02,max_proc,lowest_lower_bound,NO_PROFILING,all_to_shortest,greedy,6769,136,2001,113.5168390274048,0.2367661397547643,False,5166.33,100,-1,5166.33
Uniform1-5000_Seed168_J200_M100,"[0.008904, 0.943610]",100,200,0.01,max_proc,lowest_lower_bound,PRUNE,all_to_shortest,greedy,5538,172,172,9.460819482803345,0.067112676056338,True,5435.0,168,-1,5166.33
Uniform1-5000_Seed169_J200_M100,"[0.000401, 1.000000]",100,200,0.02,max_proc,lowest_lower_bound,NO_PROFILING,all_to_shortest,greedy,5016,140,140,6.6212310791015625,0.0051834130781499,True,4990.0,138,-1,4990.0
Uniform1-5000_Seed169_J200_M100,"[0.000401, 1.000000]",100,200,0.01,max_proc,lowest_lower_bound,PRUNE,all_to_shortest,greedy,5090,182,182,9.83706283569336,0.0196463654223968,True,4990.0,170,-1,4990.0
Uniform1-5000_Seed170_J200_M100,"[0.001351, 0.962533]",100,200,0.02,max_proc,lowest_lower_bound,NO_PROFILING,all_to_shortest,greedy,6616,652,2001,97.71046352386476,0.2165659008464329,False,5183.2,100,-1,5183.2
Uniform1-5000_Seed170_J200_M100,"[0.001351, 0.962533]",100,200,0.01,max_proc,lowest_lower_bound,PRUNE,all_to_shortest,greedy,6567,109,2001,125.66446781158449,0.2107202680067001,False,5358.0,108,-1,5183.2
Uniform1-5000_Seed171_J200_M100,"[0.011063, 0.935673]",100,200,0.02,max_proc,lowest_lower_bound,NO_PROFILING,all_to_shortest,greedy,6761,234,2001,105.02364826202393,0.2112024848395207,False,5333.06,100,-1,5333.06
Uniform1-5000_Seed171_J200_M100,"[0.011063, 0.935673]",100,200,0.01,max_proc,lowest_lower_bound,PRUNE,all_to_shortest,greedy,6034,146,146,8.054442405700684,0.116165064633742,True,5953.0,141,-1,5333.06
Uniform1-5000_Seed172_J200_M100,"[0.002638, 0.940499]",100,200,0.02,max_proc,lowest_lower_bound,NO_PROFILING,all_to_shortest,greedy,6777,351,2001,102.53144216537476,0.216945551128818,False,5306.76,100,-1,5306.76
Uniform1-5000_Seed172_J200_M100,"[0.002638, 0.940499]",100,200,0.01,max_proc,lowest_lower_bound,PRUNE,all_to_shortest,greedy,5518,186,186,10.43564796447754,0.0382819862268937,True,5518.0,167,-1,5306.76
Uniform1-5000_Seed173_J200_M100,"[0.011693, 0.987789]",100,200,0.02,max_proc,lowest_lower_bound,NO_PROFILING,all_to_shortest,greedy,5982,200,2001,100.41539192199708,0.1565346038114343,False,5045.61,129,-1,5045.61
Uniform1-5000_Seed173_J200_M100,"[0.011693, 0.987789]",100,200,0.01,max_proc,lowest_lower_bound,PRUNE,all_to_shortest,greedy,6061,182,2001,123.2213249206543,0.1675284606500578,False,5045.61,129,-1,5045.61
Uniform1-5000_Seed174_J200_M100,"[0.001389, 0.990034]",100,200,0.02,max_proc,lowest_lower_bound,NO_PROFILING,all_to_shortest,greedy,6629,1554,2001,106.87300229072572,0.2398219942676119,False,5039.22,100,-1,5039.22
Uniform1-5000_Seed174_J200_M100,"[0.001389, 0.990034]",100,200,0.01,max_proc,lowest_lower_bound,PRUNE,all_to_shortest,greedy,5316,192,192,10.53625464439392,0.0520654627539502,True,5260.0,170,-1,5039.22
Uniform1-5000_Seed175_J200_M100,"[0.014588, 0.977622]",100,200,0.02,max_proc,lowest_lower_bound,NO_PROFILING,all_to_shortest,greedy,6416,646,2001,105.60504531860352,0.2200779301745636,False,5003.98,100,-1,5003.98
Uniform1-5000_Seed175_J200_M100,"[0.014588, 0.977622]",100,200,0.01,max_proc,lowest_lower_bound,PRUNE,all_to_shortest,greedy,5371,175,175,9.109607934951782,0.06833364364178,True,5268.0,173,-1,5003.98
Uniform1-5000_Seed176_J200_M100,"[0.009189, 0.998752]",100,200,0.02,max_proc,lowest_lower_bound,NO_PROFILING,all_to_shortest,greedy,6326,461,2001,110.15263843536376,0.2086231425861524,False,5006.25,104,-1,5006.25
Uniform1-5000_Seed176_J200_M100,"[0.009189, 0.998752]",100,200,0.01,max_proc,lowest_lower_bound,PRUNE,all_to_shortest,greedy,6298,125,2001,128.78054976463318,0.2051047951730708,False,5050.0,114,-1,5006.25
Uniform1-5000_Seed177_J200_M100,"[0.003225, 1.000000]",100,200,0.02,max_proc,lowest_lower_bound,NO_PROFILING,all_to_shortest,greedy,5880,183,2001,103.95317316055298,0.1561224489795918,False,4962.0,128,-1,4962.0
Uniform1-5000_Seed177_J200_M100,"[0.003225, 1.000000]",100,200,0.01,max_proc,lowest_lower_bound,PRUNE,all_to_shortest,greedy,5905,394,2001,119.82293176651,0.1596951735817104,False,4962.0,128,-1,4962.0
Uniform1-5000_Seed178_J200_M100,"[0.004138, 0.939498]",100,200,0.02,max_proc,lowest_lower_bound,NO_PROFILING,all_to_shortest,greedy,6786,221,2001,99.37195086479188,0.2165237253168287,False,5316.67,100,-1,5316.67
Uniform1-5000_Seed178_J200_M100,"[0.004138, 0.939498]",100,200,0.01,max_proc,lowest_lower_bound,PRUNE,all_to_shortest,greedy,5720,155,155,8.209978103637695,0.0705122377622377,True,5676.0,153,-1,5316.67
Uniform1-5000_Seed179_J200_M100,"[0.004842, 1.000000]",100,200,0.02,max_proc,lowest_lower_bound,NO_PROFILING,all_to_shortest,greedy,4971,160,160,8.176045894622803,0.0028163347415007,True,4957.0,158,-1,4957.0
Uniform1-5000_Seed179_J200_M100,"[0.004842, 1.000000]",100,200,0.01,max_proc,lowest_lower_bound,PRUNE,all_to_shortest,greedy,5021,185,185,9.95496940612793,0.0127464648476399,True,4957.0,176,-1,4957.0
Uniform1-5000_Seed180_J200_M100,"[0.000577, 0.959158]",100,200,0.02,max_proc,lowest_lower_bound,NO_PROFILING,all_to_shortest,greedy,6660,1995,2001,103.03911113739014,0.2193168168168167,False,5199.35,100,-1,5199.35
Uniform1-5000_Seed180_J200_M100,"[0.000577, 0.959158]",100,200,0.01,max_proc,lowest_lower_bound,PRUNE,all_to_shortest,greedy,5552,258,258,14.29277801513672,0.0635176512968299,True,5520.0,155,-1,5199.35
Uniform1-5000_Seed181_J200_M100,"[0.003776, 0.991807]",100,200,0.02,max_proc,lowest_lower_bound,NO_PROFILING,all_to_shortest,greedy,5814,444,2001,107.47409200668336,0.1344633642930857,False,5032.23,142,-1,5032.23
Uniform1-5000_Seed181_J200_M100,"[0.003776, 0.991807]",100,200,0.01,max_proc,lowest_lower_bound,PRUNE,all_to_shortest,greedy,5950,143,2001,122.76783967018127,0.1542470588235295,False,5032.23,137,-1,5032.23
Uniform1-5000_Seed182_J200_M100,"[0.012232, 1.000000]",100,200,0.02,max_proc,lowest_lower_bound,NO_PROFILING,all_to_shortest,greedy,5075,167,167,8.15006971359253,0.0173399014778325,True,4987.0,165,-1,4987.0
Uniform1-5000_Seed182_J200_M100,"[0.012232, 1.000000]",100,200,0.01,max_proc,lowest_lower_bound,PRUNE,all_to_shortest,greedy,5055,181,181,9.629327774047852,0.0134520276953511,True,4987.0,179,-1,4987.0
Uniform1-5000_Seed183_J200_M100,"[0.003627, 1.000000]",100,200,0.02,max_proc,lowest_lower_bound,NO_PROFILING,all_to_shortest,greedy,5011,110,110,4.8229615688323975,0.0095789263620035,True,4963.0,108,-1,4963.0
Uniform1-5000_Seed183_J200_M100,"[0.003627, 1.000000]",100,200,0.01,max_proc,lowest_lower_bound,PRUNE,all_to_shortest,greedy,5025,128,128,6.484994173049927,0.0123383084577114,True,4963.0,126,-1,4963.0
Uniform1-5000_Seed184_J200_M100,"[0.006526, 0.958406]",100,200,0.02,max_proc,lowest_lower_bound,NO_PROFILING,all_to_shortest,greedy,6794,731,2001,118.6444456577301,0.2331925228142479,False,5209.69,100,-1,5209.69
Uniform1-5000_Seed184_J200_M100,"[0.006526, 0.958406]",100,200,0.01,max_proc,lowest_lower_bound,PRUNE,all_to_shortest,greedy,5586,267,267,14.85712504386902,0.0673666308628715,True,5496.0,158,-1,5209.69
Uniform1-5000_Seed185_J200_M100,"[0.000600, 1.000000]",100,200,0.02,max_proc,lowest_lower_bound,NO_PROFILING,all_to_shortest,greedy,5639,640,2001,98.38723802566528,0.1138499733995389,False,4997.0,144,-1,4997.0
Uniform1-5000_Seed185_J200_M100,"[0.000600, 1.000000]",100,200,0.01,max_proc,lowest_lower_bound,PRUNE,all_to_shortest,greedy,5651,318,2001,118.083429813385,0.1157317288975402,False,4997.0,144,-1,4997.0
Uniform1-5000_Seed186_J200_M100,"[0.000601, 1.000000]",100,200,0.02,max_proc,lowest_lower_bound,NO_PROFILING,all_to_shortest,greedy,6387,1827,2001,97.7144124507904,0.2182558321590731,False,4993.0,100,-1,4993.0
Uniform1-5000_Seed186_J200_M100,"[0.000601, 1.000000]",100,200,0.01,max_proc,lowest_lower_bound,PRUNE,all_to_shortest,greedy,5332,168,168,8.669623851776123,0.0635783945986496,True,5230.0,162,-1,4993.0
Uniform1-5000_Seed187_J200_M100,"[0.003012, 0.940719]",100,200,0.02,max_proc,lowest_lower_bound,NO_PROFILING,all_to_shortest,greedy,6958,799,2001,112.6364848613739,0.236424259844783,False,5312.96,100,-1,5312.96
Uniform1-5000_Seed187_J200_M100,"[0.003012, 0.940719]",100,200,0.01,max_proc,lowest_lower_bound,PRUNE,all_to_shortest,greedy,5480,754,754,38.600027084350586,0.0304817518248175,True,5480.0,174,-1,5312.96
Uniform1-5000_Seed188_J200_M100,"[0.009627, 1.000000]",100,200,0.02,max_proc,lowest_lower_bound,NO_PROFILING,all_to_shortest,greedy,5033,130,130,6.103989839553833,0.0093383667792569,True,4986.0,128,-1,4986.0
Uniform1-5000_Seed188_J200_M100,"[0.009627, 1.000000]",100,200,0.01,max_proc,lowest_lower_bound,PRUNE,all_to_shortest,greedy,4988,162,162,8.250672340393066,0.0004009623095429,True,4986.0,160,-1,4986.0
Uniform1-5000_Seed189_J200_M100,"[0.008226, 1.000000]",100,200,0.02,max_proc,lowest_lower_bound,NO_PROFILING,all_to_shortest,greedy,5947,991,2001,100.14142203330994,0.1619303850681015,False,4984.0,116,-1,4984.0
Uniform1-5000_Seed189_J200_M100,"[0.008226, 1.000000]",100,200,0.01,max_proc,lowest_lower_bound,PRUNE,all_to_shortest,greedy,6029,359,2001,123.82402563095091,0.1733289102670426,False,4984.0,116,-1,4984.0
Uniform1-5000_Seed190_J200_M100,"[0.006246, 1.000000]",100,200,0.02,max_proc,lowest_lower_bound,NO_PROFILING,all_to_shortest,greedy,5279,719,2001,93.88703632354736,0.0598598219359727,False,4963.0,164,-1,4963.0
Uniform1-5000_Seed190_J200_M100,"[0.006246, 1.000000]",100,200,0.01,max_proc,lowest_lower_bound,PRUNE,all_to_shortest,greedy,5562,589,2001,114.7899239063263,0.1076950737144911,False,4963.0,154,-1,4963.0
Uniform1-5000_Seed191_J200_M100,"[0.000755, 0.941073]",100,200,0.02,max_proc,lowest_lower_bound,NO_PROFILING,all_to_shortest,greedy,6992,440,2001,109.46017789840698,0.2425514874141876,False,5296.08,100,-1,5296.08
Uniform1-5000_Seed191_J200_M100,"[0.000755, 0.941073]",100,200,0.01,max_proc,lowest_lower_bound,PRUNE,all_to_shortest,greedy,5715,170,170,8.998937845230103,0.0733018372703412,True,5681.0,156,-1,5296.08
Uniform1-5000_Seed192_J200_M100,"[0.006877, 0.924675]",100,200,0.02,max_proc,lowest_lower_bound,NO_PROFILING,all_to_shortest,greedy,6831,811,2001,105.4530394077301,0.212374469330991,False,5380.27,100,-1,5380.27
Uniform1-5000_Seed192_J200_M100,"[0.006877, 0.924675]",100,200,0.01,max_proc,lowest_lower_bound,PRUNE,all_to_shortest,greedy,5708,221,221,12.500019311904907,0.0574159074982479,True,5609.0,165,-1,5380.27
Uniform1-5000_Seed193_J200_M100,"[0.002203, 1.000000]",100,200,0.02,max_proc,lowest_lower_bound,NO_PROFILING,all_to_shortest,greedy,6441,852,2001,97.81961250305176,0.2246545567458469,False,4994.0,100,-1,4994.0
Uniform1-5000_Seed193_J200_M100,"[0.002203, 1.000000]",100,200,0.01,max_proc,lowest_lower_bound,PRUNE,all_to_shortest,greedy,5979,305,2001,115.95856404304504,0.1647432681050342,False,5019.0,135,-1,4994.0
Uniform1-5000_Seed194_J200_M100,"[0.001116, 0.927240]",100,200,0.02,max_proc,lowest_lower_bound,NO_PROFILING,all_to_shortest,greedy,6893,1890,2001,104.30756139755248,0.2202103583345422,False,5375.09,100,-1,5375.09
Uniform1-5000_Seed194_J200_M100,"[0.001116, 0.927240]",100,200,0.01,max_proc,lowest_lower_bound,PRUNE,all_to_shortest,greedy,6654,129,2001,122.3130383491516,0.1922016831980763,False,5542.0,116,-1,5375.09
Uniform1-5000_Seed195_J200_M100,"[0.002756, 0.979802]",100,200,0.02,max_proc,lowest_lower_bound,NO_PROFILING,all_to_shortest,greedy,6696,1347,2001,114.25776886940002,0.2413978494623655,False,5079.6,100,-1,5079.6
Uniform1-5000_Seed195_J200_M100,"[0.002756, 0.979802]",100,200,0.01,max_proc,lowest_lower_bound,PRUNE,all_to_shortest,greedy,5478,215,215,11.176771402359009,0.0727272727272726,True,5396.0,165,-1,5079.6
Uniform1-5000_Seed196_J200_M100,"[0.004828, 0.988191]",100,200,0.02,max_proc,lowest_lower_bound,NO_PROFILING,all_to_shortest,greedy,5768,1967,2001,105.20066213607788,0.1382281553398058,False,4970.7,137,-1,4970.7
Uniform1-5000_Seed196_J200_M100,"[0.004828, 0.988191]",100,200,0.01,max_proc,lowest_lower_bound,PRUNE,all_to_shortest,greedy,5935,130,2001,123.6378722190857,0.1624768323504634,False,4970.7,128,-1,4970.7
Uniform1-5000_Seed197_J200_M100,"[0.003612, 0.948496]",100,200,0.02,max_proc,lowest_lower_bound,NO_PROFILING,all_to_shortest,greedy,6632,1800,2001,101.70068287849426,0.2067310012062726,False,5260.96,100,-1,5260.96
Uniform1-5000_Seed197_J200_M100,"[0.003612, 0.948496]",100,200,0.01,max_proc,lowest_lower_bound,PRUNE,all_to_shortest,greedy,5498,283,283,15.539138078689575,0.0431138595853037,True,5404.0,175,-1,5260.96
Uniform1-5000_Seed198_J200_M100,"[0.000201, 0.999924]",100,200,0.02,max_proc,lowest_lower_bound,NO_PROFILING,all_to_shortest,greedy,6359,1019,2001,114.03170990943909,0.2172700110080201,False,4977.38,112,-1,4977.38
Uniform1-5000_Seed198_J200_M100,"[0.000201, 0.999924]",100,200,0.01,max_proc,lowest_lower_bound,PRUNE,all_to_shortest,greedy,6364,212,2001,129.81669521331787,0.217884978001257,False,4985.0,112,-1,4977.38
Uniform1-5000_Seed199_J200_M100,"[0.000769, 0.958041]",100,200,0.02,max_proc,lowest_lower_bound,NO_PROFILING,all_to_shortest,greedy,6648,1252,2001,112.37145447731018,0.2174669073405536,False,5202.28,105,-1,5202.28
Uniform1-5000_Seed199_J200_M100,"[0.000769, 0.958041]",100,200,0.01,max_proc,lowest_lower_bound,PRUNE,all_to_shortest,greedy,6538,663,2001,130.37909030914307,0.2043010094830223,False,5264.0,114,-1,5202.28
Uniform1-5000_Seed200_J200_M100,"[0.003611, 1.000000]",100,200,0.02,max_proc,lowest_lower_bound,NO_PROFILING,all_to_shortest,greedy,5039,156,156,7.36423921585083,0.0107164119865052,True,4985.0,154,-1,4985.0
Uniform1-5000_Seed200_J200_M100,"[0.003611, 1.000000]",100,200,0.01,max_proc,lowest_lower_bound,PRUNE,all_to_shortest,greedy,5074,328,328,16.99202275276184,0.0175404020496649,True,4985.0,174,-1,4985.0
Uniform1-5000_Seed101_J250_M125,"[0.004526, 0.975945]",125,250,0.02,max_proc,lowest_lower_bound,NO_PROFILING,all_to_shortest,greedy,6127,613,2001,201.26350140571597,0.1705147706871225,False,5082.256,154,-1,5082.256
Uniform1-5000_Seed101_J250_M125,"[0.004526, 0.975945]",125,250,0.01,max_proc,lowest_lower_bound,PRUNE,all_to_shortest,greedy,6157,156,2001,254.5535912513733,0.1745564398245898,False,5082.256,154,-1,5082.256
Uniform1-5000_Seed102_J250_M125,"[0.013398, 0.998463]",125,250,0.02,max_proc,lowest_lower_bound,NO_PROFILING,all_to_shortest,greedy,6164,422,2001,223.7362508773804,0.1887268007787151,False,5000.688,133,-1,5000.688
Uniform1-5000_Seed102_J250_M125,"[0.013398, 0.998463]",125,250,0.01,max_proc,lowest_lower_bound,PRUNE,all_to_shortest,greedy,6192,1543,2001,230.25952792167664,0.1923953488372093,False,5029.0,134,-1,5000.688
Uniform1-5000_Seed103_J250_M125,"[0.002201, 1.000000]",125,250,0.02,max_proc,lowest_lower_bound,NO_PROFILING,all_to_shortest,greedy,5097,177,177,15.457631826400757,0.0194231901118304,True,4998.0,175,-1,4998.0
Uniform1-5000_Seed103_J250_M125,"[0.002201, 1.000000]",125,250,0.01,max_proc,lowest_lower_bound,PRUNE,all_to_shortest,greedy,5105,379,2001,204.19850134849548,0.0209598432908912,False,4998.0,214,-1,4998.0
Uniform1-5000_Seed104_J250_M125,"[0.001622, 1.000000]",125,250,0.02,max_proc,lowest_lower_bound,NO_PROFILING,all_to_shortest,greedy,6139,305,2001,182.17012929916385,0.1966118260302981,False,4932.0,125,-1,4932.0
Uniform1-5000_Seed104_J250_M125,"[0.001622, 1.000000]",125,250,0.01,max_proc,lowest_lower_bound,PRUNE,all_to_shortest,greedy,5133,221,221,22.238730907440186,0.0391583869082407,True,5060.0,209,-1,4932.0
Uniform1-5000_Seed105_J250_M125,"[0.000200, 1.000000]",125,250,0.02,max_proc,lowest_lower_bound,NO_PROFILING,all_to_shortest,greedy,5072,202,202,18.41167974472046,0.0141955835962145,True,5000.0,200,-1,5000.0
Uniform1-5000_Seed105_J250_M125,"[0.000200, 1.000000]",125,250,0.01,max_proc,lowest_lower_bound,PRUNE,all_to_shortest,greedy,5564,586,2001,196.977246761322,0.1013659237958303,False,5000.0,195,-1,5000.0
Uniform1-5000_Seed106_J250_M125,"[0.001198, 0.997779]",125,250,0.02,max_proc,lowest_lower_bound,NO_PROFILING,all_to_shortest,greedy,6118,658,2001,195.09136414527893,0.1810840143837856,False,5010.128,148,-1,5010.128
Uniform1-5000_Seed106_J250_M125,"[0.001198, 0.997779]",125,250,0.01,max_proc,lowest_lower_bound,PRUNE,all_to_shortest,greedy,6133,333,2001,187.769433259964,0.183086906897114,False,5010.128,148,-1,5010.128
Uniform1-5000_Seed107_J250_M125,"[0.000983, 0.961947]",125,250,0.02,max_proc,lowest_lower_bound,NO_PROFILING,all_to_shortest,greedy,6426,743,2001,197.6260848045349,0.2087643946467476,False,5084.48,125,-1,5084.48
Uniform1-5000_Seed107_J250_M125,"[0.000983, 0.961947]",125,250,0.01,max_proc,lowest_lower_bound,PRUNE,all_to_shortest,greedy,6190,179,2001,238.45062279701236,0.1785977382875606,False,5215.0,145,-1,5084.48
Uniform1-5000_Seed108_J250_M125,"[0.017829, 1.000000]",125,250,0.02,max_proc,lowest_lower_bound,NO_PROFILING,all_to_shortest,greedy,5835,1832,2001,198.02955889701843,0.1444730077120822,False,4992.0,187,-1,4992.0
Uniform1-5000_Seed108_J250_M125,"[0.017829, 1.000000]",125,250,0.01,max_proc,lowest_lower_bound,PRUNE,all_to_shortest,greedy,5874,191,2001,228.64165830612183,0.1501532175689479,False,4992.0,186,-1,4992.0
Uniform1-5000_Seed109_J250_M125,"[0.000202, 1.000000]",125,250,0.02,max_proc,lowest_lower_bound,NO_PROFILING,all_to_shortest,greedy,6161,743,2001,183.48105812072757,0.1973705567278039,False,4945.0,137,-1,4945.0
Uniform1-5000_Seed109_J250_M125,"[0.000202, 1.000000]",125,250,0.01,max_proc,lowest_lower_bound,PRUNE,all_to_shortest,greedy,6096,229,2001,234.13799166679385,0.1888123359580052,False,4945.0,137,-1,4945.0
Uniform1-5000_Seed110_J250_M125,"[0.008270, 0.960657]",125,250,0.02,max_proc,lowest_lower_bound,NO_PROFILING,all_to_shortest,greedy,6589,1214,2001,203.31521940231323,0.2108714524207011,False,5199.568,125,-1,5199.568
Uniform1-5000_Seed110_J250_M125,"[0.008270, 0.960657]",125,250,0.01,max_proc,lowest_lower_bound,PRUNE,all_to_shortest,greedy,6332,189,2001,183.9029541015625,0.1788427037271004,False,5235.0,146,-1,5199.568
Uniform1-5000_Seed111_J250_M125,"[0.010463, 1.000000]",125,250,0.02,max_proc,lowest_lower_bound,NO_PROFILING,all_to_shortest,greedy,4970,188,188,16.79467511177063,0.0,True,4970.0,186,188,4970.0
Uniform1-5000_Seed111_J250_M125,"[0.010463, 1.000000]",125,250,0.01,max_proc,lowest_lower_bound,PRUNE,all_to_shortest,greedy,5236,1808,2001,208.32865715026853,0.0508021390374331,False,4970.0,206,-1,4970.0
Uniform1-5000_Seed112_J250_M125,"[0.000198, 0.985814]",125,250,0.02,max_proc,lowest_lower_bound,NO_PROFILING,all_to_shortest,greedy,6441,1144,2001,203.74562335014343,0.2149144542772861,False,5056.736,127,-1,5056.736
Uniform1-5000_Seed112_J250_M125,"[0.000198, 0.985814]",125,250,0.01,max_proc,lowest_lower_bound,PRUNE,all_to_shortest,greedy,6325,303,2001,240.1183159351349,0.20051604743083,False,5157.0,134,-1,5056.736
Uniform1-5000_Seed113_J250_M125,"[0.002160, 0.981906]",125,250,0.02,max_proc,lowest_lower_bound,NO_PROFILING,all_to_shortest,greedy,6722,1395,2001,200.717230796814,0.2424671228800951,False,5092.136,125,-1,5092.136
Uniform1-5000_Seed113_J250_M125,"[0.002160, 0.981906]",125,250,0.01,max_proc,lowest_lower_bound,PRUNE,all_to_shortest,greedy,5421,217,217,21.49787187576294,0.0606648219885629,True,5342.0,214,-1,5092.136
Uniform1-5000_Seed114_J250_M125,"[0.007204, 1.000000]",125,250,0.02,max_proc,lowest_lower_bound,NO_PROFILING,all_to_shortest,greedy,5058,182,182,16.416325092315674,0.0120601028074337,True,4997.0,180,-1,4997.0
Uniform1-5000_Seed114_J250_M125,"[0.007204, 1.000000]",125,250,0.01,max_proc,lowest_lower_bound,PRUNE,all_to_shortest,greedy,5084,211,211,20.457974195480347,0.0171125098347757,True,4997.0,209,-1,4997.0
Uniform1-5000_Seed115_J250_M125,"[0.001178, 0.981090]",125,250,0.02,max_proc,lowest_lower_bound,NO_PROFILING,all_to_shortest,greedy,6577,463,2001,189.8528470993042,0.2252771780447012,False,5095.352,125,-1,5095.352
Uniform1-5000_Seed115_J250_M125,"[0.001178, 0.981090]",125,250,0.01,max_proc,lowest_lower_bound,PRUNE,all_to_shortest,greedy,6319,167,2001,232.3672640323639,0.1936458300363981,False,5204.0,147,-1,5095.352
Uniform1-5000_Seed116_J250_M125,"[0.001729, 0.960751]",125,250,0.02,max_proc,lowest_lower_bound,NO_PROFILING,all_to_shortest,greedy,6587,1531,2001,214.5375392436981,0.2099189312281767,False,5204.264,131,-1,5204.264
Uniform1-5000_Seed116_J250_M125,"[0.001729, 0.960751]",125,250,0.01,max_proc,lowest_lower_bound,PRUNE,all_to_shortest,greedy,6188,1112,2001,201.5111303329468,0.1589747899159663,False,5246.0,154,-1,5204.264
Uniform1-5000_Seed117_J250_M125,"[0.001803, 1.000000]",125,250,0.02,max_proc,lowest_lower_bound,NO_PROFILING,all_to_shortest,greedy,4993,216,216,20.57957553863525,0.0,True,4993.0,214,216,4993.0
Uniform1-5000_Seed117_J250_M125,"[0.001803, 1.000000]",125,250,0.01,max_proc,lowest_lower_bound,PRUNE,all_to_shortest,greedy,5271,1158,2001,213.82407402992249,0.052741415291216,False,4993.0,224,-1,4993.0
Uniform1-5000_Seed118_J250_M125,"[0.003218, 1.000000]",125,250,0.02,max_proc,lowest_lower_bound,NO_PROFILING,all_to_shortest,greedy,5048,218,218,20.55854201316833,0.0150554675118858,True,4972.0,216,-1,4972.0
Uniform1-5000_Seed118_J250_M125,"[0.003218, 1.000000]",125,250,0.01,max_proc,lowest_lower_bound,PRUNE,all_to_shortest,greedy,5573,701,2001,216.5104141235352,0.1078413780728512,False,4972.0,182,-1,4972.0
Uniform1-5000_Seed119_J250_M125,"[0.000589, 0.978367]",125,250,0.02,max_proc,lowest_lower_bound,NO_PROFILING,all_to_shortest,greedy,6268,1823,2001,189.2536532878876,0.1879208679004467,False,5090.112,125,-1,5090.112
Uniform1-5000_Seed119_J250_M125,"[0.000589, 0.978367]",125,250,0.01,max_proc,lowest_lower_bound,PRUNE,all_to_shortest,greedy,6265,886,2001,222.29772543907168,0.1875320031923383,False,5113.0,149,-1,5090.112
Uniform1-5000_Seed120_J250_M125,"[0.002175, 0.987111]",125,250,0.02,max_proc,lowest_lower_bound,NO_PROFILING,all_to_shortest,greedy,6661,980,2001,202.16269636154172,0.2407770605014262,False,5057.184,125,-1,5057.184
Uniform1-5000_Seed120_J250_M125,"[0.002175, 0.987111]",125,250,0.01,max_proc,lowest_lower_bound,PRUNE,all_to_shortest,greedy,5609,181,181,18.058977127075195,0.09838045997504,True,5523.0,179,-1,5057.184
Uniform1-5000_Seed121_J250_M125,"[0.001000, 1.000000]",125,250,0.02,max_proc,lowest_lower_bound,NO_PROFILING,all_to_shortest,greedy,6171,467,2001,175.77922368049622,0.1897585480473181,False,5000.0,125,-1,5000.0
Uniform1-5000_Seed121_J250_M125,"[0.001000, 1.000000]",125,250,0.01,max_proc,lowest_lower_bound,PRUNE,all_to_shortest,greedy,6134,155,2001,190.83302664756772,0.1848712096511248,False,5015.0,137,-1,5000.0
Uniform1-5000_Seed122_J250_M125,"[0.010417, 1.000000]",125,250,0.02,max_proc,lowest_lower_bound,NO_PROFILING,all_to_shortest,greedy,5058,221,221,21.02177619934082,0.0130486358244365,True,4992.0,219,-1,4992.0
Uniform1-5000_Seed122_J250_M125,"[0.010417, 1.000000]",125,250,0.01,max_proc,lowest_lower_bound,PRUNE,all_to_shortest,greedy,5795,180,2001,223.48260593414307,0.1385677308024158,False,4992.0,185,-1,4992.0
Uniform1-5000_Seed123_J250_M125,"[0.003540, 0.979667]",125,250,0.02,max_proc,lowest_lower_bound,NO_PROFILING,all_to_shortest,greedy,6643,1304,2001,213.19096279144287,0.2344723769381304,False,5085.4,125,-1,5085.4
Uniform1-5000_Seed123_J250_M125,"[0.003540, 0.979667]",125,250,0.01,max_proc,lowest_lower_bound,PRUNE,all_to_shortest,greedy,6672,126,2001,273.7112572193146,0.2377997601918465,False,5310.0,135,-1,5085.4
Uniform1-5000_Seed124_J250_M125,"[0.005477, 1.000000]",125,250,0.02,max_proc,lowest_lower_bound,NO_PROFILING,all_to_shortest,greedy,6336,595,2001,193.85368537902832,0.2219065656565656,False,4930.0,126,-1,4930.0
Uniform1-5000_Seed124_J250_M125,"[0.005477, 1.000000]",125,250,0.01,max_proc,lowest_lower_bound,PRUNE,all_to_shortest,greedy,5525,1116,2001,203.19619154930115,0.1076923076923077,False,4962.0,189,-1,4930.0
Uniform1-5000_Seed125_J250_M125,"[0.003118, 0.915626]",125,250,0.02,max_proc,lowest_lower_bound,NO_PROFILING,all_to_shortest,greedy,7182,1115,2001,217.89105129241943,0.2408788638262322,False,5452.008,125,-1,5452.008
Uniform1-5000_Seed125_J250_M125,"[0.003118, 0.915626]",125,250,0.01,max_proc,lowest_lower_bound,PRUNE,all_to_shortest,greedy,5830,198,198,21.28754496574402,0.0648356775300171,True,5761.0,196,-1,5452.008
Uniform1-5000_Seed126_J250_M125,"[0.000805, 1.000000]",125,250,0.02,max_proc,lowest_lower_bound,NO_PROFILING,all_to_shortest,greedy,5795,789,2001,185.19174981117249,0.1428817946505608,False,4967.0,140,-1,4967.0
Uniform1-5000_Seed126_J250_M125,"[0.000805, 1.000000]",125,250,0.01,max_proc,lowest_lower_bound,PRUNE,all_to_shortest,greedy,5873,142,2001,223.71616315841675,0.1542652817980589,False,4967.0,140,-1,4967.0
Uniform1-5000_Seed127_J250_M125,"[0.007258, 0.980408]",125,250,0.02,max_proc,lowest_lower_bound,NO_PROFILING,all_to_shortest,greedy,6556,346,2001,201.56316542625427,0.2224100061012812,False,5097.88,125,-1,5097.88
Uniform1-5000_Seed127_J250_M125,"[0.007258, 0.980408]",125,250,0.01,max_proc,lowest_lower_bound,PRUNE,all_to_shortest,greedy,6574,116,2001,234.1833984851837,0.2245390933982354,False,5267.0,135,-1,5097.88
Uniform1-5000_Seed128_J250_M125,"[0.004012, 1.000000]",125,250,0.02,max_proc,lowest_lower_bound,NO_PROFILING,all_to_shortest,greedy,5053,209,209,20.212738275527958,0.0134573520680783,True,4985.0,207,-1,4985.0
Uniform1-5000_Seed128_J250_M125,"[0.004012, 1.000000]",125,250,0.01,max_proc,lowest_lower_bound,PRUNE,all_to_shortest,greedy,5082,975,975,101.1354455947876,0.0190869736324281,True,4985.0,230,-1,4985.0
Uniform1-5000_Seed129_J250_M125,"[0.004191, 0.996058]",125,250,0.02,max_proc,lowest_lower_bound,NO_PROFILING,all_to_shortest,greedy,6367,250,2001,201.95189380645752,0.2130120936076644,False,5010.752,130,-1,5010.752
Uniform1-5000_Seed129_J250_M125,"[0.004191, 0.996058]",125,250,0.01,max_proc,lowest_lower_bound,PRUNE,all_to_shortest,greedy,6221,548,2001,233.90532875061035,0.1945423565343191,False,5050.0,139,-1,5010.752
Uniform1-5000_Seed130_J250_M125,"[0.010115, 0.934473]",125,250,0.02,max_proc,lowest_lower_bound,NO_PROFILING,all_to_shortest,greedy,6972,576,2001,210.30740189552307,0.2342455536431439,False,5338.84,125,-1,5338.84
Uniform1-5000_Seed130_J250_M125,"[0.010115, 0.934473]",125,250,0.01,max_proc,lowest_lower_bound,PRUNE,all_to_shortest,greedy,6635,149,2001,229.89251041412356,0.1953519216277317,False,5665.0,142,-1,5338.84
Uniform1-5000_Seed131_J250_M125,"[0.013029, 1.000000]",125,250,0.02,max_proc,lowest_lower_bound,NO_PROFILING,all_to_shortest,greedy,5088,208,208,18.88158130645752,0.0194575471698113,True,4989.0,206,-1,4989.0
Uniform1-5000_Seed131_J250_M125,"[0.013029, 1.000000]",125,250,0.01,max_proc,lowest_lower_bound,PRUNE,all_to_shortest,greedy,5603,534,2001,219.4133915901184,0.1095841513474924,False,4989.0,189,-1,4989.0
Uniform1-5000_Seed132_J250_M125,"[0.001783, 0.986484]",125,250,0.02,max_proc,lowest_lower_bound,NO_PROFILING,all_to_shortest,greedy,6578,119,2001,194.57499146461487,0.232712678625722,False,5047.216,125,-1,5047.216
Uniform1-5000_Seed132_J250_M125,"[0.001783, 0.986484]",125,250,0.01,max_proc,lowest_lower_bound,PRUNE,all_to_shortest,greedy,5275,358,2001,205.8465919494629,0.0431818009478672,False,5137.0,227,-1,5047.216
Uniform1-5000_Seed133_J250_M125,"[0.001200, 1.000000]",125,250,0.02,max_proc,lowest_lower_bound,NO_PROFILING,all_to_shortest,greedy,5000,182,182,16.291451930999756,0.0,True,5000.0,180,182,5000.0
Uniform1-5000_Seed133_J250_M125,"[0.001200, 1.000000]",125,250,0.01,max_proc,lowest_lower_bound,PRUNE,all_to_shortest,greedy,5069,184,184,17.294031858444214,0.0136121522982836,True,5000.0,182,-1,5000.0
Uniform1-5000_Seed134_J250_M125,"[0.010746, 1.000000]",125,250,0.02,max_proc,lowest_lower_bound,NO_PROFILING,all_to_shortest,greedy,4932,207,207,19.15763998031616,0.0,True,4932.0,205,207,4932.0
Uniform1-5000_Seed134_J250_M125,"[0.010746, 1.000000]",125,250,0.01,max_proc,lowest_lower_bound,PRUNE,all_to_shortest,greedy,5027,228,228,23.103943586349487,0.018897951064253,True,4932.0,226,-1,4932.0
Uniform1-5000_Seed135_J250_M125,"[0.011143, 0.974947]",125,250,0.02,max_proc,lowest_lower_bound,NO_PROFILING,all_to_shortest,greedy,6206,1874,2001,199.32288455963132,0.1757731227844021,False,5115.152,151,-1,5115.152
Uniform1-5000_Seed135_J250_M125,"[0.011143, 0.974947]",125,250,0.01,max_proc,lowest_lower_bound,PRUNE,all_to_shortest,greedy,6228,216,2001,193.2312467098236,0.1786846499678869,False,5118.0,152,-1,5115.152
Uniform1-5000_Seed136_J250_M125,"[0.002210, 0.996355]",125,250,0.02,max_proc,lowest_lower_bound,NO_PROFILING,all_to_shortest,greedy,6344,128,2001,210.05260968208316,0.2152988650693568,False,4978.144,125,-1,4978.144
Uniform1-5000_Seed136_J250_M125,"[0.002210, 0.996355]",125,250,0.01,max_proc,lowest_lower_bound,PRUNE,all_to_shortest,greedy,6034,181,2001,230.2252757549286,0.1749844216108717,False,5060.0,159,-1,4978.144
Uniform1-5000_Seed137_J250_M125,"[0.001583, 0.982010]",125,250,0.02,max_proc,lowest_lower_bound,NO_PROFILING,all_to_shortest,greedy,6487,1226,2001,202.0890600681305,0.2207590565746879,False,5054.936,125,-1,5054.936
Uniform1-5000_Seed137_J250_M125,"[0.001583, 0.982010]",125,250,0.01,max_proc,lowest_lower_bound,PRUNE,all_to_shortest,greedy,6289,277,2001,223.2404749393463,0.1962257910637621,False,5112.0,144,-1,5054.936
Uniform1-5000_Seed138_J250_M125,"[0.005500, 1.000000]",125,250,0.02,max_proc,lowest_lower_bound,NO_PROFILING,all_to_shortest,greedy,4982,218,218,20.54393172264099,0.0146527498996387,True,4909.0,216,-1,4909.0
Uniform1-5000_Seed138_J250_M125,"[0.005500, 1.000000]",125,250,0.01,max_proc,lowest_lower_bound,PRUNE,all_to_shortest,greedy,4974,286,286,27.70194411277771,0.0130679533574587,True,4909.0,229,-1,4909.0
Uniform1-5000_Seed139_J250_M125,"[0.005792, 0.954165]",125,250,0.02,max_proc,lowest_lower_bound,NO_PROFILING,all_to_shortest,greedy,6512,1608,2001,210.66519904136655,0.2046375921375922,False,5179.4,125,-1,5179.4
Uniform1-5000_Seed139_J250_M125,"[0.005792, 0.954165]",125,250,0.01,max_proc,lowest_lower_bound,PRUNE,all_to_shortest,greedy,6414,581,2001,236.9337651729584,0.1924851886498285,False,5342.0,147,-1,5179.4
Uniform1-5000_Seed140_J250_M125,"[0.000802, 1.000000]",125,250,0.02,max_proc,lowest_lower_bound,NO_PROFILING,all_to_shortest,greedy,5009,203,203,18.31862449645996,0.004591734877221,True,4986.0,201,-1,4986.0
Uniform1-5000_Seed140_J250_M125,"[0.000802, 1.000000]",125,250,0.01,max_proc,lowest_lower_bound,PRUNE,all_to_shortest,greedy,5336,1898,2001,210.95461463928223,0.0655922038980509,False,4986.0,207,-1,4986.0
Uniform1-5000_Seed141_J250_M125,"[0.009406, 1.000000]",125,250,0.02,max_proc,lowest_lower_bound,NO_PROFILING,all_to_shortest,greedy,5853,167,2001,190.38459706306455,0.1462497864343072,False,4997.0,165,-1,4997.0
Uniform1-5000_Seed141_J250_M125,"[0.009406, 1.000000]",125,250,0.01,max_proc,lowest_lower_bound,PRUNE,all_to_shortest,greedy,5893,217,2001,223.35363793373108,0.1520447989139657,False,4997.0,165,-1,4997.0
Uniform1-5000_Seed142_J250_M125,"[0.003329, 0.977868]",125,250,0.02,max_proc,lowest_lower_bound,NO_PROFILING,all_to_shortest,greedy,6389,873,2001,189.4591565132141,0.2008126467365785,False,5106.008,129,-1,5106.008
Uniform1-5000_Seed142_J250_M125,"[0.003329, 0.977868]",125,250,0.01,max_proc,lowest_lower_bound,PRUNE,all_to_shortest,greedy,6217,191,2001,235.5458619594574,0.1787022679749075,False,5138.0,149,-1,5106.008
Uniform1-5000_Seed143_J250_M125,"[0.005805, 1.000000]",125,250,0.02,max_proc,lowest_lower_bound,NO_PROFILING,all_to_shortest,greedy,4996,199,199,19.571488857269287,0.0,True,4996.0,197,199,4996.0
Uniform1-5000_Seed143_J250_M125,"[0.005805, 1.000000]",125,250,0.01,max_proc,lowest_lower_bound,PRUNE,all_to_shortest,greedy,5095,225,225,23.10720992088318,0.0194308145240431,True,4996.0,220,-1,4996.0
Uniform1-5000_Seed144_J250_M125,"[0.001392, 0.987373]",125,250,0.02,max_proc,lowest_lower_bound,NO_PROFILING,all_to_shortest,greedy,6447,1300,2001,209.80008220672607,0.2197114937180083,False,5030.52,125,-1,5030.52
Uniform1-5000_Seed144_J250_M125,"[0.001392, 0.987373]",125,250,0.01,max_proc,lowest_lower_bound,PRUNE,all_to_shortest,greedy,5237,206,206,20.00240969657898,0.0394271529501622,True,5237.0,204,-1,5030.52
Uniform1-5000_Seed145_J250_M125,"[0.003423, 1.000000]",125,250,0.02,max_proc,lowest_lower_bound,NO_PROFILING,all_to_shortest,greedy,6283,126,2001,177.70478320121765,0.209454082444692,False,4967.0,125,-1,4967.0
Uniform1-5000_Seed145_J250_M125,"[0.003423, 1.000000]",125,250,0.01,max_proc,lowest_lower_bound,PRUNE,all_to_shortest,greedy,5188,226,226,21.8543381690979,0.0425983037779491,True,5097.0,214,-1,4967.0
Uniform1-5000_Seed146_J250_M125,"[0.000401, 1.000000]",125,250,0.02,max_proc,lowest_lower_bound,NO_PROFILING,all_to_shortest,greedy,5069,202,202,18.240704774856567,0.0169658709804695,True,4983.0,200,-1,4983.0
Uniform1-5000_Seed146_J250_M125,"[0.000401, 1.000000]",125,250,0.01,max_proc,lowest_lower_bound,PRUNE,all_to_shortest,greedy,5679,1192,2001,219.4839849472046,0.1225567881669308,False,4983.0,189,-1,4983.0
Uniform1-5000_Seed147_J250_M125,"[0.002209, 1.000000]",125,250,0.02,max_proc,lowest_lower_bound,NO_PROFILING,all_to_shortest,greedy,6343,1681,2001,196.82916140556333,0.2150402017972568,False,4979.0,125,-1,4979.0
Uniform1-5000_Seed147_J250_M125,"[0.002209, 1.000000]",125,250,0.01,max_proc,lowest_lower_bound,PRUNE,all_to_shortest,greedy,6192,666,2001,208.03902959823608,0.1958979328165374,False,5051.0,149,-1,4979.0
Uniform1-5000_Seed148_J250_M125,"[0.003417, 0.998488]",125,250,0.02,max_proc,lowest_lower_bound,NO_PROFILING,all_to_shortest,greedy,6139,1642,2001,194.467387676239,0.1896856165499266,False,4974.52,137,-1,4974.52
Uniform1-5000_Seed148_J250_M125,"[0.003417, 0.998488]",125,250,0.01,max_proc,lowest_lower_bound,PRUNE,all_to_shortest,greedy,6198,136,2001,235.53479671478271,0.1973991610196837,False,4974.52,137,-1,4974.52
Uniform1-5000_Seed149_J250_M125,"[0.001175, 0.976751]",125,250,0.02,max_proc,lowest_lower_bound,NO_PROFILING,all_to_shortest,greedy,6403,1718,2001,198.0629177093506,0.2027674527565203,False,5104.68,125,-1,5104.68
Uniform1-5000_Seed149_J250_M125,"[0.001175, 0.976751]",125,250,0.01,max_proc,lowest_lower_bound,PRUNE,all_to_shortest,greedy,6546,124,2001,192.5063672065735,0.2201833180568285,False,5286.0,136,-1,5104.68
Uniform1-5000_Seed150_J250_M125,"[0.002819, 1.000000]",125,250,0.02,max_proc,lowest_lower_bound,NO_PROFILING,all_to_shortest,greedy,5021,183,183,15.81641697883606,0.0109539932284405,True,4966.0,181,-1,4966.0
Uniform1-5000_Seed150_J250_M125,"[0.002819, 1.000000]",125,250,0.01,max_proc,lowest_lower_bound,PRUNE,all_to_shortest,greedy,5043,208,208,19.91838002204895,0.0152686892722585,True,4966.0,206,-1,4966.0
Uniform1-5000_Seed101_J300_M150,"[0.000388, 0.961849]",150,300,0.02,max_proc,lowest_lower_bound,NO_PROFILING,all_to_shortest,greedy,6336,1257,2001,343.26137351989746,0.1861216329966329,False,5156.733333333334,184,-1,5156.733333333334
Uniform1-5000_Seed101_J300_M150,"[0.000388, 0.961849]",150,300,0.01,max_proc,lowest_lower_bound,PRUNE,all_to_shortest,greedy,6348,349,2001,348.00055289268494,0.1876601554295315,False,5156.733333333334,184,-1,5156.733333333334
Uniform1-5000_Seed102_J300_M150,"[0.009814, 1.000000]",150,300,0.02,max_proc,lowest_lower_bound,NO_PROFILING,all_to_shortest,greedy,5809,217,2001,334.4729781150818,0.1404716818729557,False,4993.0,224,-1,4993.0
Uniform1-5000_Seed102_J300_M150,"[0.009814, 1.000000]",150,300,0.01,max_proc,lowest_lower_bound,PRUNE,all_to_shortest,greedy,5819,969,2001,407.87981486320496,0.1419487884516239,False,4993.0,224,-1,4993.0
Uniform1-5000_Seed103_J300_M150,"[0.002201, 1.000000]",150,300,0.02,max_proc,lowest_lower_bound,NO_PROFILING,all_to_shortest,greedy,5029,237,237,37.89837265014648,0.0061642473652813,True,4998.0,235,-1,4998.0
Uniform1-5000_Seed103_J300_M150,"[0.002201, 1.000000]",150,300,0.01,max_proc,lowest_lower_bound,PRUNE,all_to_shortest,greedy,5266,1844,2001,367.5545053482056,0.0508925180402582,False,4998.0,250,-1,4998.0
Uniform1-5000_Seed104_J300_M150,"[0.001601, 0.992491]",150,300,0.02,max_proc,lowest_lower_bound,NO_PROFILING,all_to_shortest,greedy,6472,498,2001,318.8754894733429,0.2278234445817882,False,4997.526666666667,150,-1,4997.526666666667
Uniform1-5000_Seed104_J300_M150,"[0.001601, 0.992491]",150,300,0.01,max_proc,lowest_lower_bound,PRUNE,all_to_shortest,greedy,5362,254,254,44.43427586555481,0.0679733930125575,True,5329.0,252,-1,4997.526666666667
Uniform1-5000_Seed105_J300_M150,"[0.000200, 1.000000]",150,300,0.02,max_proc,lowest_lower_bound,NO_PROFILING,all_to_shortest,greedy,5660,833,2001,333.37157464027405,0.1166077738515901,False,5000.0,232,-1,5000.0
Uniform1-5000_Seed105_J300_M150,"[0.000200, 1.000000]",150,300,0.01,max_proc,lowest_lower_bound,PRUNE,all_to_shortest,greedy,5769,1153,2001,378.10042929649353,0.1332986652799445,False,5000.0,231,-1,5000.0
Uniform1-5000_Seed106_J300_M150,"[0.001200, 1.000000]",150,300,0.02,max_proc,lowest_lower_bound,NO_PROFILING,all_to_shortest,greedy,6196,530,2001,325.2981638908386,0.1931891542930923,False,4999.0,177,-1,4999.0
Uniform1-5000_Seed106_J300_M150,"[0.001200, 1.000000]",150,300,0.01,max_proc,lowest_lower_bound,PRUNE,all_to_shortest,greedy,6237,272,2001,411.3334581851959,0.1984928651595318,False,4999.0,177,-1,4999.0
Uniform1-5000_Seed107_J300_M150,"[0.000989, 0.967408]",150,300,0.02,max_proc,lowest_lower_bound,NO_PROFILING,all_to_shortest,greedy,6658,941,2001,339.6589984893799,0.2406458395914689,False,5055.78,150,-1,5055.78
Uniform1-5000_Seed107_J300_M150,"[0.000989, 0.967408]",150,300,0.01,max_proc,lowest_lower_bound,PRUNE,all_to_shortest,greedy,6254,270,2001,421.6387293338776,0.1915925807483211,False,5233.0,177,-1,5055.78
Uniform1-5000_Seed108_J300_M150,"[0.001402, 1.000000]",150,300,0.02,max_proc,lowest_lower_bound,NO_PROFILING,all_to_shortest,greedy,5091,252,252,42.23095941543579,0.0194460813199764,True,4992.0,250,-1,4992.0
Uniform1-5000_Seed108_J300_M150,"[0.001402, 1.000000]",150,300,0.01,max_proc,lowest_lower_bound,PRUNE,all_to_shortest,greedy,5556,1638,2001,334.63294672966003,0.101511879049676,False,4992.0,244,-1,4992.0
Uniform1-5000_Seed109_J300_M150,"[0.000202, 1.000000]",150,300,0.02,max_proc,lowest_lower_bound,NO_PROFILING,all_to_shortest,greedy,5922,958,2001,299.17578959465027,0.1649780479567713,False,4945.0,170,-1,4945.0
Uniform1-5000_Seed109_J300_M150,"[0.000202, 1.000000]",150,300,0.01,max_proc,lowest_lower_bound,PRUNE,all_to_shortest,greedy,5984,1201,2001,285.4866762161255,0.173629679144385,False,4945.0,169,-1,4945.0
Uniform1-5000_Seed110_J300_M150,"[0.005760, 0.959014]",150,300,0.02,max_proc,lowest_lower_bound,NO_PROFILING,all_to_shortest,greedy,6709,230,2001,337.12986159324646,0.2236587668306255,False,5208.473333333333,150,-1,5208.473333333333
Uniform1-5000_Seed110_J300_M150,"[0.005760, 0.959014]",150,300,0.01,max_proc,lowest_lower_bound,PRUNE,all_to_shortest,greedy,5497,254,254,44.23005151748657,0.0524880237705415,True,5393.0,252,-1,5208.473333333333
Uniform1-5000_Seed111_J300_M150,"[0.009845, 1.000000]",150,300,0.02,max_proc,lowest_lower_bound,NO_PROFILING,all_to_shortest,greedy,5031,223,223,33.28748083114624,0.0107334525939177,True,4977.0,221,-1,4977.0
Uniform1-5000_Seed111_J300_M150,"[0.009845, 1.000000]",150,300,0.01,max_proc,lowest_lower_bound,PRUNE,all_to_shortest,greedy,5074,261,261,43.138911724090576,0.0191170674024438,True,4977.0,259,-1,4977.0
Uniform1-5000_Seed112_J300_M150,"[0.000199, 0.992033]",150,300,0.02,max_proc,lowest_lower_bound,NO_PROFILING,all_to_shortest,greedy,6488,1328,2001,338.96535325050354,0.2254880805589806,False,5025.033333333334,158,-1,5025.033333333334
Uniform1-5000_Seed112_J300_M150,"[0.000199, 0.992033]",150,300,0.01,max_proc,lowest_lower_bound,PRUNE,all_to_shortest,greedy,6499,183,2001,356.78541827201843,0.2267989947171359,False,5041.0,158,-1,5025.033333333334
Uniform1-5000_Seed113_J300_M150,"[0.002149, 0.976701]",150,300,0.02,max_proc,lowest_lower_bound,NO_PROFILING,all_to_shortest,greedy,6585,1884,2001,326.92278504371643,0.2225856745127815,False,5119.2733333333335,150,-1,5119.2733333333335
Uniform1-5000_Seed113_J300_M150,"[0.002149, 0.976701]",150,300,0.01,max_proc,lowest_lower_bound,PRUNE,all_to_shortest,greedy,6454,183,2001,401.1470997333527,0.2068061150707571,False,5287.0,182,-1,5119.2733333333335
Uniform1-5000_Seed114_J300_M150,"[0.007204, 1.000000]",150,300,0.02,max_proc,lowest_lower_bound,NO_PROFILING,all_to_shortest,greedy,6423,1158,2001,300.36446475982666,0.2220146349058072,False,4997.0,151,-1,4997.0
Uniform1-5000_Seed114_J300_M150,"[0.007204, 1.000000]",150,300,0.01,max_proc,lowest_lower_bound,PRUNE,all_to_shortest,greedy,5116,267,267,44.389193534851074,0.0232603596559812,True,5063.0,257,-1,4997.0
Uniform1-5000_Seed115_J300_M150,"[0.001165, 0.970453]",150,300,0.02,max_proc,lowest_lower_bound,NO_PROFILING,all_to_shortest,greedy,6576,151,2001,312.24581837654114,0.2166666666666667,False,5151.2,150,-1,5151.2
Uniform1-5000_Seed115_J300_M150,"[0.001165, 0.970453]",150,300,0.01,max_proc,lowest_lower_bound,PRUNE,all_to_shortest,greedy,6462,168,2001,398.2924723625183,0.2028474156607861,False,5313.0,172,-1,5151.2
Uniform1-5000_Seed116_J300_M150,"[0.001756, 0.975513]",150,300,0.02,max_proc,lowest_lower_bound,NO_PROFILING,all_to_shortest,greedy,6470,821,2001,333.20238876342773,0.2078042246264811,False,5125.506666666667,159,-1,5125.506666666667
Uniform1-5000_Seed116_J300_M150,"[0.001756, 0.975513]",150,300,0.01,max_proc,lowest_lower_bound,PRUNE,all_to_shortest,greedy,6491,153,2001,353.8912310600281,0.2103671750629075,False,5139.0,160,-1,5125.506666666667
Uniform1-5000_Seed117_J300_M150,"[0.001803, 1.000000]",150,300,0.02,max_proc,lowest_lower_bound,NO_PROFILING,all_to_shortest,greedy,5058,267,267,45.432088136672974,0.0128509292210359,True,4993.0,265,-1,4993.0
Uniform1-5000_Seed117_J300_M150,"[0.001803, 1.000000]",150,300,0.01,max_proc,lowest_lower_bound,PRUNE,all_to_shortest,greedy,5274,1643,2001,384.8367047309876,0.0532802427000379,False,4993.0,270,-1,4993.0
Uniform1-5000_Seed118_J300_M150,"[0.003214, 0.998787]",150,300,0.02,max_proc,lowest_lower_bound,NO_PROFILING,all_to_shortest,greedy,5974,182,2001,320.4510838985443,0.1667157683294275,False,4978.04,185,-1,4978.04
Uniform1-5000_Seed118_J300_M150,"[0.003214, 0.998787]",150,300,0.01,max_proc,lowest_lower_bound,PRUNE,all_to_shortest,greedy,6027,413,2001,308.7634174823761,0.1740434710469553,False,4978.04,185,-1,4978.04
Uniform1-5000_Seed119_J300_M150,"[0.000595, 0.987073]",150,300,0.02,max_proc,lowest_lower_bound,NO_PROFILING,all_to_shortest,greedy,6590,488,2001,365.0993843078613,0.2344127465857359,False,5045.22,150,-1,5045.22
Uniform1-5000_Seed119_J300_M150,"[0.000595, 0.987073]",150,300,0.01,max_proc,lowest_lower_bound,PRUNE,all_to_shortest,greedy,5859,236,2001,398.25900745391846,0.1388940092165898,False,5091.0,219,-1,5045.22
Uniform1-5000_Seed120_J300_M150,"[0.000777, 0.969760]",150,300,0.02,max_proc,lowest_lower_bound,NO_PROFILING,all_to_shortest,greedy,6834,1844,2001,344.71898913383484,0.2467564140083893,False,5147.666666666667,150,-1,5147.666666666667
Uniform1-5000_Seed120_J300_M150,"[0.000777, 0.969760]",150,300,0.01,max_proc,lowest_lower_bound,PRUNE,all_to_shortest,greedy,5676,222,222,36.47009873390198,0.0930819826168662,True,5586.0,217,-1,5147.666666666667
Uniform1-5000_Seed121_J300_M150,"[0.001000, 1.000000]",150,300,0.02,max_proc,lowest_lower_bound,NO_PROFILING,all_to_shortest,greedy,5084,236,236,38.16768741607666,0.016522423288749,True,5000.0,234,-1,5000.0
Uniform1-5000_Seed121_J300_M150,"[0.001000, 1.000000]",150,300,0.01,max_proc,lowest_lower_bound,PRUNE,all_to_shortest,greedy,5082,307,307,50.69141721725464,0.0161353797717434,True,5000.0,267,-1,5000.0
Uniform1-5000_Seed122_J300_M150,"[0.000200, 1.000000]",150,300,0.02,max_proc,lowest_lower_bound,NO_PROFILING,all_to_shortest,greedy,5819,879,2001,325.3606243133545,0.1421206392851005,False,4992.0,221,-1,4992.0
Uniform1-5000_Seed122_J300_M150,"[0.000200, 1.000000]",150,300,0.01,max_proc,lowest_lower_bound,PRUNE,all_to_shortest,greedy,5867,1465,2001,390.73314571380615,0.1491392534515084,False,4992.0,220,-1,4992.0
Uniform1-5000_Seed123_J300_M150,"[0.002901, 0.963799]",150,300,0.02,max_proc,lowest_lower_bound,NO_PROFILING,all_to_shortest,greedy,6735,493,2001,339.6911509037018,0.2323434793367977,False,5170.166666666667,150,-1,5170.166666666667
Uniform1-5000_Seed123_J300_M150,"[0.002901, 0.963799]",150,300,0.01,max_proc,lowest_lower_bound,PRUNE,all_to_shortest,greedy,6721,571,2001,393.0165638923645,0.2307444328720924,False,5399.0,159,-1,5170.166666666667
Uniform1-5000_Seed124_J300_M150,"[0.005425, 1.000000]",150,300,0.02,max_proc,lowest_lower_bound,NO_PROFILING,all_to_shortest,greedy,6531,504,2001,335.3378891944885,0.2379421221864952,False,4977.0,150,-1,4977.0
Uniform1-5000_Seed124_J300_M150,"[0.005425, 1.000000]",150,300,0.01,max_proc,lowest_lower_bound,PRUNE,all_to_shortest,greedy,5492,992,2001,377.5309154987335,0.0937727603787327,False,5136.0,247,-1,4977.0
Uniform1-5000_Seed125_J300_M150,"[0.003118, 0.915642]",150,300,0.02,max_proc,lowest_lower_bound,NO_PROFILING,all_to_shortest,greedy,7122,147,2001,379.6257462501526,0.2344968641767294,False,5451.913333333333,150,-1,5451.913333333333
Uniform1-5000_Seed125_J300_M150,"[0.003118, 0.915642]",150,300,0.01,max_proc,lowest_lower_bound,PRUNE,all_to_shortest,greedy,5849,243,243,41.880650997161865,0.0678896677494729,True,5794.0,238,-1,5451.913333333333
Uniform1-5000_Seed126_J300_M150,"[0.000805, 1.000000]",150,300,0.02,max_proc,lowest_lower_bound,NO_PROFILING,all_to_shortest,greedy,5018,248,248,41.81628084182739,0.0101634117178158,True,4967.0,246,-1,4967.0
Uniform1-5000_Seed126_J300_M150,"[0.000805, 1.000000]",150,300,0.01,max_proc,lowest_lower_bound,PRUNE,all_to_shortest,greedy,5027,299,299,50.68879914283752,0.0119355480405808,True,4967.0,267,-1,4967.0
Uniform1-5000_Seed127_J300_M150,"[0.004402, 1.000000]",150,300,0.02,max_proc,lowest_lower_bound,NO_PROFILING,all_to_shortest,greedy,6325,626,2001,345.0010499954224,0.2098023715415019,False,4998.0,156,-1,4998.0
Uniform1-5000_Seed127_J300_M150,"[0.004402, 1.000000]",150,300,0.01,max_proc,lowest_lower_bound,PRUNE,all_to_shortest,greedy,6362,140,2001,449.34987568855286,0.214397988054071,False,5029.0,165,-1,4998.0
Uniform1-5000_Seed128_J300_M150,"[0.004012, 1.000000]",150,300,0.02,max_proc,lowest_lower_bound,NO_PROFILING,all_to_shortest,greedy,5071,245,245,40.392425775527954,0.0169591796489844,True,4985.0,243,-1,4985.0
Uniform1-5000_Seed128_J300_M150,"[0.004012, 1.000000]",150,300,0.01,max_proc,lowest_lower_bound,PRUNE,all_to_shortest,greedy,5067,388,388,66.64822840690613,0.016183145845668,True,4985.0,277,-1,4985.0
Uniform1-5000_Seed129_J300_M150,"[0.001592, 0.992939]",150,300,0.02,max_proc,lowest_lower_bound,NO_PROFILING,all_to_shortest,greedy,6328,632,2001,330.90353560447693,0.2056742520016857,False,5026.493333333333,163,-1,5026.493333333333
Uniform1-5000_Seed129_J300_M150,"[0.001592, 0.992939]",150,300,0.01,max_proc,lowest_lower_bound,PRUNE,all_to_shortest,greedy,6350,217,2001,434.2681920528412,0.2084262467191601,False,5026.493333333333,163,-1,5026.493333333333
Uniform1-5000_Seed130_J300_M150,"[0.010126, 0.935523]",150,300,0.02,max_proc,lowest_lower_bound,NO_PROFILING,all_to_shortest,greedy,6855,1398,2001,366.84853410720825,0.222050085096037,False,5332.846666666666,150,-1,5332.846666666666
Uniform1-5000_Seed130_J300_M150,"[0.010126, 0.935523]",150,300,0.01,max_proc,lowest_lower_bound,PRUNE,all_to_shortest,greedy,5839,241,241,43.69634366035461,0.0866849346349261,True,5729.0,235,-1,5332.846666666666
Uniform1-5000_Seed131_J300_M150,"[0.013029, 1.000000]",150,300,0.02,max_proc,lowest_lower_bound,NO_PROFILING,all_to_shortest,greedy,4989,251,251,52.72204113006592,0.0,True,4989.0,249,251,4989.0
Uniform1-5000_Seed131_J300_M150,"[0.013029, 1.000000]",150,300,0.01,max_proc,lowest_lower_bound,PRUNE,all_to_shortest,greedy,5588,371,2001,464.4890549182892,0.1071939871152469,False,4989.0,230,-1,4989.0
Uniform1-5000_Seed132_J300_M150,"[0.001808, 1.000000]",150,300,0.02,max_proc,lowest_lower_bound,NO_PROFILING,all_to_shortest,greedy,6485,958,2001,376.3004469871521,0.2322282189668465,False,4979.0,153,-1,4979.0
Uniform1-5000_Seed132_J300_M150,"[0.001808, 1.000000]",150,300,0.01,max_proc,lowest_lower_bound,PRUNE,all_to_shortest,greedy,5570,1809,2001,445.6767892837525,0.1061041292639138,False,4995.0,236,-1,4979.0
Uniform1-5000_Seed133_J300_M150,"[0.001200, 1.000000]",150,300,0.02,max_proc,lowest_lower_bound,NO_PROFILING,all_to_shortest,greedy,5059,228,228,49.04255723953247,0.0116623838703301,True,5000.0,226,-1,5000.0
Uniform1-5000_Seed133_J300_M150,"[0.001200, 1.000000]",150,300,0.01,max_proc,lowest_lower_bound,PRUNE,all_to_shortest,greedy,5071,258,258,45.297709465026855,0.0140011831985801,True,5000.0,254,-1,5000.0
Uniform1-5000_Seed134_J300_M150,"[0.010733, 1.000000]",150,300,0.02,max_proc,lowest_lower_bound,NO_PROFILING,all_to_shortest,greedy,5009,227,227,34.99440956115723,0.0141744859253343,True,4938.0,225,-1,4938.0
Uniform1-5000_Seed134_J300_M150,"[0.010733, 1.000000]",150,300,0.01,max_proc,lowest_lower_bound,PRUNE,all_to_shortest,greedy,5023,264,264,55.386250019073486,0.0169221580728648,True,4938.0,262,-1,4938.0
Uniform1-5000_Seed135_J300_M150,"[0.011430, 1.000000]",150,300,0.02,max_proc,lowest_lower_bound,NO_PROFILING,all_to_shortest,greedy,6081,1993,2001,407.2758009433746,0.1799046209505015,False,4987.0,188,-1,4987.0
Uniform1-5000_Seed135_J300_M150,"[0.011430, 1.000000]",150,300,0.01,max_proc,lowest_lower_bound,PRUNE,all_to_shortest,greedy,6080,169,2001,507.216215133667,0.1797697368421052,False,4987.0,188,-1,4987.0
Uniform1-5000_Seed136_J300_M150,"[0.002215, 1.000000]",150,300,0.02,max_proc,lowest_lower_bound,NO_PROFILING,all_to_shortest,greedy,6396,801,2001,433.3861391544342,0.2235772357723577,False,4966.0,150,-1,4966.0
Uniform1-5000_Seed136_J300_M150,"[0.002215, 1.000000]",150,300,0.01,max_proc,lowest_lower_bound,PRUNE,all_to_shortest,greedy,5993,810,2001,424.6354959011078,0.1713665943600867,False,5071.0,201,-1,4966.0
Uniform1-5000_Seed137_J300_M150,"[0.000400, 0.993048]",150,300,0.02,max_proc,lowest_lower_bound,NO_PROFILING,all_to_shortest,greedy,6256,1661,2001,448.8078265190125,0.2009665387894288,False,4998.753333333333,162,-1,4998.753333333333
Uniform1-5000_Seed137_J300_M150,"[0.000400, 0.993048]",150,300,0.01,max_proc,lowest_lower_bound,PRUNE,all_to_shortest,greedy,6320,1167,2001,556.9479248523712,0.2090580168776371,False,5003.0,162,-1,4998.753333333333
Uniform1-5000_Seed138_J300_M150,"[0.005500, 1.000000]",150,300,0.02,max_proc,lowest_lower_bound,NO_PROFILING,all_to_shortest,greedy,6090,151,2001,370.6709349155426,0.1939244663382594,False,4909.0,155,-1,4909.0
Uniform1-5000_Seed138_J300_M150,"[0.005500, 1.000000]",150,300,0.01,max_proc,lowest_lower_bound,PRUNE,all_to_shortest,greedy,5970,760,2001,484.7254738807678,0.1777219430485762,False,4948.0,184,-1,4909.0
Uniform1-5000_Seed139_J300_M150,"[0.005701, 0.940280]",150,300,0.02,max_proc,lowest_lower_bound,NO_PROFILING,all_to_shortest,greedy,6793,288,2001,367.8141734600067,0.2253407919917562,False,5262.26,150,-1,5262.26
Uniform1-5000_Seed139_J300_M150,"[0.005701, 0.940280]",150,300,0.01,max_proc,lowest_lower_bound,PRUNE,all_to_shortest,greedy,6645,175,2001,436.7611122131348,0.2080872836719337,False,5368.0,172,-1,5262.26
Uniform1-5000_Seed140_J300_M150,"[0.000802, 1.000000]",150,300,0.02,max_proc,lowest_lower_bound,NO_PROFILING,all_to_shortest,greedy,5052,235,235,39.682024240493774,0.013064133016627,True,4986.0,233,-1,4986.0
Uniform1-5000_Seed140_J300_M150,"[0.000802, 1.000000]",150,300,0.01,max_proc,lowest_lower_bound,PRUNE,all_to_shortest,greedy,5086,1192,1192,204.3691577911377,0.0196618167518678,True,4986.0,261,-1,4986.0
Uniform1-5000_Seed141_J300_M150,"[0.009406, 1.000000]",150,300,0.02,max_proc,lowest_lower_bound,NO_PROFILING,all_to_shortest,greedy,5067,260,260,46.615073919296265,0.0138148805999605,True,4997.0,258,-1,4997.0
Uniform1-5000_Seed141_J300_M150,"[0.009406, 1.000000]",150,300,0.01,max_proc,lowest_lower_bound,PRUNE,all_to_shortest,greedy,5092,297,297,55.47528672218323,0.0186567164179104,True,4997.0,276,-1,4997.0
Uniform1-5000_Seed142_J300_M150,"[0.001551, 0.968312]",150,300,0.02,max_proc,lowest_lower_bound,NO_PROFILING,all_to_shortest,greedy,6589,152,2001,322.7346684932709,0.2174239894774118,False,5156.393333333333,152,-1,5156.393333333333
Uniform1-5000_Seed142_J300_M150,"[0.001551, 0.968312]",150,300,0.01,max_proc,lowest_lower_bound,PRUNE,all_to_shortest,greedy,6356,391,2001,387.1745502948761,0.1887361023704636,False,5199.0,182,-1,5156.393333333333
Uniform1-5000_Seed143_J300_M150,"[0.005805, 1.000000]",150,300,0.02,max_proc,lowest_lower_bound,NO_PROFILING,all_to_shortest,greedy,5058,253,253,44.121944189071655,0.0122578094108343,True,4996.0,251,-1,4996.0
Uniform1-5000_Seed143_J300_M150,"[0.005805, 1.000000]",150,300,0.01,max_proc,lowest_lower_bound,PRUNE,all_to_shortest,greedy,5066,307,307,54.89553499221802,0.0138176075799447,True,4996.0,270,-1,4996.0
Uniform1-5000_Seed144_J300_M150,"[0.001376, 0.976121]",150,300,0.02,max_proc,lowest_lower_bound,NO_PROFILING,all_to_shortest,greedy,6533,490,2001,325.93240571022034,0.2211071993469054,False,5088.506666666667,150,-1,5088.506666666667
Uniform1-5000_Seed144_J300_M150,"[0.001376, 0.976121]",150,300,0.01,max_proc,lowest_lower_bound,PRUNE,all_to_shortest,greedy,6355,198,2001,424.4060378074646,0.1992908471020193,False,5249.0,192,-1,5088.506666666667
Uniform1-5000_Seed145_J300_M150,"[0.003336, 0.976715]",150,300,0.02,max_proc,lowest_lower_bound,NO_PROFILING,all_to_shortest,greedy,6815,1648,2001,345.0625340938568,0.2522885791146979,False,5095.653333333334,150,-1,5095.653333333334
Uniform1-5000_Seed145_J300_M150,"[0.003336, 0.976715]",150,300,0.01,max_proc,lowest_lower_bound,PRUNE,all_to_shortest,greedy,5558,233,233,42.11867141723633,0.0831857982487704,True,5471.0,220,-1,5095.653333333334
Uniform1-5000_Seed146_J300_M150,"[0.000401, 1.000000]",150,300,0.02,max_proc,lowest_lower_bound,NO_PROFILING,all_to_shortest,greedy,5071,231,231,38.07647132873535,0.0153815815421021,True,4993.0,229,-1,4993.0
Uniform1-5000_Seed146_J300_M150,"[0.000401, 1.000000]",150,300,0.01,max_proc,lowest_lower_bound,PRUNE,all_to_shortest,greedy,5059,1755,1755,345.4598252773285,0.0130460565329116,True,4993.0,264,-1,4993.0
Uniform1-5000_Seed147_J300_M150,"[0.002209, 1.000000]",150,300,0.02,max_proc,lowest_lower_bound,NO_PROFILING,all_to_shortest,greedy,6326,488,2001,331.05074429512024,0.2129307619348719,False,4979.0,150,-1,4979.0
Uniform1-5000_Seed147_J300_M150,"[0.002209, 1.000000]",150,300,0.01,max_proc,lowest_lower_bound,PRUNE,all_to_shortest,greedy,6121,198,2001,420.63928413391113,0.1865708217611501,False,5034.0,181,-1,4979.0
Uniform1-5000_Seed148_J300_M150,"[0.003381, 0.987874]",150,300,0.02,max_proc,lowest_lower_bound,NO_PROFILING,all_to_shortest,greedy,6459,293,2001,339.1312596797943,0.2215564844919234,False,5027.966666666666,150,-1,5027.966666666666
Uniform1-5000_Seed148_J300_M150,"[0.003381, 0.987874]",150,300,0.01,max_proc,lowest_lower_bound,PRUNE,all_to_shortest,greedy,6281,363,2001,384.7802269458771,0.1994958339967097,False,5082.0,161,-1,5027.966666666666
Uniform1-5000_Seed149_J300_M150,"[0.001173, 0.975051]",150,300,0.02,max_proc,lowest_lower_bound,NO_PROFILING,all_to_shortest,greedy,6762,449,2001,351.6663670539856,0.2437769890564921,False,5113.58,150,-1,5113.58
Uniform1-5000_Seed149_J300_M150,"[0.001173, 0.975051]",150,300,0.01,max_proc,lowest_lower_bound,PRUNE,all_to_shortest,greedy,6149,1999,2001,401.1688604354858,0.1683883558302163,False,5272.0,191,-1,5113.58
Uniform1-5000_Seed150_J300_M150,"[0.002819, 1.000000]",150,300,0.02,max_proc,lowest_lower_bound,NO_PROFILING,all_to_shortest,greedy,5008,219,219,33.76036214828491,0.0083865814696485,True,4966.0,217,-1,4966.0
Uniform1-5000_Seed150_J300_M150,"[0.002819, 1.000000]",150,300,0.01,max_proc,lowest_lower_bound,PRUNE,all_to_shortest,greedy,5036,251,251,41.52652382850647,0.0138999205718824,True,4966.0,249,-1,4966.0
Uniform1-5000_Seed1_J20_M10,"[0.030127, 0.990048]",10,20,0.02,max_proc,lowest_lower_bound,NO_PROFILING,all_to_shortest,greedy,5679,264,2001,0.8490967750549316,0.1525092445853143,False,4812.9,10,-1,4812.9
Uniform1-5000_Seed1_J20_M10,"[0.030127, 0.990048]",10,20,0.01,max_proc,lowest_lower_bound,PRUNE,all_to_shortest,greedy,5562,16,16,0.0083258152008056,0.1346817691477886,True,5562.0,12,-1,4812.9
Uniform1-5000_Seed2_J20_M10,"[0.021704, 0.866251]",10,20,0.02,max_proc,lowest_lower_bound,NO_PROFILING,all_to_shortest,greedy,6429,442,2001,1.1717002391815186,0.10416861098149,False,5759.3,11,-1,5759.3
Uniform1-5000_Seed2_J20_M10,"[0.021704, 0.866251]",10,20,0.01,max_proc,lowest_lower_bound,PRUNE,all_to_shortest,greedy,6335,28,28,0.0142102241516113,0.0908760852407261,True,6335.0,14,-1,5759.3
Uniform1-5000_Seed3_J20_M10,"[0.158241, 0.949043]",10,20,0.02,max_proc,lowest_lower_bound,NO_PROFILING,all_to_shortest,greedy,5884,66,2001,1.331758975982666,0.1515295717199185,False,4992.4,10,-1,4992.4
Uniform1-5000_Seed3_J20_M10,"[0.158241, 0.949043]",10,20,0.01,max_proc,lowest_lower_bound,PRUNE,all_to_shortest,greedy,5336,19,19,0.0,0.0643928035982009,True,5240.0,17,-1,4992.4
Uniform1-5000_Seed4_J20_M10,"[0.012695, 1.000000]",10,20,0.02,max_proc,lowest_lower_bound,NO_PROFILING,all_to_shortest,greedy,4490,8,8,0.0020053386688232,0.1297995545657016,True,4490.0,6,-1,3907.2
Uniform1-5000_Seed4_J20_M10,"[0.012695, 1.000000]",10,20,0.01,max_proc,lowest_lower_bound,PRUNE,all_to_shortest,greedy,4490,9,9,0.0040762424468994,0.1297995545657016,True,4490.0,7,-1,3907.2
Uniform1-5000_Seed5_J20_M10,"[0.040653, 0.848775]",10,20,0.02,max_proc,lowest_lower_bound,NO_PROFILING,all_to_shortest,greedy,5859,48,2001,1.1974470615386963,0.1351254480286738,False,5067.3,10,-1,5067.3
Uniform1-5000_Seed5_J20_M10,"[0.040653, 0.848775]",10,20,0.01,max_proc,lowest_lower_bound,PRUNE,all_to_shortest,greedy,5392,20,20,0.00923752784729,0.0602188427299702,True,5392.0,15,-1,5067.3
Uniform1-5000_Seed6_J20_M10,"[0.045337, 0.937562]",10,20,0.02,max_proc,lowest_lower_bound,NO_PROFILING,all_to_shortest,greedy,5487,592,2001,1.1055512428283691,0.0834700200473847,False,5029.0,11,-1,5029.0
Uniform1-5000_Seed6_J20_M10,"[0.045337, 0.937562]",10,20,0.01,max_proc,lowest_lower_bound,PRUNE,all_to_shortest,greedy,5360,60,60,0.0195491313934326,0.0617537313432835,True,5360.0,15,-1,5029.0
Uniform1-5000_Seed7_J20_M10,"[0.076509, 0.871067]",10,20,0.02,max_proc,lowest_lower_bound,NO_PROFILING,all_to_shortest,greedy,6019,23,2001,1.0095224380493164,0.1487622528659245,False,5123.6,10,-1,5123.6
Uniform1-5000_Seed7_J20_M10,"[0.076509, 0.871067]",10,20,0.01,max_proc,lowest_lower_bound,PRUNE,all_to_shortest,greedy,5645,24,24,0.0111289024353027,0.0923649247121345,True,5539.0,13,-1,5123.6
Uniform1-5000_Seed8_J20_M10,"[0.050602, 0.919615]",10,20,0.02,max_proc,lowest_lower_bound,NO_PROFILING,all_to_shortest,greedy,5873,54,2001,0.8930087089538574,0.0881151030137919,False,5355.5,11,-1,5355.5
Uniform1-5000_Seed8_J20_M10,"[0.050602, 0.919615]",10,20,0.01,max_proc,lowest_lower_bound,PRUNE,all_to_shortest,greedy,5810,22,22,0.008805513381958,0.0782271944922547,True,5785.0,13,-1,5355.5
Uniform1-5000_Seed9_J20_M10,"[0.046849, 0.916201]",10,20,0.02,max_proc,lowest_lower_bound,NO_PROFILING,all_to_shortest,greedy,5558,1388,2001,0.7636644840240479,0.0821338611011155,False,5101.5,10,-1,5101.5
Uniform1-5000_Seed9_J20_M10,"[0.046849, 0.916201]",10,20,0.01,max_proc,lowest_lower_bound,PRUNE,all_to_shortest,greedy,5621,16,16,0.0068945884704589,0.0924212773527842,True,5558.0,12,-1,5101.5
Uniform1-5000_Seed10_J20_M10,"[0.048832, 0.982746]",10,20,0.02,max_proc,lowest_lower_bound,NO_PROFILING,all_to_shortest,greedy,5367,761,2001,0.9026689529418944,0.0842556362958822,False,4914.8,13,-1,4914.8
Uniform1-5000_Seed10_J20_M10,"[0.048832, 0.982746]",10,20,0.01,max_proc,lowest_lower_bound,PRUNE,all_to_shortest,greedy,5235,447,528,0.1817615032196045,0.0611652340019101,True,5141.0,16,-1,4914.8
Uniform1-5000_Seed11_J20_M10,"[0.028217, 1.000000]",10,20,0.02,max_proc,lowest_lower_bound,NO_PROFILING,all_to_shortest,greedy,5070,478,478,0.1522104740142822,0.0143984220907297,True,4997.0,13,-1,4997.0
Uniform1-5000_Seed11_J20_M10,"[0.028217, 1.000000]",10,20,0.01,max_proc,lowest_lower_bound,PRUNE,all_to_shortest,greedy,5032,24,24,0.0100960731506347,0.0069554848966613,True,5021.0,13,-1,4997.0
Uniform1-5000_Seed12_J20_M10,"[0.010681, 0.976225]",10,20,0.02,max_proc,lowest_lower_bound,NO_PROFILING,all_to_shortest,greedy,5046,53,2001,0.8051550388336182,0.0722750693618707,False,4681.3,10,-1,4681.3
Uniform1-5000_Seed12_J20_M10,"[0.010681, 0.976225]",10,20,0.01,max_proc,lowest_lower_bound,PRUNE,all_to_shortest,greedy,5010,37,37,0.0126736164093017,0.0656087824351297,True,5010.0,14,-1,4681.3
Uniform1-5000_Seed13_J20_M10,"[0.015182, 1.000000]",10,20,0.02,max_proc,lowest_lower_bound,NO_PROFILING,all_to_shortest,greedy,4949,2,2,0.0012133121490478,0.0018185492018589,True,4940.0,0,-1,4940.0
Uniform1-5000_Seed13_J20_M10,"[0.015182, 1.000000]",10,20,0.01,max_proc,lowest_lower_bound,PRUNE,all_to_shortest,greedy,4949,2,2,0.0007205009460449,0.0018185492018589,True,4940.0,0,-1,4940.0
Uniform1-5000_Seed14_J20_M10,"[0.047904, 1.000000]",10,20,0.02,max_proc,lowest_lower_bound,NO_PROFILING,all_to_shortest,greedy,4937,130,130,0.0419778823852539,0.0190399027749645,True,4843.0,13,-1,4843.0
Uniform1-5000_Seed14_J20_M10,"[0.047904, 1.000000]",10,20,0.01,max_proc,lowest_lower_bound,PRUNE,all_to_shortest,greedy,4972,22,42,0.0109562873840332,0.0259452936444086,True,4889.0,13,-1,4843.0
Uniform1-5000_Seed15_J20_M10,"[0.004024, 1.000000]",10,20,0.02,max_proc,lowest_lower_bound,NO_PROFILING,all_to_shortest,greedy,4970,5,5,0.0010669231414794,0.0,True,4970.0,3,5,4970.0
Uniform1-5000_Seed15_J20_M10,"[0.004024, 1.000000]",10,20,0.01,max_proc,lowest_lower_bound,PRUNE,all_to_shortest,greedy,4970,5,5,0.001990795135498,0.0,True,4970.0,3,5,4970.0
Uniform1-5000_Seed16_J20_M10,"[0.067705, 0.833378]",10,20,0.02,max_proc,lowest_lower_bound,NO_PROFILING,all_to_shortest,greedy,7107,364,2001,0.813326358795166,0.2061207260447445,False,5642.1,10,-1,5642.1
Uniform1-5000_Seed16_J20_M10,"[0.067705, 0.833378]",10,20,0.01,max_proc,lowest_lower_bound,PRUNE,all_to_shortest,greedy,6965,13,13,0.0047237873077392,0.1899353912419238,True,6965.0,11,-1,5642.1
Uniform1-5000_Seed17_J20_M10,"[0.045283, 0.943849]",10,20,0.02,max_proc,lowest_lower_bound,NO_PROFILING,all_to_shortest,greedy,5628,1055,2001,0.9938008785247804,0.0975124378109453,False,5079.2,10,-1,5079.2
Uniform1-5000_Seed17_J20_M10,"[0.045283, 0.943849]",10,20,0.01,max_proc,lowest_lower_bound,PRUNE,all_to_shortest,greedy,5499,27,27,0.0151281356811523,0.0763411529368976,True,5499.0,16,-1,5079.2
Uniform1-5000_Seed18_J20_M10,"[0.117562, 0.934701]",10,20,0.02,max_proc,lowest_lower_bound,NO_PROFILING,all_to_shortest,greedy,5737,154,2001,1.0086872577667236,0.1281854627854278,False,5001.6,11,-1,5001.6
Uniform1-5000_Seed18_J20_M10,"[0.117562, 0.934701]",10,20,0.01,max_proc,lowest_lower_bound,PRUNE,all_to_shortest,greedy,5213,24,24,0.0102872848510742,0.0405524649913676,True,5213.0,16,-1,5001.6
Uniform1-5000_Seed19_J20_M10,"[0.049351, 0.817715]",10,20,0.02,max_proc,lowest_lower_bound,NO_PROFILING,all_to_shortest,greedy,6341,407,2001,0.9102070331573486,0.1467907270146664,False,5410.2,10,-1,5410.2
Uniform1-5000_Seed19_J20_M10,"[0.049351, 0.817715]",10,20,0.01,max_proc,lowest_lower_bound,PRUNE,all_to_shortest,greedy,6020,14,14,0.0061931610107421,0.1012956810631229,True,6020.0,12,-1,5410.2
Uniform1-5000_Seed20_J20_M10,"[0.083669, 0.858185]",10,20,0.02,max_proc,lowest_lower_bound,NO_PROFILING,all_to_shortest,greedy,6728,492,2001,1.2626113891601562,0.1561979785969084,False,5677.1,10,-1,5677.1
Uniform1-5000_Seed20_J20_M10,"[0.083669, 0.858185]",10,20,0.01,max_proc,lowest_lower_bound,PRUNE,all_to_shortest,greedy,6047,18,18,0.0040407180786132,0.0611708285100049,True,6047.0,15,-1,5677.1
Uniform1-5000_Seed21_J20_M10,"[0.010410, 1.000000]",10,20,0.02,max_proc,lowest_lower_bound,NO_PROFILING,all_to_shortest,greedy,4726,2,2,0.0,0.0040203131612357,True,4707.0,0,-1,4707.0
Uniform1-5000_Seed21_J20_M10,"[0.010410, 1.000000]",10,20,0.01,max_proc,lowest_lower_bound,PRUNE,all_to_shortest,greedy,4726,2,2,0.0006980895996093,0.0040203131612357,True,4707.0,0,-1,4707.0
Uniform1-5000_Seed22_J20_M10,"[0.054374, 0.964754]",10,20,0.02,max_proc,lowest_lower_bound,NO_PROFILING,all_to_shortest,greedy,5916,111,2001,1.1021413803100586,0.1295638945233265,False,5149.5,10,-1,5149.5
Uniform1-5000_Seed22_J20_M10,"[0.054374, 0.964754]",10,20,0.01,max_proc,lowest_lower_bound,PRUNE,all_to_shortest,greedy,5789,15,15,0.0061750411987304,0.1104681292105717,True,5789.0,11,-1,5149.5
Uniform1-5000_Seed23_J20_M10,"[0.008266, 1.000000]",10,20,0.02,max_proc,lowest_lower_bound,NO_PROFILING,all_to_shortest,greedy,5188,235,2001,0.7544023990631104,0.0672706245181187,False,4839.0,11,-1,4839.0
Uniform1-5000_Seed23_J20_M10,"[0.008266, 1.000000]",10,20,0.01,max_proc,lowest_lower_bound,PRUNE,all_to_shortest,greedy,5015,17,17,0.0065433979034423,0.0350947158524426,True,5015.0,13,-1,4839.0
Uniform1-5000_Seed24_J20_M10,"[0.062394, 0.971406]",10,20,0.02,max_proc,lowest_lower_bound,NO_PROFILING,all_to_shortest,greedy,5054,1716,2001,0.8248004913330078,0.0803521962801741,False,4647.9,10,-1,4647.9
Uniform1-5000_Seed24_J20_M10,"[0.062394, 0.971406]",10,20,0.01,max_proc,lowest_lower_bound,PRUNE,all_to_shortest,greedy,4864,18,25,0.0085096359252929,0.0444284539473684,True,4783.0,16,-1,4647.9
Uniform1-5000_Seed25_J20_M10,"[0.049670, 0.960225]",10,20,0.02,max_proc,lowest_lower_bound,NO_PROFILING,all_to_shortest,greedy,5627,25,2001,0.8504273891448975,0.0840590012440021,False,5154.0,13,-1,5154.0
Uniform1-5000_Seed25_J20_M10,"[0.049670, 0.960225]",10,20,0.01,max_proc,lowest_lower_bound,PRUNE,all_to_shortest,greedy,5425,312,312,0.1125714778900146,0.0499539170506912,True,5425.0,16,-1,5154.0
Uniform1-5000_Seed26_J20_M10,"[0.222182, 0.992453]",10,20,0.02,max_proc,lowest_lower_bound,NO_PROFILING,all_to_shortest,greedy,5218,13,2001,0.9676334857940674,0.0503257953238789,False,4955.4,17,-1,4955.4
Uniform1-5000_Seed26_J20_M10,"[0.222182, 0.992453]",10,20,0.01,max_proc,lowest_lower_bound,PRUNE,all_to_shortest,greedy,5100,1628,1628,0.5109419822692871,0.0283529411764706,True,5036.0,19,-1,4955.4
Uniform1-5000_Seed27_J20_M10,"[0.046608, 1.000000]",10,20,0.02,max_proc,lowest_lower_bound,NO_PROFILING,all_to_shortest,greedy,4940,13,13,0.0050013065338134,0.0184210526315789,True,4849.0,11,-1,4849.0
Uniform1-5000_Seed27_J20_M10,"[0.046608, 1.000000]",10,20,0.01,max_proc,lowest_lower_bound,PRUNE,all_to_shortest,greedy,4849,14,14,0.0059983730316162,0.0,True,4849.0,12,14,4849.0
Uniform1-5000_Seed28_J20_M10,"[0.009781, 1.000000]",10,20,0.02,max_proc,lowest_lower_bound,NO_PROFILING,all_to_shortest,greedy,4731,7,7,0.0030009746551513,0.0059184104840414,True,4703.0,5,-1,4703.0
Uniform1-5000_Seed28_J20_M10,"[0.009781, 1.000000]",10,20,0.01,max_proc,lowest_lower_bound,PRUNE,all_to_shortest,greedy,4720,7,7,0.0029041767120361,0.0036016949152542,True,4703.0,5,-1,4703.0
Uniform1-5000_Seed29_J20_M10,"[0.049825, 0.979411]",10,20,0.02,max_proc,lowest_lower_bound,NO_PROFILING,all_to_shortest,greedy,5711,1379,2001,1.0367193222045898,0.1495359831903344,False,4857.0,10,-1,4857.0
Uniform1-5000_Seed29_J20_M10,"[0.049825, 0.979411]",10,20,0.01,max_proc,lowest_lower_bound,PRUNE,all_to_shortest,greedy,5141,16,16,0.0064485073089599,0.0552421707838941,True,5141.0,14,-1,4857.0
Uniform1-5000_Seed30_J20_M10,"[0.009322, 0.990698]",10,20,0.02,max_proc,lowest_lower_bound,NO_PROFILING,all_to_shortest,greedy,5830,11,2001,0.7478644847869873,0.135180102915952,False,5041.9,10,-1,5041.9
Uniform1-5000_Seed30_J20_M10,"[0.009322, 0.990698]",10,20,0.01,max_proc,lowest_lower_bound,PRUNE,all_to_shortest,greedy,5830,13,13,0.0049083232879638,0.135180102915952,True,5830.0,11,-1,5041.9
Uniform1-5000_Seed31_J20_M10,"[0.006004, 1.000000]",10,20,0.02,max_proc,lowest_lower_bound,NO_PROFILING,all_to_shortest,greedy,5130,107,2001,0.7239842414855957,0.0584795321637426,False,4830.0,15,-1,4830.0
Uniform1-5000_Seed31_J20_M10,"[0.006004, 1.000000]",10,20,0.01,max_proc,lowest_lower_bound,PRUNE,all_to_shortest,greedy,5130,10,416,0.1140339374542236,0.0584795321637426,True,5040.0,15,-1,4830.0
Uniform1-5000_Seed32_J20_M10,"[0.002045, 1.000000]",10,20,0.02,max_proc,lowest_lower_bound,NO_PROFILING,all_to_shortest,greedy,4889,5,5,0.0020017623901367,0.0,True,4889.0,3,5,4889.0
Uniform1-5000_Seed32_J20_M10,"[0.002045, 1.000000]",10,20,0.01,max_proc,lowest_lower_bound,PRUNE,all_to_shortest,greedy,4913,9,9,0.0039987564086914,0.0048849989822918,True,4889.0,7,-1,4889.0
Uniform1-5000_Seed33_J20_M10,"[0.011813, 1.000000]",10,20,0.02,max_proc,lowest_lower_bound,NO_PROFILING,all_to_shortest,greedy,4952,5,5,0.0029988288879394,0.008481421647819,True,4910.0,3,-1,4910.0
Uniform1-5000_Seed33_J20_M10,"[0.011813, 1.000000]",10,20,0.01,max_proc,lowest_lower_bound,PRUNE,all_to_shortest,greedy,4910,7,7,0.0039992332458496,0.0,True,4910.0,5,7,4910.0
Uniform1-5000_Seed34_J20_M10,"[0.062959, 0.954457]",10,20,0.02,max_proc,lowest_lower_bound,NO_PROFILING,all_to_shortest,greedy,5699,1028,2001,1.0056214332580566,0.094209510440428,False,5162.1,11,-1,5162.1
Uniform1-5000_Seed34_J20_M10,"[0.062959, 0.954457]",10,20,0.01,max_proc,lowest_lower_bound,PRUNE,all_to_shortest,greedy,5426,15,15,0.0060062408447265,0.048636196092886,True,5325.0,13,-1,5162.1
Uniform1-5000_Seed35_J20_M10,"[0.087125, 0.854047]",10,20,0.02,max_proc,lowest_lower_bound,NO_PROFILING,all_to_shortest,greedy,6544,-1,2001,1.3517944812774658,0.1651283618581907,False,5463.4,10,-1,5463.4
Uniform1-5000_Seed35_J20_M10,"[0.087125, 0.854047]",10,20,0.01,max_proc,lowest_lower_bound,PRUNE,all_to_shortest,greedy,5853,16,16,0.007322072982788,0.0665641551341193,True,5801.0,14,-1,5463.4
Uniform1-5000_Seed36_J20_M10,"[0.051455, 1.000000]",10,20,0.02,max_proc,lowest_lower_bound,NO_PROFILING,all_to_shortest,greedy,4742,7,7,0.0019977092742919,0.0,True,4742.0,5,7,4742.0
Uniform1-5000_Seed36_J20_M10,"[0.051455, 1.000000]",10,20,0.01,max_proc,lowest_lower_bound,PRUNE,all_to_shortest,greedy,4757,10,10,0.005002737045288,0.0031532478452806,True,4742.0,8,-1,4742.0
Uniform1-5000_Seed37_J20_M10,"[0.069955, 0.892471]",10,20,0.02,max_proc,lowest_lower_bound,NO_PROFILING,all_to_shortest,greedy,6175,75,2001,0.8199405670166016,0.1017975708502024,False,5546.4,11,-1,5546.4
Uniform1-5000_Seed37_J20_M10,"[0.069955, 0.892471]",10,20,0.01,max_proc,lowest_lower_bound,PRUNE,all_to_shortest,greedy,6135,14,14,0.0061280727386474,0.0959413202933986,True,6020.0,12,-1,5546.4
Uniform1-5000_Seed38_J20_M10,"[0.124760, 0.794454]",10,20,0.02,max_proc,lowest_lower_bound,NO_PROFILING,all_to_shortest,greedy,7067,179,2001,1.2422890663146973,0.1243950757039762,False,6187.9,11,-1,6187.9
Uniform1-5000_Seed38_J20_M10,"[0.124760, 0.794454]",10,20,0.01,max_proc,lowest_lower_bound,PRUNE,all_to_shortest,greedy,6789,15,15,0.0069730281829833,0.0885402857563706,True,6702.0,13,-1,6187.9
Uniform1-5000_Seed39_J20_M10,"[0.014456, 0.959255]",10,20,0.02,max_proc,lowest_lower_bound,NO_PROFILING,all_to_shortest,greedy,6043,11,2001,0.6633105278015137,0.198692702300182,False,4842.3,10,-1,4842.3
Uniform1-5000_Seed39_J20_M10,"[0.014456, 0.959255]",10,20,0.01,max_proc,lowest_lower_bound,PRUNE,all_to_shortest,greedy,6065,14,14,0.0063819885253906,0.2015993404781533,True,6065.0,11,-1,4842.3
Uniform1-5000_Seed40_J20_M10,"[0.077773, 0.839917]",10,20,0.02,max_proc,lowest_lower_bound,NO_PROFILING,all_to_shortest,greedy,6824,9,2001,1.0080718994140625,0.1634085580304807,False,5708.9,10,-1,5708.9
Uniform1-5000_Seed40_J20_M10,"[0.077773, 0.839917]",10,20,0.01,max_proc,lowest_lower_bound,PRUNE,all_to_shortest,greedy,6669,14,14,0.0072674751281738,0.143964612385665,True,6563.0,12,-1,5708.9
Uniform1-5000_Seed41_J20_M10,"[0.054855, 0.779046]",10,20,0.02,max_proc,lowest_lower_bound,NO_PROFILING,all_to_shortest,greedy,7224,1325,2001,1.352445125579834,0.1874307862679955,False,5870.0,10,-1,5870.0
Uniform1-5000_Seed41_J20_M10,"[0.054855, 0.779046]",10,20,0.01,max_proc,lowest_lower_bound,PRUNE,all_to_shortest,greedy,6322,16,16,0.0075452327728271,0.0714963619107877,True,6322.0,13,-1,5870.0
Uniform1-5000_Seed42_J20_M10,"[0.025666, 0.949060]",10,20,0.02,max_proc,lowest_lower_bound,NO_PROFILING,all_to_shortest,greedy,5825,317,2001,0.7298412322998047,0.1237768240343347,False,5104.0,10,-1,5104.0
Uniform1-5000_Seed42_J20_M10,"[0.025666, 0.949060]",10,20,0.01,max_proc,lowest_lower_bound,PRUNE,all_to_shortest,greedy,5825,14,14,0.0060184001922607,0.1237768240343347,True,5825.0,12,-1,5104.0
Uniform1-5000_Seed43_J20_M10,"[0.061684, 0.981335]",10,20,0.02,max_proc,lowest_lower_bound,NO_PROFILING,all_to_shortest,greedy,5458,58,2001,0.7285125255584717,0.0851593990472701,False,4993.2,11,-1,4993.2
Uniform1-5000_Seed43_J20_M10,"[0.061684, 0.981335]",10,20,0.01,max_proc,lowest_lower_bound,PRUNE,all_to_shortest,greedy,5458,14,14,0.0064291954040527,0.0851593990472701,True,5458.0,12,-1,4993.2
Uniform1-5000_Seed44_J20_M10,"[0.023368, 0.887970]",10,20,0.02,max_proc,lowest_lower_bound,NO_PROFILING,all_to_shortest,greedy,5750,779,2001,0.9184985160827636,0.0994608695652173,False,5178.1,10,-1,5178.1
Uniform1-5000_Seed44_J20_M10,"[0.023368, 0.887970]",10,20,0.01,max_proc,lowest_lower_bound,PRUNE,all_to_shortest,greedy,5609,16,16,0.0075781345367431,0.0768229630950257,True,5609.0,14,-1,5178.1
Uniform1-5000_Seed45_J20_M10,"[0.031731, 0.947295]",10,20,0.02,max_proc,lowest_lower_bound,NO_PROFILING,all_to_shortest,greedy,6321,254,2001,0.6662294864654541,0.1823445657332701,False,5168.4,10,-1,5168.4
Uniform1-5000_Seed45_J20_M10,"[0.031731, 0.947295]",10,20,0.01,max_proc,lowest_lower_bound,PRUNE,all_to_shortest,greedy,6321,14,14,0.0061609745025634,0.1823445657332701,True,6321.0,11,-1,5168.4
Uniform1-5000_Seed46_J20_M10,"[0.105908, 0.956082]",10,20,0.02,max_proc,lowest_lower_bound,NO_PROFILING,all_to_shortest,greedy,5794,1543,2001,1.1003637313842771,0.1118398343113565,False,5146.0,10,-1,5146.0
Uniform1-5000_Seed46_J20_M10,"[0.105908, 0.956082]",10,20,0.01,max_proc,lowest_lower_bound,PRUNE,all_to_shortest,greedy,5597,35,35,0.0140018463134765,0.0805788815436841,True,5597.0,14,-1,5146.0
Uniform1-5000_Seed47_J20_M10,"[0.105664, 0.923389]",10,20,0.02,max_proc,lowest_lower_bound,NO_PROFILING,all_to_shortest,greedy,5954,63,2001,1.377131700515747,0.1051058112193483,False,5328.2,10,-1,5328.2
Uniform1-5000_Seed47_J20_M10,"[0.105664, 0.923389]",10,20,0.01,max_proc,lowest_lower_bound,PRUNE,all_to_shortest,greedy,5636,821,821,0.2288403511047363,0.0546132008516678,True,5636.0,16,-1,5328.2
Uniform1-5000_Seed48_J20_M10,"[0.060895, 0.979075]",10,20,0.02,max_proc,lowest_lower_bound,NO_PROFILING,all_to_shortest,greedy,5292,10,2001,1.167247295379639,0.1249244142101285,False,4630.9,10,-1,4630.9
Uniform1-5000_Seed48_J20_M10,"[0.060895, 0.979075]",10,20,0.01,max_proc,lowest_lower_bound,PRUNE,all_to_shortest,greedy,4997,45,68,0.0234351158142089,0.073263958375025,True,4918.0,14,-1,4630.9
Uniform1-5000_Seed49_J20_M10,"[0.037322, 0.827555]",10,20,0.02,max_proc,lowest_lower_bound,NO_PROFILING,all_to_shortest,greedy,6980,10,2001,0.8050589561462402,0.1363037249283667,False,6028.6,10,-1,6028.6
Uniform1-5000_Seed49_J20_M10,"[0.037322, 0.827555]",10,20,0.01,max_proc,lowest_lower_bound,PRUNE,all_to_shortest,greedy,6980,11,14,0.0060017108917236,0.1363037249283667,True,6980.0,11,-1,6028.6
Uniform1-5000_Seed50_J20_M10,"[0.015385, 1.000000]",10,20,0.02,max_proc,lowest_lower_bound,NO_PROFILING,all_to_shortest,greedy,5235,13,2001,0.891005277633667,0.1184336198662846,False,4615.0,11,-1,4615.0
Uniform1-5000_Seed50_J20_M10,"[0.015385, 1.000000]",10,20,0.01,max_proc,lowest_lower_bound,PRUNE,all_to_shortest,greedy,5152,17,18,0.0075786113739013,0.1042313664596273,True,5051.0,13,-1,4615.0
Uniform1-5000_Seed51_J20_M10,"[0.090301, 0.969274]",10,20,0.02,max_proc,lowest_lower_bound,NO_PROFILING,all_to_shortest,greedy,5483,12,2001,0.719548225402832,0.066897683749772,False,5116.2,11,-1,5116.2
Uniform1-5000_Seed51_J20_M10,"[0.090301, 0.969274]",10,20,0.01,max_proc,lowest_lower_bound,PRUNE,all_to_shortest,greedy,5483,14,14,0.0049996376037597,0.066897683749772,True,5483.0,12,-1,5116.2
Uniform1-5000_Seed52_J20_M10,"[0.003269, 0.945907]",10,20,0.02,max_proc,lowest_lower_bound,NO_PROFILING,all_to_shortest,greedy,6064,18,2001,0.931462287902832,0.1424307387862796,False,5200.3,10,-1,5200.3
Uniform1-5000_Seed52_J20_M10,"[0.003269, 0.945907]",10,20,0.01,max_proc,lowest_lower_bound,PRUNE,all_to_shortest,greedy,5870,18,18,0.0069580078125,0.1140885860306643,True,5870.0,13,-1,5200.3
Uniform1-5000_Seed53_J20_M10,"[0.007313, 1.000000]",10,20,0.02,max_proc,lowest_lower_bound,NO_PROFILING,all_to_shortest,greedy,4923,11,11,0.0039989948272705,0.0,True,4923.0,9,11,4923.0
Uniform1-5000_Seed53_J20_M10,"[0.007313, 1.000000]",10,20,0.01,max_proc,lowest_lower_bound,PRUNE,all_to_shortest,greedy,4923,14,14,0.0060012340545654,0.0,True,4923.0,12,14,4923.0
Uniform1-5000_Seed54_J20_M10,"[0.146680, 0.783978]",10,20,0.02,max_proc,lowest_lower_bound,NO_PROFILING,all_to_shortest,greedy,6783,493,2001,1.0732982158660889,0.0964175143741707,False,6129.0,10,-1,6129.0
Uniform1-5000_Seed54_J20_M10,"[0.146680, 0.783978]",10,20,0.01,max_proc,lowest_lower_bound,PRUNE,all_to_shortest,greedy,6547,19,19,0.0080015659332275,0.0638460363525278,True,6547.0,17,-1,6129.0
Uniform1-5000_Seed55_J20_M10,"[0.098771, 0.779758]",10,20,0.02,max_proc,lowest_lower_bound,NO_PROFILING,all_to_shortest,greedy,7056,512,2001,1.0912213325500488,0.1290391156462585,False,6145.5,10,-1,6145.5
Uniform1-5000_Seed55_J20_M10,"[0.098771, 0.779758]",10,20,0.01,max_proc,lowest_lower_bound,PRUNE,all_to_shortest,greedy,6843,15,15,0.0069990158081054,0.1019289785181937,True,6843.0,13,-1,6145.5
Uniform1-5000_Seed56_J20_M10,"[0.016030, 0.906441]",10,20,0.02,max_proc,lowest_lower_bound,NO_PROFILING,all_to_shortest,greedy,6192,5,2001,0.7669637203216553,0.1134366925064599,False,5489.6,10,-1,5489.6
Uniform1-5000_Seed56_J20_M10,"[0.016030, 0.906441]",10,20,0.01,max_proc,lowest_lower_bound,PRUNE,all_to_shortest,greedy,6011,15,15,0.0060009956359863,0.0867409748793877,True,6011.0,13,-1,5489.6
Uniform1-5000_Seed57_J20_M10,"[0.061541, 0.877111]",10,20,0.02,max_proc,lowest_lower_bound,NO_PROFILING,all_to_shortest,greedy,5961,3,2001,0.9786639213562012,0.135883241066935,False,5151.0,10,-1,5151.0
Uniform1-5000_Seed57_J20_M10,"[0.061541, 0.877111]",10,20,0.01,max_proc,lowest_lower_bound,PRUNE,all_to_shortest,greedy,5833,14,14,0.0069959163665771,0.116920966912395,True,5821.0,12,-1,5151.0
Uniform1-5000_Seed58_J20_M10,"[0.115689, 0.809638]",10,20,0.02,max_proc,lowest_lower_bound,NO_PROFILING,all_to_shortest,greedy,6291,352,2001,0.9468989372253418,0.1357494833889683,False,5437.0,10,-1,5437.0
Uniform1-5000_Seed58_J20_M10,"[0.115689, 0.809638]",10,20,0.01,max_proc,lowest_lower_bound,PRUNE,all_to_shortest,greedy,5977,16,16,0.006998062133789,0.0903463275890915,True,5977.0,12,-1,5437.0
Uniform1-5000_Seed59_J20_M10,"[0.001064, 1.000000]",10,20,0.02,max_proc,lowest_lower_bound,NO_PROFILING,all_to_shortest,greedy,4786,10,10,0.004035472869873,0.0181780192227329,True,4699.0,8,-1,4699.0
Uniform1-5000_Seed59_J20_M10,"[0.001064, 1.000000]",10,20,0.01,max_proc,lowest_lower_bound,PRUNE,all_to_shortest,greedy,4699,11,11,0.0049960613250732,0.0,True,4699.0,9,11,4699.0
Uniform1-5000_Seed60_J20_M10,"[0.009117, 0.916348]",10,20,0.02,max_proc,lowest_lower_bound,NO_PROFILING,all_to_shortest,greedy,5392,1128,2001,0.9367132186889648,0.0845882789317508,False,4935.9,11,-1,4935.9
Uniform1-5000_Seed60_J20_M10,"[0.009117, 0.916348]",10,20,0.01,max_proc,lowest_lower_bound,PRUNE,all_to_shortest,greedy,5382,18,58,0.0179986953735351,0.0828874024526199,True,5281.0,16,-1,4935.9
Uniform1-5000_Seed61_J20_M10,"[0.058089, 0.869996]",10,20,0.02,max_proc,lowest_lower_bound,NO_PROFILING,all_to_shortest,greedy,5905,16,2001,0.9802136421203612,0.1108213378492802,False,5250.6,10,-1,5250.6
Uniform1-5000_Seed61_J20_M10,"[0.058089, 0.869996]",10,20,0.01,max_proc,lowest_lower_bound,PRUNE,all_to_shortest,greedy,5599,18,18,0.0080020427703857,0.0622253973923914,True,5505.0,14,-1,5250.6
Uniform1-5000_Seed62_J20_M10,"[0.018908, 0.926508]",10,20,0.02,max_proc,lowest_lower_bound,NO_PROFILING,all_to_shortest,greedy,6172,45,2001,0.960878849029541,0.1602559948152949,False,5182.9,10,-1,5182.9
Uniform1-5000_Seed62_J20_M10,"[0.018908, 0.926508]",10,20,0.01,max_proc,lowest_lower_bound,PRUNE,all_to_shortest,greedy,5994,15,15,0.0080025196075439,0.1353186519853187,True,5994.0,13,-1,5182.9
Uniform1-5000_Seed63_J20_M10,"[0.029885, 0.797703]",10,20,0.02,max_proc,lowest_lower_bound,NO_PROFILING,all_to_shortest,greedy,5262,979,2001,1.1134116649627686,0.109711136450019,False,4684.7,10,-1,4684.7
Uniform1-5000_Seed63_J20_M10,"[0.029885, 0.797703]",10,20,0.01,max_proc,lowest_lower_bound,PRUNE,all_to_shortest,greedy,5069,20,20,0.0090003013610839,0.0758137699743539,True,5069.0,15,-1,4684.7
Uniform1-5000_Seed64_J20_M10,"[0.011869, 1.000000]",10,20,0.02,max_proc,lowest_lower_bound,NO_PROFILING,all_to_shortest,greedy,4635,4,4,0.0020310878753662,0.0002157497303128,True,4634.0,2,-1,4634.0
Uniform1-5000_Seed64_J20_M10,"[0.011869, 1.000000]",10,20,0.01,max_proc,lowest_lower_bound,PRUNE,all_to_shortest,greedy,4635,4,4,0.002000093460083,0.0002157497303128,True,4634.0,2,-1,4634.0
Uniform1-5000_Seed65_J20_M10,"[0.025683, 0.900020]",10,20,0.02,max_proc,lowest_lower_bound,NO_PROFILING,all_to_shortest,greedy,6174,12,2001,0.8574962615966797,0.1234045999352121,False,5412.1,10,-1,5412.1
Uniform1-5000_Seed65_J20_M10,"[0.025683, 0.900020]",10,20,0.01,max_proc,lowest_lower_bound,PRUNE,all_to_shortest,greedy,6078,13,13,0.0059661865234375,0.1095590654820664,True,6078.0,11,-1,5412.1
Uniform1-5000_Seed66_J20_M10,"[0.010809, 1.000000]",10,20,0.02,max_proc,lowest_lower_bound,NO_PROFILING,all_to_shortest,greedy,4811,15,15,0.0050301551818847,0.0,True,4811.0,13,15,4811.0
Uniform1-5000_Seed66_J20_M10,"[0.010809, 1.000000]",10,20,0.01,max_proc,lowest_lower_bound,PRUNE,all_to_shortest,greedy,4811,14,14,0.0063922405242919,0.0,True,4811.0,12,14,4811.0
Uniform1-5000_Seed67_J20_M10,"[0.073404, 1.000000]",10,20,0.02,max_proc,lowest_lower_bound,NO_PROFILING,all_to_shortest,greedy,4918,11,11,0.0049982070922851,0.0,True,4918.0,9,11,4918.0
Uniform1-5000_Seed67_J20_M10,"[0.073404, 1.000000]",10,20,0.01,max_proc,lowest_lower_bound,PRUNE,all_to_shortest,greedy,4918,15,15,0.0070030689239501,0.0,True,4918.0,13,15,4918.0
Uniform1-5000_Seed68_J20_M10,"[0.029437, 1.000000]",10,20,0.02,max_proc,lowest_lower_bound,NO_PROFILING,all_to_shortest,greedy,4837,11,11,0.0042479038238525,0.0167459168906346,True,4756.0,9,-1,4756.0
Uniform1-5000_Seed68_J20_M10,"[0.029437, 1.000000]",10,20,0.01,max_proc,lowest_lower_bound,PRUNE,all_to_shortest,greedy,4756,57,57,0.018794298171997,0.0,True,4756.0,17,57,4756.0
Uniform1-5000_Seed69_J20_M10,"[0.052059, 0.961589]",10,20,0.02,max_proc,lowest_lower_bound,NO_PROFILING,all_to_shortest,greedy,5469,24,2001,0.8813736438751221,0.0903090144450538,False,4975.1,11,-1,4975.1
Uniform1-5000_Seed69_J20_M10,"[0.052059, 0.961589]",10,20,0.01,max_proc,lowest_lower_bound,PRUNE,all_to_shortest,greedy,5235,32,32,0.0112814903259277,0.0496466093600763,True,5199.0,16,-1,4975.1
Uniform1-5000_Seed70_J20_M10,"[0.049741, 0.872593]",10,20,0.02,max_proc,lowest_lower_bound,NO_PROFILING,all_to_shortest,greedy,6557,766,2001,0.9942808151245116,0.1414976361140766,False,5629.2,10,-1,5629.2
Uniform1-5000_Seed70_J20_M10,"[0.049741, 0.872593]",10,20,0.01,max_proc,lowest_lower_bound,PRUNE,all_to_shortest,greedy,6437,14,16,0.0069975852966308,0.1254932421935684,True,6347.0,12,-1,5629.2
Uniform1-5000_Seed71_J20_M10,"[0.033752, 1.000000]",10,20,0.02,max_proc,lowest_lower_bound,NO_PROFILING,all_to_shortest,greedy,4886,74,2001,0.6488785743713379,0.0540319279574293,False,4622.0,10,-1,4622.0
Uniform1-5000_Seed71_J20_M10,"[0.033752, 1.000000]",10,20,0.01,max_proc,lowest_lower_bound,PRUNE,all_to_shortest,greedy,4942,14,14,0.0058760643005371,0.0647511129097531,True,4886.0,10,-1,4622.0
Uniform1-5000_Seed72_J20_M10,"[0.064515, 0.858174]",10,20,0.02,max_proc,lowest_lower_bound,NO_PROFILING,all_to_shortest,greedy,6438,11,2001,0.8682048320770264,0.130848089468779,False,5595.6,10,-1,5595.6
Uniform1-5000_Seed72_J20_M10,"[0.064515, 0.858174]",10,20,0.01,max_proc,lowest_lower_bound,PRUNE,all_to_shortest,greedy,6346,16,16,0.0069992542266845,0.1182477150961234,True,6263.0,12,-1,5595.6
Uniform1-5000_Seed73_J20_M10,"[0.030924, 0.945809]",10,20,0.02,max_proc,lowest_lower_bound,NO_PROFILING,all_to_shortest,greedy,5348,87,2001,0.8486611843109131,0.1111443530291697,False,4753.6,10,-1,4753.6
Uniform1-5000_Seed73_J20_M10,"[0.030924, 0.945809]",10,20,0.01,max_proc,lowest_lower_bound,PRUNE,all_to_shortest,greedy,5238,17,17,0.0069987773895263,0.0924780450553645,True,5238.0,12,-1,4753.6
Uniform1-5000_Seed74_J20_M10,"[0.043294, 0.854836]",10,20,0.02,max_proc,lowest_lower_bound,NO_PROFILING,all_to_shortest,greedy,6678,11,2001,1.0787301063537598,0.1318358790056902,False,5797.6,10,-1,5797.6
Uniform1-5000_Seed74_J20_M10,"[0.043294, 0.854836]",10,20,0.01,max_proc,lowest_lower_bound,PRUNE,all_to_shortest,greedy,6467,77,185,0.0520021915435791,0.1035101283438997,True,6419.0,15,-1,5797.6
Uniform1-5000_Seed75_J20_M10,"[0.046030, 1.000000]",10,20,0.02,max_proc,lowest_lower_bound,NO_PROFILING,all_to_shortest,greedy,4345,5,5,0.0013086795806884,0.0,True,4345.0,3,5,4345.0
Uniform1-5000_Seed75_J20_M10,"[0.046030, 1.000000]",10,20,0.01,max_proc,lowest_lower_bound,PRUNE,all_to_shortest,greedy,4345,6,6,0.0035085678100585,0.0,True,4345.0,4,6,4345.0
Uniform1-5000_Seed76_J20_M10,"[0.020525, 0.880029]",10,20,0.02,max_proc,lowest_lower_bound,NO_PROFILING,all_to_shortest,greedy,6352,1243,2001,1.4640517234802246,0.1332651133501259,False,5505.5,11,-1,5505.5
Uniform1-5000_Seed76_J20_M10,"[0.020525, 0.880029]",10,20,0.01,max_proc,lowest_lower_bound,PRUNE,all_to_shortest,greedy,5789,238,238,0.0729320049285888,0.0489721886336154,True,5739.0,17,-1,5505.5
Uniform1-5000_Seed77_J20_M10,"[0.032005, 0.933476]",10,20,0.02,max_proc,lowest_lower_bound,NO_PROFILING,all_to_shortest,greedy,5813,517,2001,1.0169501304626465,0.0969895062790297,False,5249.2,10,-1,5249.2
Uniform1-5000_Seed77_J20_M10,"[0.032005, 0.933476]",10,20,0.01,max_proc,lowest_lower_bound,PRUNE,all_to_shortest,greedy,5621,25,27,0.011000633239746,0.0661448140900196,True,5519.0,14,-1,5249.2
Uniform1-5000_Seed78_J20_M10,"[0.028684, 0.899990]",10,20,0.02,max_proc,lowest_lower_bound,NO_PROFILING,all_to_shortest,greedy,5886,10,2001,0.6862742900848389,0.1174821610601427,False,5194.5,10,-1,5194.5
Uniform1-5000_Seed78_J20_M10,"[0.028684, 0.899990]",10,20,0.01,max_proc,lowest_lower_bound,PRUNE,all_to_shortest,greedy,5886,13,13,0.0049943923950195,0.1174821610601427,True,5886.0,10,-1,5194.5
Uniform1-5000_Seed79_J20_M10,"[0.035993, 0.910349]",10,20,0.02,max_proc,lowest_lower_bound,NO_PROFILING,all_to_shortest,greedy,6032,668,2001,0.7786049842834473,0.1018401856763926,False,5417.7,13,-1,5417.7
Uniform1-5000_Seed79_J20_M10,"[0.035993, 0.910349]",10,20,0.01,max_proc,lowest_lower_bound,PRUNE,all_to_shortest,greedy,6034,27,27,0.0101070404052734,0.1021378853165396,True,6032.0,14,-1,5417.7
Uniform1-5000_Seed80_J20_M10,"[0.028279, 1.000000]",10,20,0.02,max_proc,lowest_lower_bound,NO_PROFILING,all_to_shortest,greedy,4938,14,14,0.0050323009490966,0.0117456460105305,True,4880.0,12,-1,4880.0
Uniform1-5000_Seed80_J20_M10,"[0.028279, 1.000000]",10,20,0.01,max_proc,lowest_lower_bound,PRUNE,all_to_shortest,greedy,4884,17,17,0.0077345371246337,0.0008190008190008,True,4880.0,12,-1,4880.0
Uniform1-5000_Seed81_J20_M10,"[0.018898, 0.938604]",10,20,0.02,max_proc,lowest_lower_bound,NO_PROFILING,all_to_shortest,greedy,5329,5,2001,0.6989915370941162,0.1659035466316382,False,4444.9,10,-1,4444.9
Uniform1-5000_Seed81_J20_M10,"[0.018898, 0.938604]",10,20,0.01,max_proc,lowest_lower_bound,PRUNE,all_to_shortest,greedy,5329,12,12,0.0050933361053466,0.1659035466316382,True,5329.0,10,-1,4444.9
Uniform1-5000_Seed82_J20_M10,"[0.025937, 0.893461]",10,20,0.02,max_proc,lowest_lower_bound,NO_PROFILING,all_to_shortest,greedy,5844,302,2001,0.9553205966949464,0.1291581108829569,False,5089.2,10,-1,5089.2
Uniform1-5000_Seed82_J20_M10,"[0.025937, 0.893461]",10,20,0.01,max_proc,lowest_lower_bound,PRUNE,all_to_shortest,greedy,5475,18,18,0.0080373287200927,0.0704657534246575,True,5459.0,16,-1,5089.2
Uniform1-5000_Seed83_J20_M10,"[0.048174, 0.872977]",10,20,0.02,max_proc,lowest_lower_bound,NO_PROFILING,all_to_shortest,greedy,6368,34,2001,0.944617748260498,0.1133479899497487,False,5646.2,10,-1,5646.2
Uniform1-5000_Seed83_J20_M10,"[0.048174, 0.872977]",10,20,0.01,max_proc,lowest_lower_bound,PRUNE,all_to_shortest,greedy,6182,14,14,0.0060286521911621,0.0866709802652863,True,6179.0,12,-1,5646.2
Uniform1-5000_Seed84_J20_M10,"[0.053931, 0.881761]",10,20,0.02,max_proc,lowest_lower_bound,NO_PROFILING,all_to_shortest,greedy,6782,9,2001,0.6818521022796631,0.1715865526393394,False,5618.3,10,-1,5618.3
Uniform1-5000_Seed84_J20_M10,"[0.053931, 0.881761]",10,20,0.01,max_proc,lowest_lower_bound,PRUNE,all_to_shortest,greedy,6907,13,13,0.0189347267150878,0.1865788330679021,True,6782.0,11,-1,5618.3
Uniform1-5000_Seed85_J20_M10,"[0.066961, 1.000000]",10,20,0.02,max_proc,lowest_lower_bound,NO_PROFILING,all_to_shortest,greedy,4764,6,6,0.0023798942565917,0.0,True,4764.0,4,6,4764.0
Uniform1-5000_Seed85_J20_M10,"[0.066961, 1.000000]",10,20,0.01,max_proc,lowest_lower_bound,PRUNE,all_to_shortest,greedy,4764,6,6,0.0036122798919677,0.0,True,4764.0,4,6,4764.0
Uniform1-5000_Seed86_J20_M10,"[0.071309, 0.930435]",10,20,0.02,max_proc,lowest_lower_bound,NO_PROFILING,all_to_shortest,greedy,5998,809,2001,1.0630669593811035,0.1209069689896631,False,5272.8,10,-1,5272.8
Uniform1-5000_Seed86_J20_M10,"[0.071309, 0.930435]",10,20,0.01,max_proc,lowest_lower_bound,PRUNE,all_to_shortest,greedy,5840,14,14,0.0069971084594726,0.0971232876712328,True,5762.0,12,-1,5272.8
Uniform1-5000_Seed87_J20_M10,"[0.013279, 1.000000]",10,20,0.02,max_proc,lowest_lower_bound,NO_PROFILING,all_to_shortest,greedy,5035,1724,2001,0.8466341495513916,0.0726911618669314,False,4669.0,11,-1,4669.0
Uniform1-5000_Seed87_J20_M10,"[0.013279, 1.000000]",10,20,0.01,max_proc,lowest_lower_bound,PRUNE,all_to_shortest,greedy,4815,17,17,0.0069928169250488,0.0303219106957424,True,4775.0,13,-1,4669.0
Uniform1-5000_Seed88_J20_M10,"[0.001571, 0.969320]",10,20,0.02,max_proc,lowest_lower_bound,NO_PROFILING,all_to_shortest,greedy,5647,197,2001,0.8789076805114746,0.0984239419160616,False,5091.2,11,-1,5091.2
Uniform1-5000_Seed88_J20_M10,"[0.001571, 0.969320]",10,20,0.01,max_proc,lowest_lower_bound,PRUNE,all_to_shortest,greedy,5297,16,16,0.0069992542266845,0.0388521804795167,True,5297.0,14,-1,5091.2
Uniform1-5000_Seed89_J20_M10,"[0.050606, 1.000000]",10,20,0.02,max_proc,lowest_lower_bound,NO_PROFILING,all_to_shortest,greedy,4782,4,4,0.0010290145874023,0.0,True,4782.0,2,4,4782.0
Uniform1-5000_Seed89_J20_M10,"[0.050606, 1.000000]",10,20,0.01,max_proc,lowest_lower_bound,PRUNE,all_to_shortest,greedy,4782,4,4,0.0020298957824707,0.0,True,4782.0,2,4,4782.0
Uniform1-5000_Seed90_J20_M10,"[0.022032, 1.000000]",10,20,0.02,max_proc,lowest_lower_bound,NO_PROFILING,all_to_shortest,greedy,5004,1289,2001,0.8387024402618408,0.0203836930455635,False,4902.0,10,-1,4902.0
Uniform1-5000_Seed90_J20_M10,"[0.022032, 1.000000]",10,20,0.01,max_proc,lowest_lower_bound,PRUNE,all_to_shortest,greedy,5004,13,13,0.007059097290039,0.0203836930455635,True,5004.0,11,-1,4902.0
Uniform1-5000_Seed91_J20_M10,"[0.031164, 0.988130]",10,20,0.02,max_proc,lowest_lower_bound,NO_PROFILING,all_to_shortest,greedy,5426,264,2001,0.8553707599639893,0.0715444157758938,False,5037.8,12,-1,5037.8
Uniform1-5000_Seed91_J20_M10,"[0.031164, 0.988130]",10,20,0.01,max_proc,lowest_lower_bound,PRUNE,all_to_shortest,greedy,5353,39,88,0.0270023345947265,0.0588828694190173,True,5250.0,16,-1,5037.8
Uniform1-5000_Seed92_J20_M10,"[0.008839, 0.932168]",10,20,0.02,max_proc,lowest_lower_bound,NO_PROFILING,all_to_shortest,greedy,6130,791,2001,0.8126964569091797,0.1510603588907014,False,5204.0,10,-1,5204.0
Uniform1-5000_Seed92_J20_M10,"[0.008839, 0.932168]",10,20,0.01,max_proc,lowest_lower_bound,PRUNE,all_to_shortest,greedy,5796,13,14,0.0055642127990722,0.1021394064872325,True,5702.0,11,-1,5204.0
Uniform1-5000_Seed93_J20_M10,"[0.040605, 0.801870]",10,20,0.02,max_proc,lowest_lower_bound,NO_PROFILING,all_to_shortest,greedy,6681,11,2001,1.0833280086517334,0.1226912138901361,False,5861.3,11,-1,5861.3
Uniform1-5000_Seed93_J20_M10,"[0.040605, 0.801870]",10,20,0.01,max_proc,lowest_lower_bound,PRUNE,all_to_shortest,greedy,6335,23,23,0.0085997581481933,0.0747750591949486,True,6247.0,14,-1,5861.3
Uniform1-5000_Seed94_J20_M10,"[0.045161, 0.872650]",10,20,0.02,max_proc,lowest_lower_bound,NO_PROFILING,all_to_shortest,greedy,5571,345,2001,1.0297541618347168,0.1017232094776521,False,5004.3,11,-1,5004.3
Uniform1-5000_Seed94_J20_M10,"[0.045161, 0.872650]",10,20,0.01,max_proc,lowest_lower_bound,PRUNE,all_to_shortest,greedy,5248,94,94,0.0310339927673339,0.046436737804878,True,5248.0,15,-1,5004.3
Uniform1-5000_Seed95_J20_M10,"[0.063753, 0.803684]",10,20,0.02,max_proc,lowest_lower_bound,NO_PROFILING,all_to_shortest,greedy,6503,872,2001,0.9679834842681884,0.1485468245425188,False,5537.0,10,-1,5537.0
Uniform1-5000_Seed95_J20_M10,"[0.063753, 0.803684]",10,20,0.01,max_proc,lowest_lower_bound,PRUNE,all_to_shortest,greedy,6343,14,14,0.0070052146911621,0.1270692101529245,True,6343.0,12,-1,5537.0
Uniform1-5000_Seed96_J20_M10,"[0.083278, 0.842368]",10,20,0.02,max_proc,lowest_lower_bound,NO_PROFILING,all_to_shortest,greedy,5248,739,2001,1.2187292575836182,0.1053544207317072,False,4695.1,11,-1,4695.1
Uniform1-5000_Seed96_J20_M10,"[0.083278, 0.842368]",10,20,0.01,max_proc,lowest_lower_bound,PRUNE,all_to_shortest,greedy,5036,125,125,0.0471885204315185,0.0676926131850674,True,5036.0,15,-1,4695.1
Uniform1-5000_Seed97_J20_M10,"[0.021115, 0.985817]",10,20,0.02,max_proc,lowest_lower_bound,NO_PROFILING,all_to_shortest,greedy,5235,293,2001,0.990936279296875,0.0410315186246418,False,5020.2,12,-1,5020.2
Uniform1-5000_Seed97_J20_M10,"[0.021115, 0.985817]",10,20,0.01,max_proc,lowest_lower_bound,PRUNE,all_to_shortest,greedy,5215,49,49,0.0232715606689453,0.0373537871524449,True,5215.0,17,-1,5020.2
Uniform1-5000_Seed98_J20_M10,"[0.000551, 0.884611]",10,20,0.02,max_proc,lowest_lower_bound,NO_PROFILING,all_to_shortest,greedy,6816,37,2001,1.2014760971069336,0.2012617370892019,False,5444.2,10,-1,5444.2
Uniform1-5000_Seed98_J20_M10,"[0.000551, 0.884611]",10,20,0.01,max_proc,lowest_lower_bound,PRUNE,all_to_shortest,greedy,6655,15,15,0.0071089267730712,0.1819383921863261,True,6655.0,11,-1,5444.2
Uniform1-5000_Seed99_J20_M10,"[0.011419, 1.000000]",10,20,0.02,max_proc,lowest_lower_bound,NO_PROFILING,all_to_shortest,greedy,4977,7,7,0.0049705505371093,0.0146674703636728,True,4904.0,5,-1,4904.0
Uniform1-5000_Seed99_J20_M10,"[0.011419, 1.000000]",10,20,0.01,max_proc,lowest_lower_bound,PRUNE,all_to_shortest,greedy,4977,8,8,0.0049898624420166,0.0146674703636728,True,4904.0,6,-1,4904.0
Uniform1-5000_Seed100_J20_M10,"[0.015744, 0.982819]",10,20,0.02,max_proc,lowest_lower_bound,NO_PROFILING,all_to_shortest,greedy,5495,1831,2001,1.098825454711914,0.0752866242038216,False,5081.3,13,-1,5081.3
Uniform1-5000_Seed100_J20_M10,"[0.015744, 0.982819]",10,20,0.01,max_proc,lowest_lower_bound,PRUNE,all_to_shortest,greedy,5491,123,218,0.0803494453430175,0.0746130030959752,True,5396.0,15,-1,5081.3
Uniform1-5000_Seed1_J50_M25,"[0.029116, 1.000000]",25,50,0.02,max_proc,lowest_lower_bound,NO_PROFILING,all_to_shortest,greedy,6133,1988,2001,8.986411809921265,0.2071221262025109,False,4980.0,25,-1,4862.72
Uniform1-5000_Seed1_J50_M25,"[0.029116, 1.000000]",25,50,0.01,max_proc,lowest_lower_bound,PRUNE,all_to_shortest,greedy,5403,40,40,0.126845121383667,0.0999962983527669,True,5326.0,35,-1,4862.72
Uniform1-5000_Seed2_J50_M25,"[0.005658, 0.882078]",25,50,0.02,max_proc,lowest_lower_bound,NO_PROFILING,all_to_shortest,greedy,6728,1114,2001,14.39432430267334,0.1593400713436385,False,5655.96,25,-1,5655.96
Uniform1-5000_Seed2_J50_M25,"[0.005658, 0.882078]",25,50,0.01,max_proc,lowest_lower_bound,PRUNE,all_to_shortest,greedy,6160,486,486,1.5782933235168457,0.0818246753246753,True,6142.0,35,-1,5655.96
Uniform1-5000_Seed3_J50_M25,"[0.051701, 0.937018]",25,50,0.02,max_proc,lowest_lower_bound,NO_PROFILING,all_to_shortest,greedy,6410,1515,2001,11.443960428237917,0.1702028081123245,False,5319.0,25,-1,5319.0
Uniform1-5000_Seed3_J50_M25,"[0.051701, 0.937018]",25,50,0.01,max_proc,lowest_lower_bound,PRUNE,all_to_shortest,greedy,5597,55,55,0.1771924495697021,0.049669465785242,True,5492.0,41,-1,5319.0
Uniform1-5000_Seed4_J50_M25,"[0.011811, 1.000000]",25,50,0.02,max_proc,lowest_lower_bound,NO_PROFILING,all_to_shortest,greedy,5667,813,2001,8.783080577850342,0.1485724369154755,False,4826.0,30,-1,4825.04
Uniform1-5000_Seed4_J50_M25,"[0.011811, 1.000000]",25,50,0.01,max_proc,lowest_lower_bound,PRUNE,all_to_shortest,greedy,5127,444,2001,5.915460109710693,0.0588960405695338,False,4990.0,40,-1,4825.04
Uniform1-5000_Seed5_J50_M25,"[0.008319, 0.989756]",25,50,0.02,max_proc,lowest_lower_bound,NO_PROFILING,all_to_shortest,greedy,5880,207,2001,8.809162378311157,0.1413741496598639,False,5048.72,25,-1,5048.72
Uniform1-5000_Seed5_J50_M25,"[0.008319, 0.989756]",25,50,0.01,max_proc,lowest_lower_bound,PRUNE,all_to_shortest,greedy,5565,595,2001,4.624942302703857,0.0927726864330637,False,5302.0,36,-1,5048.72
Uniform1-5000_Seed6_J50_M25,"[0.044728, 0.980877]",25,50,0.02,max_proc,lowest_lower_bound,NO_PROFILING,all_to_shortest,greedy,5986,852,2001,9.217395544052124,0.1484330103575009,False,5097.48,25,-1,5097.48
Uniform1-5000_Seed6_J50_M25,"[0.044728, 0.980877]",25,50,0.01,max_proc,lowest_lower_bound,PRUNE,all_to_shortest,greedy,6010,41,2001,8.01770281791687,0.1518336106489185,False,5332.0,34,-1,5097.48
Uniform1-5000_Seed7_J50_M25,"[0.019115, 0.998931]",25,50,0.02,max_proc,lowest_lower_bound,NO_PROFILING,all_to_shortest,greedy,6009,799,2001,8.21020770072937,0.1903478116159095,False,4865.2,25,-1,4865.2
Uniform1-5000_Seed7_J50_M25,"[0.019115, 0.998931]",25,50,0.01,max_proc,lowest_lower_bound,PRUNE,all_to_shortest,greedy,5261,44,44,0.1364686489105224,0.0752328454666413,True,5184.0,39,-1,4865.2
Uniform1-5000_Seed8_J50_M25,"[0.050595, 0.919481]",25,50,0.02,max_proc,lowest_lower_bound,NO_PROFILING,all_to_shortest,greedy,6443,1639,2001,8.397260665893555,0.1686667701381344,False,5356.28,26,-1,5356.28
Uniform1-5000_Seed8_J50_M25,"[0.050595, 0.919481]",25,50,0.01,max_proc,lowest_lower_bound,PRUNE,all_to_shortest,greedy,5636,746,746,2.0204765796661377,0.0496309439318666,True,5577.0,41,-1,5356.28
Uniform1-5000_Seed9_J50_M25,"[0.046328, 0.918230]",25,50,0.02,max_proc,lowest_lower_bound,NO_PROFILING,all_to_shortest,greedy,6215,707,2001,8.124594926834106,0.1699372485921158,False,5158.84,25,-1,5158.84
Uniform1-5000_Seed9_J50_M25,"[0.046328, 0.918230]",25,50,0.01,max_proc,lowest_lower_bound,PRUNE,all_to_shortest,greedy,6203,30,2001,6.672453165054321,0.1683314525229727,False,5583.0,33,-1,5158.84
Uniform1-5000_Seed10_J50_M25,"[0.018634, 1.000000]",25,50,0.02,max_proc,lowest_lower_bound,NO_PROFILING,all_to_shortest,greedy,4830,37,37,0.0949013233184814,0.0458053830227742,True,4830.0,35,-1,4608.76
Uniform1-5000_Seed10_J50_M25,"[0.018634, 1.000000]",25,50,0.01,max_proc,lowest_lower_bound,PRUNE,all_to_shortest,greedy,4923,165,165,0.4114134311676025,0.0638309973593337,True,4830.0,40,-1,4608.76
Uniform1-5000_Seed11_J50_M25,"[0.025872, 0.964798]",25,50,0.02,max_proc,lowest_lower_bound,NO_PROFILING,all_to_shortest,greedy,6439,1698,2001,7.89388370513916,0.1956328622456903,False,5179.32,25,-1,5179.32
Uniform1-5000_Seed11_J50_M25,"[0.025872, 0.964798]",25,50,0.01,max_proc,lowest_lower_bound,PRUNE,all_to_shortest,greedy,5863,30,30,0.0953209400177002,0.1166092444141225,True,5782.0,28,-1,5179.32
Uniform1-5000_Seed12_J50_M25,"[0.009864, 0.956644]",25,50,0.02,max_proc,lowest_lower_bound,NO_PROFILING,all_to_shortest,greedy,5686,231,2001,6.069387435913086,0.1085543440028138,False,5068.76,26,-1,5068.76
Uniform1-5000_Seed12_J50_M25,"[0.009864, 0.956644]",25,50,0.01,max_proc,lowest_lower_bound,PRUNE,all_to_shortest,greedy,5463,43,43,0.1241195201873779,0.0721654768442247,True,5444.0,38,-1,5068.76
Uniform1-5000_Seed13_J50_M25,"[0.002429, 1.000000]",25,50,0.02,max_proc,lowest_lower_bound,NO_PROFILING,all_to_shortest,greedy,4940,23,23,0.0585768222808837,0.1394008097165992,True,4940.0,21,-1,4251.36
Uniform1-5000_Seed13_J50_M25,"[0.002429, 1.000000]",25,50,0.01,max_proc,lowest_lower_bound,PRUNE,all_to_shortest,greedy,4985,26,26,0.0740811824798584,0.1471695085255768,True,4940.0,24,-1,4251.36
Uniform1-5000_Seed14_J50_M25,"[0.005782, 1.000000]",25,50,0.02,max_proc,lowest_lower_bound,NO_PROFILING,all_to_shortest,greedy,4896,35,35,0.0866022109985351,0.0108251633986928,True,4843.0,33,-1,4843.0
Uniform1-5000_Seed14_J50_M25,"[0.005782, 1.000000]",25,50,0.01,max_proc,lowest_lower_bound,PRUNE,all_to_shortest,greedy,4843,40,40,0.1164264678955078,0.0,True,4843.0,38,40,4843.0
Uniform1-5000_Seed15_J50_M25,"[0.003977, 0.988323]",25,50,0.02,max_proc,lowest_lower_bound,NO_PROFILING,all_to_shortest,greedy,6168,671,2001,8.387884855270386,0.1847081712062256,False,5028.72,25,-1,5028.72
Uniform1-5000_Seed15_J50_M25,"[0.003977, 0.988323]",25,50,0.01,max_proc,lowest_lower_bound,PRUNE,all_to_shortest,greedy,5349,40,40,0.1188492774963378,0.0598766124509253,True,5248.0,38,-1,5028.72
Uniform1-5000_Seed16_J50_M25,"[0.026656, 1.000000]",25,50,0.02,max_proc,lowest_lower_bound,NO_PROFILING,all_to_shortest,greedy,5586,441,2001,6.031264305114746,0.1403508771929824,False,4802.0,28,-1,4802.0
Uniform1-5000_Seed16_J50_M25,"[0.026656, 1.000000]",25,50,0.01,max_proc,lowest_lower_bound,PRUNE,all_to_shortest,greedy,5074,118,118,0.3211071491241455,0.0536066219944816,True,4981.0,33,-1,4802.0
Uniform1-5000_Seed17_J50_M25,"[0.032289, 0.928275]",25,50,0.02,max_proc,lowest_lower_bound,NO_PROFILING,all_to_shortest,greedy,6035,1508,2001,9.42748236656189,0.1430057995028997,False,5171.96,25,-1,5171.96
Uniform1-5000_Seed17_J50_M25,"[0.032289, 0.928275]",25,50,0.01,max_proc,lowest_lower_bound,PRUNE,all_to_shortest,greedy,5909,590,2001,5.763227701187134,0.1247317651040785,False,5289.0,38,-1,5171.96
Uniform1-5000_Seed18_J50_M25,"[0.030071, 0.956919]",25,50,0.02,max_proc,lowest_lower_bound,NO_PROFILING,all_to_shortest,greedy,6517,631,2001,8.801310539245605,0.1988767837962252,False,5220.92,25,-1,5220.92
Uniform1-5000_Seed18_J50_M25,"[0.030071, 0.956919]",25,50,0.01,max_proc,lowest_lower_bound,PRUNE,all_to_shortest,greedy,5663,40,40,0.1376645565032959,0.0780646300547412,True,5663.0,38,-1,5220.92
Uniform1-5000_Seed19_J50_M25,"[0.010676, 0.930993]",25,50,0.02,max_proc,lowest_lower_bound,NO_PROFILING,all_to_shortest,greedy,6205,1108,2001,7.60630202293396,0.1848444802578565,False,5058.04,25,-1,5058.04
Uniform1-5000_Seed19_J50_M25,"[0.010676, 0.930993]",25,50,0.01,max_proc,lowest_lower_bound,PRUNE,all_to_shortest,greedy,5602,36,36,0.1283881664276123,0.0971010353445198,True,5602.0,34,-1,5058.04
Uniform1-5000_Seed20_J50_M25,"[0.008086, 0.895391]",25,50,0.02,max_proc,lowest_lower_bound,NO_PROFILING,all_to_shortest,greedy,6414,1978,2001,6.555404424667358,0.1516682257561584,False,5441.2,25,-1,5441.2
Uniform1-5000_Seed20_J50_M25,"[0.008086, 0.895391]",25,50,0.01,max_proc,lowest_lower_bound,PRUNE,all_to_shortest,greedy,6091,32,32,0.1062662601470947,0.1066819898210474,True,6047.0,30,-1,5441.2
Uniform1-5000_Seed21_J50_M25,"[0.009889, 1.000000]",25,50,0.02,max_proc,lowest_lower_bound,NO_PROFILING,all_to_shortest,greedy,5035,28,28,0.078723669052124,0.0158887785501489,True,4955.0,26,-1,4955.0
Uniform1-5000_Seed21_J50_M25,"[0.009889, 1.000000]",25,50,0.01,max_proc,lowest_lower_bound,PRUNE,all_to_shortest,greedy,5029,47,47,0.143242597579956,0.0147146550009942,True,4955.0,29,-1,4955.0
Uniform1-5000_Seed22_J50_M25,"[0.056361, 1.000000]",25,50,0.02,max_proc,lowest_lower_bound,NO_PROFILING,all_to_shortest,greedy,4997,27,27,0.0744481086730957,0.0058034820892535,True,4968.0,25,-1,4968.0
Uniform1-5000_Seed22_J50_M25,"[0.056361, 1.000000]",25,50,0.01,max_proc,lowest_lower_bound,PRUNE,all_to_shortest,greedy,5022,29,29,0.1196143627166748,0.010752688172043,True,4968.0,27,-1,4968.0
Uniform1-5000_Seed23_J50_M25,"[0.008266, 1.000000]",25,50,0.02,max_proc,lowest_lower_bound,NO_PROFILING,all_to_shortest,greedy,5355,380,2001,7.718806743621826,0.0963585434173669,False,4839.0,31,-1,4839.0
Uniform1-5000_Seed23_J50_M25,"[0.008266, 1.000000]",25,50,0.01,max_proc,lowest_lower_bound,PRUNE,all_to_shortest,greedy,5493,252,2001,7.27021598815918,0.1190606226105953,False,4839.0,31,-1,4839.0
Uniform1-5000_Seed24_J50_M25,"[0.019773, 0.898219]",25,50,0.02,max_proc,lowest_lower_bound,NO_PROFILING,all_to_shortest,greedy,6754,1024,2001,8.996763229370117,0.1913058928042641,False,5461.92,25,-1,5461.92
Uniform1-5000_Seed24_J50_M25,"[0.019773, 0.898219]",25,50,0.01,max_proc,lowest_lower_bound,PRUNE,all_to_shortest,greedy,6449,32,32,0.1125681400299072,0.1530593890525662,True,6449.0,30,-1,5461.92
Uniform1-5000_Seed25_J50_M25,"[0.003031, 1.000000]",25,50,0.02,max_proc,lowest_lower_bound,NO_PROFILING,all_to_shortest,greedy,4949,140,140,0.3479585647583008,0.0,True,4949.0,41,140,4949.0
Uniform1-5000_Seed25_J50_M25,"[0.003031, 1.000000]",25,50,0.01,max_proc,lowest_lower_bound,PRUNE,all_to_shortest,greedy,4987,1010,1010,2.6312122344970703,0.0076198115099258,True,4949.0,41,-1,4949.0
Uniform1-5000_Seed26_J50_M25,"[0.004463, 0.888560]",25,50,0.02,max_proc,lowest_lower_bound,NO_PROFILING,all_to_shortest,greedy,6262,1587,2001,8.113290309906006,0.1055253912488023,False,5601.2,39,-1,5601.2
Uniform1-5000_Seed26_J50_M25,"[0.004463, 0.888560]",25,50,0.01,max_proc,lowest_lower_bound,PRUNE,all_to_shortest,greedy,6446,946,2001,6.500615835189819,0.1310580204778157,False,5601.2,39,-1,5601.2
Uniform1-5000_Seed27_J50_M25,"[0.041635, 0.893305]",25,50,0.02,max_proc,lowest_lower_bound,NO_PROFILING,all_to_shortest,greedy,6505,1602,2001,8.483262777328491,0.1655403535741737,False,5428.16,25,-1,5428.16
Uniform1-5000_Seed27_J50_M25,"[0.041635, 0.893305]",25,50,0.01,max_proc,lowest_lower_bound,PRUNE,all_to_shortest,greedy,6109,44,44,0.1685934066772461,0.1114486822720576,True,6039.0,31,-1,5428.16
Uniform1-5000_Seed28_J50_M25,"[0.009291, 1.000000]",25,50,0.02,max_proc,lowest_lower_bound,NO_PROFILING,all_to_shortest,greedy,4951,30,30,0.1322498321533203,0.0,True,4951.0,28,30,4951.0
Uniform1-5000_Seed28_J50_M25,"[0.009291, 1.000000]",25,50,0.01,max_proc,lowest_lower_bound,PRUNE,all_to_shortest,greedy,4995,33,33,0.1128997802734375,0.0088088088088088,True,4951.0,31,-1,4951.0
Uniform1-5000_Seed29_J50_M25,"[0.004210, 1.000000]",25,50,0.02,max_proc,lowest_lower_bound,NO_PROFILING,all_to_shortest,greedy,5745,1330,2001,8.68653917312622,0.1317667536988686,False,4988.0,27,-1,4988.0
Uniform1-5000_Seed29_J50_M25,"[0.004210, 1.000000]",25,50,0.01,max_proc,lowest_lower_bound,PRUNE,all_to_shortest,greedy,5428,1909,1909,6.238932132720947,0.0810611643330876,True,5378.0,32,-1,4988.0
Uniform1-5000_Seed30_J50_M25,"[0.009409, 1.000000]",25,50,0.02,max_proc,lowest_lower_bound,NO_PROFILING,all_to_shortest,greedy,6027,194,2001,6.889442920684815,0.1712294673967148,False,4995.0,25,-1,4995.0
Uniform1-5000_Seed30_J50_M25,"[0.009409, 1.000000]",25,50,0.01,max_proc,lowest_lower_bound,PRUNE,all_to_shortest,greedy,5467,32,32,0.0990462303161621,0.0863361990122553,True,5382.0,30,-1,4995.0
Uniform1-5000_Seed31_J50_M25,"[0.005914, 0.985047]",25,50,0.02,max_proc,lowest_lower_bound,NO_PROFILING,all_to_shortest,greedy,6192,919,2001,7.44037652015686,0.2081201550387597,False,4903.32,25,-1,4903.32
Uniform1-5000_Seed31_J50_M25,"[0.005914, 0.985047]",25,50,0.01,max_proc,lowest_lower_bound,PRUNE,all_to_shortest,greedy,5522,28,28,0.079425573348999,0.1120391162622238,True,5471.0,26,-1,4903.32
Uniform1-5000_Seed32_J50_M25,"[0.002037, 1.000000]",25,50,0.02,max_proc,lowest_lower_bound,NO_PROFILING,all_to_shortest,greedy,4930,36,36,0.0949959754943847,0.0044624746450304,True,4908.0,34,-1,4908.0
Uniform1-5000_Seed32_J50_M25,"[0.002037, 1.000000]",25,50,0.01,max_proc,lowest_lower_bound,PRUNE,all_to_shortest,greedy,4959,42,42,0.1115531921386718,0.0102843315184513,True,4908.0,40,-1,4908.0
Uniform1-5000_Seed33_J50_M25,"[0.011405, 1.000000]",25,50,0.02,max_proc,lowest_lower_bound,NO_PROFILING,all_to_shortest,greedy,4928,27,27,0.0576651096343994,0.0036525974025974,True,4910.0,25,-1,4910.0
Uniform1-5000_Seed33_J50_M25,"[0.011405, 1.000000]",25,50,0.01,max_proc,lowest_lower_bound,PRUNE,all_to_shortest,greedy,4943,35,35,0.1337714195251464,0.0066761076269471,True,4910.0,33,-1,4910.0
Uniform1-5000_Seed34_J50_M25,"[0.059335, 0.911205]",25,50,0.02,max_proc,lowest_lower_bound,NO_PROFILING,all_to_shortest,greedy,6673,410,2001,8.144605875015259,0.1791757830061442,False,5477.36,26,-1,5477.36
Uniform1-5000_Seed34_J50_M25,"[0.059335, 0.911205]",25,50,0.01,max_proc,lowest_lower_bound,PRUNE,all_to_shortest,greedy,5939,423,423,1.348003625869751,0.0777302576191278,True,5836.0,35,-1,5477.36
Uniform1-5000_Seed35_J50_M25,"[0.086617, 0.901657]",25,50,0.02,max_proc,lowest_lower_bound,NO_PROFILING,all_to_shortest,greedy,6473,1007,2001,9.412488460540771,0.1510211648385602,False,5495.44,25,-1,5495.44
Uniform1-5000_Seed35_J50_M25,"[0.086617, 0.901657]",25,50,0.01,max_proc,lowest_lower_bound,PRUNE,all_to_shortest,greedy,6063,939,2001,6.156323194503784,0.0936104238825664,False,5656.0,39,-1,5495.44
Uniform1-5000_Seed36_J50_M25,"[0.004546, 0.979914]",25,50,0.02,max_proc,lowest_lower_bound,NO_PROFILING,all_to_shortest,greedy,5771,46,2001,11.67148756980896,0.161462484837983,False,4839.2,25,-1,4839.2
Uniform1-5000_Seed36_J50_M25,"[0.004546, 0.979914]",25,50,0.01,max_proc,lowest_lower_bound,PRUNE,all_to_shortest,greedy,5314,39,39,0.1882920265197754,0.089348889725254,True,5314.0,37,-1,4839.2
Uniform1-5000_Seed37_J50_M25,"[0.002959, 0.916001]",25,50,0.02,max_proc,lowest_lower_bound,NO_PROFILING,all_to_shortest,greedy,6251,741,2001,7.600275993347168,0.1349864021756519,False,5407.2,27,-1,5407.2
Uniform1-5000_Seed37_J50_M25,"[0.002959, 0.916001]",25,50,0.01,max_proc,lowest_lower_bound,PRUNE,all_to_shortest,greedy,5811,77,77,0.2551751136779785,0.0694889003613836,True,5811.0,37,-1,5407.2
Uniform1-5000_Seed38_J50_M25,"[0.000198, 0.990262]",25,50,0.02,max_proc,lowest_lower_bound,NO_PROFILING,all_to_shortest,greedy,5786,108,2001,6.562615633010864,0.128918078119599,False,5040.08,34,-1,5040.08
Uniform1-5000_Seed38_J50_M25,"[0.000198, 0.990262]",25,50,0.01,max_proc,lowest_lower_bound,PRUNE,all_to_shortest,greedy,5786,184,2001,5.757754802703857,0.128918078119599,False,5040.08,34,-1,5040.08
Uniform1-5000_Seed39_J50_M25,"[0.013800, 0.982746]",25,50,0.02,max_proc,lowest_lower_bound,NO_PROFILING,all_to_shortest,greedy,6412,1978,2001,8.245810747146606,0.2089020586400498,False,5072.52,25,-1,5072.52
Uniform1-5000_Seed39_J50_M25,"[0.013800, 0.982746]",25,50,0.01,max_proc,lowest_lower_bound,PRUNE,all_to_shortest,greedy,5949,36,36,0.1272990703582763,0.1473323247604638,True,5863.0,31,-1,5072.52
Uniform1-5000_Seed40_J50_M25,"[0.082190, 0.887614]",25,50,0.02,max_proc,lowest_lower_bound,NO_PROFILING,all_to_shortest,greedy,6565,622,2001,7.430862665176392,0.1771332825590251,False,5402.12,25,-1,5402.12
Uniform1-5000_Seed40_J50_M25,"[0.082190, 0.887614]",25,50,0.01,max_proc,lowest_lower_bound,PRUNE,all_to_shortest,greedy,6177,32,32,0.1110806465148925,0.1254460093896713,True,6093.0,30,-1,5402.12
Uniform1-5000_Seed41_J50_M25,"[0.022505, 0.900731]",25,50,0.02,max_proc,lowest_lower_bound,NO_PROFILING,all_to_shortest,greedy,6804,135,2001,8.85638427734375,0.1967136978248088,False,5465.56,25,-1,5465.56
Uniform1-5000_Seed41_J50_M25,"[0.022505, 0.900731]",25,50,0.01,max_proc,lowest_lower_bound,PRUNE,all_to_shortest,greedy,6324,34,34,0.1111590862274169,0.1357432005060088,True,6225.0,30,-1,5465.56
Uniform1-5000_Seed42_J50_M25,"[0.027044, 1.000000]",25,50,0.02,max_proc,lowest_lower_bound,NO_PROFILING,all_to_shortest,greedy,4867,36,36,0.1017098426818847,0.0047257037189233,True,4844.0,34,-1,4844.0
Uniform1-5000_Seed42_J50_M25,"[0.027044, 1.000000]",25,50,0.01,max_proc,lowest_lower_bound,PRUNE,all_to_shortest,greedy,4844,43,43,0.1328260898590088,0.0,True,4844.0,39,43,4844.0
Uniform1-5000_Seed43_J50_M25,"[0.006631, 1.000000]",25,50,0.02,max_proc,lowest_lower_bound,NO_PROFILING,all_to_shortest,greedy,5984,1947,2001,6.283859729766846,0.1682820855614973,False,4977.0,29,-1,4977.0
Uniform1-5000_Seed43_J50_M25,"[0.006631, 1.000000]",25,50,0.01,max_proc,lowest_lower_bound,PRUNE,all_to_shortest,greedy,5535,639,820,1.826192140579224,0.1008130081300813,True,5458.0,31,-1,4977.0
Uniform1-5000_Seed44_J50_M25,"[0.024943, 1.000000]",25,50,0.02,max_proc,lowest_lower_bound,NO_PROFILING,all_to_shortest,greedy,5584,754,2001,6.93051815032959,0.1312679083094556,False,4851.0,28,-1,4851.0
Uniform1-5000_Seed44_J50_M25,"[0.024943, 1.000000]",25,50,0.01,max_proc,lowest_lower_bound,PRUNE,all_to_shortest,greedy,5015,155,155,0.3964483737945556,0.0327018943170488,True,5015.0,34,-1,4851.0
Uniform1-5000_Seed45_J50_M25,"[0.030446, 0.908915]",25,50,0.02,max_proc,lowest_lower_bound,NO_PROFILING,all_to_shortest,greedy,6481,43,2001,6.617446422576904,0.1688566579231599,False,5386.64,25,-1,5386.64
Uniform1-5000_Seed45_J50_M25,"[0.030446, 0.908915]",25,50,0.01,max_proc,lowest_lower_bound,PRUNE,all_to_shortest,greedy,5956,69,69,0.2214248180389404,0.0955943586299529,True,5873.0,35,-1,5386.64
Uniform1-5000_Seed46_J50_M25,"[0.003455, 1.000000]",25,50,0.02,max_proc,lowest_lower_bound,NO_PROFILING,all_to_shortest,greedy,4928,34,34,0.1258559226989746,0.0016233766233766,True,4920.0,32,-1,4920.0
Uniform1-5000_Seed46_J50_M25,"[0.003455, 1.000000]",25,50,0.01,max_proc,lowest_lower_bound,PRUNE,all_to_shortest,greedy,4920,39,39,0.1760931015014648,0.0,True,4920.0,37,39,4920.0
Uniform1-5000_Seed47_J50_M25,"[0.029914, 0.908500]",25,50,0.02,max_proc,lowest_lower_bound,NO_PROFILING,all_to_shortest,greedy,6342,75,2001,8.864548206329346,0.1460864080731629,False,5415.52,25,-1,5415.52
Uniform1-5000_Seed47_J50_M25,"[0.029914, 0.908500]",25,50,0.01,max_proc,lowest_lower_bound,PRUNE,all_to_shortest,greedy,5796,51,51,0.1572170257568359,0.0656452726017942,True,5748.0,41,-1,5415.52
Uniform1-5000_Seed48_J50_M25,"[0.009305, 0.897773]",25,50,0.02,max_proc,lowest_lower_bound,NO_PROFILING,all_to_shortest,greedy,6198,517,2001,6.791729927062988,0.1677444336882866,False,5158.32,25,-1,5158.32
Uniform1-5000_Seed48_J50_M25,"[0.009305, 0.897773]",25,50,0.01,max_proc,lowest_lower_bound,PRUNE,all_to_shortest,greedy,5691,90,90,0.2791292667388916,0.0936004217185029,True,5610.0,39,-1,5158.32
Uniform1-5000_Seed49_J50_M25,"[0.036019, 0.800260]",25,50,0.02,max_proc,lowest_lower_bound,NO_PROFILING,all_to_shortest,greedy,7627,357,2001,7.468299388885498,0.1809728595778156,False,6246.72,25,-1,6246.72
Uniform1-5000_Seed49_J50_M25,"[0.036019, 0.800260]",25,50,0.01,max_proc,lowest_lower_bound,PRUNE,all_to_shortest,greedy,7122,88,88,0.2856318950653076,0.1228980623420387,True,7066.0,32,-1,6246.72
Uniform1-5000_Seed50_J50_M25,"[0.010306, 0.977509]",25,50,0.02,max_proc,lowest_lower_bound,NO_PROFILING,all_to_shortest,greedy,5680,1224,2001,9.502593517303469,0.1117112676056338,False,5045.48,28,-1,5045.48
Uniform1-5000_Seed50_J50_M25,"[0.010306, 0.977509]",25,50,0.01,max_proc,lowest_lower_bound,PRUNE,all_to_shortest,greedy,5230,239,239,0.6884956359863281,0.0352810707456979,True,5168.0,39,-1,5045.48
Uniform1-5000_Seed51_J50_M25,"[0.010688, 1.000000]",25,50,0.02,max_proc,lowest_lower_bound,NO_PROFILING,all_to_shortest,greedy,4959,42,42,0.1125144958496093,0.0,True,4959.0,40,42,4959.0
Uniform1-5000_Seed51_J50_M25,"[0.010688, 1.000000]",25,50,0.01,max_proc,lowest_lower_bound,PRUNE,all_to_shortest,greedy,5020,45,45,0.1650114059448242,0.0121513944223107,True,4959.0,43,-1,4959.0
Uniform1-5000_Seed52_J50_M25,"[0.003390, 0.980850]",25,50,0.02,max_proc,lowest_lower_bound,NO_PROFILING,all_to_shortest,greedy,6206,590,2001,12.351342916488647,0.1919046084434418,False,5015.04,25,-1,5015.04
Uniform1-5000_Seed52_J50_M25,"[0.003390, 0.980850]",25,50,0.01,max_proc,lowest_lower_bound,PRUNE,all_to_shortest,greedy,5538,49,49,0.1691551208496093,0.0944312026002166,True,5432.0,36,-1,5015.04
Uniform1-5000_Seed53_J50_M25,"[0.007216, 0.986803]",25,50,0.02,max_proc,lowest_lower_bound,NO_PROFILING,all_to_shortest,greedy,6093,559,2001,9.36069941520691,0.1812177909075988,False,4988.84,25,-1,4988.84
Uniform1-5000_Seed53_J50_M25,"[0.007216, 0.986803]",25,50,0.01,max_proc,lowest_lower_bound,PRUNE,all_to_shortest,greedy,5524,40,40,0.1311898231506347,0.0968790731354091,True,5524.0,34,-1,4988.84
Uniform1-5000_Seed54_J50_M25,"[0.001790, 0.955458]",25,50,0.02,max_proc,lowest_lower_bound,NO_PROFILING,all_to_shortest,greedy,5810,989,2001,9.458170890808104,0.1344234079173838,False,5029.0,28,-1,5029.0
Uniform1-5000_Seed54_J50_M25,"[0.001790, 0.955458]",25,50,0.01,max_proc,lowest_lower_bound,PRUNE,all_to_shortest,greedy,5863,1239,2001,9.449929475784302,0.1422479959065325,False,5294.0,33,-1,5029.0
Uniform1-5000_Seed55_J50_M25,"[0.044144, 0.849549]",25,50,0.02,max_proc,lowest_lower_bound,NO_PROFILING,all_to_shortest,greedy,6908,200,2001,8.094619035720825,0.1834626519976838,False,5640.64,25,-1,5640.64
Uniform1-5000_Seed55_J50_M25,"[0.044144, 0.849549]",25,50,0.01,max_proc,lowest_lower_bound,PRUNE,all_to_shortest,greedy,6737,29,29,0.0900945663452148,0.1627371233486714,True,6737.0,27,-1,5640.64
Uniform1-5000_Seed56_J50_M25,"[0.017685, 1.000000]",25,50,0.02,max_proc,lowest_lower_bound,NO_PROFILING,all_to_shortest,greedy,4976,41,41,0.1274991035461425,0.0,True,4976.0,39,41,4976.0
Uniform1-5000_Seed56_J50_M25,"[0.017685, 1.000000]",25,50,0.01,max_proc,lowest_lower_bound,PRUNE,all_to_shortest,greedy,5040,45,45,0.1228387355804443,0.0126984126984126,True,4976.0,41,-1,4976.0
Uniform1-5000_Seed57_J50_M25,"[0.021027, 1.000000]",25,50,0.02,max_proc,lowest_lower_bound,NO_PROFILING,all_to_shortest,greedy,5339,408,2001,7.593365907669067,0.1537741150028095,False,4518.0,25,-1,4518.0
Uniform1-5000_Seed57_J50_M25,"[0.021027, 1.000000]",25,50,0.01,max_proc,lowest_lower_bound,PRUNE,all_to_shortest,greedy,4908,44,44,0.1413679122924804,0.0794621026894865,True,4908.0,35,-1,4518.0
Uniform1-5000_Seed58_J50_M25,"[0.005490, 0.922743]",25,50,0.02,max_proc,lowest_lower_bound,NO_PROFILING,all_to_shortest,greedy,6396,523,2001,9.071033000946043,0.1741588492808005,False,5282.08,25,-1,5282.08
Uniform1-5000_Seed58_J50_M25,"[0.005490, 0.922743]",25,50,0.01,max_proc,lowest_lower_bound,PRUNE,all_to_shortest,greedy,5645,40,40,0.149116039276123,0.0642905225863596,True,5645.0,38,-1,5282.08
Uniform1-5000_Seed59_J50_M25,"[0.000957, 0.945470]",25,50,0.02,max_proc,lowest_lower_bound,NO_PROFILING,all_to_shortest,greedy,6150,667,2001,7.91680097579956,0.1507642276422764,False,5222.8,29,-1,5222.8
Uniform1-5000_Seed59_J50_M25,"[0.000957, 0.945470]",25,50,0.01,max_proc,lowest_lower_bound,PRUNE,all_to_shortest,greedy,5639,1724,1724,5.092289686203003,0.0738074126618194,True,5604.0,35,-1,5222.8
Uniform1-5000_Seed60_J50_M25,"[0.007997, 0.877854]",25,50,0.02,max_proc,lowest_lower_bound,NO_PROFILING,all_to_shortest,greedy,7055,437,2001,11.219282865524292,0.2023586109142452,False,5627.36,25,-1,5627.36
Uniform1-5000_Seed60_J50_M25,"[0.007997, 0.877854]",25,50,0.01,max_proc,lowest_lower_bound,PRUNE,all_to_shortest,greedy,6114,274,274,0.9543907642364502,0.0795943735688584,True,6114.0,36,-1,5627.36
Uniform1-5000_Seed61_J50_M25,"[0.007835, 0.939870]",25,50,0.02,max_proc,lowest_lower_bound,NO_PROFILING,all_to_shortest,greedy,6503,1388,2001,9.59995937347412,0.1953498385360602,False,5232.64,25,-1,5232.64
Uniform1-5000_Seed61_J50_M25,"[0.007835, 0.939870]",25,50,0.01,max_proc,lowest_lower_bound,PRUNE,all_to_shortest,greedy,5833,37,37,0.1187272071838378,0.1029247385564888,True,5719.0,33,-1,5232.64
Uniform1-5000_Seed62_J50_M25,"[0.001729, 0.922468]",25,50,0.02,max_proc,lowest_lower_bound,NO_PROFILING,all_to_shortest,greedy,6497,1343,2001,10.585012674331663,0.1987686624595966,False,5205.6,25,-1,5205.6
Uniform1-5000_Seed62_J50_M25,"[0.001729, 0.922468]",25,50,0.01,max_proc,lowest_lower_bound,PRUNE,all_to_shortest,greedy,5912,37,37,0.1291930675506591,0.1194857916102841,True,5912.0,31,-1,5205.6
Uniform1-5000_Seed63_J50_M25,"[0.027185, 0.947401]",25,50,0.02,max_proc,lowest_lower_bound,NO_PROFILING,all_to_shortest,greedy,6087,388,2001,10.970653772354126,0.1539543288976507,False,5149.88,30,-1,5149.88
Uniform1-5000_Seed63_J50_M25,"[0.027185, 0.947401]",25,50,0.01,max_proc,lowest_lower_bound,PRUNE,all_to_shortest,greedy,6067,1034,2001,9.08639931678772,0.1511653205867809,False,5268.0,32,-1,5149.88
Uniform1-5000_Seed64_J50_M25,"[0.011509, 1.000000]",25,50,0.02,max_proc,lowest_lower_bound,NO_PROFILING,all_to_shortest,greedy,4868,24,24,0.0793516635894775,0.0182826622843056,True,4779.0,22,-1,4779.0
Uniform1-5000_Seed64_J50_M25,"[0.011509, 1.000000]",25,50,0.01,max_proc,lowest_lower_bound,PRUNE,all_to_shortest,greedy,4854,28,28,0.0879464149475097,0.0154511742892459,True,4779.0,26,-1,4779.0
Uniform1-5000_Seed65_J50_M25,"[0.013023, 1.000000]",25,50,0.02,max_proc,lowest_lower_bound,NO_PROFILING,all_to_shortest,greedy,5768,1772,2001,7.160042762756348,0.1347087378640776,False,4991.0,25,-1,4991.0
Uniform1-5000_Seed65_J50_M25,"[0.013023, 1.000000]",25,50,0.01,max_proc,lowest_lower_bound,PRUNE,all_to_shortest,greedy,5217,37,37,0.0962073802947998,0.0433199156603411,True,5167.0,35,-1,4991.0
Uniform1-5000_Seed66_J50_M25,"[0.009871, 0.917053]",25,50,0.02,max_proc,lowest_lower_bound,NO_PROFILING,all_to_shortest,greedy,6302,603,2001,8.90186333656311,0.164081244049508,False,5267.96,25,-1,5267.96
Uniform1-5000_Seed66_J50_M25,"[0.009871, 0.917053]",25,50,0.01,max_proc,lowest_lower_bound,PRUNE,all_to_shortest,greedy,5898,41,2001,4.489210844039917,0.1068226517463546,False,5676.0,33,-1,5267.96
Uniform1-5000_Seed67_J50_M25,"[0.004677, 1.000000]",25,50,0.02,max_proc,lowest_lower_bound,NO_PROFILING,all_to_shortest,greedy,4918,32,32,0.0763750076293945,0.0,True,4918.0,30,32,4918.0
Uniform1-5000_Seed67_J50_M25,"[0.004677, 1.000000]",25,50,0.01,max_proc,lowest_lower_bound,PRUNE,all_to_shortest,greedy,4918,39,39,0.1266701221466064,0.0,True,4918.0,33,39,4918.0
Uniform1-5000_Seed68_J50_M25,"[0.028118, 1.000000]",25,50,0.02,max_proc,lowest_lower_bound,NO_PROFILING,all_to_shortest,greedy,5040,41,41,0.1116881370544433,0.0121031746031746,True,4979.0,39,-1,4979.0
Uniform1-5000_Seed68_J50_M25,"[0.028118, 1.000000]",25,50,0.01,max_proc,lowest_lower_bound,PRUNE,all_to_shortest,greedy,5198,935,2001,4.838744640350342,0.0421315890727202,False,4979.0,40,-1,4979.0
Uniform1-5000_Seed69_J50_M25,"[0.024578, 0.946237]",25,50,0.02,max_proc,lowest_lower_bound,NO_PROFILING,all_to_shortest,greedy,6023,284,2001,9.833161115646362,0.1353146272621617,False,5208.0,32,-1,5208.0
Uniform1-5000_Seed69_J50_M25,"[0.024578, 0.946237]",25,50,0.01,max_proc,lowest_lower_bound,PRUNE,all_to_shortest,greedy,5921,929,2001,8.228568315505981,0.1204188481675392,False,5293.0,36,-1,5208.0
Uniform1-5000_Seed70_J50_M25,"[0.005888, 0.841022]",25,50,0.02,max_proc,lowest_lower_bound,NO_PROFILING,all_to_shortest,greedy,6797,1643,2001,6.873120069503784,0.1255024275415624,False,5943.96,25,-1,5943.96
Uniform1-5000_Seed70_J50_M25,"[0.005888, 0.841022]",25,50,0.01,max_proc,lowest_lower_bound,PRUNE,all_to_shortest,greedy,6707,39,39,0.1319160461425781,0.1137677053824362,True,6707.0,32,-1,5943.96
Uniform1-5000_Seed71_J50_M25,"[0.024954, 0.948623]",25,50,0.02,max_proc,lowest_lower_bound,NO_PROFILING,all_to_shortest,greedy,6371,1709,2001,8.224712371826172,0.1885732224140636,False,5169.6,25,-1,5169.6
Uniform1-5000_Seed71_J50_M25,"[0.024954, 0.948623]",25,50,0.01,max_proc,lowest_lower_bound,PRUNE,all_to_shortest,greedy,5602,36,36,0.1002764701843261,0.0771867190289181,True,5518.0,34,-1,5169.6
Uniform1-5000_Seed72_J50_M25,"[0.044358, 0.911900]",25,50,0.02,max_proc,lowest_lower_bound,NO_PROFILING,all_to_shortest,greedy,6684,549,2001,11.28787088394165,0.1837761819269897,False,5455.64,25,-1,5455.64
Uniform1-5000_Seed72_J50_M25,"[0.044358, 0.911900]",25,50,0.01,max_proc,lowest_lower_bound,PRUNE,all_to_shortest,greedy,6076,33,33,0.1095390319824218,0.1021000658327846,True,6076.0,31,-1,5455.64
Uniform1-5000_Seed73_J50_M25,"[0.032696, 1.000000]",25,50,0.02,max_proc,lowest_lower_bound,NO_PROFILING,all_to_shortest,greedy,5478,651,2001,7.069414138793945,0.1792625045637093,False,4496.0,25,-1,4496.0
Uniform1-5000_Seed73_J50_M25,"[0.032696, 1.000000]",25,50,0.01,max_proc,lowest_lower_bound,PRUNE,all_to_shortest,greedy,4907,34,34,0.1140892505645752,0.0837578968820053,True,4856.0,32,-1,4496.0
Uniform1-5000_Seed74_J50_M25,"[0.019702, 0.910501]",25,50,0.02,max_proc,lowest_lower_bound,NO_PROFILING,all_to_shortest,greedy,6317,265,2001,8.635293006896973,0.1322463194554376,False,5481.6,27,-1,5481.6
Uniform1-5000_Seed74_J50_M25,"[0.019702, 0.910501]",25,50,0.01,max_proc,lowest_lower_bound,PRUNE,all_to_shortest,greedy,6373,205,2001,6.390269041061401,0.1398713321826454,False,5584.0,35,-1,5481.6
Uniform1-5000_Seed75_J50_M25,"[0.026328, 0.970552]",25,50,0.02,max_proc,lowest_lower_bound,NO_PROFILING,all_to_shortest,greedy,6052,237,2001,9.46269941329956,0.1715730337078651,False,5013.64,30,-1,5013.64
Uniform1-5000_Seed75_J50_M25,"[0.026328, 0.970552]",25,50,0.01,max_proc,lowest_lower_bound,PRUNE,all_to_shortest,greedy,5219,1593,1593,4.161633491516113,0.0393485342019543,True,5132.0,44,-1,5013.64
Uniform1-5000_Seed76_J50_M25,"[0.005616, 0.948987]",25,50,0.02,max_proc,lowest_lower_bound,NO_PROFILING,all_to_shortest,greedy,6234,933,2001,8.596617221832275,0.1717356432467116,False,5163.4,25,-1,5163.4
Uniform1-5000_Seed76_J50_M25,"[0.005616, 0.948987]",25,50,0.01,max_proc,lowest_lower_bound,PRUNE,all_to_shortest,greedy,5559,137,137,0.4306187629699707,0.0711638783953949,True,5473.0,37,-1,5163.4
Uniform1-5000_Seed77_J50_M25,"[0.033782, 1.000000]",25,50,0.02,max_proc,lowest_lower_bound,NO_PROFILING,all_to_shortest,greedy,4973,36,36,0.0986137390136718,0.0,True,4973.0,34,36,4973.0
Uniform1-5000_Seed77_J50_M25,"[0.033782, 1.000000]",25,50,0.01,max_proc,lowest_lower_bound,PRUNE,all_to_shortest,greedy,5021,38,38,0.1346008777618408,0.0095598486357299,True,4973.0,36,-1,4973.0
Uniform1-5000_Seed78_J50_M25,"[0.020444, 0.954446]",25,50,0.02,max_proc,lowest_lower_bound,NO_PROFILING,all_to_shortest,greedy,5998,255,2001,10.106635808944702,0.1681760586862287,False,4989.28,28,-1,4989.28
Uniform1-5000_Seed78_J50_M25,"[0.020444, 0.954446]",25,50,0.01,max_proc,lowest_lower_bound,PRUNE,all_to_shortest,greedy,5323,174,174,0.5427823066711426,0.0626939695660342,True,5286.0,35,-1,4989.28
Uniform1-5000_Seed79_J50_M25,"[0.031537, 0.997040]",25,50,0.02,max_proc,lowest_lower_bound,NO_PROFILING,all_to_shortest,greedy,6095,1763,2001,10.383334875106812,0.1884101722723543,False,4946.64,25,-1,4946.64
Uniform1-5000_Seed79_J50_M25,"[0.031537, 0.997040]",25,50,0.01,max_proc,lowest_lower_bound,PRUNE,all_to_shortest,greedy,5334,53,53,0.1598002910614013,0.0726209223847018,True,5259.0,39,-1,4946.64
Uniform1-5000_Seed80_J50_M25,"[0.004303, 1.000000]",25,50,0.02,max_proc,lowest_lower_bound,NO_PROFILING,all_to_shortest,greedy,4967,23,23,0.0634446144104003,0.0175156029796657,True,4880.0,21,-1,4880.0
Uniform1-5000_Seed80_J50_M25,"[0.004303, 1.000000]",25,50,0.01,max_proc,lowest_lower_bound,PRUNE,all_to_shortest,greedy,4940,30,30,0.0941443443298339,0.0121457489878542,True,4880.0,28,-1,4880.0
Uniform1-5000_Seed81_J50_M25,"[0.017784, 0.987221]",25,50,0.02,max_proc,lowest_lower_bound,NO_PROFILING,all_to_shortest,greedy,5721,1543,2001,8.183902740478516,0.1743821010312883,False,4723.36,26,-1,4723.36
Uniform1-5000_Seed81_J50_M25,"[0.017784, 0.987221]",25,50,0.01,max_proc,lowest_lower_bound,PRUNE,all_to_shortest,greedy,5058,183,2001,5.415120840072632,0.0661605377619613,False,4868.0,42,-1,4723.36
Uniform1-5000_Seed82_J50_M25,"[0.020997, 0.936005]",25,50,0.02,max_proc,lowest_lower_bound,NO_PROFILING,all_to_shortest,greedy,5719,25,2001,6.546162843704224,0.1505717782829165,False,4857.88,25,-1,4857.88
Uniform1-5000_Seed82_J50_M25,"[0.020997, 0.936005]",25,50,0.01,max_proc,lowest_lower_bound,PRUNE,all_to_shortest,greedy,5459,42,42,0.1561646461486816,0.1101154057519692,True,5459.0,34,-1,4857.88
Uniform1-5000_Seed83_J50_M25,"[0.028709, 0.989560]",25,50,0.02,max_proc,lowest_lower_bound,NO_PROFILING,all_to_shortest,greedy,5809,1041,2001,9.37967824935913,0.1425374419004992,False,4981.0,25,-1,4981.0
Uniform1-5000_Seed83_J50_M25,"[0.028709, 0.989560]",25,50,0.01,max_proc,lowest_lower_bound,PRUNE,all_to_shortest,greedy,5118,46,46,0.1430501937866211,0.0267682688550214,True,5103.0,44,-1,4981.0
Uniform1-5000_Seed84_J50_M25,"[0.027571, 0.968683]",25,50,0.02,max_proc,lowest_lower_bound,NO_PROFILING,all_to_shortest,greedy,6326,1294,2001,7.0763795375823975,0.1915649699652229,False,5114.16,25,-1,5114.16
Uniform1-5000_Seed84_J50_M25,"[0.027571, 0.968683]",25,50,0.01,max_proc,lowest_lower_bound,PRUNE,all_to_shortest,greedy,6120,28,28,0.0936272144317627,0.1643529411764706,True,6120.0,26,-1,5114.16
Uniform1-5000_Seed85_J50_M25,"[0.023929, 1.000000]",25,50,0.02,max_proc,lowest_lower_bound,NO_PROFILING,all_to_shortest,greedy,4764,38,38,0.1150600910186767,0.0,True,4764.0,36,38,4764.0
Uniform1-5000_Seed85_J50_M25,"[0.023929, 1.000000]",25,50,0.01,max_proc,lowest_lower_bound,PRUNE,all_to_shortest,greedy,4852,68,68,0.1839091777801513,0.0181368507831821,True,4764.0,39,-1,4764.0
Uniform1-5000_Seed86_J50_M25,"[0.034651, 1.000000]",25,50,0.02,max_proc,lowest_lower_bound,NO_PROFILING,all_to_shortest,greedy,4919,42,42,0.1153337955474853,0.0026428135799959,True,4906.0,40,-1,4906.0
Uniform1-5000_Seed86_J50_M25,"[0.034651, 1.000000]",25,50,0.01,max_proc,lowest_lower_bound,PRUNE,all_to_shortest,greedy,4968,45,45,0.1490557193756103,0.0124798711755233,True,4906.0,43,-1,4906.0
Uniform1-5000_Seed87_J50_M25,"[0.013279, 1.000000]",25,50,0.02,max_proc,lowest_lower_bound,NO_PROFILING,all_to_shortest,greedy,5220,1320,2001,6.6528050899505615,0.1055555555555555,False,4669.0,25,-1,4669.0
Uniform1-5000_Seed87_J50_M25,"[0.013279, 1.000000]",25,50,0.01,max_proc,lowest_lower_bound,PRUNE,all_to_shortest,greedy,4752,45,45,0.1251437664031982,0.0174663299663299,True,4685.0,40,-1,4669.0
Uniform1-5000_Seed88_J50_M25,"[0.001505, 0.929431]",25,50,0.02,max_proc,lowest_lower_bound,NO_PROFILING,all_to_shortest,greedy,6544,1014,2001,8.850101947784424,0.1877933985330073,False,5315.08,25,-1,5315.08
Uniform1-5000_Seed88_J50_M25,"[0.001505, 0.929431]",25,50,0.01,max_proc,lowest_lower_bound,PRUNE,all_to_shortest,greedy,5933,35,35,0.1214740276336669,0.10414967132985,True,5933.0,33,-1,5315.08
Uniform1-5000_Seed89_J50_M25,"[0.006539, 1.000000]",25,50,0.02,max_proc,lowest_lower_bound,NO_PROFILING,all_to_shortest,greedy,4894,12,12,0.0315427780151367,0.0,True,4894.0,10,12,4894.0
Uniform1-5000_Seed89_J50_M25,"[0.006539, 1.000000]",25,50,0.01,max_proc,lowest_lower_bound,PRUNE,all_to_shortest,greedy,4894,12,12,0.031893253326416,0.0,True,4894.0,10,12,4894.0
Uniform1-5000_Seed90_J50_M25,"[0.021565, 0.981391]",25,50,0.02,max_proc,lowest_lower_bound,NO_PROFILING,all_to_shortest,greedy,5770,621,2001,8.800791263580322,0.1320277296360485,False,5008.2,25,-1,5008.2
Uniform1-5000_Seed90_J50_M25,"[0.021565, 0.981391]",25,50,0.01,max_proc,lowest_lower_bound,PRUNE,all_to_shortest,greedy,5609,39,2001,6.452754974365234,0.1071135674808344,False,5165.0,37,-1,5008.2
Uniform1-5000_Seed91_J50_M25,"[0.016519, 0.978973]",25,50,0.02,max_proc,lowest_lower_bound,NO_PROFILING,all_to_shortest,greedy,5805,545,2001,6.951258420944214,0.1240447889750215,False,5084.92,34,-1,5084.92
Uniform1-5000_Seed91_J50_M25,"[0.016519, 0.978973]",25,50,0.01,max_proc,lowest_lower_bound,PRUNE,all_to_shortest,greedy,5814,143,2001,5.574476718902588,0.1254007567939456,False,5084.92,34,-1,5084.92
Uniform1-5000_Seed92_J50_M25,"[0.008489, 0.902947]",25,50,0.02,max_proc,lowest_lower_bound,NO_PROFILING,all_to_shortest,greedy,6551,458,2001,8.526458501815796,0.1728102579758815,False,5418.92,25,-1,5418.92
Uniform1-5000_Seed92_J50_M25,"[0.008489, 0.902947]",25,50,0.01,max_proc,lowest_lower_bound,PRUNE,all_to_shortest,greedy,5701,118,118,0.392803430557251,0.0494790387651289,True,5701.0,41,-1,5418.92
Uniform1-5000_Seed93_J50_M25,"[0.043561, 0.891795]",25,50,0.02,max_proc,lowest_lower_bound,NO_PROFILING,all_to_shortest,greedy,6277,26,2001,8.121927261352539,0.1478795602995061,False,5348.76,31,-1,5348.76
Uniform1-5000_Seed93_J50_M25,"[0.043561, 0.891795]",25,50,0.01,max_proc,lowest_lower_bound,PRUNE,all_to_shortest,greedy,6097,1489,2001,5.387232542037964,0.1227226504838444,False,5505.0,36,-1,5348.76
Uniform1-5000_Seed94_J50_M25,"[0.019186, 0.970838]",25,50,0.02,max_proc,lowest_lower_bound,NO_PROFILING,all_to_shortest,greedy,6109,1371,2001,10.933337211608888,0.163863152725487,False,5107.96,32,-1,5107.96
Uniform1-5000_Seed94_J50_M25,"[0.019186, 0.970838]",25,50,0.01,max_proc,lowest_lower_bound,PRUNE,all_to_shortest,greedy,6120,640,2001,6.706795692443848,0.1653660130718954,False,5154.0,34,-1,5107.96
Uniform1-5000_Seed95_J50_M25,"[0.028009, 0.944656]",25,50,0.02,max_proc,lowest_lower_bound,NO_PROFILING,all_to_shortest,greedy,6204,278,2001,7.715402841567993,0.1770535138620244,False,5105.56,25,-1,5105.56
Uniform1-5000_Seed95_J50_M25,"[0.028009, 0.944656]",25,50,0.01,max_proc,lowest_lower_bound,PRUNE,all_to_shortest,greedy,5440,39,39,0.1417996883392334,0.0614779411764705,True,5355.0,37,-1,5105.56
Uniform1-5000_Seed96_J50_M25,"[0.022992, 0.919291]",25,50,0.02,max_proc,lowest_lower_bound,NO_PROFILING,all_to_shortest,greedy,6358,84,2001,11.270704984664915,0.1791066373073293,False,5219.24,25,-1,5219.24
Uniform1-5000_Seed96_J50_M25,"[0.022992, 0.919291]",25,50,0.01,max_proc,lowest_lower_bound,PRUNE,all_to_shortest,greedy,6107,200,2001,7.854463338851929,0.1453676109382676,False,5657.0,32,-1,5219.24
Uniform1-5000_Seed97_J50_M25,"[0.001616, 1.000000]",25,50,0.02,max_proc,lowest_lower_bound,NO_PROFILING,all_to_shortest,greedy,4949,35,35,0.1074147224426269,0.0,True,4949.0,33,35,4949.0
Uniform1-5000_Seed97_J50_M25,"[0.001616, 1.000000]",25,50,0.01,max_proc,lowest_lower_bound,PRUNE,all_to_shortest,greedy,4981,35,35,0.1344196796417236,0.0064244127685203,True,4949.0,33,-1,4949.0
Uniform1-5000_Seed98_J50_M25,"[0.000623, 1.000000]",25,50,0.02,max_proc,lowest_lower_bound,NO_PROFILING,all_to_shortest,greedy,5879,1685,2001,7.199228048324585,0.1808130634461643,False,4816.0,25,-1,4816.0
Uniform1-5000_Seed98_J50_M25,"[0.000623, 1.000000]",25,50,0.01,max_proc,lowest_lower_bound,PRUNE,all_to_shortest,greedy,5341,40,40,0.1216092109680175,0.0982961992136304,True,5297.0,31,-1,4816.0
Uniform1-5000_Seed99_J50_M25,"[0.002447, 1.000000]",25,50,0.02,max_proc,lowest_lower_bound,NO_PROFILING,all_to_shortest,greedy,4904,40,40,0.1374506950378418,0.0,True,4904.0,38,40,4904.0
Uniform1-5000_Seed99_J50_M25,"[0.002447, 1.000000]",25,50,0.01,max_proc,lowest_lower_bound,PRUNE,all_to_shortest,greedy,4969,50,50,0.1519684791564941,0.013081102837593,True,4904.0,44,-1,4904.0
Uniform1-5000_Seed100_J50_M25,"[0.000542, 0.902846]",25,50,0.02,max_proc,lowest_lower_bound,NO_PROFILING,all_to_shortest,greedy,6618,524,2001,8.529034614562988,0.1641885766092475,False,5531.4,25,-1,5531.4
Uniform1-5000_Seed100_J50_M25,"[0.000542, 0.902846]",25,50,0.01,max_proc,lowest_lower_bound,PRUNE,all_to_shortest,greedy,5909,1863,1863,6.44679856300354,0.0639025215772551,True,5880.0,36,-1,5531.4
Uniform1-5000_Seed1_J100_M50,"[0.003213, 1.000000]",50,100,0.02,max_proc,lowest_lower_bound,NO_PROFILING,all_to_shortest,greedy,5686,1363,2001,33.78517460823059,0.1596799155821315,False,4980.0,50,-1,4778.06
Uniform1-5000_Seed1_J100_M50,"[0.003213, 1.000000]",50,100,0.01,max_proc,lowest_lower_bound,PRUNE,all_to_shortest,greedy,5096,89,89,1.5255064964294434,0.0623901098901098,True,5079.0,85,-1,4778.06
Uniform1-5000_Seed2_J100_M50,"[0.003757, 0.937091]",50,100,0.02,max_proc,lowest_lower_bound,NO_PROFILING,all_to_shortest,greedy,6781,212,2001,47.844874143600464,0.2148768618197905,False,5323.92,50,-1,5323.92
Uniform1-5000_Seed2_J100_M50,"[0.003757, 0.937091]",50,100,0.01,max_proc,lowest_lower_bound,PRUNE,all_to_shortest,greedy,6621,241,2001,41.63140439987183,0.1959039420027186,False,5765.0,61,-1,5323.92
Uniform1-5000_Seed3_J100_M50,"[0.035621, 0.970141]",50,100,0.02,max_proc,lowest_lower_bound,NO_PROFILING,all_to_shortest,greedy,5901,70,2001,41.32817792892456,0.1294017963057109,False,5137.4,71,-1,5137.4
Uniform1-5000_Seed3_J100_M50,"[0.035621, 0.970141]",50,100,0.01,max_proc,lowest_lower_bound,PRUNE,all_to_shortest,greedy,5865,808,2001,39.18594288825989,0.1240579710144928,False,5137.4,71,-1,5137.4
Uniform1-5000_Seed4_J100_M50,"[0.002064, 1.000000]",50,100,0.02,max_proc,lowest_lower_bound,NO_PROFILING,all_to_shortest,greedy,5620,588,2001,35.83055806159973,0.1408398576512456,False,4846.0,63,-1,4828.48
Uniform1-5000_Seed4_J100_M50,"[0.002064, 1.000000]",50,100,0.01,max_proc,lowest_lower_bound,PRUNE,all_to_shortest,greedy,5672,69,2001,38.06171607971192,0.1487165021156559,False,4846.0,63,-1,4828.48
Uniform1-5000_Seed5_J100_M50,"[0.008083, 0.961635]",50,100,0.02,max_proc,lowest_lower_bound,NO_PROFILING,all_to_shortest,greedy,6742,32,2001,44.70681428909302,0.2292554138237912,False,5196.36,50,-1,5196.36
Uniform1-5000_Seed5_J100_M50,"[0.008083, 0.961635]",50,100,0.01,max_proc,lowest_lower_bound,PRUNE,all_to_shortest,greedy,6025,70,2001,36.1341438293457,0.1375336099585062,False,5487.0,67,-1,5196.36
Uniform1-5000_Seed6_J100_M50,"[0.015600, 1.000000]",50,100,0.02,max_proc,lowest_lower_bound,NO_PROFILING,all_to_shortest,greedy,5776,257,2001,36.73570966720581,0.1422541551246537,False,5000.0,67,-1,4954.34
Uniform1-5000_Seed6_J100_M50,"[0.015600, 1.000000]",50,100,0.01,max_proc,lowest_lower_bound,PRUNE,all_to_shortest,greedy,5864,685,2001,30.62132143974304,0.1551261937244201,False,5000.0,67,-1,4954.34
Uniform1-5000_Seed7_J100_M50,"[0.006587, 0.953979]",50,100,0.02,max_proc,lowest_lower_bound,NO_PROFILING,all_to_shortest,greedy,6611,51,2001,41.24348664283752,0.2192497352896687,False,5161.54,50,-1,5161.54
Uniform1-5000_Seed7_J100_M50,"[0.006587, 0.953979]",50,100,0.01,max_proc,lowest_lower_bound,PRUNE,all_to_shortest,greedy,5618,70,70,1.1752970218658447,0.08124955500178,True,5538.0,68,-1,5161.54
Uniform1-5000_Seed8_J100_M50,"[0.005232, 0.892719]",50,100,0.02,max_proc,lowest_lower_bound,NO_PROFILING,all_to_shortest,greedy,7115,499,2001,42.55926060676575,0.2209950808151792,False,5542.62,50,-1,5542.62
Uniform1-5000_Seed8_J100_M50,"[0.005232, 0.892719]",50,100,0.01,max_proc,lowest_lower_bound,PRUNE,all_to_shortest,greedy,6125,77,2001,35.27376055717468,0.0950824489795918,False,5701.0,77,-1,5542.62
Uniform1-5000_Seed9_J100_M50,"[0.027296, 0.932961]",50,100,0.02,max_proc,lowest_lower_bound,NO_PROFILING,all_to_shortest,greedy,6561,1080,2001,42.532761096954346,0.1903490321597317,False,5312.12,50,-1,5312.12
Uniform1-5000_Seed9_J100_M50,"[0.027296, 0.932961]",50,100,0.01,max_proc,lowest_lower_bound,PRUNE,all_to_shortest,greedy,6257,63,2001,40.54891729354858,0.151011666933035,False,5597.0,63,-1,5312.12
Uniform1-5000_Seed10_J100_M50,"[0.009218, 1.000000]",50,100,0.02,max_proc,lowest_lower_bound,NO_PROFILING,all_to_shortest,greedy,4940,85,85,1.2711756229400637,0.037574898785425,True,4882.0,83,-1,4754.38
Uniform1-5000_Seed10_J100_M50,"[0.009218, 1.000000]",50,100,0.01,max_proc,lowest_lower_bound,PRUNE,all_to_shortest,greedy,5312,731,2001,35.83472299575806,0.1049736445783132,False,4882.0,80,-1,4754.38
Uniform1-5000_Seed11_J100_M50,"[0.004002, 1.000000]",50,100,0.02,max_proc,lowest_lower_bound,NO_PROFILING,all_to_shortest,greedy,4997,80,80,1.3281631469726562,0.0,True,4997.0,78,80,4997.0
Uniform1-5000_Seed11_J100_M50,"[0.004002, 1.000000]",50,100,0.01,max_proc,lowest_lower_bound,PRUNE,all_to_shortest,greedy,5000,864,864,13.716190099716188,0.0006,True,5000.0,78,-1,4997.0
Uniform1-5000_Seed12_J100_M50,"[0.010028, 1.000000]",50,100,0.02,max_proc,lowest_lower_bound,NO_PROFILING,all_to_shortest,greedy,5080,82,82,1.481513738632202,0.018503937007874,True,4986.0,80,-1,4986.0
Uniform1-5000_Seed12_J100_M50,"[0.010028, 1.000000]",50,100,0.01,max_proc,lowest_lower_bound,PRUNE,all_to_shortest,greedy,5403,431,2001,33.19422650337219,0.0771793448084397,False,4986.0,78,-1,4986.0
Uniform1-5000_Seed13_J100_M50,"[0.002429, 1.000000]",50,100,0.02,max_proc,lowest_lower_bound,NO_PROFILING,all_to_shortest,greedy,4994,60,60,0.9947538375854492,0.0965919102923508,True,4940.0,58,-1,4511.62
Uniform1-5000_Seed13_J100_M50,"[0.002429, 1.000000]",50,100,0.01,max_proc,lowest_lower_bound,PRUNE,all_to_shortest,greedy,5031,72,72,1.1487479209899902,0.1032359371894255,True,4940.0,70,-1,4511.62
Uniform1-5000_Seed14_J100_M50,"[0.005537, 0.981191]",50,100,0.02,max_proc,lowest_lower_bound,NO_PROFILING,all_to_shortest,greedy,5925,1459,2001,39.58917927742005,0.1464776371308017,False,5057.12,59,-1,5057.12
Uniform1-5000_Seed14_J100_M50,"[0.005537, 0.981191]",50,100,0.01,max_proc,lowest_lower_bound,PRUNE,all_to_shortest,greedy,5977,74,2001,35.86773943901062,0.1539032959678768,False,5057.12,59,-1,5057.12
Uniform1-5000_Seed15_J100_M50,"[0.003952, 0.983770]",50,100,0.02,max_proc,lowest_lower_bound,NO_PROFILING,all_to_shortest,greedy,6373,29,2001,47.03888010978699,0.2058465400910089,False,5061.14,50,-1,5061.14
Uniform1-5000_Seed15_J100_M50,"[0.003952, 0.983770]",50,100,0.01,max_proc,lowest_lower_bound,PRUNE,all_to_shortest,greedy,5812,72,2001,39.99784660339356,0.1291913282863041,False,5161.0,71,-1,5061.14
Uniform1-5000_Seed16_J100_M50,"[0.004724, 0.978802]",50,100,0.02,max_proc,lowest_lower_bound,NO_PROFILING,all_to_shortest,greedy,6317,442,2001,40.45065498352051,0.1957099889187906,False,5080.7,51,-1,5080.7
Uniform1-5000_Seed16_J100_M50,"[0.004724, 0.978802]",50,100,0.01,max_proc,lowest_lower_bound,PRUNE,all_to_shortest,greedy,5941,834,2001,40.84298801422119,0.1448072715031139,False,5332.0,60,-1,5080.7
Uniform1-5000_Seed17_J100_M50,"[0.031212, 0.911867]",50,100,0.02,max_proc,lowest_lower_bound,NO_PROFILING,all_to_shortest,greedy,6638,1730,2001,42.46862745285034,0.1939499849352214,False,5350.56,50,-1,5350.56
Uniform1-5000_Seed17_J100_M50,"[0.031212, 0.911867]",50,100,0.01,max_proc,lowest_lower_bound,PRUNE,all_to_shortest,greedy,6230,89,2001,41.57947492599487,0.1411621187800962,False,5468.0,72,-1,5350.56
Uniform1-5000_Seed18_J100_M50,"[0.019397, 0.959503]",50,100,0.02,max_proc,lowest_lower_bound,NO_PROFILING,all_to_shortest,greedy,6572,200,2001,40.815592527389526,0.2077206329884358,False,5206.86,50,-1,5206.86
Uniform1-5000_Seed18_J100_M50,"[0.019397, 0.959503]",50,100,0.01,max_proc,lowest_lower_bound,PRUNE,all_to_shortest,greedy,5737,71,71,1.252180576324463,0.0924071814537215,True,5735.0,69,-1,5206.86
Uniform1-5000_Seed19_J100_M50,"[0.001112, 0.926760]",50,100,0.02,max_proc,lowest_lower_bound,NO_PROFILING,all_to_shortest,greedy,6843,275,2001,44.98417520523071,0.2117404647084611,False,5394.06,50,-1,5394.06
Uniform1-5000_Seed19_J100_M50,"[0.001112, 0.926760]",50,100,0.01,max_proc,lowest_lower_bound,PRUNE,all_to_shortest,greedy,6647,88,2001,33.1145966053009,0.1884970663457198,False,5603.0,61,-1,5394.06
Uniform1-5000_Seed20_J100_M50,"[0.008175, 0.919079]",50,100,0.02,max_proc,lowest_lower_bound,NO_PROFILING,all_to_shortest,greedy,6706,415,2001,40.72651886940002,0.1973516254100804,False,5382.56,50,-1,5382.56
Uniform1-5000_Seed20_J100_M50,"[0.008175, 0.919079]",50,100,0.01,max_proc,lowest_lower_bound,PRUNE,all_to_shortest,greedy,5949,84,84,1.4630968570709229,0.0952160026895275,True,5863.0,72,-1,5382.56
Uniform1-5000_Seed21_J100_M50,"[0.001816, 1.000000]",50,100,0.02,max_proc,lowest_lower_bound,NO_PROFILING,all_to_shortest,greedy,5053,52,52,0.808586597442627,0.0193944191569364,True,4955.0,50,-1,4955.0
Uniform1-5000_Seed21_J100_M50,"[0.001816, 1.000000]",50,100,0.01,max_proc,lowest_lower_bound,PRUNE,all_to_shortest,greedy,4966,69,69,1.1891200542449951,0.0022150624244865,True,4955.0,67,-1,4955.0
Uniform1-5000_Seed22_J100_M50,"[0.018921, 1.000000]",50,100,0.02,max_proc,lowest_lower_bound,NO_PROFILING,all_to_shortest,greedy,5041,68,68,1.1106960773468018,0.0144812537195001,True,4968.0,66,-1,4968.0
Uniform1-5000_Seed22_J100_M50,"[0.018921, 1.000000]",50,100,0.01,max_proc,lowest_lower_bound,PRUNE,all_to_shortest,greedy,4968,72,72,1.2187366485595703,0.0,True,4968.0,70,72,4968.0
Uniform1-5000_Seed23_J100_M50,"[0.008112, 1.000000]",50,100,0.02,max_proc,lowest_lower_bound,NO_PROFILING,all_to_shortest,greedy,5728,180,2001,36.53896713256836,0.1391410614525139,False,4931.0,57,-1,4931.0
Uniform1-5000_Seed23_J100_M50,"[0.008112, 1.000000]",50,100,0.01,max_proc,lowest_lower_bound,PRUNE,all_to_shortest,greedy,5726,143,2001,31.963733673095703,0.1388403772266853,False,4931.0,57,-1,4931.0
Uniform1-5000_Seed24_J100_M50,"[0.007457, 1.000000]",50,100,0.02,max_proc,lowest_lower_bound,NO_PROFILING,all_to_shortest,greedy,6483,364,2001,37.57824754714966,0.2346136048125867,False,4962.0,50,-1,4962.0
Uniform1-5000_Seed24_J100_M50,"[0.007457, 1.000000]",50,100,0.01,max_proc,lowest_lower_bound,PRUNE,all_to_shortest,greedy,5585,68,68,1.1427652835845947,0.1115487914055505,True,5585.0,62,-1,4962.0
Uniform1-5000_Seed25_J100_M50,"[0.003027, 0.998588]",50,100,0.02,max_proc,lowest_lower_bound,NO_PROFILING,all_to_shortest,greedy,6187,1942,2001,40.626325845718384,0.1989655729755939,False,4956.0,50,-1,4956.0
Uniform1-5000_Seed25_J100_M50,"[0.003027, 0.998588]",50,100,0.01,max_proc,lowest_lower_bound,PRUNE,all_to_shortest,greedy,5713,903,2001,43.94936680793762,0.1325048135830561,False,5039.0,70,-1,4956.0
Uniform1-5000_Seed26_J100_M50,"[0.004505, 0.896808]",50,100,0.02,max_proc,lowest_lower_bound,NO_PROFILING,all_to_shortest,greedy,6756,381,2001,46.800527811050415,0.1785553582001183,False,5549.68,50,-1,5549.68
Uniform1-5000_Seed26_J100_M50,"[0.004505, 0.896808]",50,100,0.01,max_proc,lowest_lower_bound,PRUNE,all_to_shortest,greedy,6506,129,2001,35.3245849609375,0.1469904703350752,False,5669.0,77,-1,5549.68
Uniform1-5000_Seed27_J100_M50,"[0.025779, 1.000000]",50,100,0.02,max_proc,lowest_lower_bound,NO_PROFILING,all_to_shortest,greedy,5904,1298,2001,37.92859220504761,0.1786924119241192,False,4849.0,50,-1,4849.0
Uniform1-5000_Seed27_J100_M50,"[0.025779, 1.000000]",50,100,0.01,max_proc,lowest_lower_bound,PRUNE,all_to_shortest,greedy,5332,74,74,1.2505061626434326,0.0905851462865716,True,5332.0,68,-1,4849.0
Uniform1-5000_Seed28_J100_M50,"[0.009252, 1.000000]",50,100,0.02,max_proc,lowest_lower_bound,NO_PROFILING,all_to_shortest,greedy,4972,70,70,1.078275442123413,0.0,True,4972.0,68,70,4972.0
Uniform1-5000_Seed28_J100_M50,"[0.009252, 1.000000]",50,100,0.01,max_proc,lowest_lower_bound,PRUNE,all_to_shortest,greedy,4972,73,73,1.1237742900848389,0.0,True,4972.0,71,73,4972.0
Uniform1-5000_Seed29_J100_M50,"[0.004201, 1.000000]",50,100,0.02,max_proc,lowest_lower_bound,NO_PROFILING,all_to_shortest,greedy,5069,80,80,1.2429814338684082,0.013809429867824,True,4999.0,78,-1,4999.0
Uniform1-5000_Seed29_J100_M50,"[0.004201, 1.000000]",50,100,0.01,max_proc,lowest_lower_bound,PRUNE,all_to_shortest,greedy,5068,401,401,5.985464096069336,0.0136148382004735,True,4999.0,87,-1,4999.0
Uniform1-5000_Seed30_J100_M50,"[0.009409, 1.000000]",50,100,0.02,max_proc,lowest_lower_bound,NO_PROFILING,all_to_shortest,greedy,6312,1571,2001,35.28789186477661,0.2086501901140684,False,4995.0,50,-1,4995.0
Uniform1-5000_Seed30_J100_M50,"[0.009409, 1.000000]",50,100,0.01,max_proc,lowest_lower_bound,PRUNE,all_to_shortest,greedy,5307,84,84,1.4041733741760254,0.0587902769926512,True,5249.0,67,-1,4995.0
Uniform1-5000_Seed31_J100_M50,"[0.005697, 0.979764]",50,100,0.02,max_proc,lowest_lower_bound,NO_PROFILING,all_to_shortest,greedy,6625,1278,2001,44.57969927787781,0.2316981132075471,False,5090.0,50,-1,5090.0
Uniform1-5000_Seed31_J100_M50,"[0.005697, 0.979764]",50,100,0.01,max_proc,lowest_lower_bound,PRUNE,all_to_shortest,greedy,5662,77,77,1.2488741874694824,0.1010243730130695,True,5574.0,71,-1,5090.0
Uniform1-5000_Seed32_J100_M50,"[0.001998, 0.997431]",50,100,0.02,max_proc,lowest_lower_bound,NO_PROFILING,all_to_shortest,greedy,5778,1612,2001,35.11818337440491,0.1336344755970925,False,5005.86,66,-1,5005.86
Uniform1-5000_Seed32_J100_M50,"[0.001998, 0.997431]",50,100,0.01,max_proc,lowest_lower_bound,PRUNE,all_to_shortest,greedy,5793,1897,2001,31.550204515457157,0.1358777835318488,False,5005.86,66,-1,5005.86
Uniform1-5000_Seed33_J100_M50,"[0.011405, 1.000000]",50,100,0.02,max_proc,lowest_lower_bound,NO_PROFILING,all_to_shortest,greedy,4958,66,66,1.140279769897461,0.0096813231141589,True,4910.0,64,-1,4910.0
Uniform1-5000_Seed33_J100_M50,"[0.011405, 1.000000]",50,100,0.01,max_proc,lowest_lower_bound,PRUNE,all_to_shortest,greedy,4933,77,77,1.5954720973968506,0.004662477194405,True,4910.0,75,-1,4910.0
Uniform1-5000_Seed34_J100_M50,"[0.029177, 0.970823]",50,100,0.02,max_proc,lowest_lower_bound,NO_PROFILING,all_to_shortest,greedy,6326,1008,2001,41.151581048965454,0.1873221625039519,False,5141.0,62,-1,5141.0
Uniform1-5000_Seed34_J100_M50,"[0.029177, 0.970823]",50,100,0.01,max_proc,lowest_lower_bound,PRUNE,all_to_shortest,greedy,6395,104,2001,42.57443690299988,0.1960906958561376,False,5154.0,62,-1,5141.0
Uniform1-5000_Seed35_J100_M50,"[0.008699, 0.884843]",50,100,0.02,max_proc,lowest_lower_bound,NO_PROFILING,all_to_shortest,greedy,7284,562,2001,49.52725791931152,0.226710598572213,False,5632.64,50,-1,5632.64
Uniform1-5000_Seed35_J100_M50,"[0.008699, 0.884843]",50,100,0.01,max_proc,lowest_lower_bound,PRUNE,all_to_shortest,greedy,6242,368,2001,36.30878496170044,0.0976225568727971,False,5776.0,76,-1,5632.64
Uniform1-5000_Seed36_J100_M50,"[0.002283, 0.945231]",50,100,0.02,max_proc,lowest_lower_bound,NO_PROFILING,all_to_shortest,greedy,6603,836,2001,41.77383089065552,0.2040193851279721,False,5255.86,51,-1,5255.86
Uniform1-5000_Seed36_J100_M50,"[0.002283, 0.945231]",50,100,0.01,max_proc,lowest_lower_bound,PRUNE,all_to_shortest,greedy,5580,165,165,2.9489846229553223,0.058089605734767,True,5520.0,79,-1,5255.86
Uniform1-5000_Seed37_J100_M50,"[0.002924, 0.905203]",50,100,0.02,max_proc,lowest_lower_bound,NO_PROFILING,all_to_shortest,greedy,6932,454,2001,39.850446939468384,0.2106607039815349,False,5471.7,50,-1,5471.7
Uniform1-5000_Seed37_J100_M50,"[0.002924, 0.905203]",50,100,0.01,max_proc,lowest_lower_bound,PRUNE,all_to_shortest,greedy,5931,391,391,9.036174297332764,0.0774405665149216,True,5931.0,74,-1,5471.7
Uniform1-5000_Seed38_J100_M50,"[0.000200, 1.000000]",50,100,0.02,max_proc,lowest_lower_bound,NO_PROFILING,all_to_shortest,greedy,5429,1348,2001,30.35613489151001,0.0806778412230613,False,4991.0,71,-1,4991.0
Uniform1-5000_Seed38_J100_M50,"[0.000200, 1.000000]",50,100,0.01,max_proc,lowest_lower_bound,PRUNE,all_to_shortest,greedy,5500,165,2001,28.46977972984314,0.0925454545454545,False,4991.0,70,-1,4991.0
Uniform1-5000_Seed39_J100_M50,"[0.003410, 1.000000]",50,100,0.02,max_proc,lowest_lower_bound,NO_PROFILING,all_to_shortest,greedy,6315,689,2001,34.54337120056152,0.2106096595407759,False,4985.0,50,-1,4985.0
Uniform1-5000_Seed39_J100_M50,"[0.003410, 1.000000]",50,100,0.01,max_proc,lowest_lower_bound,PRUNE,all_to_shortest,greedy,5624,88,88,1.4284300804138184,0.1136201991465149,True,5550.0,63,-1,4985.0
Uniform1-5000_Seed40_J100_M50,"[0.020870, 0.888064]",50,100,0.02,max_proc,lowest_lower_bound,NO_PROFILING,all_to_shortest,greedy,7098,164,2001,48.43443846702576,0.2169399830938292,False,5558.16,50,-1,5558.16
Uniform1-5000_Seed40_J100_M50,"[0.020870, 0.888064]",50,100,0.01,max_proc,lowest_lower_bound,PRUNE,all_to_shortest,greedy,6358,75,75,1.4384076595306396,0.1258005662157911,True,6246.0,69,-1,5558.16
Uniform1-5000_Seed41_J100_M50,"[0.019664, 0.998050]",50,100,0.02,max_proc,lowest_lower_bound,NO_PROFILING,all_to_shortest,greedy,6248,546,2001,45.86026763916016,0.202349551856594,False,4983.72,51,-1,4983.72
Uniform1-5000_Seed41_J100_M50,"[0.019664, 0.998050]",50,100,0.01,max_proc,lowest_lower_bound,PRUNE,all_to_shortest,greedy,5961,1180,2001,35.307215452194214,0.1639456467035731,False,5215.0,59,-1,4983.72
Uniform1-5000_Seed42_J100_M50,"[0.007125, 1.000000]",50,100,0.02,max_proc,lowest_lower_bound,NO_PROFILING,all_to_shortest,greedy,6170,254,2001,39.6711905002594,0.2038897893030794,False,4912.0,50,-1,4912.0
Uniform1-5000_Seed42_J100_M50,"[0.007125, 1.000000]",50,100,0.01,max_proc,lowest_lower_bound,PRUNE,all_to_shortest,greedy,5076,113,113,1.90092134475708,0.0323089046493301,True,5014.0,84,-1,4912.0
Uniform1-5000_Seed43_J100_M50,"[0.006631, 1.000000]",50,100,0.02,max_proc,lowest_lower_bound,NO_PROFILING,all_to_shortest,greedy,6158,1407,2001,35.55197334289551,0.1917830464436505,False,4977.0,53,-1,4977.0
Uniform1-5000_Seed43_J100_M50,"[0.006631, 1.000000]",50,100,0.01,max_proc,lowest_lower_bound,PRUNE,all_to_shortest,greedy,6169,1993,2001,37.00539994239807,0.1932241854433457,False,5130.0,60,-1,4977.0
Uniform1-5000_Seed44_J100_M50,"[0.020556, 1.000000]",50,100,0.02,max_proc,lowest_lower_bound,NO_PROFILING,all_to_shortest,greedy,6210,1799,2001,40.57827877998352,0.2009661835748792,False,4962.0,50,-1,4962.0
Uniform1-5000_Seed44_J100_M50,"[0.020556, 1.000000]",50,100,0.01,max_proc,lowest_lower_bound,PRUNE,all_to_shortest,greedy,5610,1936,2001,40.65937685966492,0.1155080213903743,False,5108.0,69,-1,4962.0
Uniform1-5000_Seed45_J100_M50,"[0.013956, 0.981248]",50,100,0.02,max_proc,lowest_lower_bound,NO_PROFILING,all_to_shortest,greedy,6278,342,2001,41.76832294464111,0.1896463841987894,False,5087.4,50,-1,5087.4
Uniform1-5000_Seed45_J100_M50,"[0.013956, 0.981248]",50,100,0.01,max_proc,lowest_lower_bound,PRUNE,all_to_shortest,greedy,5470,676,676,11.603615283966064,0.069945155393053,True,5380.0,76,-1,5087.4
Uniform1-5000_Seed46_J100_M50,"[0.003412, 1.000000]",50,100,0.02,max_proc,lowest_lower_bound,NO_PROFILING,all_to_shortest,greedy,5905,577,2001,36.50149989128113,0.1561388653683319,False,4983.0,51,-1,4983.0
Uniform1-5000_Seed46_J100_M50,"[0.003412, 1.000000]",50,100,0.01,max_proc,lowest_lower_bound,PRUNE,all_to_shortest,greedy,5097,91,91,1.4750068187713623,0.022366097704532,True,5003.0,85,-1,4983.0
Uniform1-5000_Seed47_J100_M50,"[0.025390, 0.911820]",50,100,0.02,max_proc,lowest_lower_bound,NO_PROFILING,all_to_shortest,greedy,6861,1005,2001,45.51830387115479,0.2135548753825972,False,5395.8,50,-1,5395.8
Uniform1-5000_Seed47_J100_M50,"[0.025390, 0.911820]",50,100,0.01,max_proc,lowest_lower_bound,PRUNE,all_to_shortest,greedy,5930,107,107,1.8675637245178225,0.0900843170320404,True,5891.0,78,-1,5395.8
Uniform1-5000_Seed48_J100_M50,"[0.009350, 0.967734]",50,100,0.02,max_proc,lowest_lower_bound,NO_PROFILING,all_to_shortest,greedy,6293,293,2001,42.74224901199341,0.1842300969331002,False,5133.64,50,-1,5133.64
Uniform1-5000_Seed48_J100_M50,"[0.009350, 0.967734]",50,100,0.01,max_proc,lowest_lower_bound,PRUNE,all_to_shortest,greedy,6125,70,2001,41.552579402923584,0.1618546938775509,False,5203.0,65,-1,5133.64
Uniform1-5000_Seed49_J100_M50,"[0.032679, 0.868944]",50,100,0.02,max_proc,lowest_lower_bound,NO_PROFILING,all_to_shortest,greedy,7519,1738,2001,44.48182773590088,0.2348769783215853,False,5752.96,50,-1,5752.96
Uniform1-5000_Seed49_J100_M50,"[0.032679, 0.868944]",50,100,0.01,max_proc,lowest_lower_bound,PRUNE,all_to_shortest,greedy,6454,72,72,1.4310481548309326,0.1086210102262163,True,6418.0,66,-1,5752.96
Uniform1-5000_Seed50_J100_M50,"[0.010543, 1.000000]",50,100,0.02,max_proc,lowest_lower_bound,NO_PROFILING,all_to_shortest,greedy,5025,74,74,1.2583496570587158,0.0185074626865671,True,4932.0,72,-1,4932.0
Uniform1-5000_Seed50_J100_M50,"[0.010543, 1.000000]",50,100,0.01,max_proc,lowest_lower_bound,PRUNE,all_to_shortest,greedy,5026,85,85,1.3916490077972412,0.0187027457222443,True,4932.0,83,-1,4932.0
Uniform1-5000_Seed51_J100_M50,"[0.000605, 1.000000]",50,100,0.02,max_proc,lowest_lower_bound,NO_PROFILING,all_to_shortest,greedy,5035,901,901,13.198817253112791,0.0150943396226415,True,4959.0,85,-1,4959.0
Uniform1-5000_Seed51_J100_M50,"[0.000605, 1.000000]",50,100,0.01,max_proc,lowest_lower_bound,PRUNE,all_to_shortest,greedy,5261,117,2001,34.47392582893372,0.0574035354495343,False,4959.0,84,-1,4959.0
Uniform1-5000_Seed52_J100_M50,"[0.003165, 0.927777]",50,100,0.02,max_proc,lowest_lower_bound,NO_PROFILING,all_to_shortest,greedy,6987,1366,2001,51.29805302619934,0.231300987548304,False,5370.9,50,-1,5370.9
Uniform1-5000_Seed52_J100_M50,"[0.003165, 0.927777]",50,100,0.01,max_proc,lowest_lower_bound,PRUNE,all_to_shortest,greedy,5783,1163,1163,20.519246101379395,0.0712605913885527,True,5707.0,77,-1,5370.9
Uniform1-5000_Seed53_J100_M50,"[0.007100, 0.983524]",50,100,0.02,max_proc,lowest_lower_bound,NO_PROFILING,all_to_shortest,greedy,6674,1619,2001,44.52537560462952,0.2402547198082109,False,5070.54,50,-1,5070.54
Uniform1-5000_Seed53_J100_M50,"[0.007100, 0.983524]",50,100,0.01,max_proc,lowest_lower_bound,PRUNE,all_to_shortest,greedy,5538,667,667,10.637637615203856,0.084409534127844,True,5446.0,65,-1,5070.54
Uniform1-5000_Seed54_J100_M50,"[0.001806, 1.000000]",50,100,0.02,max_proc,lowest_lower_bound,NO_PROFILING,all_to_shortest,greedy,6215,129,2001,43.62424349784851,0.1980691874497184,False,4984.0,55,-1,4984.0
Uniform1-5000_Seed54_J100_M50,"[0.001806, 1.000000]",50,100,0.01,max_proc,lowest_lower_bound,PRUNE,all_to_shortest,greedy,6110,1023,2001,33.89736843109131,0.1842880523731587,False,5072.0,61,-1,4984.0
Uniform1-5000_Seed55_J100_M50,"[0.000764, 0.946804]",50,100,0.02,max_proc,lowest_lower_bound,NO_PROFILING,all_to_shortest,greedy,6759,234,2001,39.37926173210144,0.2250895102825862,False,5237.62,50,-1,5237.62
Uniform1-5000_Seed55_J100_M50,"[0.000764, 0.946804]",50,100,0.01,max_proc,lowest_lower_bound,PRUNE,all_to_shortest,greedy,5956,70,70,1.1826119422912598,0.1206145063801209,True,5956.0,65,-1,5237.62
Uniform1-5000_Seed56_J100_M50,"[0.016896, 0.957285]",50,100,0.02,max_proc,lowest_lower_bound,NO_PROFILING,all_to_shortest,greedy,6421,1132,2001,46.34636068344116,0.1888366298084411,False,5208.48,50,-1,5208.48
Uniform1-5000_Seed56_J100_M50,"[0.016896, 0.957285]",50,100,0.01,max_proc,lowest_lower_bound,PRUNE,all_to_shortest,greedy,5482,86,86,2.0603578090667725,0.0498941991973733,True,5482.0,84,-1,5208.48
Uniform1-5000_Seed57_J100_M50,"[0.017328, 1.000000]",50,100,0.02,max_proc,lowest_lower_bound,NO_PROFILING,all_to_shortest,greedy,5386,1657,2001,37.82873010635376,0.1535462309691793,False,4559.0,55,-1,4559.0
Uniform1-5000_Seed57_J100_M50,"[0.017328, 1.000000]",50,100,0.01,max_proc,lowest_lower_bound,PRUNE,all_to_shortest,greedy,5431,1592,2001,33.27938222885132,0.1605597495857116,False,4691.0,57,-1,4559.0
Uniform1-5000_Seed58_J100_M50,"[0.005453, 0.916444]",50,100,0.02,max_proc,lowest_lower_bound,NO_PROFILING,all_to_shortest,greedy,6805,856,2001,47.328763484954834,0.2184599559147685,False,5318.38,50,-1,5318.38
Uniform1-5000_Seed58_J100_M50,"[0.005453, 0.916444]",50,100,0.01,max_proc,lowest_lower_bound,PRUNE,all_to_shortest,greedy,5607,82,82,1.8572766780853271,0.0514749420367397,True,5607.0,78,-1,5318.38
Uniform1-5000_Seed59_J100_M50,"[0.000953, 0.941263]",50,100,0.02,max_proc,lowest_lower_bound,NO_PROFILING,all_to_shortest,greedy,6501,299,2001,41.17371988296509,0.1930256883556375,False,5246.14,55,-1,5246.14
Uniform1-5000_Seed59_J100_M50,"[0.000953, 0.941263]",50,100,0.01,max_proc,lowest_lower_bound,PRUNE,all_to_shortest,greedy,6377,207,2001,42.37300324440002,0.1773341696722596,False,5466.0,59,-1,5246.14
Uniform1-5000_Seed60_J100_M50,"[0.006912, 0.929420]",50,100,0.02,max_proc,lowest_lower_bound,NO_PROFILING,all_to_shortest,greedy,6688,1064,2001,42.889660120010376,0.1996411483253588,False,5352.8,50,-1,5352.8
Uniform1-5000_Seed60_J100_M50,"[0.006912, 0.929420]",50,100,0.01,max_proc,lowest_lower_bound,PRUNE,all_to_shortest,greedy,5735,83,83,1.4387688636779783,0.0666434176111595,True,5636.0,76,-1,5352.8
Uniform1-5000_Seed61_J100_M50,"[0.008023, 0.970355]",50,100,0.02,max_proc,lowest_lower_bound,NO_PROFILING,all_to_shortest,greedy,6508,306,2001,45.57619738578797,0.2147357098955132,False,5110.5,50,-1,5110.5
Uniform1-5000_Seed61_J100_M50,"[0.008023, 0.970355]",50,100,0.01,max_proc,lowest_lower_bound,PRUNE,all_to_shortest,greedy,5951,160,2001,40.821016788482666,0.1412367669299277,False,5236.0,66,-1,5110.5
Uniform1-5000_Seed62_J100_M50,"[0.001781, 0.966531]",50,100,0.02,max_proc,lowest_lower_bound,NO_PROFILING,all_to_shortest,greedy,6434,42,2001,47.25151801109314,0.2144606776499844,False,5054.16,50,-1,5054.16
Uniform1-5000_Seed62_J100_M50,"[0.001781, 0.966531]",50,100,0.01,max_proc,lowest_lower_bound,PRUNE,all_to_shortest,greedy,5705,84,84,1.5656845569610596,0.1140823838737949,True,5644.0,69,-1,5054.16
Uniform1-5000_Seed63_J100_M50,"[0.003643, 0.951112]",50,100,0.02,max_proc,lowest_lower_bound,NO_PROFILING,all_to_shortest,greedy,6348,1063,2001,44.24534893035889,0.1783238815374921,False,5216.0,50,-1,5216.0
Uniform1-5000_Seed63_J100_M50,"[0.003643, 0.951112]",50,100,0.01,max_proc,lowest_lower_bound,PRUNE,all_to_shortest,greedy,6294,185,2001,36.36823678016663,0.171274229424849,False,5389.0,62,-1,5216.0
Uniform1-5000_Seed64_J100_M50,"[0.004784, 1.000000]",50,100,0.02,max_proc,lowest_lower_bound,NO_PROFILING,all_to_shortest,greedy,5732,1895,2001,35.90343713760376,0.1612002791346825,False,4808.0,50,-1,4808.0
Uniform1-5000_Seed64_J100_M50,"[0.004784, 1.000000]",50,100,0.01,max_proc,lowest_lower_bound,PRUNE,all_to_shortest,greedy,4869,88,88,1.4491307735443115,0.0125282398849866,True,4869.0,83,-1,4808.0
Uniform1-5000_Seed65_J100_M50,"[0.013023, 1.000000]",50,100,0.02,max_proc,lowest_lower_bound,NO_PROFILING,all_to_shortest,greedy,4991,83,83,1.3549597263336182,0.0,True,4991.0,81,83,4991.0
Uniform1-5000_Seed65_J100_M50,"[0.013023, 1.000000]",50,100,0.01,max_proc,lowest_lower_bound,PRUNE,all_to_shortest,greedy,5475,1672,2001,35.096938371658325,0.0884018264840182,False,4991.0,72,-1,4991.0
Uniform1-5000_Seed66_J100_M50,"[0.008422, 0.968522]",50,100,0.02,max_proc,lowest_lower_bound,NO_PROFILING,all_to_shortest,greedy,6285,868,2001,45.92655420303345,0.1876340493237867,False,5105.72,50,-1,5105.72
Uniform1-5000_Seed66_J100_M50,"[0.008422, 0.968522]",50,100,0.01,max_proc,lowest_lower_bound,PRUNE,all_to_shortest,greedy,5396,85,85,1.422428846359253,0.0537954040029651,True,5396.0,77,-1,5105.72
Uniform1-5000_Seed67_J100_M50,"[0.001830, 1.000000]",50,100,0.02,max_proc,lowest_lower_bound,NO_PROFILING,all_to_shortest,greedy,5126,82,2001,29.812163591384888,0.0405774483027701,False,4918.0,82,-1,4918.0
Uniform1-5000_Seed67_J100_M50,"[0.001830, 1.000000]",50,100,0.01,max_proc,lowest_lower_bound,PRUNE,all_to_shortest,greedy,5202,231,2001,34.35171818733215,0.0545943867743175,False,4918.0,82,-1,4918.0
Uniform1-5000_Seed68_J100_M50,"[0.018826, 1.000000]",50,100,0.02,max_proc,lowest_lower_bound,NO_PROFILING,all_to_shortest,greedy,5377,1478,2001,34.331796646118164,0.0714152873349451,False,4993.0,78,-1,4993.0
Uniform1-5000_Seed68_J100_M50,"[0.018826, 1.000000]",50,100,0.01,max_proc,lowest_lower_bound,PRUNE,all_to_shortest,greedy,5629,886,2001,36.157734394073486,0.1129863208385148,False,4993.0,77,-1,4993.0
Uniform1-5000_Seed69_J100_M50,"[0.003789, 0.941673]",50,100,0.02,max_proc,lowest_lower_bound,NO_PROFILING,all_to_shortest,greedy,6280,376,2001,39.50982308387756,0.1595796178343949,False,5277.84,50,-1,5277.84
Uniform1-5000_Seed69_J100_M50,"[0.003789, 0.941673]",50,100,0.01,max_proc,lowest_lower_bound,PRUNE,all_to_shortest,greedy,6168,64,2001,43.07001209259033,0.1443190661478599,False,5346.0,65,-1,5277.84
Uniform1-5000_Seed70_J100_M50,"[0.006452, 0.921512]",50,100,0.02,max_proc,lowest_lower_bound,NO_PROFILING,all_to_shortest,greedy,6668,1501,2001,41.15818953514099,0.1864457108578284,False,5424.78,50,-1,5424.78
Uniform1-5000_Seed70_J100_M50,"[0.006452, 0.921512]",50,100,0.01,max_proc,lowest_lower_bound,PRUNE,all_to_shortest,greedy,6089,76,2001,39.089595079422,0.1090852356708819,False,5510.0,67,-1,5424.78
Uniform1-5000_Seed71_J100_M50,"[0.016621, 0.968349]",50,100,0.02,max_proc,lowest_lower_bound,NO_PROFILING,all_to_shortest,greedy,6493,488,2001,43.33230423927307,0.2124041275219467,False,5113.86,50,-1,5113.86
Uniform1-5000_Seed71_J100_M50,"[0.016621, 0.968349]",50,100,0.01,max_proc,lowest_lower_bound,PRUNE,all_to_shortest,greedy,5340,85,85,1.3997454643249512,0.0423483146067416,True,5301.0,83,-1,5113.86
Uniform1-5000_Seed72_J100_M50,"[0.012602, 0.949910]",50,100,0.02,max_proc,lowest_lower_bound,NO_PROFILING,all_to_shortest,greedy,6491,555,2001,43.25888133049011,0.1931381913418579,False,5237.34,50,-1,5237.34
Uniform1-5000_Seed72_J100_M50,"[0.012602, 0.949910]",50,100,0.01,max_proc,lowest_lower_bound,PRUNE,all_to_shortest,greedy,5870,71,71,1.2632980346679688,0.1077785349233389,True,5824.0,69,-1,5237.34
Uniform1-5000_Seed73_J100_M50,"[0.007238, 1.000000]",50,100,0.02,max_proc,lowest_lower_bound,NO_PROFILING,all_to_shortest,greedy,5697,135,2001,34.68671417236328,0.1269088994207477,False,4974.0,54,-1,4974.0
Uniform1-5000_Seed73_J100_M50,"[0.007238, 1.000000]",50,100,0.01,max_proc,lowest_lower_bound,PRUNE,all_to_shortest,greedy,5082,128,128,2.1357526779174805,0.0212514757969303,True,4983.0,76,-1,4974.0
Uniform1-5000_Seed74_J100_M50,"[0.020545, 0.949466]",50,100,0.02,max_proc,lowest_lower_bound,NO_PROFILING,all_to_shortest,greedy,6712,1186,2001,49.19359278678894,0.216829558998808,False,5256.64,51,-1,5256.64
Uniform1-5000_Seed74_J100_M50,"[0.020545, 0.949466]",50,100,0.01,max_proc,lowest_lower_bound,PRUNE,all_to_shortest,greedy,6371,1534,2001,31.599693059921265,0.1749113169047244,False,5455.0,56,-1,5256.64
Uniform1-5000_Seed75_J100_M50,"[0.003611, 0.988095]",50,100,0.02,max_proc,lowest_lower_bound,NO_PROFILING,all_to_shortest,greedy,6164,175,2001,42.87399125099182,0.1913789746917585,False,4984.34,50,-1,4984.34
Uniform1-5000_Seed75_J100_M50,"[0.003611, 0.988095]",50,100,0.01,max_proc,lowest_lower_bound,PRUNE,all_to_shortest,greedy,5841,545,2001,39.27001667022705,0.1466632425954459,False,5012.0,67,-1,4984.34
Uniform1-5000_Seed76_J100_M50,"[0.005590, 0.959159]",50,100,0.02,max_proc,lowest_lower_bound,NO_PROFILING,all_to_shortest,greedy,6288,750,2001,39.32795190811157,0.1749554707379134,False,5187.88,50,-1,5187.88
Uniform1-5000_Seed76_J100_M50,"[0.005590, 0.959159]",50,100,0.01,max_proc,lowest_lower_bound,PRUNE,all_to_shortest,greedy,5563,87,87,1.4501848220825195,0.0674312421355383,True,5454.0,82,-1,5187.88
Uniform1-5000_Seed77_J100_M50,"[0.025618, 0.987588]",50,100,0.02,max_proc,lowest_lower_bound,NO_PROFILING,all_to_shortest,greedy,5888,1829,2001,38.71173167228699,0.1447860054347826,False,5035.5,64,-1,5035.5
Uniform1-5000_Seed77_J100_M50,"[0.025618, 0.987588]",50,100,0.01,max_proc,lowest_lower_bound,PRUNE,all_to_shortest,greedy,5937,61,2001,39.7493941783905,0.151844365841334,False,5039.0,64,-1,5035.5
Uniform1-5000_Seed78_J100_M50,"[0.004547, 0.920631]",50,100,0.02,max_proc,lowest_lower_bound,NO_PROFILING,all_to_shortest,greedy,6647,398,2001,45.32694482803345,0.2059726192267188,False,5277.9,50,-1,5277.9
Uniform1-5000_Seed78_J100_M50,"[0.004547, 0.920631]",50,100,0.01,max_proc,lowest_lower_bound,PRUNE,all_to_shortest,greedy,6259,79,2001,42.84139442443848,0.1567502795973798,False,5548.0,67,-1,5277.9
Uniform1-5000_Seed79_J100_M50,"[0.001168, 0.972143]",50,100,0.02,max_proc,lowest_lower_bound,NO_PROFILING,all_to_shortest,greedy,6575,917,2001,49.73442721366882,0.2183787072243346,False,5139.16,50,-1,5139.16
Uniform1-5000_Seed79_J100_M50,"[0.001168, 0.972143]",50,100,0.01,max_proc,lowest_lower_bound,PRUNE,all_to_shortest,greedy,5547,1851,1851,41.81616473197937,0.0735244276185325,True,5440.0,82,-1,5139.16
Uniform1-5000_Seed80_J100_M50,"[0.004269, 0.992047]",50,100,0.02,max_proc,lowest_lower_bound,NO_PROFILING,all_to_shortest,greedy,6201,1774,2001,47.12027955055237,0.2067214965328173,False,4919.12,50,-1,4919.12
Uniform1-5000_Seed80_J100_M50,"[0.004269, 0.992047]",50,100,0.01,max_proc,lowest_lower_bound,PRUNE,all_to_shortest,greedy,5300,478,478,8.364355087280273,0.0718641509433962,True,5203.0,74,-1,4919.12
Uniform1-5000_Seed81_J100_M50,"[0.006404, 1.000000]",50,100,0.02,max_proc,lowest_lower_bound,NO_PROFILING,all_to_shortest,greedy,4997,71,71,1.060293197631836,0.0,True,4997.0,69,71,4997.0
Uniform1-5000_Seed81_J100_M50,"[0.006404, 1.000000]",50,100,0.01,max_proc,lowest_lower_bound,PRUNE,all_to_shortest,greedy,5010,85,85,1.3121380805969238,0.0025948103792415,True,4997.0,83,-1,4997.0
Uniform1-5000_Seed82_J100_M50,"[0.020652, 1.000000]",50,100,0.02,max_proc,lowest_lower_bound,NO_PROFILING,all_to_shortest,greedy,5694,1617,2001,41.40994453430176,0.1325957147874956,False,4939.0,57,-1,4939.0
Uniform1-5000_Seed82_J100_M50,"[0.020652, 1.000000]",50,100,0.01,max_proc,lowest_lower_bound,PRUNE,all_to_shortest,greedy,5637,55,2001,43.31001877784729,0.123824729466028,False,4939.0,57,-1,4939.0
Uniform1-5000_Seed83_J100_M50,"[0.014304, 0.993029]",50,100,0.02,max_proc,lowest_lower_bound,NO_PROFILING,all_to_shortest,greedy,6123,633,2001,43.87705492973328,0.1893516250204147,False,4963.6,50,-1,4963.6
Uniform1-5000_Seed83_J100_M50,"[0.014304, 0.993029]",50,100,0.01,max_proc,lowest_lower_bound,PRUNE,all_to_shortest,greedy,6259,1462,2001,51.30045509338379,0.2069659690046332,False,5166.0,59,-1,4963.6
Uniform1-5000_Seed84_J100_M50,"[0.001963, 0.972398]",50,100,0.02,max_proc,lowest_lower_bound,NO_PROFILING,all_to_shortest,greedy,6451,778,2001,36.56487202644348,0.2102588745930863,False,5094.62,50,-1,5094.62
Uniform1-5000_Seed84_J100_M50,"[0.001963, 0.972398]",50,100,0.01,max_proc,lowest_lower_bound,PRUNE,all_to_shortest,greedy,5549,106,106,1.679917812347412,0.0818850243287079,True,5549.0,75,-1,5094.62
Uniform1-5000_Seed85_J100_M50,"[0.003038, 1.000000]",50,100,0.02,max_proc,lowest_lower_bound,NO_PROFILING,all_to_shortest,greedy,4950,79,79,1.2752223014831543,0.0026262626262626,True,4937.0,77,-1,4937.0
Uniform1-5000_Seed85_J100_M50,"[0.003038, 1.000000]",50,100,0.01,max_proc,lowest_lower_bound,PRUNE,all_to_shortest,greedy,4985,169,169,2.5652520656585693,0.0096288866599799,True,4937.0,88,-1,4937.0
Uniform1-5000_Seed86_J100_M50,"[0.012026, 1.000000]",50,100,0.02,max_proc,lowest_lower_bound,NO_PROFILING,all_to_shortest,greedy,4906,55,55,0.8689935207366943,0.0,True,4906.0,53,55,4906.0
Uniform1-5000_Seed86_J100_M50,"[0.012026, 1.000000]",50,100,0.01,max_proc,lowest_lower_bound,PRUNE,all_to_shortest,greedy,5000,70,70,1.1215882301330566,0.0188,True,4906.0,68,-1,4906.0
Uniform1-5000_Seed87_J100_M50,"[0.012563, 1.000000]",50,100,0.02,max_proc,lowest_lower_bound,NO_PROFILING,all_to_shortest,greedy,4962,62,62,1.0759944915771484,0.0054413542926239,True,4935.0,60,-1,4935.0
Uniform1-5000_Seed87_J100_M50,"[0.012563, 1.000000]",50,100,0.01,max_proc,lowest_lower_bound,PRUNE,all_to_shortest,greedy,4990,76,76,1.1920101642608645,0.0110220440881763,True,4935.0,74,-1,4935.0
Uniform1-5000_Seed88_J100_M50,"[0.001507, 0.931858]",50,100,0.02,max_proc,lowest_lower_bound,NO_PROFILING,all_to_shortest,greedy,6640,1012,2001,41.81019425392151,0.2003283132530121,False,5309.82,50,-1,5309.82
Uniform1-5000_Seed88_J100_M50,"[0.001507, 0.931858]",50,100,0.01,max_proc,lowest_lower_bound,PRUNE,all_to_shortest,greedy,6464,746,2001,40.95008730888367,0.1785550742574257,False,5550.0,67,-1,5309.82
Uniform1-5000_Seed89_J100_M50,"[0.006529, 1.000000]",50,100,0.02,max_proc,lowest_lower_bound,NO_PROFILING,all_to_shortest,greedy,4901,42,42,0.6236598491668701,0.0,True,4901.0,40,42,4901.0
Uniform1-5000_Seed89_J100_M50,"[0.006529, 1.000000]",50,100,0.01,max_proc,lowest_lower_bound,PRUNE,all_to_shortest,greedy,4901,48,48,0.7641811370849609,0.0,True,4901.0,46,48,4901.0
Uniform1-5000_Seed90_J100_M50,"[0.006568, 0.957753]",50,100,0.02,max_proc,lowest_lower_bound,NO_PROFILING,all_to_shortest,greedy,6499,1990,2001,43.43733048439026,0.2034620710878596,False,5176.7,56,-1,5176.7
Uniform1-5000_Seed90_J100_M50,"[0.006568, 0.957753]",50,100,0.01,max_proc,lowest_lower_bound,PRUNE,all_to_shortest,greedy,6078,1707,2001,42.30961585044861,0.1482889108259296,False,5259.0,59,-1,5176.7
Uniform1-5000_Seed91_J100_M50,"[0.009220, 0.936714]",50,100,0.02,max_proc,lowest_lower_bound,NO_PROFILING,all_to_shortest,greedy,6371,1203,2001,42.6294150352478,0.1658577931250981,False,5314.32,63,-1,5314.32
Uniform1-5000_Seed91_J100_M50,"[0.009220, 0.936714]",50,100,0.01,max_proc,lowest_lower_bound,PRUNE,all_to_shortest,greedy,6209,315,2001,38.2832260131836,0.1440940570140119,False,5317.0,63,-1,5314.32
Uniform1-5000_Seed92_J100_M50,"[0.003913, 0.924321]",50,100,0.02,max_proc,lowest_lower_bound,NO_PROFILING,all_to_shortest,greedy,6765,151,2001,44.89905095100403,0.2067849223946784,False,5366.1,50,-1,5366.1
Uniform1-5000_Seed92_J100_M50,"[0.003913, 0.924321]",50,100,0.01,max_proc,lowest_lower_bound,PRUNE,all_to_shortest,greedy,5731,86,86,1.4669291973114014,0.0636712615599371,True,5650.0,84,-1,5366.1
Uniform1-5000_Seed93_J100_M50,"[0.009845, 0.935698]",50,100,0.02,max_proc,lowest_lower_bound,NO_PROFILING,all_to_shortest,greedy,6607,1091,2001,45.947378158569336,0.2006023914030573,False,5281.62,52,-1,5281.62
Uniform1-5000_Seed93_J100_M50,"[0.009845, 0.935698]",50,100,0.01,max_proc,lowest_lower_bound,PRUNE,all_to_shortest,greedy,6254,70,2001,42.644760608673096,0.1554812919731372,False,5395.0,70,-1,5281.62
Uniform1-5000_Seed94_J100_M50,"[0.018543, 0.938334]",50,100,0.02,max_proc,lowest_lower_bound,NO_PROFILING,all_to_shortest,greedy,6268,1049,2001,43.85632348060608,0.1568442884492661,False,5284.9,64,-1,5284.9
Uniform1-5000_Seed94_J100_M50,"[0.018543, 0.938334]",50,100,0.01,max_proc,lowest_lower_bound,PRUNE,all_to_shortest,greedy,6213,61,2001,45.419782638549805,0.1493803315628521,False,5284.9,64,-1,5284.9
Uniform1-5000_Seed95_J100_M50,"[0.000829, 1.000000]",50,100,0.02,max_proc,lowest_lower_bound,NO_PROFILING,all_to_shortest,greedy,5612,1278,2001,37.47788953781128,0.140591589451176,False,4823.0,65,-1,4823.0
Uniform1-5000_Seed95_J100_M50,"[0.000829, 1.000000]",50,100,0.01,max_proc,lowest_lower_bound,PRUNE,all_to_shortest,greedy,5634,1192,2001,40.92186522483826,0.1439474618388356,False,4823.0,65,-1,4823.0
Uniform1-5000_Seed96_J100_M50,"[0.001787, 0.992816]",50,100,0.02,max_proc,lowest_lower_bound,NO_PROFILING,all_to_shortest,greedy,6165,994,2001,47.76525259017944,0.1831013787510137,False,5036.18,52,-1,5036.18
Uniform1-5000_Seed96_J100_M50,"[0.001787, 0.992816]",50,100,0.01,max_proc,lowest_lower_bound,PRUNE,all_to_shortest,greedy,6062,65,2001,41.858006715774536,0.1692213790828109,False,5161.0,62,-1,5036.18
Uniform1-5000_Seed97_J100_M50,"[0.001580, 0.977669]",50,100,0.02,max_proc,lowest_lower_bound,NO_PROFILING,all_to_shortest,greedy,6295,1245,2001,45.68702936172485,0.1958633836378077,False,5062.04,50,-1,5062.04
Uniform1-5000_Seed97_J100_M50,"[0.001580, 0.977669]",50,100,0.01,max_proc,lowest_lower_bound,PRUNE,all_to_shortest,greedy,6040,1022,2001,42.50546622276306,0.1619139072847682,False,5261.0,60,-1,5062.04
Uniform1-5000_Seed98_J100_M50,"[0.000593, 0.987693]",50,100,0.02,max_proc,lowest_lower_bound,NO_PROFILING,all_to_shortest,greedy,6533,135,2001,43.38246941566467,0.2251186285014541,False,5062.3,50,-1,5062.3
Uniform1-5000_Seed98_J100_M50,"[0.000593, 0.987693]",50,100,0.01,max_proc,lowest_lower_bound,PRUNE,all_to_shortest,greedy,5602,73,73,1.2539794445037842,0.0963405926454837,True,5506.0,68,-1,5062.3
Uniform1-5000_Seed99_J100_M50,"[0.002298, 0.942045]",50,100,0.02,max_proc,lowest_lower_bound,NO_PROFILING,all_to_shortest,greedy,6810,1610,2001,43.57751274108887,0.233086637298091,False,5222.68,50,-1,5222.68
Uniform1-5000_Seed99_J100_M50,"[0.002298, 0.942045]",50,100,0.01,max_proc,lowest_lower_bound,PRUNE,all_to_shortest,greedy,5756,77,77,1.2942793369293213,0.0926546212647671,True,5655.0,71,-1,5222.68
Uniform1-5000_Seed100_J100_M50,"[0.000563, 0.937862]",50,100,0.02,max_proc,lowest_lower_bound,NO_PROFILING,all_to_shortest,greedy,6737,855,2001,42.37566757202149,0.2096066498441442,False,5324.88,50,-1,5324.88
Uniform1-5000_Seed100_J100_M50,"[0.000563, 0.937862]",50,100,0.01,max_proc,lowest_lower_bound,PRUNE,all_to_shortest,greedy,5652,1280,1280,22.873208045959476,0.0578768577494691,True,5589.0,80,-1,5324.88
Uniform1-5000_Seed1_J150_M75,"[0.003213, 1.000000]",75,150,0.02,max_proc,lowest_lower_bound,NO_PROFILING,all_to_shortest,greedy,5064,100,100,4.1345086097717285,0.0879699842022116,True,4980.0,98,-1,4618.52
Uniform1-5000_Seed1_J150_M75,"[0.003213, 1.000000]",75,150,0.01,max_proc,lowest_lower_bound,PRUNE,all_to_shortest,greedy,4981,120,120,5.484747648239136,0.0727725356354144,True,4980.0,118,-1,4618.52
Uniform1-5000_Seed2_J150_M75,"[0.003794, 0.947552]",75,150,0.02,max_proc,lowest_lower_bound,NO_PROFILING,all_to_shortest,greedy,6708,279,2001,106.4100091457367,0.2141502683363149,False,5271.48,75,-1,5271.48
Uniform1-5000_Seed2_J150_M75,"[0.003794, 0.947552]",75,150,0.01,max_proc,lowest_lower_bound,PRUNE,all_to_shortest,greedy,5719,287,287,14.125808954238892,0.0782514425598881,True,5719.0,111,-1,5271.48
Uniform1-5000_Seed3_J150_M75,"[0.002809, 1.000000]",75,150,0.02,max_proc,lowest_lower_bound,NO_PROFILING,all_to_shortest,greedy,5064,365,365,16.686967134475708,0.0320326487625065,True,4984.0,137,-1,4901.786666666667
Uniform1-5000_Seed3_J150_M75,"[0.002809, 1.000000]",75,150,0.01,max_proc,lowest_lower_bound,PRUNE,all_to_shortest,greedy,5693,1970,2001,93.31513500213624,0.1389800339598337,False,4984.0,108,-1,4901.786666666667
Uniform1-5000_Seed4_J150_M75,"[0.001967, 0.962073]",75,150,0.02,max_proc,lowest_lower_bound,NO_PROFILING,all_to_shortest,greedy,6249,1253,2001,98.47984099388124,0.1862932735904411,False,5084.8533333333335,75,-1,5084.8533333333335
Uniform1-5000_Seed4_J150_M75,"[0.001967, 0.962073]",75,150,0.01,max_proc,lowest_lower_bound,PRUNE,all_to_shortest,greedy,6041,205,2001,114.73753952980042,0.1582762235832919,False,5222.0,101,-1,5084.8533333333335
Uniform1-5000_Seed5_J150_M75,"[0.007316, 0.988091]",75,150,0.02,max_proc,lowest_lower_bound,NO_PROFILING,all_to_shortest,greedy,6665,291,2001,105.40251183509828,0.2412263065766441,False,5057.2266666666665,75,-1,5057.2266666666665
Uniform1-5000_Seed5_J150_M75,"[0.007316, 0.988091]",75,150,0.01,max_proc,lowest_lower_bound,PRUNE,all_to_shortest,greedy,5475,117,117,5.507725238800049,0.0763056316590563,True,5392.0,115,-1,5057.2266666666665
Uniform1-5000_Seed6_J150_M75,"[0.015600, 1.000000]",75,150,0.02,max_proc,lowest_lower_bound,NO_PROFILING,all_to_shortest,greedy,5456,1376,2001,105.39629578590392,0.0883162267839687,False,5000.0,117,-1,4974.1466666666665
Uniform1-5000_Seed6_J150_M75,"[0.015600, 1.000000]",75,150,0.01,max_proc,lowest_lower_bound,PRUNE,all_to_shortest,greedy,5771,467,2001,99.28781080245972,0.1380789002483683,False,5000.0,106,-1,4974.1466666666665
Uniform1-5000_Seed7_J150_M75,"[0.006841, 1.000000]",75,150,0.02,max_proc,lowest_lower_bound,NO_PROFILING,all_to_shortest,greedy,6153,331,2001,91.84346842765808,0.194513245571266,False,4970.0,75,-1,4956.16
Uniform1-5000_Seed7_J150_M75,"[0.006841, 1.000000]",75,150,0.01,max_proc,lowest_lower_bound,PRUNE,all_to_shortest,greedy,5614,125,2001,100.204204082489,0.1171784823655148,False,5038.0,103,-1,4956.16
Uniform1-5000_Seed8_J150_M75,"[0.005296, 0.903619]",75,150,0.02,max_proc,lowest_lower_bound,NO_PROFILING,all_to_shortest,greedy,7129,234,2001,115.30756044387816,0.2319034927759853,False,5475.76,75,-1,5475.76
Uniform1-5000_Seed8_J150_M75,"[0.005296, 0.903619]",75,150,0.01,max_proc,lowest_lower_bound,PRUNE,all_to_shortest,greedy,6749,92,2001,121.41329312324524,0.1886560971995851,False,5609.0,87,-1,5475.76
Uniform1-5000_Seed9_J150_M75,"[0.000188, 0.932472]",75,150,0.02,max_proc,lowest_lower_bound,NO_PROFILING,all_to_shortest,greedy,6690,618,2001,107.8518488407135,0.2055445939212755,False,5314.906666666667,75,-1,5314.906666666667
Uniform1-5000_Seed9_J150_M75,"[0.000188, 0.932472]",75,150,0.01,max_proc,lowest_lower_bound,PRUNE,all_to_shortest,greedy,5722,142,142,7.019711017608643,0.0711452871956192,True,5707.0,118,-1,5314.906666666667
Uniform1-5000_Seed10_J150_M75,"[0.008928, 0.986816]",75,150,0.02,max_proc,lowest_lower_bound,NO_PROFILING,all_to_shortest,greedy,6456,1490,2001,110.42598295211792,0.2192606361007848,False,5040.453333333333,75,-1,5040.453333333333
Uniform1-5000_Seed10_J150_M75,"[0.008928, 0.986816]",75,150,0.01,max_proc,lowest_lower_bound,PRUNE,all_to_shortest,greedy,6064,99,2001,120.8159532546997,0.1687906772207564,False,5116.0,97,-1,5040.453333333333
Uniform1-5000_Seed11_J150_M75,"[0.003935, 0.983109]",75,150,0.02,max_proc,lowest_lower_bound,NO_PROFILING,all_to_shortest,greedy,6659,1341,2001,104.94184684753418,0.2366941983280772,False,5082.8533333333335,75,-1,5082.8533333333335
Uniform1-5000_Seed11_J150_M75,"[0.003935, 0.983109]",75,150,0.01,max_proc,lowest_lower_bound,PRUNE,all_to_shortest,greedy,5460,160,160,7.700873613357544,0.069074481074481,True,5374.0,120,-1,5082.8533333333335
Uniform1-5000_Seed12_J150_M75,"[0.010028, 1.000000]",75,150,0.02,max_proc,lowest_lower_bound,NO_PROFILING,all_to_shortest,greedy,5467,369,2001,97.72390365600586,0.0879824400951161,False,4986.0,118,-1,4986.0
Uniform1-5000_Seed12_J150_M75,"[0.010028, 1.000000]",75,150,0.01,max_proc,lowest_lower_bound,PRUNE,all_to_shortest,greedy,5507,129,2001,110.75924062728882,0.0946068639912838,False,4986.0,118,-1,4986.0
Uniform1-5000_Seed13_J150_M75,"[0.002409, 1.000000]",75,150,0.02,max_proc,lowest_lower_bound,NO_PROFILING,all_to_shortest,greedy,4981,117,117,5.207300662994385,0.0374864485043164,True,4981.0,115,-1,4794.28
Uniform1-5000_Seed13_J150_M75,"[0.002409, 1.000000]",75,150,0.01,max_proc,lowest_lower_bound,PRUNE,all_to_shortest,greedy,5078,155,155,7.221417665481567,0.055872390705002,True,4981.0,119,-1,4794.28
Uniform1-5000_Seed14_J150_M75,"[0.005281, 0.935890]",75,150,0.02,max_proc,lowest_lower_bound,NO_PROFILING,all_to_shortest,greedy,6689,1021,2001,109.8013436794281,0.2073693128021129,False,5301.906666666667,75,-1,5301.906666666667
Uniform1-5000_Seed14_J150_M75,"[0.005281, 0.935890]",75,150,0.01,max_proc,lowest_lower_bound,PRUNE,all_to_shortest,greedy,6425,700,2001,102.48347449302672,0.1748005188067444,False,5391.0,95,-1,5301.906666666667
Uniform1-5000_Seed15_J150_M75,"[0.004017, 1.000000]",75,150,0.02,max_proc,lowest_lower_bound,NO_PROFILING,all_to_shortest,greedy,5919,1219,2001,97.20235586166382,0.158810609900321,False,4979.0,75,-1,4979.0
Uniform1-5000_Seed15_J150_M75,"[0.004017, 1.000000]",75,150,0.01,max_proc,lowest_lower_bound,PRUNE,all_to_shortest,greedy,5890,103,2001,110.38714623451231,0.1546689303904923,False,5045.0,99,-1,4979.0
Uniform1-5000_Seed16_J150_M75,"[0.001369, 0.974397]",75,150,0.02,max_proc,lowest_lower_bound,NO_PROFILING,all_to_shortest,greedy,6639,138,2001,100.7337396144867,0.2297133102374855,False,5113.933333333333,75,-1,5113.933333333333
Uniform1-5000_Seed16_J150_M75,"[0.001369, 0.974397]",75,150,0.01,max_proc,lowest_lower_bound,PRUNE,all_to_shortest,greedy,6384,854,2001,116.23769354820251,0.1989452798663324,False,5314.0,88,-1,5113.933333333333
Uniform1-5000_Seed17_J150_M75,"[0.030961, 0.922905]",75,150,0.02,max_proc,lowest_lower_bound,NO_PROFILING,all_to_shortest,greedy,6902,73,2001,110.43534660339355,0.2185105766444508,False,5393.84,75,-1,5393.84
Uniform1-5000_Seed17_J150_M75,"[0.030961, 0.922905]",75,150,0.01,max_proc,lowest_lower_bound,PRUNE,all_to_shortest,greedy,5742,402,402,20.602673292160038,0.0606339254615116,True,5673.0,123,-1,5393.84
Uniform1-5000_Seed18_J150_M75,"[0.009192, 0.977069]",75,150,0.02,max_proc,lowest_lower_bound,NO_PROFILING,all_to_shortest,greedy,6591,69,2001,109.76340866088869,0.2242067465736105,False,5113.253333333333,75,-1,5113.253333333333
Uniform1-5000_Seed18_J150_M75,"[0.009192, 0.977069]",75,150,0.01,max_proc,lowest_lower_bound,PRUNE,all_to_shortest,greedy,5353,137,137,6.796917200088501,0.0447873466591942,True,5353.0,133,-1,5113.253333333333
Uniform1-5000_Seed19_J150_M75,"[0.001074, 0.894598]",75,150,0.02,max_proc,lowest_lower_bound,NO_PROFILING,all_to_shortest,greedy,7177,65,2001,108.43678641319276,0.2214035576610468,False,5587.986666666667,75,-1,5587.986666666667
Uniform1-5000_Seed19_J150_M75,"[0.001074, 0.894598]",75,150,0.01,max_proc,lowest_lower_bound,PRUNE,all_to_shortest,greedy,7029,93,2001,125.02986574172974,0.2050097216294399,False,5728.0,85,-1,5587.986666666667
Uniform1-5000_Seed20_J150_M75,"[0.008651, 0.972624]",75,150,0.02,max_proc,lowest_lower_bound,NO_PROFILING,all_to_shortest,greedy,6485,71,2001,107.35622334480286,0.2156915959907479,False,5086.24,75,-1,5086.24
Uniform1-5000_Seed20_J150_M75,"[0.008651, 0.972624]",75,150,0.01,max_proc,lowest_lower_bound,PRUNE,all_to_shortest,greedy,6151,1460,2001,102.4920802116394,0.1731035603966835,False,5225.0,86,-1,5086.24
Uniform1-5000_Seed21_J150_M75,"[0.001806, 1.000000]",75,150,0.02,max_proc,lowest_lower_bound,NO_PROFILING,all_to_shortest,greedy,5061,87,87,3.516737937927246,0.0154119739181979,True,4983.0,85,-1,4983.0
Uniform1-5000_Seed21_J150_M75,"[0.001806, 1.000000]",75,150,0.01,max_proc,lowest_lower_bound,PRUNE,all_to_shortest,greedy,5077,120,120,6.302902698516846,0.0185148709868032,True,4983.0,118,-1,4983.0
Uniform1-5000_Seed22_J150_M75,"[0.002004, 1.000000]",75,150,0.02,max_proc,lowest_lower_bound,NO_PROFILING,all_to_shortest,greedy,6393,745,2001,110.93202304840088,0.2194587830439543,False,4990.0,75,-1,4990.0
Uniform1-5000_Seed22_J150_M75,"[0.002004, 1.000000]",75,150,0.01,max_proc,lowest_lower_bound,PRUNE,all_to_shortest,greedy,5576,110,110,5.3415162563323975,0.105093256814921,True,5502.0,108,-1,4990.0
Uniform1-5000_Seed23_J150_M75,"[0.008027, 1.000000]",75,150,0.02,max_proc,lowest_lower_bound,NO_PROFILING,all_to_shortest,greedy,5949,164,2001,100.16825723648073,0.1623802319717599,False,4983.0,88,-1,4983.0
Uniform1-5000_Seed23_J150_M75,"[0.008027, 1.000000]",75,150,0.01,max_proc,lowest_lower_bound,PRUNE,all_to_shortest,greedy,6007,130,2001,95.72155022621156,0.1704677875811553,False,4983.0,88,-1,4983.0
Uniform1-5000_Seed24_J150_M75,"[0.007279, 0.976147]",75,150,0.02,max_proc,lowest_lower_bound,NO_PROFILING,all_to_shortest,greedy,6528,431,2001,97.92912817001344,0.2213153594771242,False,5083.253333333333,75,-1,5083.253333333333
Uniform1-5000_Seed24_J150_M75,"[0.007279, 0.976147]",75,150,0.01,max_proc,lowest_lower_bound,PRUNE,all_to_shortest,greedy,6383,1715,2001,124.12581324577332,0.2036262990234477,False,5528.0,85,-1,5083.253333333333
Uniform1-5000_Seed25_J150_M75,"[0.003031, 1.000000]",75,150,0.02,max_proc,lowest_lower_bound,NO_PROFILING,all_to_shortest,greedy,5029,124,124,5.55211329460144,0.0159077351362099,True,4949.0,122,-1,4949.0
Uniform1-5000_Seed25_J150_M75,"[0.003031, 1.000000]",75,150,0.01,max_proc,lowest_lower_bound,PRUNE,all_to_shortest,greedy,5514,1469,2001,110.71661138534546,0.1024664490388103,False,4949.0,110,-1,4949.0
Uniform1-5000_Seed26_J150_M75,"[0.004533, 0.905445]",75,150,0.02,max_proc,lowest_lower_bound,NO_PROFILING,all_to_shortest,greedy,6973,880,2001,118.57192635536194,0.2090176394665136,False,5515.52,75,-1,5515.52
Uniform1-5000_Seed26_J150_M75,"[0.004533, 0.905445]",75,150,0.01,max_proc,lowest_lower_bound,PRUNE,all_to_shortest,greedy,6853,374,2001,104.50822496414185,0.1951670801109002,False,5714.0,88,-1,5515.52
Uniform1-5000_Seed27_J150_M75,"[0.025779, 1.000000]",75,150,0.02,max_proc,lowest_lower_bound,NO_PROFILING,all_to_shortest,greedy,6385,64,2001,109.53528046607973,0.2405638214565387,False,4849.0,75,-1,4849.0
Uniform1-5000_Seed27_J150_M75,"[0.025779, 1.000000]",75,150,0.01,max_proc,lowest_lower_bound,PRUNE,all_to_shortest,greedy,5327,109,109,5.703194379806519,0.0897315562230148,True,5327.0,106,-1,4849.0
Uniform1-5000_Seed28_J150_M75,"[0.009252, 1.000000]",75,150,0.02,max_proc,lowest_lower_bound,NO_PROFILING,all_to_shortest,greedy,4988,105,105,4.0935468673706055,0.0032076984763432,True,4972.0,103,-1,4972.0
Uniform1-5000_Seed28_J150_M75,"[0.009252, 1.000000]",75,150,0.01,max_proc,lowest_lower_bound,PRUNE,all_to_shortest,greedy,5071,112,112,5.08511757850647,0.0195227765726681,True,4972.0,110,-1,4972.0
Uniform1-5000_Seed29_J150_M75,"[0.004201, 1.000000]",75,150,0.02,max_proc,lowest_lower_bound,NO_PROFILING,all_to_shortest,greedy,5961,539,2001,105.02147173881532,0.1613823184029525,False,4999.0,88,-1,4999.0
Uniform1-5000_Seed29_J150_M75,"[0.004201, 1.000000]",75,150,0.01,max_proc,lowest_lower_bound,PRUNE,all_to_shortest,greedy,6075,73,2001,128.81040239334106,0.177119341563786,False,4999.0,88,-1,4999.0
Uniform1-5000_Seed30_J150_M75,"[0.009405, 0.999525]",75,150,0.02,max_proc,lowest_lower_bound,NO_PROFILING,all_to_shortest,greedy,6375,312,2001,100.58864164352416,0.2160983006535948,False,4997.373333333333,76,-1,4997.373333333333
Uniform1-5000_Seed30_J150_M75,"[0.009405, 0.999525]",75,150,0.01,max_proc,lowest_lower_bound,PRUNE,all_to_shortest,greedy,6405,1185,2001,127.18445563316344,0.2197699713765288,False,5152.0,82,-1,4997.373333333333
Uniform1-5000_Seed31_J150_M75,"[0.002807, 1.000000]",75,150,0.02,max_proc,lowest_lower_bound,NO_PROFILING,all_to_shortest,greedy,6352,1211,2001,95.7637529373169,0.2148929471032745,False,4987.0,75,-1,4987.0
Uniform1-5000_Seed31_J150_M75,"[0.002807, 1.000000]",75,150,0.01,max_proc,lowest_lower_bound,PRUNE,all_to_shortest,greedy,5433,107,107,4.99503755569458,0.0820909258236701,True,5339.0,105,-1,4987.0
Uniform1-5000_Seed32_J150_M75,"[0.001978, 0.987727]",75,150,0.02,max_proc,lowest_lower_bound,NO_PROFILING,all_to_shortest,greedy,5980,384,2001,102.02387762069702,0.1546755852842809,False,5055.04,100,-1,5055.04
Uniform1-5000_Seed32_J150_M75,"[0.001978, 0.987727]",75,150,0.01,max_proc,lowest_lower_bound,PRUNE,all_to_shortest,greedy,6084,99,2001,116.57672309875488,0.1691255752794214,False,5055.04,100,-1,5055.04
Uniform1-5000_Seed33_J150_M75,"[0.005851, 1.000000]",75,150,0.02,max_proc,lowest_lower_bound,NO_PROFILING,all_to_shortest,greedy,5017,103,103,3.967448711395264,0.012158660554116,True,4956.0,101,-1,4956.0
Uniform1-5000_Seed33_J150_M75,"[0.005851, 1.000000]",75,150,0.01,max_proc,lowest_lower_bound,PRUNE,all_to_shortest,greedy,5004,117,117,5.112826824188232,0.0095923261390887,True,4956.0,115,-1,4956.0
Uniform1-5000_Seed34_J150_M75,"[0.028819, 0.958893]",75,150,0.02,max_proc,lowest_lower_bound,NO_PROFILING,all_to_shortest,greedy,6629,1095,2001,107.28907775878906,0.2148197314828782,False,5204.96,78,-1,5204.96
Uniform1-5000_Seed34_J150_M75,"[0.028819, 0.958893]",75,150,0.01,max_proc,lowest_lower_bound,PRUNE,all_to_shortest,greedy,6432,107,2001,121.8253664970398,0.1907711442786069,False,5219.0,90,-1,5204.96
Uniform1-5000_Seed35_J150_M75,"[0.005963, 0.903003]",75,150,0.02,max_proc,lowest_lower_bound,NO_PROFILING,all_to_shortest,greedy,6961,1314,2001,110.40144205093384,0.2050337595173107,False,5533.76,75,-1,5533.76
Uniform1-5000_Seed35_J150_M75,"[0.005963, 0.903003]",75,150,0.01,max_proc,lowest_lower_bound,PRUNE,all_to_shortest,greedy,5758,184,184,8.812425136566162,0.0389440778047932,True,5758.0,129,-1,5533.76
Uniform1-5000_Seed36_J150_M75,"[0.002368, 0.984830]",75,150,0.02,max_proc,lowest_lower_bound,NO_PROFILING,all_to_shortest,greedy,5924,1061,2001,101.91101026535034,0.1445172180958811,False,5067.88,99,-1,5067.88
Uniform1-5000_Seed36_J150_M75,"[0.002368, 0.984830]",75,150,0.01,max_proc,lowest_lower_bound,PRUNE,all_to_shortest,greedy,5963,435,2001,110.12709736824036,0.1501123595505618,False,5067.88,99,-1,5067.88
Uniform1-5000_Seed37_J150_M75,"[0.003106, 0.961476]",75,150,0.02,max_proc,lowest_lower_bound,NO_PROFILING,all_to_shortest,greedy,6598,77,2001,98.67952179908752,0.2192401737900374,False,5151.453333333333,75,-1,5151.453333333333
Uniform1-5000_Seed37_J150_M75,"[0.003106, 0.961476]",75,150,0.01,max_proc,lowest_lower_bound,PRUNE,all_to_shortest,greedy,6093,118,2001,113.81032538414,0.1545292412057553,False,5354.0,91,-1,5151.453333333333
Uniform1-5000_Seed38_J150_M75,"[0.000200, 1.000000]",75,150,0.02,max_proc,lowest_lower_bound,NO_PROFILING,all_to_shortest,greedy,5053,115,115,5.3974385261535645,0.0122699386503067,True,4991.0,113,-1,4991.0
Uniform1-5000_Seed38_J150_M75,"[0.000200, 1.000000]",75,150,0.01,max_proc,lowest_lower_bound,PRUNE,all_to_shortest,greedy,5237,1022,2001,99.98359942436218,0.0469734580866908,False,4991.0,122,-1,4991.0
Uniform1-5000_Seed39_J150_M75,"[0.003387, 0.993049]",75,150,0.02,max_proc,lowest_lower_bound,NO_PROFILING,all_to_shortest,greedy,6454,238,2001,101.79119181632996,0.2222043177357711,False,5019.893333333333,75,-1,5019.893333333333
Uniform1-5000_Seed39_J150_M75,"[0.003387, 0.993049]",75,150,0.01,max_proc,lowest_lower_bound,PRUNE,all_to_shortest,greedy,5611,330,330,16.224977731704712,0.1053478286698746,True,5550.0,99,-1,5019.893333333333
Uniform1-5000_Seed40_J150_M75,"[0.011888, 0.955241]",75,150,0.02,max_proc,lowest_lower_bound,NO_PROFILING,all_to_shortest,greedy,6622,75,2001,103.92232871055604,0.212407127755965,False,5215.44,75,-1,5215.44
Uniform1-5000_Seed40_J150_M75,"[0.011888, 0.955241]",75,150,0.01,max_proc,lowest_lower_bound,PRUNE,all_to_shortest,greedy,5436,158,158,8.55477499961853,0.0405739514348786,True,5436.0,125,-1,5215.44
Uniform1-5000_Seed41_J150_M75,"[0.001407, 1.000000]",75,150,0.02,max_proc,lowest_lower_bound,NO_PROFILING,all_to_shortest,greedy,5428,221,2001,93.7270166873932,0.0836403831982313,False,4974.0,111,-1,4974.0
Uniform1-5000_Seed41_J150_M75,"[0.001407, 1.000000]",75,150,0.01,max_proc,lowest_lower_bound,PRUNE,all_to_shortest,greedy,5455,113,2001,104.04009914398192,0.0881759853345554,False,4974.0,111,-1,4974.0
Uniform1-5000_Seed42_J150_M75,"[0.007125, 1.000000]",75,150,0.02,max_proc,lowest_lower_bound,NO_PROFILING,all_to_shortest,greedy,6056,139,2001,100.4471116065979,0.1889035667107001,False,4912.0,75,-1,4912.0
Uniform1-5000_Seed42_J150_M75,"[0.007125, 1.000000]",75,150,0.01,max_proc,lowest_lower_bound,PRUNE,all_to_shortest,greedy,5302,1993,2001,103.01036953926086,0.0735571482459449,False,5018.0,129,-1,4912.0
Uniform1-5000_Seed43_J150_M75,"[0.006180, 0.932039]",75,150,0.02,max_proc,lowest_lower_bound,NO_PROFILING,all_to_shortest,greedy,6786,773,2001,97.51877450942992,0.21309951861676,False,5339.906666666667,75,-1,5339.906666666667
Uniform1-5000_Seed43_J150_M75,"[0.006180, 0.932039]",75,150,0.01,max_proc,lowest_lower_bound,PRUNE,all_to_shortest,greedy,6559,116,2001,114.6108944416046,0.185865731564771,False,5742.0,95,-1,5339.906666666667
Uniform1-5000_Seed44_J150_M75,"[0.018138, 1.000000]",75,150,0.02,max_proc,lowest_lower_bound,NO_PROFILING,all_to_shortest,greedy,5040,106,106,4.705188274383545,0.0154761904761904,True,4962.0,104,-1,4962.0
Uniform1-5000_Seed44_J150_M75,"[0.018138, 1.000000]",75,150,0.01,max_proc,lowest_lower_bound,PRUNE,all_to_shortest,greedy,5022,128,128,6.405778884887695,0.01194743130227,True,4962.0,126,-1,4962.0
Uniform1-5000_Seed45_J150_M75,"[0.013717, 0.964461]",75,150,0.02,max_proc,lowest_lower_bound,NO_PROFILING,all_to_shortest,greedy,6511,142,2001,105.59313893318176,0.2050458198945374,False,5175.946666666667,75,-1,5175.946666666667
Uniform1-5000_Seed45_J150_M75,"[0.013717, 0.964461]",75,150,0.01,max_proc,lowest_lower_bound,PRUNE,all_to_shortest,greedy,5479,310,310,16.525160789489746,0.0553117965565492,True,5416.0,115,-1,5175.946666666667
Uniform1-5000_Seed46_J150_M75,"[0.003374, 0.988957]",75,150,0.02,max_proc,lowest_lower_bound,NO_PROFILING,all_to_shortest,greedy,6485,76,2001,108.2346785068512,0.2230316114109483,False,5038.64,75,-1,5038.64
Uniform1-5000_Seed46_J150_M75,"[0.003374, 0.988957]",75,150,0.01,max_proc,lowest_lower_bound,PRUNE,all_to_shortest,greedy,5345,1661,2001,102.4067726135254,0.0573171188026192,False,5165.0,133,-1,5038.64
Uniform1-5000_Seed47_J150_M75,"[0.025814, 0.938525]",75,150,0.02,max_proc,lowest_lower_bound,NO_PROFILING,all_to_shortest,greedy,6802,1947,2001,107.23363161087036,0.2197490934039008,False,5307.266666666666,75,-1,5307.266666666666
Uniform1-5000_Seed47_J150_M75,"[0.025814, 0.938525]",75,150,0.01,max_proc,lowest_lower_bound,PRUNE,all_to_shortest,greedy,5819,242,242,13.414085388183594,0.0879417998510626,True,5738.0,110,-1,5307.266666666666
Uniform1-5000_Seed48_J150_M75,"[0.009629, 0.996640]",75,150,0.02,max_proc,lowest_lower_bound,NO_PROFILING,all_to_shortest,greedy,5892,256,2001,110.2987220287323,0.1539805385833898,False,4984.746666666667,100,-1,4984.746666666667
Uniform1-5000_Seed48_J150_M75,"[0.009629, 0.996640]",75,150,0.01,max_proc,lowest_lower_bound,PRUNE,all_to_shortest,greedy,5935,1152,2001,102.93103075027466,0.1601100814377983,False,4984.746666666667,100,-1,4984.746666666667
Uniform1-5000_Seed49_J150_M75,"[0.000184, 0.918742]",75,150,0.02,max_proc,lowest_lower_bound,NO_PROFILING,all_to_shortest,greedy,6846,794,2001,101.1703667640686,0.2052098549031064,False,5441.133333333333,75,-1,5441.133333333333
Uniform1-5000_Seed49_J150_M75,"[0.000184, 0.918742]",75,150,0.01,max_proc,lowest_lower_bound,PRUNE,all_to_shortest,greedy,5806,196,196,9.791888236999512,0.0628430359398323,True,5796.0,114,-1,5441.133333333333
Uniform1-5000_Seed50_J150_M75,"[0.006285, 1.000000]",75,150,0.02,max_proc,lowest_lower_bound,NO_PROFILING,all_to_shortest,greedy,5002,113,113,5.656521081924439,0.0139944022391043,True,4932.0,111,-1,4932.0
Uniform1-5000_Seed50_J150_M75,"[0.006285, 1.000000]",75,150,0.01,max_proc,lowest_lower_bound,PRUNE,all_to_shortest,greedy,5012,162,162,7.418503999710083,0.0159616919393455,True,4932.0,128,-1,4932.0
Uniform1-5000_Seed51_J150_M75,"[0.000605, 1.000000]",75,150,0.02,max_proc,lowest_lower_bound,NO_PROFILING,all_to_shortest,greedy,5052,131,131,5.668194770812988,0.0184085510688836,True,4959.0,129,-1,4959.0
Uniform1-5000_Seed51_J150_M75,"[0.000605, 1.000000]",75,150,0.01,max_proc,lowest_lower_bound,PRUNE,all_to_shortest,greedy,5303,1465,2001,106.2302975654602,0.0648689421082406,False,4959.0,124,-1,4959.0
Uniform1-5000_Seed52_J150_M75,"[0.003352, 0.982528]",75,150,0.02,max_proc,lowest_lower_bound,NO_PROFILING,all_to_shortest,greedy,6294,247,2001,106.15055584907532,0.19421459591145,False,5071.613333333334,76,-1,5071.613333333334
Uniform1-5000_Seed52_J150_M75,"[0.003352, 0.982528]",75,150,0.01,max_proc,lowest_lower_bound,PRUNE,all_to_shortest,greedy,6237,90,2001,127.99635314941406,0.1868505157394045,False,5104.0,89,-1,5071.613333333334
Uniform1-5000_Seed53_J150_M75,"[0.007149, 0.990273]",75,150,0.02,max_proc,lowest_lower_bound,NO_PROFILING,all_to_shortest,greedy,6106,133,2001,100.6621630191803,0.1752396549841685,False,5035.986666666667,87,-1,5035.986666666667
Uniform1-5000_Seed53_J150_M75,"[0.007149, 0.990273]",75,150,0.01,max_proc,lowest_lower_bound,PRUNE,all_to_shortest,greedy,6171,109,2001,90.6481523513794,0.1839269702371306,False,5035.986666666667,87,-1,5035.986666666667
Uniform1-5000_Seed54_J150_M75,"[0.001805, 1.000000]",75,150,0.02,max_proc,lowest_lower_bound,NO_PROFILING,all_to_shortest,greedy,6121,1731,2001,108.28225469589232,0.1854272177748734,False,4986.0,80,-1,4986.0
Uniform1-5000_Seed54_J150_M75,"[0.001805, 1.000000]",75,150,0.01,max_proc,lowest_lower_bound,PRUNE,all_to_shortest,greedy,6140,75,2001,133.32023811340332,0.1879478827361563,False,5071.0,82,-1,4986.0
Uniform1-5000_Seed55_J150_M75,"[0.000797, 0.988090]",75,150,0.02,max_proc,lowest_lower_bound,NO_PROFILING,all_to_shortest,greedy,6425,764,2001,104.412011384964,0.2188679636835278,False,5018.7733333333335,75,-1,5018.7733333333335
Uniform1-5000_Seed55_J150_M75,"[0.000797, 0.988090]",75,150,0.01,max_proc,lowest_lower_bound,PRUNE,all_to_shortest,greedy,6244,80,2001,133.75169110298157,0.196224642323297,False,5131.0,85,-1,5018.7733333333335
Uniform1-5000_Seed56_J150_M75,"[0.016236, 0.919892]",75,150,0.02,max_proc,lowest_lower_bound,NO_PROFILING,all_to_shortest,greedy,6792,706,2001,117.7090425491333,0.2019729093050648,False,5420.2,75,-1,5420.2
Uniform1-5000_Seed56_J150_M75,"[0.016236, 0.919892]",75,150,0.01,max_proc,lowest_lower_bound,PRUNE,all_to_shortest,greedy,6306,138,2001,110.17880177497864,0.1404693942277196,False,5615.0,105,-1,5420.2
Uniform1-5000_Seed57_J150_M75,"[0.016421, 1.000000]",75,150,0.02,max_proc,lowest_lower_bound,NO_PROFILING,all_to_shortest,greedy,5634,1020,2001,90.47989130020142,0.1460773872914448,False,4811.0,75,-1,4811.0
Uniform1-5000_Seed57_J150_M75,"[0.016421, 1.000000]",75,150,0.01,max_proc,lowest_lower_bound,PRUNE,all_to_shortest,greedy,4870,149,149,7.120245933532715,0.0121149897330595,True,4870.0,117,-1,4811.0
Uniform1-5000_Seed58_J150_M75,"[0.005463, 0.936243]",75,150,0.02,max_proc,lowest_lower_bound,NO_PROFILING,all_to_shortest,greedy,6788,909,2001,108.21275496482848,0.2179650363386368,False,5308.453333333333,75,-1,5308.453333333333
Uniform1-5000_Seed58_J150_M75,"[0.005463, 0.936243]",75,150,0.01,max_proc,lowest_lower_bound,PRUNE,all_to_shortest,greedy,5525,219,219,10.91032099723816,0.0391939668174963,True,5514.0,134,-1,5308.453333333333
Uniform1-5000_Seed59_J150_M75,"[0.000971, 0.970587]",75,150,0.02,max_proc,lowest_lower_bound,NO_PROFILING,all_to_shortest,greedy,6388,1319,2001,102.61575412750244,0.1935629304946774,False,5151.52,83,-1,5151.52
Uniform1-5000_Seed59_J150_M75,"[0.000971, 0.970587]",75,150,0.01,max_proc,lowest_lower_bound,PRUNE,all_to_shortest,greedy,6453,1661,2001,97.87056922912598,0.201686037501937,False,5151.52,83,-1,5151.52
Uniform1-5000_Seed60_J150_M75,"[0.006871, 0.923808]",75,150,0.02,max_proc,lowest_lower_bound,NO_PROFILING,all_to_shortest,greedy,6598,954,2001,109.29608869552612,0.1837950894210367,False,5385.32,83,-1,5385.32
Uniform1-5000_Seed60_J150_M75,"[0.006871, 0.923808]",75,150,0.01,max_proc,lowest_lower_bound,PRUNE,all_to_shortest,greedy,6662,1537,2001,126.0642261505127,0.1916361453017112,False,5423.0,91,-1,5385.32
Uniform1-5000_Seed61_J150_M75,"[0.008268, 1.000000]",75,150,0.02,max_proc,lowest_lower_bound,NO_PROFILING,all_to_shortest,greedy,6053,1465,2001,100.81817555427553,0.1807368247150173,False,4959.0,75,-1,4959.0
Uniform1-5000_Seed61_J150_M75,"[0.008268, 1.000000]",75,150,0.01,max_proc,lowest_lower_bound,PRUNE,all_to_shortest,greedy,5130,293,293,13.570271015167236,0.0333333333333333,True,5044.0,133,-1,4959.0
Uniform1-5000_Seed62_J150_M75,"[0.001842, 1.000000]",75,150,0.02,max_proc,lowest_lower_bound,NO_PROFILING,all_to_shortest,greedy,6266,1976,2001,114.01743412017822,0.2203957867858282,False,4885.0,75,-1,4885.0
Uniform1-5000_Seed62_J150_M75,"[0.001842, 1.000000]",75,150,0.01,max_proc,lowest_lower_bound,PRUNE,all_to_shortest,greedy,5229,126,126,6.364788055419922,0.0657869573532224,True,5186.0,120,-1,4885.0
Uniform1-5000_Seed63_J150_M75,"[0.003635, 0.949040]",75,150,0.02,max_proc,lowest_lower_bound,NO_PROFILING,all_to_shortest,greedy,6546,178,2001,118.35766458511353,0.2014380283124555,False,5227.386666666666,75,-1,5227.386666666666
Uniform1-5000_Seed63_J150_M75,"[0.003635, 0.949040]",75,150,0.01,max_proc,lowest_lower_bound,PRUNE,all_to_shortest,greedy,6655,75,2001,111.74522042274477,0.2145174054595542,False,5324.0,83,-1,5227.386666666666
Uniform1-5000_Seed64_J150_M75,"[0.004731, 1.000000]",75,150,0.02,max_proc,lowest_lower_bound,NO_PROFILING,all_to_shortest,greedy,6104,1333,2001,95.01594400405884,0.2034731323722149,False,4862.0,75,-1,4862.0
Uniform1-5000_Seed64_J150_M75,"[0.004731, 1.000000]",75,150,0.01,max_proc,lowest_lower_bound,PRUNE,all_to_shortest,greedy,5190,1026,2001,96.77981519699097,0.0631984585741811,False,4932.0,125,-1,4862.0
Uniform1-5000_Seed65_J150_M75,"[0.012493, 0.959254]",75,150,0.02,max_proc,lowest_lower_bound,NO_PROFILING,all_to_shortest,greedy,6301,1366,2001,104.9927909374237,0.1742580542770988,False,5203.0,93,-1,5203.0
Uniform1-5000_Seed65_J150_M75,"[0.012493, 0.959254]",75,150,0.01,max_proc,lowest_lower_bound,PRUNE,all_to_shortest,greedy,6370,135,2001,95.56925582885742,0.1832025117739403,False,5203.0,93,-1,5203.0
Uniform1-5000_Seed66_J150_M75,"[0.008566, 0.985146]",75,150,0.02,max_proc,lowest_lower_bound,NO_PROFILING,all_to_shortest,greedy,6303,1387,2001,108.51253986358644,0.2036236712676502,False,5019.56,75,-1,5019.56
Uniform1-5000_Seed66_J150_M75,"[0.008566, 0.985146]",75,150,0.01,max_proc,lowest_lower_bound,PRUNE,all_to_shortest,greedy,5373,914,914,47.92587995529175,0.0657807556300017,True,5270.0,123,-1,5019.56
Uniform1-5000_Seed67_J150_M75,"[0.001830, 1.000000]",75,150,0.02,max_proc,lowest_lower_bound,NO_PROFILING,all_to_shortest,greedy,4950,110,110,4.610250949859619,0.0064646464646464,True,4918.0,108,-1,4918.0
Uniform1-5000_Seed67_J150_M75,"[0.001830, 1.000000]",75,150,0.01,max_proc,lowest_lower_bound,PRUNE,all_to_shortest,greedy,4974,124,124,5.630900621414185,0.0112585444310414,True,4918.0,122,-1,4918.0
Uniform1-5000_Seed68_J150_M75,"[0.006609, 1.000000]",75,150,0.02,max_proc,lowest_lower_bound,NO_PROFILING,all_to_shortest,greedy,5515,119,2001,92.15071058273315,0.0946509519492293,False,4993.0,116,-1,4993.0
Uniform1-5000_Seed68_J150_M75,"[0.006609, 1.000000]",75,150,0.01,max_proc,lowest_lower_bound,PRUNE,all_to_shortest,greedy,5704,108,2001,107.3001036643982,0.1246493688639551,False,4993.0,109,-1,4993.0
Uniform1-5000_Seed69_J150_M75,"[0.003673, 0.918184]",75,150,0.02,max_proc,lowest_lower_bound,NO_PROFILING,all_to_shortest,greedy,7095,1047,2001,108.6249861717224,0.2324829692271552,False,5445.533333333334,75,-1,5445.533333333334
Uniform1-5000_Seed69_J150_M75,"[0.003673, 0.918184]",75,150,0.01,max_proc,lowest_lower_bound,PRUNE,all_to_shortest,greedy,5849,123,123,5.846873044967651,0.0689804524990026,True,5803.0,118,-1,5445.533333333334
Uniform1-5000_Seed70_J150_M75,"[0.006494, 0.927483]",75,150,0.02,max_proc,lowest_lower_bound,NO_PROFILING,all_to_shortest,greedy,6802,1767,2001,106.01964354515076,0.2076075664020386,False,5389.8533333333335,75,-1,5389.8533333333335
Uniform1-5000_Seed70_J150_M75,"[0.006494, 0.927483]",75,150,0.01,max_proc,lowest_lower_bound,PRUNE,all_to_shortest,greedy,6174,211,2001,94.49213194847108,0.1270078825180866,False,5450.0,105,-1,5389.8533333333335
Uniform1-5000_Seed71_J150_M75,"[0.011392, 0.961786]",75,150,0.02,max_proc,lowest_lower_bound,NO_PROFILING,all_to_shortest,greedy,6673,1443,2001,112.16365218162537,0.2239012937709176,False,5178.906666666667,75,-1,5178.906666666667
Uniform1-5000_Seed71_J150_M75,"[0.011392, 0.961786]",75,150,0.01,max_proc,lowest_lower_bound,PRUNE,all_to_shortest,greedy,6397,886,2001,115.7866735458374,0.1904163409931738,False,5472.0,85,-1,5178.906666666667
Uniform1-5000_Seed72_J150_M75,"[0.006918, 0.983277]",75,150,0.02,max_proc,lowest_lower_bound,NO_PROFILING,all_to_shortest,greedy,6412,220,2001,106.75382685661316,0.2109149511332917,False,5059.613333333334,75,-1,5059.613333333334
Uniform1-5000_Seed72_J150_M75,"[0.006918, 0.983277]",75,150,0.01,max_proc,lowest_lower_bound,PRUNE,all_to_shortest,greedy,5471,141,141,6.960022449493408,0.0751940534941813,True,5376.0,112,-1,5059.613333333334
Uniform1-5000_Seed73_J150_M75,"[0.007238, 1.000000]",75,150,0.02,max_proc,lowest_lower_bound,NO_PROFILING,all_to_shortest,greedy,5779,560,2001,91.87256050109865,0.1392974563073196,False,4974.0,81,-1,4974.0
Uniform1-5000_Seed73_J150_M75,"[0.007238, 1.000000]",75,150,0.01,max_proc,lowest_lower_bound,PRUNE,all_to_shortest,greedy,5051,390,390,18.073442697525024,0.0152445060384082,True,4983.0,119,-1,4974.0
Uniform1-5000_Seed74_J150_M75,"[0.021582, 0.997357]",75,150,0.02,max_proc,lowest_lower_bound,NO_PROFILING,all_to_shortest,greedy,6387,1303,2001,106.3192663192749,0.2164980950889828,False,5004.2266666666665,75,-1,5004.2266666666665
Uniform1-5000_Seed74_J150_M75,"[0.021582, 0.997357]",75,150,0.01,max_proc,lowest_lower_bound,PRUNE,all_to_shortest,greedy,6290,83,2001,122.56438541412354,0.2044154742978272,False,5092.0,86,-1,5004.2266666666665
Uniform1-5000_Seed75_J150_M75,"[0.003314, 0.917820]",75,150,0.02,max_proc,lowest_lower_bound,NO_PROFILING,all_to_shortest,greedy,6855,1571,2001,107.77204847335815,0.2076810114271821,False,5431.346666666666,75,-1,5431.346666666666
Uniform1-5000_Seed75_J150_M75,"[0.003314, 0.917820]",75,150,0.01,max_proc,lowest_lower_bound,PRUNE,all_to_shortest,greedy,6553,172,2001,113.34894609451294,0.1711663868965868,False,5669.0,91,-1,5431.346666666666
Uniform1-5000_Seed76_J150_M75,"[0.005535, 0.951619]",75,150,0.02,max_proc,lowest_lower_bound,NO_PROFILING,all_to_shortest,greedy,6686,669,2001,112.3946692943573,0.2163485890916343,False,5239.493333333333,77,-1,5239.493333333333
Uniform1-5000_Seed76_J150_M75,"[0.005535, 0.951619]",75,150,0.01,max_proc,lowest_lower_bound,PRUNE,all_to_shortest,greedy,6405,115,2001,117.33668088912964,0.181968253968254,False,5279.0,92,-1,5239.493333333333
Uniform1-5000_Seed77_J150_M75,"[0.004343, 0.938933]",75,150,0.02,max_proc,lowest_lower_bound,NO_PROFILING,all_to_shortest,greedy,6782,1015,2001,107.68827843666077,0.2190445296372752,False,5296.44,75,-1,5296.44
Uniform1-5000_Seed77_J150_M75,"[0.004343, 0.938933]",75,150,0.01,max_proc,lowest_lower_bound,PRUNE,all_to_shortest,greedy,6626,137,2001,125.410475730896,0.2006580138846967,False,5499.0,82,-1,5296.44
Uniform1-5000_Seed78_J150_M75,"[0.004327, 0.876083]",75,150,0.02,max_proc,lowest_lower_bound,NO_PROFILING,all_to_shortest,greedy,6955,1463,2001,104.53404235839844,0.2025478073328541,False,5546.28,75,-1,5546.28
Uniform1-5000_Seed78_J150_M75,"[0.004327, 0.876083]",75,150,0.01,max_proc,lowest_lower_bound,PRUNE,all_to_shortest,greedy,5951,266,266,13.721739768981934,0.0680087380272223,True,5891.0,113,-1,5546.28
Uniform1-5000_Seed79_J150_M75,"[0.001201, 1.000000]",75,150,0.02,max_proc,lowest_lower_bound,NO_PROFILING,all_to_shortest,greedy,5866,1595,2001,93.6066026687622,0.1483123082168428,False,4996.0,75,-1,4996.0
Uniform1-5000_Seed79_J150_M75,"[0.001201, 1.000000]",75,150,0.01,max_proc,lowest_lower_bound,PRUNE,all_to_shortest,greedy,5134,110,110,4.975656270980835,0.0268796260225944,True,5076.0,105,-1,4996.0
Uniform1-5000_Seed80_J150_M75,"[0.004303, 1.000000]",75,150,0.02,max_proc,lowest_lower_bound,NO_PROFILING,all_to_shortest,greedy,5791,1388,2001,102.28895378112792,0.1573130720082887,False,4880.0,83,-1,4880.0
Uniform1-5000_Seed80_J150_M75,"[0.004303, 1.000000]",75,150,0.01,max_proc,lowest_lower_bound,PRUNE,all_to_shortest,greedy,5847,299,2001,116.03585529327393,0.1653839575850863,False,4880.0,83,-1,4880.0
Uniform1-5000_Seed81_J150_M75,"[0.002201, 1.000000]",75,150,0.02,max_proc,lowest_lower_bound,NO_PROFILING,all_to_shortest,greedy,5837,1925,2001,101.96148681640624,0.1439095425732396,False,4997.0,99,-1,4997.0
Uniform1-5000_Seed81_J150_M75,"[0.002201, 1.000000]",75,150,0.01,max_proc,lowest_lower_bound,PRUNE,all_to_shortest,greedy,5857,296,2001,119.75189256668092,0.1468328495816971,False,4997.0,99,-1,4997.0
Uniform1-5000_Seed82_J150_M75,"[0.007069, 1.000000]",75,150,0.02,max_proc,lowest_lower_bound,NO_PROFILING,all_to_shortest,greedy,4951,110,110,5.15378475189209,0.0,True,4951.0,108,110,4951.0
Uniform1-5000_Seed82_J150_M75,"[0.007069, 1.000000]",75,150,0.01,max_proc,lowest_lower_bound,PRUNE,all_to_shortest,greedy,5022,131,131,6.229327440261841,0.0141377937076861,True,4951.0,129,-1,4951.0
Uniform1-5000_Seed83_J150_M75,"[0.014223, 1.000000]",75,150,0.02,max_proc,lowest_lower_bound,NO_PROFILING,all_to_shortest,greedy,6190,992,2001,109.33823418617249,0.1935379644588045,False,4992.0,75,-1,4992.0
Uniform1-5000_Seed83_J150_M75,"[0.014223, 1.000000]",75,150,0.01,max_proc,lowest_lower_bound,PRUNE,all_to_shortest,greedy,6248,233,2001,128.0968894958496,0.2010243277848911,False,5125.0,83,-1,4992.0
Uniform1-5000_Seed84_J150_M75,"[0.001855, 0.927463]",75,150,0.02,max_proc,lowest_lower_bound,NO_PROFILING,all_to_shortest,greedy,7165,1766,2001,119.62318634986876,0.2477357525005815,False,5389.973333333333,75,-1,5389.973333333333
Uniform1-5000_Seed84_J150_M75,"[0.001855, 0.927463]",75,150,0.01,max_proc,lowest_lower_bound,PRUNE,all_to_shortest,greedy,6097,103,103,4.909959077835083,0.1159630419331911,True,6027.0,101,-1,5389.973333333333
Uniform1-5000_Seed85_J150_M75,"[0.002975, 0.979136]",75,150,0.02,max_proc,lowest_lower_bound,NO_PROFILING,all_to_shortest,greedy,6105,706,2001,105.2160828113556,0.1740868140868141,False,5042.2,94,-1,5042.2
Uniform1-5000_Seed85_J150_M75,"[0.002975, 0.979136]",75,150,0.01,max_proc,lowest_lower_bound,PRUNE,all_to_shortest,greedy,6153,109,2001,124.53126978874208,0.1805298228506419,False,5042.2,94,-1,5042.2
Uniform1-5000_Seed86_J150_M75,"[0.011807, 1.000000]",75,150,0.02,max_proc,lowest_lower_bound,NO_PROFILING,all_to_shortest,greedy,5061,128,128,5.8366100788116455,0.0126457221892906,True,4997.0,126,-1,4997.0
Uniform1-5000_Seed86_J150_M75,"[0.011807, 1.000000]",75,150,0.01,max_proc,lowest_lower_bound,PRUNE,all_to_shortest,greedy,5316,687,2001,100.0171275138855,0.060007524454477,False,4997.0,127,-1,4997.0
Uniform1-5000_Seed87_J150_M75,"[0.000808, 1.000000]",75,150,0.02,max_proc,lowest_lower_bound,NO_PROFILING,all_to_shortest,greedy,4960,128,128,5.980053186416626,0.0016129032258064,True,4952.0,126,-1,4952.0
Uniform1-5000_Seed87_J150_M75,"[0.000808, 1.000000]",75,150,0.01,max_proc,lowest_lower_bound,PRUNE,all_to_shortest,greedy,5008,140,140,7.561253786087036,0.011182108626198,True,4952.0,136,-1,4952.0
Uniform1-5000_Seed88_J150_M75,"[0.001500, 0.935548]",75,150,0.02,max_proc,lowest_lower_bound,NO_PROFILING,all_to_shortest,greedy,7021,1299,2001,112.6578974723816,0.2403114466125433,False,5333.7733333333335,75,-1,5333.7733333333335
Uniform1-5000_Seed88_J150_M75,"[0.001500, 0.935548]",75,150,0.01,max_proc,lowest_lower_bound,PRUNE,all_to_shortest,greedy,5903,116,116,5.532019138336182,0.0964300638093624,True,5844.0,111,-1,5333.7733333333335
Uniform1-5000_Seed89_J150_M75,"[0.006412, 1.000000]",75,150,0.02,max_proc,lowest_lower_bound,NO_PROFILING,all_to_shortest,greedy,4998,91,91,3.4532320499420166,0.0014005602240896,True,4991.0,89,-1,4991.0
Uniform1-5000_Seed89_J150_M75,"[0.006412, 1.000000]",75,150,0.01,max_proc,lowest_lower_bound,PRUNE,all_to_shortest,greedy,5090,106,106,4.740239143371582,0.0194499017681728,True,4991.0,104,-1,4991.0
Uniform1-5000_Seed90_J150_M75,"[0.006562, 0.956906]",75,150,0.02,max_proc,lowest_lower_bound,NO_PROFILING,all_to_shortest,greedy,6445,222,2001,105.77751159667967,0.196077579519007,False,5181.28,79,-1,5181.28
Uniform1-5000_Seed90_J150_M75,"[0.006562, 0.956906]",75,150,0.01,max_proc,lowest_lower_bound,PRUNE,all_to_shortest,greedy,6489,88,2001,122.65500044822691,0.2015287409462167,False,5250.0,84,-1,5181.28
Uniform1-5000_Seed91_J150_M75,"[0.004435, 0.959862]",75,150,0.02,max_proc,lowest_lower_bound,NO_PROFILING,all_to_shortest,greedy,6108,402,2001,103.92476844787598,0.1509233791748526,False,5186.16,90,-1,5186.16
Uniform1-5000_Seed91_J150_M75,"[0.004435, 0.959862]",75,150,0.01,max_proc,lowest_lower_bound,PRUNE,all_to_shortest,greedy,6254,124,2001,97.27787637710573,0.1707451231212024,False,5186.16,90,-1,5186.16
Uniform1-5000_Seed92_J150_M75,"[0.000586, 0.969285]",75,150,0.02,max_proc,lowest_lower_bound,NO_PROFILING,all_to_shortest,greedy,6398,1514,2001,104.45266699790956,0.2001917265812233,False,5117.173333333333,75,-1,5117.173333333333
Uniform1-5000_Seed92_J150_M75,"[0.000586, 0.969285]",75,150,0.01,max_proc,lowest_lower_bound,PRUNE,all_to_shortest,greedy,5451,137,137,6.60035514831543,0.0612413624411423,True,5359.0,124,-1,5117.173333333333
Uniform1-5000_Seed93_J150_M75,"[0.003807, 0.940614]",75,150,0.02,max_proc,lowest_lower_bound,NO_PROFILING,all_to_shortest,greedy,6691,936,2001,111.47312521934508,0.2147641109948687,False,5254.013333333333,77,-1,5254.013333333333
Uniform1-5000_Seed93_J150_M75,"[0.003807, 0.940614]",75,150,0.01,max_proc,lowest_lower_bound,PRUNE,all_to_shortest,greedy,5720,463,2001,106.46544480323792,0.0814662004662004,False,5403.0,123,-1,5254.013333333333
Uniform1-5000_Seed94_J150_M75,"[0.002851, 0.948973]",75,150,0.02,max_proc,lowest_lower_bound,NO_PROFILING,all_to_shortest,greedy,6348,752,2001,109.11755180358888,0.1711594202898551,False,5261.48,95,-1,5261.48
Uniform1-5000_Seed94_J150_M75,"[0.002851, 0.948973]",75,150,0.01,max_proc,lowest_lower_bound,PRUNE,all_to_shortest,greedy,6369,478,2001,101.19948506355286,0.1738922907834825,False,5261.48,95,-1,5261.48
Uniform1-5000_Seed95_J150_M75,"[0.000818, 0.986533]",75,150,0.02,max_proc,lowest_lower_bound,NO_PROFILING,all_to_shortest,greedy,5859,180,2001,104.08981680870056,0.165584570745861,False,4888.84,94,-1,4888.84
Uniform1-5000_Seed95_J150_M75,"[0.000818, 0.986533]",75,150,0.01,max_proc,lowest_lower_bound,PRUNE,all_to_shortest,greedy,5893,90,2001,119.65512371063232,0.1703987782114372,False,4888.84,94,-1,4888.84
Uniform1-5000_Seed96_J150_M75,"[0.001760, 0.977629]",75,150,0.02,max_proc,lowest_lower_bound,NO_PROFILING,all_to_shortest,greedy,6351,561,2001,107.72659063339232,0.1947073951608671,False,5114.413333333333,79,-1,5114.413333333333
Uniform1-5000_Seed96_J150_M75,"[0.001760, 0.977629]",75,150,0.01,max_proc,lowest_lower_bound,PRUNE,all_to_shortest,greedy,6347,957,2001,121.51623272895812,0.1941998844598498,False,5184.0,85,-1,5114.413333333333
Uniform1-5000_Seed97_J150_M75,"[0.001579, 0.976607]",75,150,0.02,max_proc,lowest_lower_bound,NO_PROFILING,all_to_shortest,greedy,6285,1295,2001,105.80437994003296,0.1937077698223282,False,5067.546666666667,75,-1,5067.546666666667
Uniform1-5000_Seed97_J150_M75,"[0.001579, 0.976607]",75,150,0.01,max_proc,lowest_lower_bound,PRUNE,all_to_shortest,greedy,6167,1985,2001,118.83015275001526,0.1782800929679476,False,5343.0,93,-1,5067.546666666667
Uniform1-5000_Seed98_J150_M75,"[0.000600, 1.000000]",75,150,0.02,max_proc,lowest_lower_bound,NO_PROFILING,all_to_shortest,greedy,5050,112,112,4.836797475814819,0.0099009900990099,True,5000.0,110,-1,5000.0
Uniform1-5000_Seed98_J150_M75,"[0.000600, 1.000000]",75,150,0.01,max_proc,lowest_lower_bound,PRUNE,all_to_shortest,greedy,5062,126,126,5.786796569824219,0.0122481232714342,True,5000.0,124,-1,5000.0
Uniform1-5000_Seed99_J150_M75,"[0.002282, 0.940488]",75,150,0.02,max_proc,lowest_lower_bound,NO_PROFILING,all_to_shortest,greedy,6711,718,2001,106.12472033500671,0.2165241146376595,False,5257.906666666667,75,-1,5257.906666666667
Uniform1-5000_Seed99_J150_M75,"[0.002282, 0.940488]",75,150,0.01,max_proc,lowest_lower_bound,PRUNE,all_to_shortest,greedy,5720,110,110,5.279236316680908,0.0807855477855477,True,5642.0,108,-1,5257.906666666667
Uniform1-5000_Seed100_J150_M75,"[0.000584, 0.972592]",75,150,0.02,max_proc,lowest_lower_bound,NO_PROFILING,all_to_shortest,greedy,6311,648,2001,100.46615529060364,0.1863835630908994,False,5134.733333333334,75,-1,5134.733333333334
Uniform1-5000_Seed100_J150_M75,"[0.000584, 0.972592]",75,150,0.01,max_proc,lowest_lower_bound,PRUNE,all_to_shortest,greedy,6161,93,2001,113.71498942375185,0.1665746902559108,False,5262.0,91,-1,5134.733333333334
Uniform1-5000_Seed1_J200_M100,"[0.003201, 1.000000]",100,200,0.02,max_proc,lowest_lower_bound,NO_PROFILING,all_to_shortest,greedy,4998,150,150,13.80460262298584,0.0515006002400959,True,4998.0,148,-1,4740.6
Uniform1-5000_Seed1_J200_M100,"[0.003201, 1.000000]",100,200,0.01,max_proc,lowest_lower_bound,PRUNE,all_to_shortest,greedy,5073,175,175,17.906898498535156,0.0655233589591956,True,4998.0,173,-1,4740.6
Uniform1-5000_Seed2_J200_M100,"[0.003881, 0.970069]",100,200,0.02,max_proc,lowest_lower_bound,NO_PROFILING,all_to_shortest,greedy,6581,673,2001,214.7323112487793,0.216951831028719,False,5153.24,100,-1,5153.24
Uniform1-5000_Seed2_J200_M100,"[0.003881, 0.970069]",100,200,0.01,max_proc,lowest_lower_bound,PRUNE,all_to_shortest,greedy,5665,146,146,15.314860343933104,0.0903371579876434,True,5587.0,144,-1,5153.24
Uniform1-5000_Seed3_J200_M100,"[0.002802, 1.000000]",100,200,0.02,max_proc,lowest_lower_bound,NO_PROFILING,all_to_shortest,greedy,5907,1126,2001,212.67990946769717,0.1612730658540715,False,4997.0,137,-1,4954.36
Uniform1-5000_Seed3_J200_M100,"[0.002802, 1.000000]",100,200,0.01,max_proc,lowest_lower_bound,PRUNE,all_to_shortest,greedy,5960,1777,2001,248.98976182937625,0.1687315436241611,False,4997.0,132,-1,4954.36
Uniform1-5000_Seed4_J200_M100,"[0.001951, 0.954375]",100,200,0.02,max_proc,lowest_lower_bound,NO_PROFILING,all_to_shortest,greedy,6417,460,2001,217.91246151924133,0.2012046127473897,False,5125.87,100,-1,5125.87
Uniform1-5000_Seed4_J200_M100,"[0.001951, 0.954375]",100,200,0.01,max_proc,lowest_lower_bound,PRUNE,all_to_shortest,greedy,5740,158,2001,232.55476474761963,0.1069912891986062,False,5231.0,158,-1,5125.87
Uniform1-5000_Seed5_J200_M100,"[0.007365, 0.994646]",100,200,0.02,max_proc,lowest_lower_bound,NO_PROFILING,all_to_shortest,greedy,6668,398,2001,208.99450087547305,0.2465656868626275,False,5023.9,100,-1,5023.9
Uniform1-5000_Seed5_J200_M100,"[0.007365, 0.994646]",100,200,0.01,max_proc,lowest_lower_bound,PRUNE,all_to_shortest,greedy,5473,161,161,16.0900559425354,0.0820573725561849,True,5381.0,159,-1,5023.9
Uniform1-5000_Seed6_J200_M100,"[0.002000, 1.000000]",100,200,0.02,max_proc,lowest_lower_bound,NO_PROFILING,all_to_shortest,greedy,5000,158,158,14.948076963424684,0.0382159999999999,True,5000.0,156,-1,4808.92
Uniform1-5000_Seed6_J200_M100,"[0.002000, 1.000000]",100,200,0.01,max_proc,lowest_lower_bound,PRUNE,all_to_shortest,greedy,5086,237,237,24.45536088943481,0.0544789618560754,True,5000.0,175,-1,4808.92
Uniform1-5000_Seed7_J200_M100,"[0.002385, 0.987940]",100,200,0.02,max_proc,lowest_lower_bound,NO_PROFILING,all_to_shortest,greedy,6537,1815,2001,216.24147152900696,0.230431390546122,False,5030.67,100,-1,5030.67
Uniform1-5000_Seed7_J200_M100,"[0.002385, 0.987940]",100,200,0.01,max_proc,lowest_lower_bound,PRUNE,all_to_shortest,greedy,6117,141,2001,214.8800151348114,0.177591956841589,False,5153.0,119,-1,5030.67
Uniform1-5000_Seed8_J200_M100,"[0.005371, 0.916429]",100,200,0.02,max_proc,lowest_lower_bound,NO_PROFILING,all_to_shortest,greedy,7051,685,2001,249.13775539398196,0.2342618068359097,False,5399.22,100,-1,5399.22
Uniform1-5000_Seed8_J200_M100,"[0.005371, 0.916429]",100,200,0.01,max_proc,lowest_lower_bound,PRUNE,all_to_shortest,greedy,6748,132,2001,212.78561067581177,0.1998784825133372,False,5562.0,115,-1,5399.22
Uniform1-5000_Seed9_J200_M100,"[0.000194, 0.959768]",100,200,0.02,max_proc,lowest_lower_bound,NO_PROFILING,all_to_shortest,greedy,6558,498,2001,221.40643501281735,0.2126029277218664,False,5163.75,100,-1,5163.75
Uniform1-5000_Seed9_J200_M100,"[0.000194, 0.959768]",100,200,0.01,max_proc,lowest_lower_bound,PRUNE,all_to_shortest,greedy,6397,144,2001,257.20057678222656,0.1927856807878693,False,5414.0,123,-1,5163.75
Uniform1-5000_Seed10_J200_M100,"[0.008485, 0.937894]",100,200,0.02,max_proc,lowest_lower_bound,NO_PROFILING,all_to_shortest,greedy,6743,102,2001,221.445072889328,0.2134999258490286,False,5303.37,100,-1,5303.37
Uniform1-5000_Seed10_J200_M100,"[0.008485, 0.937894]",100,200,0.01,max_proc,lowest_lower_bound,PRUNE,all_to_shortest,greedy,6526,227,2001,248.5296740531921,0.1873475329451425,False,5414.0,116,-1,5303.37
Uniform1-5000_Seed11_J200_M100,"[0.000191, 0.954271]",100,200,0.02,max_proc,lowest_lower_bound,NO_PROFILING,all_to_shortest,greedy,6763,1863,2001,221.68811559677124,0.2257193553156883,False,5236.46,100,-1,5236.46
Uniform1-5000_Seed11_J200_M100,"[0.000191, 0.954271]",100,200,0.01,max_proc,lowest_lower_bound,PRUNE,all_to_shortest,greedy,5578,248,248,27.075199604034424,0.0612298314808174,True,5544.0,160,-1,5236.46
Uniform1-5000_Seed12_J200_M100,"[0.006217, 1.000000]",100,200,0.02,max_proc,lowest_lower_bound,NO_PROFILING,all_to_shortest,greedy,6353,814,2001,203.17958307266235,0.2151739335746891,False,4986.0,102,-1,4986.0
Uniform1-5000_Seed12_J200_M100,"[0.006217, 1.000000]",100,200,0.01,max_proc,lowest_lower_bound,PRUNE,all_to_shortest,greedy,6166,693,2001,202.92174577713013,0.1913720402205644,False,5054.0,112,-1,4986.0
Uniform1-5000_Seed13_J200_M100,"[0.002409, 1.000000]",100,200,0.02,max_proc,lowest_lower_bound,NO_PROFILING,all_to_shortest,greedy,5031,148,148,15.040242910385132,0.055968992248062,True,4981.0,146,-1,4749.42
Uniform1-5000_Seed13_J200_M100,"[0.002409, 1.000000]",100,200,0.01,max_proc,lowest_lower_bound,PRUNE,all_to_shortest,greedy,5044,174,174,18.254684925079346,0.05840206185567,True,4981.0,163,-1,4749.42
Uniform1-5000_Seed14_J200_M100,"[0.003062, 0.949669]",100,200,0.02,max_proc,lowest_lower_bound,NO_PROFILING,all_to_shortest,greedy,6634,1961,2001,217.473042011261,0.2123937292734399,False,5224.98,100,-1,5224.98
Uniform1-5000_Seed14_J200_M100,"[0.003062, 0.949669]",100,200,0.01,max_proc,lowest_lower_bound,PRUNE,all_to_shortest,greedy,6423,434,2001,255.895934343338,0.1865203176085942,False,5341.0,117,-1,5224.98
Uniform1-5000_Seed15_J200_M100,"[0.003979, 0.990649]",100,200,0.02,max_proc,lowest_lower_bound,NO_PROFILING,all_to_shortest,greedy,6420,298,2001,218.1598873138428,0.2171339563862928,False,5026.0,100,-1,5026.0
Uniform1-5000_Seed15_J200_M100,"[0.003979, 0.990649]",100,200,0.01,max_proc,lowest_lower_bound,PRUNE,all_to_shortest,greedy,6047,107,2001,243.22905349731445,0.1688440549032578,False,5137.0,137,-1,5026.0
Uniform1-5000_Seed16_J200_M100,"[0.001338, 0.952782]",100,200,0.02,max_proc,lowest_lower_bound,NO_PROFILING,all_to_shortest,greedy,6866,1074,2001,224.4250581264496,0.2382828429944655,False,5229.95,100,-1,5229.95
Uniform1-5000_Seed16_J200_M100,"[0.001338, 0.952782]",100,200,0.01,max_proc,lowest_lower_bound,PRUNE,all_to_shortest,greedy,5772,150,150,15.48361325263977,0.0939102564102564,True,5728.0,148,-1,5229.95
Uniform1-5000_Seed17_J200_M100,"[0.004269, 0.924004]",100,200,0.02,max_proc,lowest_lower_bound,NO_PROFILING,all_to_shortest,greedy,6929,1853,2001,242.57914924621585,0.2224823206811949,False,5387.42,100,-1,5387.42
Uniform1-5000_Seed17_J200_M100,"[0.004269, 0.924004]",100,200,0.01,max_proc,lowest_lower_bound,PRUNE,all_to_shortest,greedy,6798,110,2001,240.1473753452301,0.2074992644895557,False,5560.0,109,-1,5387.42
Uniform1-5000_Seed18_J200_M100,"[0.008959, 0.952323]",100,200,0.02,max_proc,lowest_lower_bound,NO_PROFILING,all_to_shortest,greedy,6704,180,2001,224.8530149459839,0.2174642004773269,False,5246.12,100,-1,5246.12
Uniform1-5000_Seed18_J200_M100,"[0.008959, 0.952323]",100,200,0.01,max_proc,lowest_lower_bound,PRUNE,all_to_shortest,greedy,5810,161,161,16.830080270767212,0.0970533562822719,True,5701.0,159,-1,5246.12
Uniform1-5000_Seed19_J200_M100,"[0.001075, 0.896040]",100,200,0.02,max_proc,lowest_lower_bound,NO_PROFILING,all_to_shortest,greedy,6954,336,2001,218.0744547843933,0.197729364394593,False,5578.99,100,-1,5578.99
Uniform1-5000_Seed19_J200_M100,"[0.001075, 0.896040]",100,200,0.01,max_proc,lowest_lower_bound,PRUNE,all_to_shortest,greedy,7031,112,2001,268.3877785205841,0.2065154316597924,False,5748.0,111,-1,5578.99
Uniform1-5000_Seed20_J200_M100,"[0.008880, 0.998361]",100,200,0.02,max_proc,lowest_lower_bound,NO_PROFILING,all_to_shortest,greedy,6178,711,2001,215.2706043720245,0.1979410812560699,False,4955.12,108,-1,4955.12
Uniform1-5000_Seed20_J200_M100,"[0.008880, 0.998361]",100,200,0.01,max_proc,lowest_lower_bound,PRUNE,all_to_shortest,greedy,6227,213,2001,233.9499249458313,0.2042524490123655,False,4983.0,108,-1,4955.12
Uniform1-5000_Seed21_J200_M100,"[0.001806, 1.000000]",100,200,0.02,max_proc,lowest_lower_bound,NO_PROFILING,all_to_shortest,greedy,5035,119,119,11.26099157333374,0.0103277060575968,True,4983.0,117,-1,4983.0
Uniform1-5000_Seed21_J200_M100,"[0.001806, 1.000000]",100,200,0.01,max_proc,lowest_lower_bound,PRUNE,all_to_shortest,greedy,5058,163,163,17.10426115989685,0.0148279952550415,True,4983.0,161,-1,4983.0
Uniform1-5000_Seed22_J200_M100,"[0.002004, 1.000000]",100,200,0.02,max_proc,lowest_lower_bound,NO_PROFILING,all_to_shortest,greedy,6158,1159,2001,214.22673773765564,0.1896719714192919,False,4990.0,100,-1,4990.0
Uniform1-5000_Seed22_J200_M100,"[0.002004, 1.000000]",100,200,0.01,max_proc,lowest_lower_bound,PRUNE,all_to_shortest,greedy,5184,165,165,17.538212537765503,0.0374228395061728,True,5157.0,161,-1,4990.0
Uniform1-5000_Seed23_J200_M100,"[0.007859, 0.980997]",100,200,0.02,max_proc,lowest_lower_bound,NO_PROFILING,all_to_shortest,greedy,6373,112,2001,223.8203477859497,0.2013619959202886,False,5089.72,110,-1,5089.72
Uniform1-5000_Seed23_J200_M100,"[0.007859, 0.980997]",100,200,0.01,max_proc,lowest_lower_bound,PRUNE,all_to_shortest,greedy,6419,124,2001,226.88681411743164,0.2070852157656955,False,5089.72,110,-1,5089.72
Uniform1-5000_Seed24_J200_M100,"[0.003723, 0.972331]",100,200,0.02,max_proc,lowest_lower_bound,NO_PROFILING,all_to_shortest,greedy,6635,1483,2001,200.57599234580996,0.2308666164280332,False,5103.2,100,-1,5103.2
Uniform1-5000_Seed24_J200_M100,"[0.003723, 0.972331]",100,200,0.01,max_proc,lowest_lower_bound,PRUNE,all_to_shortest,greedy,5695,327,327,37.44831681251526,0.1039157155399473,True,5590.0,144,-1,5103.2
Uniform1-5000_Seed25_J200_M100,"[0.003031, 1.000000]",100,200,0.02,max_proc,lowest_lower_bound,NO_PROFILING,all_to_shortest,greedy,6196,909,2001,201.59611058235168,0.2012588766946417,False,4949.0,100,-1,4949.0
Uniform1-5000_Seed25_J200_M100,"[0.003031, 1.000000]",100,200,0.01,max_proc,lowest_lower_bound,PRUNE,all_to_shortest,greedy,5134,169,169,17.420222759246826,0.0360342812621737,True,5041.0,167,-1,4949.0
Uniform1-5000_Seed26_J200_M100,"[0.004634, 0.925734]",100,200,0.02,max_proc,lowest_lower_bound,NO_PROFILING,all_to_shortest,greedy,6764,316,2001,218.80928206443787,0.2024482554701359,False,5394.64,100,-1,5394.64
Uniform1-5000_Seed26_J200_M100,"[0.004634, 0.925734]",100,200,0.01,max_proc,lowest_lower_bound,PRUNE,all_to_shortest,greedy,5671,190,190,20.69633102416992,0.0487321460059953,True,5582.0,177,-1,5394.64
Uniform1-5000_Seed27_J200_M100,"[0.025288, 1.000000]",100,200,0.02,max_proc,lowest_lower_bound,NO_PROFILING,all_to_shortest,greedy,6132,250,2001,209.33476209640503,0.193900848010437,False,4943.0,100,-1,4943.0
Uniform1-5000_Seed27_J200_M100,"[0.025288, 1.000000]",100,200,0.01,max_proc,lowest_lower_bound,PRUNE,all_to_shortest,greedy,5722,116,2001,244.5050401687622,0.136141209367354,False,4977.0,114,-1,4943.0
Uniform1-5000_Seed28_J200_M100,"[0.009252, 1.000000]",100,200,0.02,max_proc,lowest_lower_bound,NO_PROFILING,all_to_shortest,greedy,4972,145,145,13.259310245513916,0.0,True,4972.0,143,145,4972.0
Uniform1-5000_Seed28_J200_M100,"[0.009252, 1.000000]",100,200,0.01,max_proc,lowest_lower_bound,PRUNE,all_to_shortest,greedy,5068,168,168,17.180374145507812,0.0189423835832675,True,4972.0,166,-1,4972.0
Uniform1-5000_Seed29_J200_M100,"[0.000800, 1.000000]",100,200,0.02,max_proc,lowest_lower_bound,NO_PROFILING,all_to_shortest,greedy,6107,459,2001,219.61921644210813,0.1814311445881775,False,4999.0,115,-1,4999.0
Uniform1-5000_Seed29_J200_M100,"[0.000800, 1.000000]",100,200,0.01,max_proc,lowest_lower_bound,PRUNE,all_to_shortest,greedy,6189,98,2001,271.6343834400177,0.1922766198093391,False,4999.0,115,-1,4999.0
Uniform1-5000_Seed30_J200_M100,"[0.001201, 1.000000]",100,200,0.02,max_proc,lowest_lower_bound,NO_PROFILING,all_to_shortest,greedy,5069,141,141,13.29703950881958,0.0145985401459854,True,4995.0,139,-1,4995.0
Uniform1-5000_Seed30_J200_M100,"[0.001201, 1.000000]",100,200,0.01,max_proc,lowest_lower_bound,PRUNE,all_to_shortest,greedy,5051,174,174,18.279289484024048,0.0110869134824787,True,4995.0,172,-1,4995.0
Uniform1-5000_Seed31_J200_M100,"[0.002806, 1.000000]",100,200,0.02,max_proc,lowest_lower_bound,NO_PROFILING,all_to_shortest,greedy,6312,151,2001,205.7140486240387,0.2094423320659062,False,4990.0,104,-1,4990.0
Uniform1-5000_Seed31_J200_M100,"[0.002806, 1.000000]",100,200,0.01,max_proc,lowest_lower_bound,PRUNE,all_to_shortest,greedy,5128,454,454,52.27036547660828,0.0269110764430577,True,5029.0,180,-1,4990.0
Uniform1-5000_Seed32_J200_M100,"[0.001979, 0.987981]",100,200,0.02,max_proc,lowest_lower_bound,NO_PROFILING,all_to_shortest,greedy,6100,1051,2001,210.06494545936584,0.1715180327868853,False,5053.74,122,-1,5053.74
Uniform1-5000_Seed32_J200_M100,"[0.001979, 0.987981]",100,200,0.01,max_proc,lowest_lower_bound,PRUNE,all_to_shortest,greedy,6128,124,2001,247.3057177066803,0.1753035248041775,False,5053.74,122,-1,5053.74
Uniform1-5000_Seed33_J200_M100,"[0.001614, 1.000000]",100,200,0.02,max_proc,lowest_lower_bound,NO_PROFILING,all_to_shortest,greedy,5045,136,136,12.0649676322937,0.0176412289395441,True,4956.0,134,-1,4956.0
Uniform1-5000_Seed33_J200_M100,"[0.001614, 1.000000]",100,200,0.01,max_proc,lowest_lower_bound,PRUNE,all_to_shortest,greedy,5034,158,158,15.8072669506073,0.0154946364719904,True,4956.0,156,-1,4956.0
Uniform1-5000_Seed34_J200_M100,"[0.016228, 0.975805]",100,200,0.02,max_proc,lowest_lower_bound,NO_PROFILING,all_to_shortest,greedy,6397,523,2001,218.04774641990664,0.2004455213381272,False,5114.75,115,-1,5114.75
Uniform1-5000_Seed34_J200_M100,"[0.016228, 0.975805]",100,200,0.01,max_proc,lowest_lower_bound,PRUNE,all_to_shortest,greedy,6432,642,2001,204.09184885025024,0.2047963308457711,False,5124.0,118,-1,5114.75
Uniform1-5000_Seed35_J200_M100,"[0.006065, 0.918328]",100,200,0.02,max_proc,lowest_lower_bound,NO_PROFILING,all_to_shortest,greedy,6910,1123,2001,214.22696685791016,0.2125311143270622,False,5441.41,100,-1,5441.41
Uniform1-5000_Seed35_J200_M100,"[0.006065, 0.918328]",100,200,0.01,max_proc,lowest_lower_bound,PRUNE,all_to_shortest,greedy,5652,860,860,104.23346042633057,0.0372593772116065,True,5652.0,170,-1,5441.41
Uniform1-5000_Seed36_J200_M100,"[0.002307, 0.959693]",100,200,0.02,max_proc,lowest_lower_bound,NO_PROFILING,all_to_shortest,greedy,6678,1295,2001,208.83839511871335,0.2212309074573225,False,5200.62,101,-1,5200.62
Uniform1-5000_Seed36_J200_M100,"[0.002307, 0.959693]",100,200,0.01,max_proc,lowest_lower_bound,PRUNE,all_to_shortest,greedy,6020,1611,2001,223.157883644104,0.136109634551495,False,5471.0,141,-1,5200.62
Uniform1-5000_Seed37_J200_M100,"[0.003199, 0.990261]",100,200,0.02,max_proc,lowest_lower_bound,NO_PROFILING,all_to_shortest,greedy,5829,1998,2001,206.0204374790192,0.1419265740264196,False,5001.71,137,-1,5001.71
Uniform1-5000_Seed37_J200_M100,"[0.003199, 0.990261]",100,200,0.01,max_proc,lowest_lower_bound,PRUNE,all_to_shortest,greedy,5927,1549,2001,242.1352114677429,0.1561143917664923,False,5001.71,133,-1,5001.71
Uniform1-5000_Seed38_J200_M100,"[0.000200, 1.000000]",100,200,0.02,max_proc,lowest_lower_bound,NO_PROFILING,all_to_shortest,greedy,4991,174,174,17.373708248138428,0.0,True,4991.0,172,174,4991.0
Uniform1-5000_Seed38_J200_M100,"[0.000200, 1.000000]",100,200,0.01,max_proc,lowest_lower_bound,PRUNE,all_to_shortest,greedy,5635,144,2001,219.63573908805847,0.1142857142857142,False,4991.0,142,-1,4991.0
Uniform1-5000_Seed39_J200_M100,"[0.003410, 1.000000]",100,200,0.02,max_proc,lowest_lower_bound,NO_PROFILING,all_to_shortest,greedy,6271,802,2001,196.74594902992249,0.2050709615691277,False,4985.0,100,-1,4985.0
Uniform1-5000_Seed39_J200_M100,"[0.003410, 1.000000]",100,200,0.01,max_proc,lowest_lower_bound,PRUNE,all_to_shortest,greedy,5218,159,159,15.5970721244812,0.044653123802223,True,5195.0,157,-1,4985.0
Uniform1-5000_Seed40_J200_M100,"[0.012206, 0.996924]",100,200,0.02,max_proc,lowest_lower_bound,NO_PROFILING,all_to_shortest,greedy,6415,1564,2001,210.51454186439517,0.2209867498051442,False,4997.37,100,-1,4997.37
Uniform1-5000_Seed40_J200_M100,"[0.012206, 0.996924]",100,200,0.01,max_proc,lowest_lower_bound,PRUNE,all_to_shortest,greedy,6097,115,2001,249.41928267478943,0.1803559127439724,False,5046.0,113,-1,4997.37
Uniform1-5000_Seed41_J200_M100,"[0.001407, 1.000000]",100,200,0.02,max_proc,lowest_lower_bound,NO_PROFILING,all_to_shortest,greedy,6019,1358,2001,209.76631903648376,0.1736168798803788,False,4974.0,114,-1,4974.0
Uniform1-5000_Seed41_J200_M100,"[0.001407, 1.000000]",100,200,0.01,max_proc,lowest_lower_bound,PRUNE,all_to_shortest,greedy,6050,395,2001,241.9613552093506,0.1778512396694214,False,4974.0,114,-1,4974.0
Uniform1-5000_Seed42_J200_M100,"[0.007046, 0.992868]",100,200,0.02,max_proc,lowest_lower_bound,NO_PROFILING,all_to_shortest,greedy,6333,1929,2001,218.63110899925232,0.215627664613927,False,4967.43,100,-1,4967.43
Uniform1-5000_Seed42_J200_M100,"[0.007046, 0.992868]",100,200,0.01,max_proc,lowest_lower_bound,PRUNE,all_to_shortest,greedy,5220,197,197,20.06195306777954,0.0483850574712643,True,5195.0,181,-1,4967.43
Uniform1-5000_Seed43_J200_M100,"[0.006405, 0.965924]",100,200,0.02,max_proc,lowest_lower_bound,NO_PROFILING,all_to_shortest,greedy,6743,485,2001,204.01499724388125,0.2358623757971229,False,5152.58,100,-1,5152.58
Uniform1-5000_Seed43_J200_M100,"[0.006405, 0.965924]",100,200,0.01,max_proc,lowest_lower_bound,PRUNE,all_to_shortest,greedy,6432,145,2001,231.69668817520144,0.1989148009950249,False,5489.0,115,-1,5152.58
Uniform1-5000_Seed44_J200_M100,"[0.012092, 1.000000]",100,200,0.02,max_proc,lowest_lower_bound,NO_PROFILING,all_to_shortest,greedy,4998,155,155,15.014098882675173,0.0072028811524609,True,4962.0,153,-1,4962.0
Uniform1-5000_Seed44_J200_M100,"[0.012092, 1.000000]",100,200,0.01,max_proc,lowest_lower_bound,PRUNE,all_to_shortest,greedy,5050,182,182,18.43046545982361,0.0174257425742574,True,4962.0,180,-1,4962.0
Uniform1-5000_Seed45_J200_M100,"[0.011404, 0.998746]",100,200,0.02,max_proc,lowest_lower_bound,NO_PROFILING,all_to_shortest,greedy,6472,900,2001,215.50337529182437,0.2277085908529047,False,4998.27,100,-1,4998.27
Uniform1-5000_Seed45_J200_M100,"[0.011404, 0.998746]",100,200,0.01,max_proc,lowest_lower_bound,PRUNE,all_to_shortest,greedy,5201,454,454,48.239940881729126,0.0389790424918284,True,5128.0,176,-1,4998.27
Uniform1-5000_Seed46_J200_M100,"[0.003288, 0.963910]",100,200,0.02,max_proc,lowest_lower_bound,NO_PROFILING,all_to_shortest,greedy,6636,515,2001,211.3845534324646,0.2209810126582279,False,5169.57,100,-1,5169.57
Uniform1-5000_Seed46_J200_M100,"[0.003288, 0.963910]",100,200,0.01,max_proc,lowest_lower_bound,PRUNE,all_to_shortest,greedy,6532,794,2001,248.35799622535703,0.2085777709736681,False,5322.0,113,-1,5169.57
Uniform1-5000_Seed47_J200_M100,"[0.012786, 0.950533]",100,200,0.02,max_proc,lowest_lower_bound,NO_PROFILING,all_to_shortest,greedy,6728,1955,2001,214.18076348304749,0.2211325802615933,False,5240.22,100,-1,5240.22
Uniform1-5000_Seed47_J200_M100,"[0.012786, 0.950533]",100,200,0.01,max_proc,lowest_lower_bound,PRUNE,all_to_shortest,greedy,5601,160,160,16.038530588150024,0.064413497589716,True,5545.0,158,-1,5240.22
Uniform1-5000_Seed48_J200_M100,"[0.000793, 0.987892]",100,200,0.02,max_proc,lowest_lower_bound,NO_PROFILING,all_to_shortest,greedy,6039,605,2001,222.33644819259644,0.1649180327868852,False,5043.06,129,-1,5043.06
Uniform1-5000_Seed48_J200_M100,"[0.000793, 0.987892]",100,200,0.01,max_proc,lowest_lower_bound,PRUNE,all_to_shortest,greedy,6063,119,2001,237.2339670658112,0.1682236516575951,False,5043.06,118,-1,5043.06
Uniform1-5000_Seed49_J200_M100,"[0.000183, 0.914998]",100,200,0.02,max_proc,lowest_lower_bound,NO_PROFILING,all_to_shortest,greedy,7217,97,2001,216.92705178260803,0.2429818484134682,False,5463.4,100,-1,5463.4
Uniform1-5000_Seed49_J200_M100,"[0.000183, 0.914998]",100,200,0.01,max_proc,lowest_lower_bound,PRUNE,all_to_shortest,greedy,5904,158,158,15.76390504837036,0.0746273712737128,True,5815.0,156,-1,5463.4
Uniform1-5000_Seed50_J200_M100,"[0.006285, 1.000000]",100,200,0.02,max_proc,lowest_lower_bound,NO_PROFILING,all_to_shortest,greedy,4950,142,142,13.266894102096558,0.0036363636363636,True,4932.0,140,-1,4932.0
Uniform1-5000_Seed50_J200_M100,"[0.006285, 1.000000]",100,200,0.01,max_proc,lowest_lower_bound,PRUNE,all_to_shortest,greedy,5002,175,175,18.010313987731934,0.0139944022391043,True,4932.0,173,-1,4932.0
Uniform1-5000_Seed51_J200_M100,"[0.000602, 1.000000]",100,200,0.02,max_proc,lowest_lower_bound,NO_PROFILING,all_to_shortest,greedy,5298,1061,2001,191.85894870758057,0.0587013967534918,False,4987.0,169,-1,4987.0
Uniform1-5000_Seed51_J200_M100,"[0.000602, 1.000000]",100,200,0.01,max_proc,lowest_lower_bound,PRUNE,all_to_shortest,greedy,5702,248,2001,205.9667532444,0.125394598386531,False,4987.0,144,-1,4987.0
Uniform1-5000_Seed52_J200_M100,"[0.001153, 0.959722]",100,200,0.02,max_proc,lowest_lower_bound,NO_PROFILING,all_to_shortest,greedy,6662,341,2001,222.3889372348785,0.2187586310417291,False,5204.63,100,-1,5204.63
Uniform1-5000_Seed52_J200_M100,"[0.001153, 0.959722]",100,200,0.01,max_proc,lowest_lower_bound,PRUNE,all_to_shortest,greedy,6052,278,2001,227.21758151054385,0.1400148711169861,False,5347.0,147,-1,5204.63
Uniform1-5000_Seed53_J200_M100,"[0.007095, 0.982867]",100,200,0.02,max_proc,lowest_lower_bound,NO_PROFILING,all_to_shortest,greedy,6171,1909,2001,201.26410913467407,0.1777783179387457,False,5073.93,114,-1,5073.93
Uniform1-5000_Seed53_J200_M100,"[0.007095, 0.982867]",100,200,0.01,max_proc,lowest_lower_bound,PRUNE,all_to_shortest,greedy,6199,706,2001,225.13747310638428,0.1814921761574447,False,5073.93,114,-1,5073.93
Uniform1-5000_Seed54_J200_M100,"[0.001805, 1.000000]",100,200,0.02,max_proc,lowest_lower_bound,NO_PROFILING,all_to_shortest,greedy,4986,167,167,17.226789951324463,0.0,True,4986.0,165,167,4986.0
Uniform1-5000_Seed54_J200_M100,"[0.001805, 1.000000]",100,200,0.01,max_proc,lowest_lower_bound,PRUNE,all_to_shortest,greedy,5021,177,177,18.734541654586792,0.006970722963553,True,4986.0,175,-1,4986.0
Uniform1-5000_Seed55_J200_M100,"[0.000803, 0.995058]",100,200,0.02,max_proc,lowest_lower_bound,NO_PROFILING,all_to_shortest,greedy,6316,386,2001,199.44606971740723,0.2109515516149461,False,4983.63,100,-1,4983.63
Uniform1-5000_Seed55_J200_M100,"[0.000803, 0.995058]",100,200,0.01,max_proc,lowest_lower_bound,PRUNE,all_to_shortest,greedy,6244,117,2001,200.41254353523252,0.2018529788597053,False,5120.0,115,-1,4983.63
Uniform1-5000_Seed56_J200_M100,"[0.000932, 0.929291]",100,200,0.02,max_proc,lowest_lower_bound,NO_PROFILING,all_to_shortest,greedy,6797,770,2001,225.88720083236691,0.2106252758569957,False,5365.38,100,-1,5365.38
Uniform1-5000_Seed56_J200_M100,"[0.000932, 0.929291]",100,200,0.01,max_proc,lowest_lower_bound,PRUNE,all_to_shortest,greedy,6536,133,2001,232.9229199886322,0.1791034271725826,False,5497.0,122,-1,5365.38
Uniform1-5000_Seed57_J200_M100,"[0.007649, 1.000000]",100,200,0.02,max_proc,lowest_lower_bound,NO_PROFILING,all_to_shortest,greedy,6002,646,2001,206.09381413459775,0.1941019660113295,False,4837.0,100,-1,4837.0
Uniform1-5000_Seed57_J200_M100,"[0.007649, 1.000000]",100,200,0.01,max_proc,lowest_lower_bound,PRUNE,all_to_shortest,greedy,5058,167,167,16.575775384902954,0.0436931593515223,True,5058.0,161,-1,4837.0
Uniform1-5000_Seed58_J200_M100,"[0.005606, 0.960782]",100,200,0.02,max_proc,lowest_lower_bound,NO_PROFILING,all_to_shortest,greedy,6554,190,2001,222.1507875919342,0.210730851388465,False,5172.87,100,-1,5172.87
Uniform1-5000_Seed58_J200_M100,"[0.005606, 0.960782]",100,200,0.01,max_proc,lowest_lower_bound,PRUNE,all_to_shortest,greedy,6127,1259,2001,246.9502193927765,0.1557254773951363,False,5256.0,137,-1,5172.87
Uniform1-5000_Seed59_J200_M100,"[0.000966, 0.965963]",100,200,0.02,max_proc,lowest_lower_bound,NO_PROFILING,all_to_shortest,greedy,6697,944,2001,201.85632634162903,0.227089741675377,False,5176.18,100,-1,5176.18
Uniform1-5000_Seed59_J200_M100,"[0.000966, 0.965963]",100,200,0.01,max_proc,lowest_lower_bound,PRUNE,all_to_shortest,greedy,6476,108,2001,205.11444902420044,0.2007134033353921,False,5314.0,116,-1,5176.18
Uniform1-5000_Seed60_J200_M100,"[0.001150, 0.953189]",100,200,0.02,max_proc,lowest_lower_bound,NO_PROFILING,all_to_shortest,greedy,6495,595,2001,229.2401201725006,0.196409545804465,False,5219.32,113,-1,5219.32
Uniform1-5000_Seed60_J200_M100,"[0.001150, 0.953189]",100,200,0.01,max_proc,lowest_lower_bound,PRUNE,all_to_shortest,greedy,6524,112,2001,256.56312227249146,0.1999816063764562,False,5242.0,114,-1,5219.32
Uniform1-5000_Seed61_J200_M100,"[0.008137, 0.984220]",100,200,0.02,max_proc,lowest_lower_bound,NO_PROFILING,all_to_shortest,greedy,6386,134,2001,210.00659012794492,0.2110068900720325,False,5038.51,100,-1,5038.51
Uniform1-5000_Seed61_J200_M100,"[0.008137, 0.984220]",100,200,0.01,max_proc,lowest_lower_bound,PRUNE,all_to_shortest,greedy,6049,329,2001,232.65593695640564,0.1670507521904446,False,5183.0,124,-1,5038.51
Uniform1-5000_Seed62_J200_M100,"[0.001842, 1.000000]",100,200,0.02,max_proc,lowest_lower_bound,NO_PROFILING,all_to_shortest,greedy,6387,1478,2001,227.98108339309687,0.235165179270393,False,4885.0,100,-1,4885.0
Uniform1-5000_Seed62_J200_M100,"[0.001842, 1.000000]",100,200,0.01,max_proc,lowest_lower_bound,PRUNE,all_to_shortest,greedy,5254,193,193,20.45916509628296,0.0702322040350209,True,5164.0,167,-1,4885.0
Uniform1-5000_Seed63_J200_M100,"[0.003677, 0.960159]",100,200,0.02,max_proc,lowest_lower_bound,NO_PROFILING,all_to_shortest,greedy,6640,576,2001,231.9452726840973,0.2218599397590361,False,5166.85,101,-1,5166.85
Uniform1-5000_Seed63_J200_M100,"[0.003677, 0.960159]",100,200,0.01,max_proc,lowest_lower_bound,PRUNE,all_to_shortest,greedy,6627,237,2001,207.47043108940125,0.2203334842311754,False,5229.0,110,-1,5166.85
Uniform1-5000_Seed64_J200_M100,"[0.001808, 1.000000]",100,200,0.02,max_proc,lowest_lower_bound,NO_PROFILING,all_to_shortest,greedy,5006,150,150,14.308744192123411,0.0053935277666799,True,4979.0,148,-1,4979.0
Uniform1-5000_Seed64_J200_M100,"[0.001808, 1.000000]",100,200,0.01,max_proc,lowest_lower_bound,PRUNE,all_to_shortest,greedy,5054,173,173,17.426080226898193,0.0148397309062129,True,4979.0,171,-1,4979.0
Uniform1-5000_Seed65_J200_M100,"[0.010004, 0.979046]",100,200,0.02,max_proc,lowest_lower_bound,NO_PROFILING,all_to_shortest,greedy,6030,606,2001,206.949643611908,0.1545903814262023,False,5097.82,128,-1,5097.82
Uniform1-5000_Seed65_J200_M100,"[0.010004, 0.979046]",100,200,0.01,max_proc,lowest_lower_bound,PRUNE,all_to_shortest,greedy,6082,146,2001,230.9980444908142,0.1618184807629069,False,5097.82,128,-1,5097.82
Uniform1-5000_Seed66_J200_M100,"[0.008579, 0.986542]",100,200,0.02,max_proc,lowest_lower_bound,NO_PROFILING,all_to_shortest,greedy,6367,101,2001,225.8938925266266,0.2127438354012878,False,5012.46,100,-1,5012.46
Uniform1-5000_Seed66_J200_M100,"[0.008579, 0.986542]",100,200,0.01,max_proc,lowest_lower_bound,PRUNE,all_to_shortest,greedy,5966,220,2001,239.97064590454104,0.1598290311766677,False,5143.0,125,-1,5012.46
Uniform1-5000_Seed67_J200_M100,"[0.001804, 1.000000]",100,200,0.02,max_proc,lowest_lower_bound,NO_PROFILING,all_to_shortest,greedy,5087,121,121,10.91486120223999,0.0194613721250245,True,4988.0,119,-1,4988.0
Uniform1-5000_Seed67_J200_M100,"[0.001804, 1.000000]",100,200,0.01,max_proc,lowest_lower_bound,PRUNE,all_to_shortest,greedy,5066,152,152,14.984081983566284,0.0153967627319384,True,4988.0,150,-1,4988.0
Uniform1-5000_Seed68_J200_M100,"[0.003755, 0.986661]",100,200,0.02,max_proc,lowest_lower_bound,NO_PROFILING,all_to_shortest,greedy,6311,1577,2001,205.75960993766785,0.1981460941213753,False,5060.5,100,-1,5060.5
Uniform1-5000_Seed68_J200_M100,"[0.003755, 0.986661]",100,200,0.01,max_proc,lowest_lower_bound,PRUNE,all_to_shortest,greedy,6330,117,2001,199.37192273139956,0.2005529225908373,False,5132.0,109,-1,5060.5
Uniform1-5000_Seed69_J200_M100,"[0.003589, 0.897230]",100,200,0.02,max_proc,lowest_lower_bound,NO_PROFILING,all_to_shortest,greedy,7260,783,2001,214.56313490867612,0.2324090909090909,False,5572.71,100,-1,5572.71
Uniform1-5000_Seed69_J200_M100,"[0.003589, 0.897230]",100,200,0.01,max_proc,lowest_lower_bound,PRUNE,all_to_shortest,greedy,6160,156,156,16.17135739326477,0.0953392857142857,True,6042.0,150,-1,5572.71
Uniform1-5000_Seed70_J200_M100,"[0.003767, 0.896683]",100,200,0.02,max_proc,lowest_lower_bound,NO_PROFILING,all_to_shortest,greedy,7112,182,2001,215.36552691459656,0.2161150168728909,False,5574.99,100,-1,5574.99
Uniform1-5000_Seed70_J200_M100,"[0.003767, 0.896683]",100,200,0.01,max_proc,lowest_lower_bound,PRUNE,all_to_shortest,greedy,5883,172,172,18.674650192260746,0.0523559408465069,True,5806.0,170,-1,5574.99
Uniform1-5000_Seed71_J200_M100,"[0.003910, 0.977387]",100,200,0.02,max_proc,lowest_lower_bound,NO_PROFILING,all_to_shortest,greedy,6673,1132,2001,221.45005822181705,0.2333762925221039,False,5115.68,100,-1,5115.68
Uniform1-5000_Seed71_J200_M100,"[0.003910, 0.977387]",100,200,0.01,max_proc,lowest_lower_bound,PRUNE,all_to_shortest,greedy,5426,297,297,31.238152980804443,0.0571913011426464,True,5331.0,158,-1,5115.68
Uniform1-5000_Seed72_J200_M100,"[0.000804, 1.000000]",100,200,0.02,max_proc,lowest_lower_bound,NO_PROFILING,all_to_shortest,greedy,6163,100,2001,191.0540261268616,0.1927632646438422,False,4975.0,100,-1,4975.0
Uniform1-5000_Seed72_J200_M100,"[0.000804, 1.000000]",100,200,0.01,max_proc,lowest_lower_bound,PRUNE,all_to_shortest,greedy,6068,269,2001,239.85285305976868,0.1801252471984179,False,5140.0,109,-1,4975.0
Uniform1-5000_Seed73_J200_M100,"[0.007235, 1.000000]",100,200,0.02,max_proc,lowest_lower_bound,NO_PROFILING,all_to_shortest,greedy,4976,148,148,14.676323175430298,0.0,True,4976.0,146,148,4976.0
Uniform1-5000_Seed73_J200_M100,"[0.007235, 1.000000]",100,200,0.01,max_proc,lowest_lower_bound,PRUNE,all_to_shortest,greedy,5015,169,169,17.451424598693848,0.0077766699900299,True,4976.0,163,-1,4976.0
Uniform1-5000_Seed74_J200_M100,"[0.021639, 1.000000]",100,200,0.02,max_proc,lowest_lower_bound,NO_PROFILING,all_to_shortest,greedy,5043,156,156,15.904186487197876,0.0103113226254213,True,4991.0,154,-1,4991.0
Uniform1-5000_Seed74_J200_M100,"[0.021639, 1.000000]",100,200,0.01,max_proc,lowest_lower_bound,PRUNE,all_to_shortest,greedy,5199,1635,2001,224.41252183914185,0.0400076937872667,False,4991.0,174,-1,4991.0
Uniform1-5000_Seed75_J200_M100,"[0.003431, 0.950166]",100,200,0.02,max_proc,lowest_lower_bound,NO_PROFILING,all_to_shortest,greedy,6741,1772,2001,220.29151320457456,0.2217104287197745,False,5246.45,100,-1,5246.45
Uniform1-5000_Seed75_J200_M100,"[0.003431, 0.950166]",100,200,0.01,max_proc,lowest_lower_bound,PRUNE,all_to_shortest,greedy,6684,1481,2001,257.0060079097748,0.2150733093955715,False,5431.0,110,-1,5246.45
Uniform1-5000_Seed76_J200_M100,"[0.005737, 0.986307]",100,200,0.02,max_proc,lowest_lower_bound,NO_PROFILING,all_to_shortest,greedy,6420,976,2001,224.32016897201535,0.2125825545171339,False,5055.22,113,-1,5055.22
Uniform1-5000_Seed76_J200_M100,"[0.005737, 0.986307]",100,200,0.01,max_proc,lowest_lower_bound,PRUNE,all_to_shortest,greedy,5822,821,2001,193.2650339603424,0.1317038818275506,False,5056.0,142,-1,5055.22
Uniform1-5000_Seed77_J200_M100,"[0.000382, 0.949655]",100,200,0.02,max_proc,lowest_lower_bound,NO_PROFILING,all_to_shortest,greedy,6795,1353,2001,214.8937304019928,0.2293392200147166,False,5236.64,100,-1,5236.64
Uniform1-5000_Seed77_J200_M100,"[0.000382, 0.949655]",100,200,0.01,max_proc,lowest_lower_bound,PRUNE,all_to_shortest,greedy,6598,697,2001,235.8298933506012,0.2063291906638374,False,5379.0,111,-1,5236.64
Uniform1-5000_Seed78_J200_M100,"[0.004482, 0.918951]",100,200,0.02,max_proc,lowest_lower_bound,NO_PROFILING,all_to_shortest,greedy,6816,356,2001,214.1946051120758,0.2143456572769952,False,5355.02,100,-1,5355.02
Uniform1-5000_Seed78_J200_M100,"[0.004482, 0.918951]",100,200,0.01,max_proc,lowest_lower_bound,PRUNE,all_to_shortest,greedy,6816,98,2001,224.0932095050812,0.2143456572769952,False,5722.0,108,-1,5355.02
Uniform1-5000_Seed79_J200_M100,"[0.001201, 1.000000]",100,200,0.02,max_proc,lowest_lower_bound,NO_PROFILING,all_to_shortest,greedy,5049,142,142,13.391860723495483,0.0104971281441869,True,4996.0,140,-1,4996.0
Uniform1-5000_Seed79_J200_M100,"[0.001201, 1.000000]",100,200,0.01,max_proc,lowest_lower_bound,PRUNE,all_to_shortest,greedy,5035,155,155,15.600353479385376,0.0077457795431976,True,4996.0,153,-1,4996.0
Uniform1-5000_Seed80_J200_M100,"[0.004251, 1.000000]",100,200,0.02,max_proc,lowest_lower_bound,NO_PROFILING,all_to_shortest,greedy,4940,151,151,14.602178812026978,0.0,True,4940.0,149,151,4940.0
Uniform1-5000_Seed80_J200_M100,"[0.004251, 1.000000]",100,200,0.01,max_proc,lowest_lower_bound,PRUNE,all_to_shortest,greedy,4993,169,169,17.05576252937317,0.0106148608051271,True,4940.0,167,-1,4940.0
Uniform1-5000_Seed81_J200_M100,"[0.002181, 0.990869]",100,200,0.02,max_proc,lowest_lower_bound,NO_PROFILING,all_to_shortest,greedy,6383,462,2001,212.4895374774933,0.2099248002506658,False,5043.05,100,-1,5043.05
Uniform1-5000_Seed81_J200_M100,"[0.002181, 0.990869]",100,200,0.01,max_proc,lowest_lower_bound,PRUNE,all_to_shortest,greedy,6149,145,2001,240.73519897460935,0.1798585135794438,False,5121.0,125,-1,5043.05
Uniform1-5000_Seed82_J200_M100,"[0.007038, 1.000000]",100,200,0.02,max_proc,lowest_lower_bound,NO_PROFILING,all_to_shortest,greedy,5057,141,141,13.342187643051147,0.0166106387186078,True,4973.0,139,-1,4973.0
Uniform1-5000_Seed82_J200_M100,"[0.007038, 1.000000]",100,200,0.01,max_proc,lowest_lower_bound,PRUNE,all_to_shortest,greedy,5061,177,177,18.3945095539093,0.0173878680102746,True,4973.0,175,-1,4973.0
Uniform1-5000_Seed83_J200_M100,"[0.001603, 1.000000]",100,200,0.02,max_proc,lowest_lower_bound,NO_PROFILING,all_to_shortest,greedy,5049,168,168,16.8690345287323,0.0112893642305407,True,4992.0,166,-1,4992.0
Uniform1-5000_Seed83_J200_M100,"[0.001603, 1.000000]",100,200,0.01,max_proc,lowest_lower_bound,PRUNE,all_to_shortest,greedy,5238,1012,2001,223.89717721939087,0.0469644902634593,False,4992.0,175,-1,4992.0
Uniform1-5000_Seed84_J200_M100,"[0.001876, 0.937934]",100,200,0.02,max_proc,lowest_lower_bound,NO_PROFILING,all_to_shortest,greedy,7185,1629,2001,223.9666016101837,0.2582045929018789,False,5329.8,100,-1,5329.8
Uniform1-5000_Seed84_J200_M100,"[0.001876, 0.937934]",100,200,0.01,max_proc,lowest_lower_bound,PRUNE,all_to_shortest,greedy,6019,149,149,15.428727626800535,0.1145040704435952,True,5901.0,147,-1,5329.8
Uniform1-5000_Seed85_J200_M100,"[0.003023, 0.995042]",100,200,0.02,max_proc,lowest_lower_bound,NO_PROFILING,all_to_shortest,greedy,6433,1875,2001,211.633811712265,0.2287268770402611,False,4961.6,100,-1,4961.6
Uniform1-5000_Seed85_J200_M100,"[0.003023, 0.995042]",100,200,0.01,max_proc,lowest_lower_bound,PRUNE,all_to_shortest,greedy,5789,138,2001,231.41330361366272,0.1429262394195888,False,5038.0,136,-1,4961.6
Uniform1-5000_Seed86_J200_M100,"[0.011807, 1.000000]",100,200,0.02,max_proc,lowest_lower_bound,NO_PROFILING,all_to_shortest,greedy,5082,142,142,13.457531690597534,0.0167256985438803,True,4997.0,140,-1,4997.0
Uniform1-5000_Seed86_J200_M100,"[0.011807, 1.000000]",100,200,0.01,max_proc,lowest_lower_bound,PRUNE,all_to_shortest,greedy,5055,175,175,17.90340495109558,0.0114737883283877,True,4997.0,173,-1,4997.0
Uniform1-5000_Seed87_J200_M100,"[0.000792, 0.985336]",100,200,0.02,max_proc,lowest_lower_bound,NO_PROFILING,all_to_shortest,greedy,6428,987,2001,217.3828012943268,0.2138923459863098,False,5053.1,100,-1,5053.1
Uniform1-5000_Seed87_J200_M100,"[0.000792, 0.985336]",100,200,0.01,max_proc,lowest_lower_bound,PRUNE,all_to_shortest,greedy,5682,160,2001,230.21915936470032,0.1106828581485391,False,5180.0,156,-1,5053.1
Uniform1-5000_Seed88_J200_M100,"[0.001493, 0.931839]",100,200,0.02,max_proc,lowest_lower_bound,NO_PROFILING,all_to_shortest,greedy,7073,739,2001,222.67064023017883,0.2424402657995192,False,5358.22,100,-1,5358.22
Uniform1-5000_Seed88_J200_M100,"[0.001493, 0.931839]",100,200,0.01,max_proc,lowest_lower_bound,PRUNE,all_to_shortest,greedy,5806,153,153,15.837033987045288,0.0771236651739579,True,5752.0,150,-1,5358.22
Uniform1-5000_Seed89_J200_M100,"[0.006412, 1.000000]",100,200,0.02,max_proc,lowest_lower_bound,NO_PROFILING,all_to_shortest,greedy,5087,110,110,9.401771783828735,0.0188716335757814,True,4991.0,108,-1,4991.0
Uniform1-5000_Seed89_J200_M100,"[0.006412, 1.000000]",100,200,0.01,max_proc,lowest_lower_bound,PRUNE,all_to_shortest,greedy,5029,138,138,13.248474836349487,0.0075561741896997,True,4991.0,136,-1,4991.0
Uniform1-5000_Seed90_J200_M100,"[0.006495, 0.947138]",100,200,0.02,max_proc,lowest_lower_bound,NO_PROFILING,all_to_shortest,greedy,6691,862,2001,217.8227806091309,0.2176475863099685,False,5234.72,100,-1,5234.72
Uniform1-5000_Seed90_J200_M100,"[0.006495, 0.947138]",100,200,0.01,max_proc,lowest_lower_bound,PRUNE,all_to_shortest,greedy,6578,235,2001,249.0755467414856,0.2042079659470963,False,5344.0,114,-1,5234.72
Uniform1-5000_Seed91_J200_M100,"[0.004620, 1.000000]",100,200,0.02,max_proc,lowest_lower_bound,NO_PROFILING,all_to_shortest,greedy,5036,159,159,14.920653820037842,0.011517077045274,True,4978.0,157,-1,4978.0
Uniform1-5000_Seed91_J200_M100,"[0.004620, 1.000000]",100,200,0.01,max_proc,lowest_lower_bound,PRUNE,all_to_shortest,greedy,5546,1322,2001,225.63323998451236,0.1024161557879552,False,4978.0,145,-1,4978.0
Uniform1-5000_Seed92_J200_M100,"[0.000587, 0.971144]",100,200,0.02,max_proc,lowest_lower_bound,NO_PROFILING,all_to_shortest,greedy,6533,170,2001,214.1729714870453,0.2182182764426756,False,5107.38,100,-1,5107.38
Uniform1-5000_Seed92_J200_M100,"[0.000587, 0.971144]",100,200,0.01,max_proc,lowest_lower_bound,PRUNE,all_to_shortest,greedy,5483,166,166,16.595929384231567,0.0685062921758161,True,5413.0,163,-1,5107.38
Uniform1-5000_Seed93_J200_M100,"[0.003822, 0.954527]",100,200,0.02,max_proc,lowest_lower_bound,NO_PROFILING,all_to_shortest,greedy,6472,106,2001,228.12409663200376,0.1914462299134734,False,5232.96,107,-1,5232.96
Uniform1-5000_Seed93_J200_M100,"[0.003822, 0.954527]",100,200,0.01,max_proc,lowest_lower_bound,PRUNE,all_to_shortest,greedy,6529,120,2001,195.79113793373108,0.1985051309542043,False,5232.96,107,-1,5232.96
Uniform1-5000_Seed94_J200_M100,"[0.002899, 0.965142]",100,200,0.02,max_proc,lowest_lower_bound,NO_PROFILING,all_to_shortest,greedy,6289,290,2001,227.27200770378116,0.1774002226109079,False,5173.33,121,-1,5173.33
Uniform1-5000_Seed94_J200_M100,"[0.002899, 0.965142]",100,200,0.01,max_proc,lowest_lower_bound,PRUNE,all_to_shortest,greedy,6270,486,2001,244.6453895568848,0.1749074960127591,False,5173.33,121,-1,5173.33
Uniform1-5000_Seed95_J200_M100,"[0.000800, 0.999550]",100,200,0.02,max_proc,lowest_lower_bound,NO_PROFILING,all_to_shortest,greedy,6321,358,2001,211.25092363357544,0.2086299636133523,False,5002.25,100,-1,5002.25
Uniform1-5000_Seed95_J200_M100,"[0.000800, 0.999550]",100,200,0.01,max_proc,lowest_lower_bound,PRUNE,all_to_shortest,greedy,6120,282,2001,240.8008008003235,0.1826388888888888,False,5078.0,118,-1,5002.25
Uniform1-5000_Seed96_J200_M100,"[0.001770, 0.983342]",100,200,0.02,max_proc,lowest_lower_bound,NO_PROFILING,all_to_shortest,greedy,6293,765,2001,214.07384061813357,0.1920069918957572,False,5084.7,110,-1,5084.7
Uniform1-5000_Seed96_J200_M100,"[0.001770, 0.983342]",100,200,0.01,max_proc,lowest_lower_bound,PRUNE,all_to_shortest,greedy,6400,120,2001,227.2725315093994,0.205515625,False,5093.0,110,-1,5084.7
Uniform1-5000_Seed97_J200_M100,"[0.001598, 0.988661]",100,200,0.02,max_proc,lowest_lower_bound,NO_PROFILING,all_to_shortest,greedy,6326,1490,2001,222.2457058429718,0.2087006006955421,False,5005.76,100,-1,5005.76
Uniform1-5000_Seed97_J200_M100,"[0.001598, 0.988661]",100,200,0.01,max_proc,lowest_lower_bound,PRUNE,all_to_shortest,greedy,6187,112,2001,242.76742219924927,0.1909229028608372,False,5159.0,119,-1,5005.76
Uniform1-5000_Seed98_J200_M100,"[0.000600, 1.000000]",100,200,0.02,max_proc,lowest_lower_bound,NO_PROFILING,all_to_shortest,greedy,6061,634,2001,189.1771342754364,0.1750536215146015,False,5000.0,104,-1,5000.0
Uniform1-5000_Seed98_J200_M100,"[0.000600, 1.000000]",100,200,0.01,max_proc,lowest_lower_bound,PRUNE,all_to_shortest,greedy,6030,166,2001,235.46877193450928,0.1708126036484245,False,5045.0,113,-1,5000.0
Uniform1-5000_Seed99_J200_M100,"[0.002273, 0.936768]",100,200,0.02,max_proc,lowest_lower_bound,NO_PROFILING,all_to_shortest,greedy,6811,1553,2001,226.0663423538208,0.2249610923506093,False,5278.79,100,-1,5278.79
Uniform1-5000_Seed99_J200_M100,"[0.002273, 0.936768]",100,200,0.01,max_proc,lowest_lower_bound,PRUNE,all_to_shortest,greedy,5655,164,164,17.456050872802734,0.0665269672855879,True,5655.0,162,-1,5278.79
Uniform1-5000_Seed100_J200_M100,"[0.000582, 0.968423]",100,200,0.02,max_proc,lowest_lower_bound,NO_PROFILING,all_to_shortest,greedy,6561,98,2001,208.67086815834045,0.2140161560737692,False,5156.84,100,-1,5156.84
Uniform1-5000_Seed100_J200_M100,"[0.000582, 0.968423]",100,200,0.01,max_proc,lowest_lower_bound,PRUNE,all_to_shortest,greedy,5469,165,165,17.24333357810974,0.0570780764307917,True,5435.0,158,-1,5156.84
