instance,epsilon_range,n_machines,n_jobs,epsilon,branching_rule,node_selection,profiling_mode,rounding_rule,lower_bound,best_solution,nodes_to_best_solution,nodes_explored,runtime,opt_gap,terminate,best_bound,depth,number_of_nodes_for_optimality,optimal_solution
Uniform1-5000_Seed101_J20_M10,"[0.009012, 0.894000]",10,20,0.02,max_proc,lowest_lower_bound,NO_PROFILING,all_to_shortest,greedy,6418,1065,2001,0.3950510025024414,0.13554066687441566,False,5548.1,10,-1,5548.1
Uniform1-5000_Seed101_J20_M10,"[0.009012, 0.894000]",10,20,0.01,max_proc,lowest_lower_bound,PRUNE,all_to_shortest,greedy,5880,16,16,0.003596782684326172,0.056445578231292454,True,5780.0,14,-1,5548.1
Uniform1-5000_Seed102_J20_M10,"[0.014668, 0.912358]",10,20,0.02,max_proc,lowest_lower_bound,NO_PROFILING,all_to_shortest,greedy,5900,351,2001,0.29886388778686523,0.07559322033898305,False,5454.0,10,-1,5454.0
Uniform1-5000_Seed102_J20_M10,"[0.014668, 0.912358]",10,20,0.01,max_proc,lowest_lower_bound,PRUNE,all_to_shortest,greedy,5928,13,13,0.0030922889709472656,0.07995951417004049,True,5900.0,10,-1,5454.0
Uniform1-5000_Seed103_J20_M10,"[0.001890, 0.835997]",10,20,0.02,max_proc,lowest_lower_bound,NO_PROFILING,all_to_shortest,greedy,6845,10,2001,0.34792423248291016,0.14983199415631854,False,5819.4,10,-1,5819.4
Uniform1-5000_Seed103_J20_M10,"[0.001890, 0.835997]",10,20,0.01,max_proc,lowest_lower_bound,PRUNE,all_to_shortest,greedy,6839,14,14,0.0029535293579101562,0.1490861237022957,True,6839.0,12,-1,5819.4
Uniform1-5000_Seed104_J20_M10,"[0.014608, 1.000000]",10,20,0.02,max_proc,lowest_lower_bound,NO_PROFILING,all_to_shortest,greedy,4949,12,2001,0.3030848503112793,0.031723580521317435,False,4792.0,10,-1,4792.0
Uniform1-5000_Seed104_J20_M10,"[0.014608, 1.000000]",10,20,0.01,max_proc,lowest_lower_bound,PRUNE,all_to_shortest,greedy,4949,13,13,0.002721548080444336,0.031723580521317435,True,4949.0,10,-1,4792.0
Uniform1-5000_Seed105_J20_M10,"[0.014357, 0.955319]",10,20,0.02,max_proc,lowest_lower_bound,NO_PROFILING,all_to_shortest,greedy,5592,8,2001,0.31490302085876465,0.07827253218884117,False,5154.3,10,-1,5154.3
Uniform1-5000_Seed105_J20_M10,"[0.014357, 0.955319]",10,20,0.01,max_proc,lowest_lower_bound,PRUNE,all_to_shortest,greedy,5650,18,18,0.003545999526977539,0.08773451327433625,True,5592.0,14,-1,5154.3
Uniform1-5000_Seed106_J20_M10,"[0.001107, 0.915852]",10,20,0.02,max_proc,lowest_lower_bound,NO_PROFILING,all_to_shortest,greedy,6220,220,2001,0.3982086181640625,0.12877813504823152,False,5419.0,11,-1,5419.0
Uniform1-5000_Seed106_J20_M10,"[0.001107, 0.915852]",10,20,0.01,max_proc,lowest_lower_bound,PRUNE,all_to_shortest,greedy,6172,26,41,0.006608247756958008,0.12200259235255995,True,6117.0,14,-1,5419.0
Uniform1-5000_Seed107_J20_M10,"[0.094764, 0.817126]",10,20,0.02,max_proc,lowest_lower_bound,NO_PROFILING,all_to_shortest,greedy,6961,1120,2001,0.4277689456939697,0.1601637695733371,False,5846.1,10,-1,5846.1
Uniform1-5000_Seed107_J20_M10,"[0.094764, 0.817126]",10,20,0.01,max_proc,lowest_lower_bound,PRUNE,all_to_shortest,greedy,6263,16,16,0.003476381301879883,0.06656554366916807,True,6263.0,13,-1,5846.1
Uniform1-5000_Seed108_J20_M10,"[0.028808, 0.976914]",10,20,0.02,max_proc,lowest_lower_bound,NO_PROFILING,all_to_shortest,greedy,5518,990,2001,0.40167999267578125,0.08155128669807901,False,5068.0,15,-1,5068.0
Uniform1-5000_Seed108_J20_M10,"[0.028808, 0.976914]",10,20,0.01,max_proc,lowest_lower_bound,PRUNE,all_to_shortest,greedy,5538,213,373,0.06261229515075684,0.08486818345973275,True,5444.0,15,-1,5068.0
Uniform1-5000_Seed109_J20_M10,"[0.032539, 1.000000]",10,20,0.02,max_proc,lowest_lower_bound,NO_PROFILING,all_to_shortest,greedy,4364,8,8,0.001451730728149414,0.0,True,4364.0,6,8,4364.0
Uniform1-5000_Seed109_J20_M10,"[0.032539, 1.000000]",10,20,0.01,max_proc,lowest_lower_bound,PRUNE,all_to_shortest,greedy,4392,8,8,0.0018854141235351562,0.006375227686703097,True,4364.0,6,-1,4364.0
Uniform1-5000_Seed110_J20_M10,"[0.105819, 1.000000]",10,20,0.02,max_proc,lowest_lower_bound,NO_PROFILING,all_to_shortest,greedy,4829,4,4,0.0006587505340576172,0.0,True,4829.0,2,4,4829.0
Uniform1-5000_Seed110_J20_M10,"[0.105819, 1.000000]",10,20,0.01,max_proc,lowest_lower_bound,PRUNE,all_to_shortest,greedy,4829,4,4,0.0008397102355957031,0.0,True,4829.0,2,4,4829.0
Uniform1-5000_Seed111_J20_M10,"[0.135878, 0.960512]",10,20,0.02,max_proc,lowest_lower_bound,NO_PROFILING,all_to_shortest,greedy,5399,668,2001,0.35874247550964355,0.07034636043711802,False,5019.2,15,-1,5019.2
Uniform1-5000_Seed111_J20_M10,"[0.135878, 0.960512]",10,20,0.01,max_proc,lowest_lower_bound,PRUNE,all_to_shortest,greedy,5240,126,126,0.01784658432006836,0.04213740458015271,True,5240.0,15,-1,5019.2
Uniform1-5000_Seed112_J20_M10,"[0.010465, 1.000000]",10,20,0.02,max_proc,lowest_lower_bound,NO_PROFILING,all_to_shortest,greedy,4969,14,14,0.0024061203002929688,0.0,True,4969.0,12,14,4969.0
Uniform1-5000_Seed112_J20_M10,"[0.010465, 1.000000]",10,20,0.01,max_proc,lowest_lower_bound,PRUNE,all_to_shortest,greedy,4969,13,13,0.0029098987579345703,0.0,True,4969.0,10,13,4969.0
Uniform1-5000_Seed113_J20_M10,"[0.001897, 0.763370]",10,20,0.02,max_proc,lowest_lower_bound,NO_PROFILING,all_to_shortest,greedy,7183,876,2001,0.45277857780456543,0.11932340247807328,False,6325.9,10,-1,6325.9
Uniform1-5000_Seed113_J20_M10,"[0.001897, 0.763370]",10,20,0.01,max_proc,lowest_lower_bound,PRUNE,all_to_shortest,greedy,6833,16,16,0.003839731216430664,0.07421337626225676,True,6792.0,14,-1,6325.9
Uniform1-5000_Seed114_J20_M10,"[0.010128, 1.000000]",10,20,0.02,max_proc,lowest_lower_bound,NO_PROFILING,all_to_shortest,greedy,4899,15,15,0.002519369125366211,0.012451520718513982,True,4838.0,13,-1,4838.0
Uniform1-5000_Seed114_J20_M10,"[0.010128, 1.000000]",10,20,0.01,max_proc,lowest_lower_bound,PRUNE,all_to_shortest,greedy,4924,23,23,0.004698038101196289,0.017465475223395612,True,4838.0,15,-1,4838.0
Uniform1-5000_Seed115_J20_M10,"[0.028606, 1.000000]",10,20,0.02,max_proc,lowest_lower_bound,NO_PROFILING,all_to_shortest,greedy,5079,3,3,0.0005970001220703125,0.015751132112620594,True,4999.0,1,-1,4999.0
Uniform1-5000_Seed115_J20_M10,"[0.028606, 1.000000]",10,20,0.01,max_proc,lowest_lower_bound,PRUNE,all_to_shortest,greedy,5079,3,3,0.0006875991821289062,0.015751132112620594,True,4999.0,1,-1,4999.0
Uniform1-5000_Seed116_J20_M10,"[0.101981, 0.766010]",10,20,0.02,max_proc,lowest_lower_bound,NO_PROFILING,all_to_shortest,greedy,7654,173,2001,0.4527416229248047,0.14805330546119674,False,6520.8,10,-1,6520.8
Uniform1-5000_Seed116_J20_M10,"[0.101981, 0.766010]",10,20,0.01,max_proc,lowest_lower_bound,PRUNE,all_to_shortest,greedy,7207,16,16,0.0033769607543945312,0.09521298737338696,True,7207.0,12,-1,6520.8
Uniform1-5000_Seed117_J20_M10,"[0.033583, 1.000000]",10,20,0.02,max_proc,lowest_lower_bound,NO_PROFILING,all_to_shortest,greedy,5364,4,2001,0.35112738609313965,0.0784862043251305,False,4943.0,10,-1,4943.0
Uniform1-5000_Seed117_J20_M10,"[0.033583, 1.000000]",10,20,0.01,max_proc,lowest_lower_bound,PRUNE,all_to_shortest,greedy,5123,15,15,0.0033054351806640625,0.035135662697638105,True,5123.0,13,-1,4943.0
Uniform1-5000_Seed118_J20_M10,"[0.089228, 0.898774]",10,20,0.02,max_proc,lowest_lower_bound,NO_PROFILING,all_to_shortest,greedy,5138,286,2001,0.358431339263916,0.10132347216815889,False,4617.4,12,-1,4617.4
Uniform1-5000_Seed118_J20_M10,"[0.089228, 0.898774]",10,20,0.01,max_proc,lowest_lower_bound,PRUNE,all_to_shortest,greedy,4986,20,20,0.0038099288940429688,0.07392699558764548,True,4986.0,13,-1,4617.4
Uniform1-5000_Seed119_J20_M10,"[0.000652, 1.000000]",10,20,0.02,max_proc,lowest_lower_bound,NO_PROFILING,all_to_shortest,greedy,4604,11,11,0.0019428730010986328,0.0,True,4604.0,9,11,4604.0
Uniform1-5000_Seed119_J20_M10,"[0.000652, 1.000000]",10,20,0.01,max_proc,lowest_lower_bound,PRUNE,all_to_shortest,greedy,4635,13,13,0.0029244422912597656,0.00668824163969795,True,4604.0,10,-1,4604.0
Uniform1-5000_Seed120_J20_M10,"[0.002333, 1.000000]",10,20,0.02,max_proc,lowest_lower_bound,NO_PROFILING,all_to_shortest,greedy,4714,5,5,0.0009229183197021484,0.0,True,4714.0,3,5,4714.0
Uniform1-5000_Seed120_J20_M10,"[0.002333, 1.000000]",10,20,0.01,max_proc,lowest_lower_bound,PRUNE,all_to_shortest,greedy,4714,7,7,0.0015692710876464844,0.0,True,4714.0,5,7,4714.0
Uniform1-5000_Seed121_J20_M10,"[0.010151, 0.935836]",10,20,0.02,max_proc,lowest_lower_bound,NO_PROFILING,all_to_shortest,greedy,5706,40,2001,0.45655345916748047,0.08499824745881528,False,5221.0,11,-1,5221.0
Uniform1-5000_Seed121_J20_M10,"[0.010151, 0.935836]",10,20,0.01,max_proc,lowest_lower_bound,PRUNE,all_to_shortest,greedy,5703,21,21,0.0040280818939208984,0.08451692091881466,True,5668.0,12,-1,5221.0
Uniform1-5000_Seed122_J20_M10,"[0.028554, 1.000000]",10,20,0.02,max_proc,lowest_lower_bound,NO_PROFILING,all_to_shortest,greedy,5288,15,2001,0.27785158157348633,0.059568835098335854,False,4973.0,11,-1,4973.0
Uniform1-5000_Seed122_J20_M10,"[0.028554, 1.000000]",10,20,0.01,max_proc,lowest_lower_bound,PRUNE,all_to_shortest,greedy,5294,14,14,0.002946615219116211,0.06063468077068379,True,5288.0,11,-1,4973.0
Uniform1-5000_Seed123_J20_M10,"[0.008791, 0.999560]",10,20,0.02,max_proc,lowest_lower_bound,NO_PROFILING,all_to_shortest,greedy,4930,104,2001,0.3647747039794922,0.07707910750507099,False,4550.0,12,-1,4550.0
Uniform1-5000_Seed123_J20_M10,"[0.008791, 0.999560]",10,20,0.01,max_proc,lowest_lower_bound,PRUNE,all_to_shortest,greedy,4885,20,20,0.003925323486328125,0.06857727737973388,True,4802.0,14,-1,4550.0
Uniform1-5000_Seed124_J20_M10,"[0.028541, 1.000000]",10,20,0.02,max_proc,lowest_lower_bound,NO_PROFILING,all_to_shortest,greedy,4832,8,8,0.0014526844024658203,0.013865894039735099,True,4765.0,6,-1,4765.0
Uniform1-5000_Seed124_J20_M10,"[0.028541, 1.000000]",10,20,0.01,max_proc,lowest_lower_bound,PRUNE,all_to_shortest,greedy,4820,10,10,0.002295255661010742,0.011410788381742738,True,4765.0,8,-1,4765.0
Uniform1-5000_Seed125_J20_M10,"[0.041687, 0.904455]",10,20,0.02,max_proc,lowest_lower_bound,NO_PROFILING,all_to_shortest,greedy,5780,398,2001,0.37073564529418945,0.07034602076124574,False,5373.4,14,-1,5373.4
Uniform1-5000_Seed125_J20_M10,"[0.041687, 0.904455]",10,20,0.01,max_proc,lowest_lower_bound,PRUNE,all_to_shortest,greedy,5762,46,217,0.02897357940673828,0.06744186046511634,True,5694.0,18,-1,5373.4
Uniform1-5000_Seed126_J20_M10,"[0.000949, 1.000000]",10,20,0.02,max_proc,lowest_lower_bound,NO_PROFILING,all_to_shortest,greedy,4407,1520,2001,0.3259236812591553,0.043567052416609936,False,4215.0,10,-1,4215.0
Uniform1-5000_Seed126_J20_M10,"[0.000949, 1.000000]",10,20,0.01,max_proc,lowest_lower_bound,PRUNE,all_to_shortest,greedy,4407,14,14,0.002800464630126953,0.043567052416609936,True,4407.0,12,-1,4215.0
Uniform1-5000_Seed127_J20_M10,"[0.012614, 1.000000]",10,20,0.02,max_proc,lowest_lower_bound,NO_PROFILING,all_to_shortest,greedy,4836,16,16,0.0026869773864746094,0.0,True,4836.0,14,16,4836.0
Uniform1-5000_Seed127_J20_M10,"[0.012614, 1.000000]",10,20,0.01,max_proc,lowest_lower_bound,PRUNE,all_to_shortest,greedy,4894,21,21,0.00406646728515625,0.011851246424192888,True,4836.0,14,-1,4836.0
Uniform1-5000_Seed128_J20_M10,"[0.036847, 1.000000]",10,20,0.02,max_proc,lowest_lower_bound,NO_PROFILING,all_to_shortest,greedy,4951,6,6,0.0011377334594726562,0.013330640274691982,True,4885.0,4,-1,4885.0
Uniform1-5000_Seed128_J20_M10,"[0.036847, 1.000000]",10,20,0.01,max_proc,lowest_lower_bound,PRUNE,all_to_shortest,greedy,4885,10,10,0.0022628307342529297,0.0,True,4885.0,8,10,4885.0
Uniform1-5000_Seed129_J20_M10,"[0.029268, 1.000000]",10,20,0.02,max_proc,lowest_lower_bound,NO_PROFILING,all_to_shortest,greedy,3895,6,6,0.0010509490966796875,0.0,True,3895.0,4,6,3895.0
Uniform1-5000_Seed129_J20_M10,"[0.029268, 1.000000]",10,20,0.01,max_proc,lowest_lower_bound,PRUNE,all_to_shortest,greedy,3895,6,6,0.0013561248779296875,0.0,True,3895.0,4,6,3895.0
Uniform1-5000_Seed130_J20_M10,"[0.055602, 1.000000]",10,20,0.02,max_proc,lowest_lower_bound,NO_PROFILING,all_to_shortest,greedy,4833,10,10,0.0017170906066894531,0.013863025036209394,True,4766.0,8,-1,4766.0
Uniform1-5000_Seed130_J20_M10,"[0.055602, 1.000000]",10,20,0.01,max_proc,lowest_lower_bound,PRUNE,all_to_shortest,greedy,4833,13,13,0.0027413368225097656,0.013863025036209394,True,4766.0,11,-1,4766.0
Uniform1-5000_Seed101_J50_M25,"[0.008840, 0.876889]",25,50,0.02,max_proc,lowest_lower_bound,NO_PROFILING,all_to_shortest,greedy,6911,463,2001,3.171865224838257,0.18154246852843298,False,5656.36,25,-1,5656.36
Uniform1-5000_Seed101_J50_M25,"[0.008840, 0.876889]",25,50,0.01,max_proc,lowest_lower_bound,PRUNE,all_to_shortest,greedy,6248,36,36,0.06065702438354492,0.0946927016645327,True,6132.0,34,-1,5656.36
Uniform1-5000_Seed102_J50_M25,"[0.014874, 0.961182]",25,50,0.02,max_proc,lowest_lower_bound,NO_PROFILING,all_to_shortest,greedy,6229,752,2001,3.1557343006134033,0.16889388344838657,False,5176.96,25,-1,5176.96
Uniform1-5000_Seed102_J50_M25,"[0.014874, 0.961182]",25,50,0.01,max_proc,lowest_lower_bound,PRUNE,all_to_shortest,greedy,5782,42,42,0.06134438514709473,0.10464199239017641,True,5704.0,31,-1,5176.96
Uniform1-5000_Seed103_J50_M25,"[0.002107, 0.955371]",25,50,0.02,max_proc,lowest_lower_bound,NO_PROFILING,all_to_shortest,greedy,6156,109,2001,3.0271518230438232,0.15205328135152696,False,5219.96,33,-1,5219.96
Uniform1-5000_Seed103_J50_M25,"[0.002107, 0.955371]",25,50,0.01,max_proc,lowest_lower_bound,PRUNE,all_to_shortest,greedy,6078,532,2001,2.7813563346862793,0.14117143797301743,False,5219.96,33,-1,5219.96
Uniform1-5000_Seed104_J50_M25,"[0.013562, 0.955555]",25,50,0.02,max_proc,lowest_lower_bound,NO_PROFILING,all_to_shortest,greedy,6551,1784,2001,3.125410795211792,0.21212028697908722,False,5161.4,25,-1,5161.4
Uniform1-5000_Seed104_J50_M25,"[0.013562, 0.955555]",25,50,0.01,max_proc,lowest_lower_bound,PRUNE,all_to_shortest,greedy,5873,38,38,0.06203174591064453,0.12116465179635627,True,5799.0,30,-1,5161.4
Uniform1-5000_Seed105_J50_M25,"[0.013999, 0.931496]",25,50,0.02,max_proc,lowest_lower_bound,NO_PROFILING,all_to_shortest,greedy,6245,1065,2001,3.48867130279541,0.15354363490792636,False,5286.12,25,-1,5286.12
Uniform1-5000_Seed105_J50_M25,"[0.013999, 0.931496]",25,50,0.01,max_proc,lowest_lower_bound,PRUNE,all_to_shortest,greedy,5726,42,42,0.07012605667114258,0.07682151589242056,True,5726.0,39,-1,5286.12
Uniform1-5000_Seed106_J50_M25,"[0.001105, 0.913720]",25,50,0.02,max_proc,lowest_lower_bound,NO_PROFILING,all_to_shortest,greedy,6567,578,2001,3.2348415851593018,0.17288868585350992,False,5431.64,25,-1,5431.64
Uniform1-5000_Seed106_J50_M25,"[0.001105, 0.913720]",25,50,0.01,max_proc,lowest_lower_bound,PRUNE,all_to_shortest,greedy,6020,111,111,0.14809274673461914,0.09773421926910293,True,6020.0,35,-1,5431.64
Uniform1-5000_Seed107_J50_M25,"[0.039643, 0.988793]",25,50,0.02,max_proc,lowest_lower_bound,NO_PROFILING,all_to_shortest,greedy,5196,1922,2001,2.7428700923919678,0.06788298691301006,False,4843.28,39,-1,4843.28
Uniform1-5000_Seed107_J50_M25,"[0.039643, 0.988793]",25,50,0.01,max_proc,lowest_lower_bound,PRUNE,all_to_shortest,greedy,5400,42,2001,3.0518174171447754,0.10309629629629634,False,4843.28,32,-1,4843.28
Uniform1-5000_Seed108_J50_M25,"[0.029489, 1.000000]",25,50,0.02,max_proc,lowest_lower_bound,NO_PROFILING,all_to_shortest,greedy,5366,70,2001,2.8936026096343994,0.07733879985091316,False,4951.0,39,-1,4951.0
Uniform1-5000_Seed108_J50_M25,"[0.029489, 1.000000]",25,50,0.01,max_proc,lowest_lower_bound,PRUNE,all_to_shortest,greedy,5407,599,2001,2.4999940395355225,0.08433512113926392,False,4951.0,38,-1,4951.0
Uniform1-5000_Seed109_J50_M25,"[0.029254, 1.000000]",25,50,0.02,max_proc,lowest_lower_bound,NO_PROFILING,all_to_shortest,greedy,4854,32,32,0.04291582107543945,0.0,True,4854.0,30,32,4854.0
Uniform1-5000_Seed109_J50_M25,"[0.029254, 1.000000]",25,50,0.01,max_proc,lowest_lower_bound,PRUNE,all_to_shortest,greedy,4854,34,34,0.05016589164733887,0.0,True,4854.0,31,34,4854.0
Uniform1-5000_Seed110_J50_M25,"[0.044716, 0.915385]",25,50,0.02,max_proc,lowest_lower_bound,NO_PROFILING,all_to_shortest,greedy,6118,341,2001,3.2274341583251953,0.10808761033017322,False,5456.72,31,-1,5456.72
Uniform1-5000_Seed110_J50_M25,"[0.044716, 0.915385]",25,50,0.01,max_proc,lowest_lower_bound,PRUNE,all_to_shortest,greedy,6296,102,2001,3.0726940631866455,0.1333036848792884,False,5505.0,31,-1,5456.72
Uniform1-5000_Seed111_J50_M25,"[0.025035, 1.000000]",25,50,0.02,max_proc,lowest_lower_bound,NO_PROFILING,all_to_shortest,greedy,5036,40,40,0.052965641021728516,0.0164813343923749,True,4953.0,38,-1,4953.0
Uniform1-5000_Seed111_J50_M25,"[0.025035, 1.000000]",25,50,0.01,max_proc,lowest_lower_bound,PRUNE,all_to_shortest,greedy,5010,88,88,0.11687564849853516,0.011377245508982036,True,4953.0,39,-1,4953.0
Uniform1-5000_Seed112_J50_M25,"[0.010465, 1.000000]",25,50,0.02,max_proc,lowest_lower_bound,NO_PROFILING,all_to_shortest,greedy,5064,36,36,0.04862523078918457,0.018759873617693525,True,4969.0,34,-1,4969.0
Uniform1-5000_Seed112_J50_M25,"[0.010465, 1.000000]",25,50,0.01,max_proc,lowest_lower_bound,PRUNE,all_to_shortest,greedy,4969,41,41,0.06735444068908691,0.0,True,4969.0,39,41,4969.0
Uniform1-5000_Seed113_J50_M25,"[0.002139, 0.860594]",25,50,0.02,max_proc,lowest_lower_bound,NO_PROFILING,all_to_shortest,greedy,6720,1603,2001,3.4527664184570312,0.16499404761904765,False,5611.24,25,-1,5611.24
Uniform1-5000_Seed113_J50_M25,"[0.002139, 0.860594]",25,50,0.01,max_proc,lowest_lower_bound,PRUNE,all_to_shortest,greedy,6467,447,2001,2.9940435886383057,0.13232719962888514,False,6156.0,36,-1,5611.24
Uniform1-5000_Seed114_J50_M25,"[0.009808, 1.000000]",25,50,0.02,max_proc,lowest_lower_bound,NO_PROFILING,all_to_shortest,greedy,5512,1481,2001,2.9249000549316406,0.09361393323657474,False,4996.0,40,-1,4996.0
Uniform1-5000_Seed114_J50_M25,"[0.009808, 1.000000]",25,50,0.01,max_proc,lowest_lower_bound,PRUNE,all_to_shortest,greedy,5560,1501,2001,2.7973294258117676,0.10143884892086331,False,4996.0,40,-1,4996.0
Uniform1-5000_Seed115_J50_M25,"[0.006401, 1.000000]",25,50,0.02,max_proc,lowest_lower_bound,NO_PROFILING,all_to_shortest,greedy,5017,27,27,0.03673195838928223,0.0035878014749850507,True,4999.0,25,-1,4999.0
Uniform1-5000_Seed115_J50_M25,"[0.006401, 1.000000]",25,50,0.01,max_proc,lowest_lower_bound,PRUNE,all_to_shortest,greedy,5052,28,28,0.04150819778442383,0.01049089469517023,True,4999.0,26,-1,4999.0
Uniform1-5000_Seed116_J50_M25,"[0.003724, 0.845435]",25,50,0.02,max_proc,lowest_lower_bound,NO_PROFILING,all_to_shortest,greedy,7459,759,2001,3.6408135890960693,0.20790990749430222,False,5908.2,25,-1,5908.2
Uniform1-5000_Seed116_J50_M25,"[0.003724, 0.845435]",25,50,0.01,max_proc,lowest_lower_bound,PRUNE,all_to_shortest,greedy,6694,34,34,0.055967092514038086,0.117388706304153,True,6694.0,32,-1,5908.2
Uniform1-5000_Seed117_J50_M25,"[0.001803, 1.000000]",25,50,0.02,max_proc,lowest_lower_bound,NO_PROFILING,all_to_shortest,greedy,5769,1003,2001,2.832256317138672,0.1345120471485526,False,4993.0,26,-1,4993.0
Uniform1-5000_Seed117_J50_M25,"[0.001803, 1.000000]",25,50,0.01,max_proc,lowest_lower_bound,PRUNE,all_to_shortest,greedy,5094,41,41,0.06189775466918945,0.01982724774244209,True,5067.0,37,-1,4993.0
Uniform1-5000_Seed118_J50_M25,"[0.010640, 1.000000]",25,50,0.02,max_proc,lowest_lower_bound,NO_PROFILING,all_to_shortest,greedy,4959,31,31,0.04134106636047363,0.014519056261343012,True,4887.0,29,-1,4887.0
Uniform1-5000_Seed118_J50_M25,"[0.010640, 1.000000]",25,50,0.01,max_proc,lowest_lower_bound,PRUNE,all_to_shortest,greedy,4909,37,37,0.05592989921569824,0.004481564473416175,True,4887.0,35,-1,4887.0
Uniform1-5000_Seed119_J50_M25,"[0.000582, 0.948849]",25,50,0.02,max_proc,lowest_lower_bound,NO_PROFILING,all_to_shortest,greedy,6020,356,2001,3.406536817550659,0.14409302325581388,False,5152.56,26,-1,5152.56
Uniform1-5000_Seed119_J50_M25,"[0.000582, 0.948849]",25,50,0.01,max_proc,lowest_lower_bound,PRUNE,all_to_shortest,greedy,5805,465,2001,2.5966031551361084,0.11239276485788106,False,5308.0,36,-1,5152.56
Uniform1-5000_Seed120_J50_M25,"[0.002251, 0.964868]",25,50,0.02,max_proc,lowest_lower_bound,NO_PROFILING,all_to_shortest,greedy,6021,907,2001,3.2850751876831055,0.1885666832752034,False,4885.64,25,-1,4885.64
Uniform1-5000_Seed120_J50_M25,"[0.002251, 0.964868]",25,50,0.01,max_proc,lowest_lower_bound,PRUNE,all_to_shortest,greedy,5334,41,41,0.06024456024169922,0.08405699287589045,True,5334.0,34,-1,4885.64
Uniform1-5000_Seed121_J50_M25,"[0.002800, 1.000000]",25,50,0.02,max_proc,lowest_lower_bound,NO_PROFILING,all_to_shortest,greedy,5186,1034,2001,2.5099942684173584,0.03586579251831855,False,5000.0,32,-1,5000.0
Uniform1-5000_Seed121_J50_M25,"[0.002800, 1.000000]",25,50,0.01,max_proc,lowest_lower_bound,PRUNE,all_to_shortest,greedy,5074,682,682,0.8486616611480713,0.014584154513204573,True,5010.0,36,-1,5000.0
Uniform1-5000_Seed122_J50_M25,"[0.026957, 0.944073]",25,50,0.02,max_proc,lowest_lower_bound,NO_PROFILING,all_to_shortest,greedy,6367,28,2001,3.083751678466797,0.1726715878749803,False,5267.6,25,-1,5267.6
Uniform1-5000_Seed122_J50_M25,"[0.026957, 0.944073]",25,50,0.01,max_proc,lowest_lower_bound,PRUNE,all_to_shortest,greedy,5834,337,337,0.5635561943054199,0.09708604730887892,True,5735.0,33,-1,5267.6
Uniform1-5000_Seed123_J50_M25,"[0.007871, 0.975843]",25,50,0.02,max_proc,lowest_lower_bound,NO_PROFILING,all_to_shortest,greedy,5986,27,2001,2.94417667388916,0.15105913798864012,False,5081.76,26,-1,5081.76
Uniform1-5000_Seed123_J50_M25,"[0.007871, 0.975843]",25,50,0.01,max_proc,lowest_lower_bound,PRUNE,all_to_shortest,greedy,5553,59,2001,2.911731719970703,0.08486223662884923,False,5234.0,36,-1,5081.76
Uniform1-5000_Seed124_J50_M25,"[0.013793, 1.000000]",25,50,0.02,max_proc,lowest_lower_bound,NO_PROFILING,all_to_shortest,greedy,4930,31,31,0.03943920135498047,0.0,True,4930.0,29,31,4930.0
Uniform1-5000_Seed124_J50_M25,"[0.013793, 1.000000]",25,50,0.01,max_proc,lowest_lower_bound,PRUNE,all_to_shortest,greedy,5004,37,37,0.05417299270629883,0.014788169464428458,True,4930.0,35,-1,4930.0
Uniform1-5000_Seed125_J50_M25,"[0.038644, 0.854996]",25,50,0.02,max_proc,lowest_lower_bound,NO_PROFILING,all_to_shortest,greedy,6954,311,2001,3.533799886703491,0.16644808743169393,False,5796.52,25,-1,5796.52
Uniform1-5000_Seed125_J50_M25,"[0.038644, 0.854996]",25,50,0.01,max_proc,lowest_lower_bound,PRUNE,all_to_shortest,greedy,6037,56,56,0.08387899398803711,0.03983435481199264,True,6037.0,41,-1,5796.52
Uniform1-5000_Seed126_J50_M25,"[0.000799, 0.982124]",25,50,0.02,max_proc,lowest_lower_bound,NO_PROFILING,all_to_shortest,greedy,6286,1218,2001,3.2059338092803955,0.20403436207445122,False,5003.44,25,-1,5003.44
Uniform1-5000_Seed126_J50_M25,"[0.000799, 0.982124]",25,50,0.01,max_proc,lowest_lower_bound,PRUNE,all_to_shortest,greedy,5534,385,385,0.5171794891357422,0.09587278641127582,True,5534.0,34,-1,5003.44
Uniform1-5000_Seed127_J50_M25,"[0.012368, 1.000000]",25,50,0.02,max_proc,lowest_lower_bound,NO_PROFILING,all_to_shortest,greedy,5471,488,2001,2.829239845275879,0.09851946627673186,False,4932.0,26,-1,4932.0
Uniform1-5000_Seed127_J50_M25,"[0.012368, 1.000000]",25,50,0.01,max_proc,lowest_lower_bound,PRUNE,all_to_shortest,greedy,5056,44,44,0.06440329551696777,0.0245253164556962,True,5004.0,36,-1,4932.0
Uniform1-5000_Seed128_J50_M25,"[0.036847, 1.000000]",25,50,0.02,max_proc,lowest_lower_bound,NO_PROFILING,all_to_shortest,greedy,4932,30,30,0.051924705505371094,0.009529602595296026,True,4885.0,28,-1,4885.0
Uniform1-5000_Seed128_J50_M25,"[0.036847, 1.000000]",25,50,0.01,max_proc,lowest_lower_bound,PRUNE,all_to_shortest,greedy,4885,39,39,0.0563349723815918,0.0,True,4885.0,32,39,4885.0
Uniform1-5000_Seed129_J50_M25,"[0.023438, 1.000000]",25,50,0.02,max_proc,lowest_lower_bound,NO_PROFILING,all_to_shortest,greedy,4864,32,32,0.0407099723815918,0.0,True,4864.0,30,32,4864.0
Uniform1-5000_Seed129_J50_M25,"[0.023438, 1.000000]",25,50,0.01,max_proc,lowest_lower_bound,PRUNE,all_to_shortest,greedy,4864,32,32,0.05069565773010254,0.0,True,4864.0,30,32,4864.0
Uniform1-5000_Seed130_J50_M25,"[0.053309, 1.000000]",25,50,0.02,max_proc,lowest_lower_bound,NO_PROFILING,all_to_shortest,greedy,4971,39,39,0.05608963966369629,0.0,True,4971.0,37,39,4971.0
Uniform1-5000_Seed130_J50_M25,"[0.053309, 1.000000]",25,50,0.01,max_proc,lowest_lower_bound,PRUNE,all_to_shortest,greedy,5051,75,75,0.11156320571899414,0.015838447832112454,True,4971.0,43,-1,4971.0
Uniform1-5000_Seed101_J100_M50,"[0.009329, 0.925408]",50,100,0.02,max_proc,lowest_lower_bound,NO_PROFILING,all_to_shortest,greedy,6525,1532,2001,16.66838836669922,0.17857471264367814,False,5359.8,50,-1,5359.8
Uniform1-5000_Seed101_J100_M50,"[0.009329, 0.925408]",50,100,0.01,max_proc,lowest_lower_bound,PRUNE,all_to_shortest,greedy,6207,519,2001,19.16589593887329,0.1364910584823586,False,5479.0,64,-1,5359.8
Uniform1-5000_Seed102_J100_M50,"[0.014766, 0.954229]",50,100,0.02,max_proc,lowest_lower_bound,NO_PROFILING,all_to_shortest,greedy,6453,1743,2001,17.957940101623535,0.19189834185650081,False,5214.68,50,-1,5214.68
Uniform1-5000_Seed102_J100_M50,"[0.014766, 0.954229]",50,100,0.01,max_proc,lowest_lower_bound,PRUNE,all_to_shortest,greedy,5654,103,2001,15.371259689331055,0.07770074283692956,False,5428.0,77,-1,5214.68
Uniform1-5000_Seed103_J100_M50,"[0.002206, 1.000000]",50,100,0.02,max_proc,lowest_lower_bound,NO_PROFILING,all_to_shortest,greedy,5372,141,2001,14.884591102600098,0.07166790766939687,False,4987.0,81,-1,4987.0
Uniform1-5000_Seed103_J100_M50,"[0.002206, 1.000000]",50,100,0.01,max_proc,lowest_lower_bound,PRUNE,all_to_shortest,greedy,5660,542,2001,16.676627159118652,0.11890459363957598,False,4987.0,73,-1,4987.0
Uniform1-5000_Seed104_J100_M50,"[0.013969, 0.984191]",50,100,0.02,max_proc,lowest_lower_bound,NO_PROFILING,all_to_shortest,greedy,6363,1469,2001,17.053821086883545,0.2124438158101524,False,5011.22,50,-1,5011.22
Uniform1-5000_Seed104_J100_M50,"[0.013969, 0.984191]",50,100,0.01,max_proc,lowest_lower_bound,PRUNE,all_to_shortest,greedy,5304,242,242,2.0943517684936523,0.05519984917043736,True,5224.0,82,-1,5011.22
Uniform1-5000_Seed105_J100_M50,"[0.000200, 1.000000]",50,100,0.02,max_proc,lowest_lower_bound,NO_PROFILING,all_to_shortest,greedy,5041,69,69,0.5370962619781494,0.00813330688355485,True,5000.0,67,-1,5000.0
Uniform1-5000_Seed105_J100_M50,"[0.000200, 1.000000]",50,100,0.01,max_proc,lowest_lower_bound,PRUNE,all_to_shortest,greedy,5012,89,89,0.7420117855072021,0.0023942537909018356,True,5000.0,87,-1,5000.0
Uniform1-5000_Seed106_J100_M50,"[0.001209, 1.000000]",50,100,0.02,max_proc,lowest_lower_bound,NO_PROFILING,all_to_shortest,greedy,4963,78,78,0.5820324420928955,0.0,True,4963.0,76,78,4963.0
Uniform1-5000_Seed106_J100_M50,"[0.001209, 1.000000]",50,100,0.01,max_proc,lowest_lower_bound,PRUNE,all_to_shortest,greedy,5087,105,2001,14.718458890914917,0.024375860035384313,False,4963.0,81,-1,4963.0
Uniform1-5000_Seed107_J100_M50,"[0.001019, 0.996378]",50,100,0.02,max_proc,lowest_lower_bound,NO_PROFILING,all_to_shortest,greedy,6257,324,2001,16.833788871765137,0.21547386926642165,False,4908.78,50,-1,4908.78
Uniform1-5000_Seed107_J100_M50,"[0.001019, 0.996378]",50,100,0.01,max_proc,lowest_lower_bound,PRUNE,all_to_shortest,greedy,5767,62,2001,18.482927322387695,0.14881567539448592,False,4993.0,66,-1,4908.78
Uniform1-5000_Seed108_J100_M50,"[0.016870, 0.943947]",50,100,0.02,max_proc,lowest_lower_bound,NO_PROFILING,all_to_shortest,greedy,6496,555,2001,18.580564498901367,0.18785098522167484,False,5275.72,57,-1,5275.72
Uniform1-5000_Seed108_J100_M50,"[0.016870, 0.943947]",50,100,0.01,max_proc,lowest_lower_bound,PRUNE,all_to_shortest,greedy,6596,59,2001,22.105926513671875,0.20016373559733167,False,5297.0,57,-1,5275.72
Uniform1-5000_Seed109_J100_M50,"[0.008123, 0.961702]",50,100,0.02,max_proc,lowest_lower_bound,NO_PROFILING,all_to_shortest,greedy,6063,887,2001,15.214133024215698,0.16752432789048322,False,5047.3,50,-1,5047.3
Uniform1-5000_Seed109_J100_M50,"[0.008123, 0.961702]",50,100,0.01,max_proc,lowest_lower_bound,PRUNE,all_to_shortest,greedy,5523,395,395,3.08782696723938,0.08613072605468039,True,5460.0,73,-1,5047.3
Uniform1-5000_Seed110_J100_M50,"[0.021646, 0.916272]",50,100,0.02,max_proc,lowest_lower_bound,NO_PROFILING,all_to_shortest,greedy,6940,1249,2001,18.14447283744812,0.21448991354466865,False,5451.44,50,-1,5451.44
Uniform1-5000_Seed110_J100_M50,"[0.021646, 0.916272]",50,100,0.01,max_proc,lowest_lower_bound,PRUNE,all_to_shortest,greedy,6308,172,2001,20.073606252670288,0.1357894736842106,False,5594.0,67,-1,5451.44
Uniform1-5000_Seed111_J100_M50,"[0.015344, 1.000000]",50,100,0.02,max_proc,lowest_lower_bound,NO_PROFILING,all_to_shortest,greedy,4953,72,72,0.5372920036315918,0.0,True,4953.0,70,72,4953.0
Uniform1-5000_Seed111_J100_M50,"[0.015344, 1.000000]",50,100,0.01,max_proc,lowest_lower_bound,PRUNE,all_to_shortest,greedy,5006,98,98,0.8025507926940918,0.010587295245705154,True,4953.0,75,-1,4953.0
Uniform1-5000_Seed112_J100_M50,"[0.009801, 0.938592]",50,100,0.02,max_proc,lowest_lower_bound,NO_PROFILING,all_to_shortest,greedy,6775,305,2001,18.38803243637085,0.21685313653136537,False,5305.82,50,-1,5305.82
Uniform1-5000_Seed112_J100_M50,"[0.009801, 0.938592]",50,100,0.01,max_proc,lowest_lower_bound,PRUNE,all_to_shortest,greedy,5799,81,81,0.7176816463470459,0.08504569753405765,True,5799.0,78,-1,5305.82
Uniform1-5000_Seed113_J100_M50,"[0.002152, 0.966750]",50,100,0.02,max_proc,lowest_lower_bound,NO_PROFILING,all_to_shortest,greedy,6732,86,2001,18.444260358810425,0.2407991681521094,False,5110.94,50,-1,5110.94
Uniform1-5000_Seed113_J100_M50,"[0.002152, 0.966750]",50,100,0.01,max_proc,lowest_lower_bound,PRUNE,all_to_shortest,greedy,6305,588,2001,18.039842128753662,0.1893830293417923,False,5590.0,62,-1,5110.94
Uniform1-5000_Seed114_J100_M50,"[0.007206, 1.000000]",50,100,0.02,max_proc,lowest_lower_bound,NO_PROFILING,all_to_shortest,greedy,5063,63,63,0.4739351272583008,0.01323326091250247,True,4996.0,61,-1,4996.0
Uniform1-5000_Seed114_J100_M50,"[0.007206, 1.000000]",50,100,0.01,max_proc,lowest_lower_bound,PRUNE,all_to_shortest,greedy,5086,81,81,0.6441433429718018,0.017695635076681086,True,4996.0,79,-1,4996.0
Uniform1-5000_Seed115_J100_M50,"[0.001200, 1.000000]",50,100,0.02,max_proc,lowest_lower_bound,NO_PROFILING,all_to_shortest,greedy,5820,844,2001,15.058963298797607,0.14106529209621993,False,4999.0,57,-1,4999.0
Uniform1-5000_Seed115_J100_M50,"[0.001200, 1.000000]",50,100,0.01,max_proc,lowest_lower_bound,PRUNE,all_to_shortest,greedy,5958,919,2001,15.046208381652832,0.16096005370929842,False,4999.0,57,-1,4999.0
Uniform1-5000_Seed116_J100_M50,"[0.004108, 0.932756]",50,100,0.02,max_proc,lowest_lower_bound,NO_PROFILING,all_to_shortest,greedy,6849,486,2001,18.860045433044434,0.21811943349394067,False,5355.1,50,-1,5355.1
Uniform1-5000_Seed116_J100_M50,"[0.004108, 0.932756]",50,100,0.01,max_proc,lowest_lower_bound,PRUNE,all_to_shortest,greedy,6231,67,2001,18.07493257522583,0.1405713368640667,False,5563.0,65,-1,5355.1
Uniform1-5000_Seed117_J100_M50,"[0.001803, 1.000000]",50,100,0.02,max_proc,lowest_lower_bound,NO_PROFILING,all_to_shortest,greedy,5082,66,66,0.491849422454834,0.017512790240062966,True,4993.0,64,-1,4993.0
Uniform1-5000_Seed117_J100_M50,"[0.001803, 1.000000]",50,100,0.01,max_proc,lowest_lower_bound,PRUNE,all_to_shortest,greedy,5068,97,97,0.7848668098449707,0.014798737174427782,True,4993.0,85,-1,4993.0
Uniform1-5000_Seed118_J100_M50,"[0.003885, 1.000000]",50,100,0.02,max_proc,lowest_lower_bound,NO_PROFILING,all_to_shortest,greedy,4891,68,68,0.49373722076416016,0.0,True,4891.0,66,68,4891.0
Uniform1-5000_Seed118_J100_M50,"[0.003885, 1.000000]",50,100,0.01,max_proc,lowest_lower_bound,PRUNE,all_to_shortest,greedy,4912,81,81,0.6423006057739258,0.004275244299674267,True,4891.0,77,-1,4891.0
Uniform1-5000_Seed119_J100_M50,"[0.000608, 0.996606]",50,100,0.02,max_proc,lowest_lower_bound,NO_PROFILING,all_to_shortest,greedy,6249,1369,2001,17.080044269561768,0.21063530164826375,False,4932.74,50,-1,4932.74
Uniform1-5000_Seed119_J100_M50,"[0.000608, 0.996606]",50,100,0.01,max_proc,lowest_lower_bound,PRUNE,all_to_shortest,greedy,5253,83,83,0.6874701976776123,0.06096706643822582,True,5192.0,79,-1,4932.74
Uniform1-5000_Seed120_J100_M50,"[0.002137, 0.954657]",50,100,0.02,max_proc,lowest_lower_bound,NO_PROFILING,all_to_shortest,greedy,6434,1979,2001,17.96337580680847,0.19996891513832768,False,5147.4,50,-1,5147.4
Uniform1-5000_Seed120_J100_M50,"[0.002137, 0.954657]",50,100,0.01,max_proc,lowest_lower_bound,PRUNE,all_to_shortest,greedy,5597,83,83,0.6947264671325684,0.08032874754332685,True,5509.0,75,-1,5147.4
Uniform1-5000_Seed121_J100_M50,"[0.002800, 1.000000]",50,100,0.02,max_proc,lowest_lower_bound,NO_PROFILING,all_to_shortest,greedy,5842,271,2001,15.66836428642273,0.14412872304005478,False,5000.0,63,-1,5000.0
Uniform1-5000_Seed121_J100_M50,"[0.002800, 1.000000]",50,100,0.01,max_proc,lowest_lower_bound,PRUNE,all_to_shortest,greedy,5967,1927,2001,18.6705904006958,0.16205798558739734,False,5000.0,63,-1,5000.0
Uniform1-5000_Seed122_J100_M50,"[0.010456, 1.000000]",50,100,0.02,max_proc,lowest_lower_bound,NO_PROFILING,all_to_shortest,greedy,5997,495,2001,16.352752208709717,0.17075204268801067,False,4973.0,55,-1,4973.0
Uniform1-5000_Seed122_J100_M50,"[0.010456, 1.000000]",50,100,0.01,max_proc,lowest_lower_bound,PRUNE,all_to_shortest,greedy,5079,152,152,1.244903326034546,0.02087025004922229,True,5030.0,89,-1,4973.0
Uniform1-5000_Seed123_J100_M50,"[0.008066, 1.000000]",50,100,0.02,max_proc,lowest_lower_bound,NO_PROFILING,all_to_shortest,greedy,5430,1540,2001,14.949287414550781,0.0867403314917127,False,4959.0,72,-1,4959.0
Uniform1-5000_Seed123_J100_M50,"[0.008066, 1.000000]",50,100,0.01,max_proc,lowest_lower_bound,PRUNE,all_to_shortest,greedy,5474,1009,2001,15.809179782867432,0.09408111070515163,False,4959.0,72,-1,4959.0
Uniform1-5000_Seed124_J100_M50,"[0.008316, 1.000000]",50,100,0.02,max_proc,lowest_lower_bound,NO_PROFILING,all_to_shortest,greedy,4930,83,83,0.6233971118927002,0.0,True,4930.0,81,83,4930.0
Uniform1-5000_Seed124_J100_M50,"[0.008316, 1.000000]",50,100,0.01,max_proc,lowest_lower_bound,PRUNE,all_to_shortest,greedy,5296,1074,2001,15.68011212348938,0.06910876132930513,False,4930.0,74,-1,4930.0
Uniform1-5000_Seed125_J100_M50,"[0.003091, 0.907758]",50,100,0.02,max_proc,lowest_lower_bound,NO_PROFILING,all_to_shortest,greedy,6777,1662,2001,19.812872409820557,0.1885406522059908,False,5499.26,50,-1,5499.26
Uniform1-5000_Seed125_J100_M50,"[0.003091, 0.907758]",50,100,0.01,max_proc,lowest_lower_bound,PRUNE,all_to_shortest,greedy,5779,91,91,0.7996480464935303,0.04840629866758951,True,5745.0,89,-1,5499.26
Uniform1-5000_Seed126_J100_M50,"[0.000814, 1.000000]",50,100,0.02,max_proc,lowest_lower_bound,NO_PROFILING,all_to_shortest,greedy,5977,51,2001,15.671697616577148,0.1778484189392672,False,4914.0,50,-1,4914.0
Uniform1-5000_Seed126_J100_M50,"[0.000814, 1.000000]",50,100,0.01,max_proc,lowest_lower_bound,PRUNE,all_to_shortest,greedy,6002,49,2001,19.859066009521484,0.18127290903032323,False,5212.0,58,-1,4914.0
Uniform1-5000_Seed127_J100_M50,"[0.007230, 0.976239]",50,100,0.02,max_proc,lowest_lower_bound,NO_PROFILING,all_to_shortest,greedy,6508,411,2001,17.393611192703247,0.2136447449293177,False,5117.6,50,-1,5117.6
Uniform1-5000_Seed127_J100_M50,"[0.007230, 0.976239]",50,100,0.01,max_proc,lowest_lower_bound,PRUNE,all_to_shortest,greedy,5663,471,471,3.9314732551574707,0.09630937665548289,True,5663.0,69,-1,5117.6
Uniform1-5000_Seed128_J100_M50,"[0.006866, 1.000000]",50,100,0.02,max_proc,lowest_lower_bound,NO_PROFILING,all_to_shortest,greedy,4952,65,65,0.4783468246459961,0.0,True,4952.0,63,65,4952.0
Uniform1-5000_Seed128_J100_M50,"[0.006866, 1.000000]",50,100,0.01,max_proc,lowest_lower_bound,PRUNE,all_to_shortest,greedy,5048,78,78,0.6609563827514648,0.01901743264659271,True,4952.0,74,-1,4952.0
Uniform1-5000_Seed129_J100_M50,"[0.022873, 1.000000]",50,100,0.02,max_proc,lowest_lower_bound,NO_PROFILING,all_to_shortest,greedy,6232,1322,2001,15.851957321166992,0.20025673940949937,False,4984.0,50,-1,4984.0
Uniform1-5000_Seed129_J100_M50,"[0.022873, 1.000000]",50,100,0.01,max_proc,lowest_lower_bound,PRUNE,all_to_shortest,greedy,5285,84,84,0.6902322769165039,0.05695364238410596,True,5247.0,74,-1,4984.0
Uniform1-5000_Seed130_J100_M50,"[0.034014, 0.953358]",50,100,0.02,max_proc,lowest_lower_bound,NO_PROFILING,all_to_shortest,greedy,6501,451,2001,17.64465093612671,0.1950346100599908,False,5233.08,50,-1,5233.08
Uniform1-5000_Seed130_J100_M50,"[0.034014, 0.953358]",50,100,0.01,max_proc,lowest_lower_bound,PRUNE,all_to_shortest,greedy,5534,95,95,0.8060569763183594,0.05437658113480305,True,5493.0,92,-1,5233.08
Uniform1-5000_Seed101_J150_M75,"[0.007778, 0.940891]",75,150,0.02,max_proc,lowest_lower_bound,NO_PROFILING,all_to_shortest,greedy,6479,1282,2001,51.15016746520996,0.18635591912332145,False,5271.6,90,-1,5271.6
Uniform1-5000_Seed101_J150_M75,"[0.007778, 0.940891]",75,150,0.01,max_proc,lowest_lower_bound,PRUNE,all_to_shortest,greedy,6442,636,2001,52.22782111167908,0.18168270723377827,False,5271.6,90,-1,5271.6
Uniform1-5000_Seed102_J150_M75,"[0.015013, 0.970213]",75,150,0.02,max_proc,lowest_lower_bound,NO_PROFILING,all_to_shortest,greedy,6545,533,2001,51.05903720855713,0.21638298955946011,False,5128.7733333333335,75,-1,5128.7733333333335
Uniform1-5000_Seed102_J150_M75,"[0.015013, 0.970213]",75,150,0.01,max_proc,lowest_lower_bound,PRUNE,all_to_shortest,greedy,5323,163,163,3.8312578201293945,0.03648819587951652,True,5323.0,133,-1,5128.7733333333335
Uniform1-5000_Seed103_J150_M75,"[0.002206, 1.000000]",75,150,0.02,max_proc,lowest_lower_bound,NO_PROFILING,all_to_shortest,greedy,5070,98,98,1.9647173881530762,0.016370808678500985,True,4987.0,96,-1,4987.0
Uniform1-5000_Seed103_J150_M75,"[0.002206, 1.000000]",75,150,0.01,max_proc,lowest_lower_bound,PRUNE,all_to_shortest,greedy,5045,123,123,2.824340581893921,0.011496531219028742,True,4987.0,121,-1,4987.0
Uniform1-5000_Seed104_J150_M75,"[0.009577, 0.963906]",75,150,0.02,max_proc,lowest_lower_bound,NO_PROFILING,all_to_shortest,greedy,6668,474,2001,49.10499167442322,0.23265146970605874,False,5116.68,75,-1,5116.68
Uniform1-5000_Seed104_J150_M75,"[0.009577, 0.963906]",75,150,0.01,max_proc,lowest_lower_bound,PRUNE,all_to_shortest,greedy,5546,126,126,2.993163585662842,0.07741074648395234,True,5441.0,120,-1,5116.68
Uniform1-5000_Seed105_J150_M75,"[0.000200, 1.000000]",75,150,0.02,max_proc,lowest_lower_bound,NO_PROFILING,all_to_shortest,greedy,5000,108,108,2.2377541065216064,0.0,True,5000.0,106,108,5000.0
Uniform1-5000_Seed105_J150_M75,"[0.000200, 1.000000]",75,150,0.01,max_proc,lowest_lower_bound,PRUNE,all_to_shortest,greedy,5086,133,133,3.1758811473846436,0.016909162406606372,True,5000.0,131,-1,5000.0
Uniform1-5000_Seed106_J150_M75,"[0.001187, 0.982000]",75,150,0.02,max_proc,lowest_lower_bound,NO_PROFILING,all_to_shortest,greedy,6013,82,2001,47.453237771987915,0.15949221131991795,False,5053.973333333333,97,-1,5053.973333333333
Uniform1-5000_Seed106_J150_M75,"[0.001187, 0.982000]",75,150,0.01,max_proc,lowest_lower_bound,PRUNE,all_to_shortest,greedy,6008,126,2001,56.87510561943054,0.15879272081668885,False,5053.973333333333,97,-1,5053.973333333333
Uniform1-5000_Seed107_J150_M75,"[0.000979, 0.957983]",75,150,0.02,max_proc,lowest_lower_bound,NO_PROFILING,all_to_shortest,greedy,6526,795,2001,46.320778369903564,0.21766472571253442,False,5105.52,75,-1,5105.52
Uniform1-5000_Seed107_J150_M75,"[0.000979, 0.957983]",75,150,0.01,max_proc,lowest_lower_bound,PRUNE,all_to_shortest,greedy,5365,159,159,3.7329583168029785,0.04836533084808939,True,5288.0,124,-1,5105.52
Uniform1-5000_Seed108_J150_M75,"[0.017069, 0.955070]",75,150,0.02,max_proc,lowest_lower_bound,NO_PROFILING,all_to_shortest,greedy,6270,1903,2001,48.868539571762085,0.16837639553429032,False,5214.28,90,-1,5214.28
Uniform1-5000_Seed108_J150_M75,"[0.017069, 0.955070]",75,150,0.01,max_proc,lowest_lower_bound,PRUNE,all_to_shortest,greedy,6403,106,2001,57.133780002593994,0.18565047633921603,False,5214.28,90,-1,5214.28
Uniform1-5000_Seed109_J150_M75,"[0.007884, 0.943214]",75,150,0.02,max_proc,lowest_lower_bound,NO_PROFILING,all_to_shortest,greedy,6585,902,2001,44.14115571975708,0.21027992913186538,False,5200.306666666666,75,-1,5200.306666666666
Uniform1-5000_Seed109_J150_M75,"[0.007884, 0.943214]",75,150,0.01,max_proc,lowest_lower_bound,PRUNE,all_to_shortest,greedy,5905,109,109,2.6254186630249023,0.11933841377363821,True,5805.0,104,-1,5200.306666666666
Uniform1-5000_Seed110_J150_M75,"[0.022803, 0.965250]",75,150,0.02,max_proc,lowest_lower_bound,NO_PROFILING,all_to_shortest,greedy,6203,1477,2001,48.85088515281677,0.16575420495459184,False,5174.826666666667,96,-1,5174.826666666667
Uniform1-5000_Seed110_J150_M75,"[0.022803, 0.965250]",75,150,0.01,max_proc,lowest_lower_bound,PRUNE,all_to_shortest,greedy,6168,92,2001,57.4353187084198,0.16102031993082574,False,5174.826666666667,96,-1,5174.826666666667
Uniform1-5000_Seed111_J150_M75,"[0.015344, 1.000000]",75,150,0.02,max_proc,lowest_lower_bound,NO_PROFILING,all_to_shortest,greedy,4953,111,111,2.4137115478515625,0.0,True,4953.0,109,111,4953.0
Uniform1-5000_Seed111_J150_M75,"[0.015344, 1.000000]",75,150,0.01,max_proc,lowest_lower_bound,PRUNE,all_to_shortest,greedy,5041,234,234,5.575628995895386,0.017456853798849436,True,4953.0,124,-1,4953.0
Uniform1-5000_Seed112_J150_M75,"[0.010263, 0.983856]",75,150,0.02,max_proc,lowest_lower_bound,NO_PROFILING,all_to_shortest,greedy,6475,1868,2001,48.3248770236969,0.21748262548262545,False,5066.8,75,-1,5066.8
Uniform1-5000_Seed112_J150_M75,"[0.010263, 0.983856]",75,150,0.01,max_proc,lowest_lower_bound,PRUNE,all_to_shortest,greedy,5279,190,190,4.862036943435669,0.04019700700890317,True,5244.0,128,-1,5066.8
Uniform1-5000_Seed113_J150_M75,"[0.002181, 0.991431]",75,150,0.02,max_proc,lowest_lower_bound,NO_PROFILING,all_to_shortest,greedy,6574,143,2001,46.70426630973816,0.23285468005273302,False,5043.213333333333,75,-1,5043.213333333333
Uniform1-5000_Seed113_J150_M75,"[0.002181, 0.991431]",75,150,0.01,max_proc,lowest_lower_bound,PRUNE,all_to_shortest,greedy,6111,192,2001,50.735990047454834,0.17473190421644033,False,5438.0,96,-1,5043.213333333333
Uniform1-5000_Seed114_J150_M75,"[0.007204, 1.000000]",75,150,0.02,max_proc,lowest_lower_bound,NO_PROFILING,all_to_shortest,greedy,5012,92,92,1.9266715049743652,0.0029928172386272946,True,4997.0,90,-1,4997.0
Uniform1-5000_Seed114_J150_M75,"[0.007204, 1.000000]",75,150,0.01,max_proc,lowest_lower_bound,PRUNE,all_to_shortest,greedy,5013,119,119,2.7448151111602783,0.003191701575902653,True,4997.0,117,-1,4997.0
Uniform1-5000_Seed115_J150_M75,"[0.001193, 0.994298]",75,150,0.02,max_proc,lowest_lower_bound,NO_PROFILING,all_to_shortest,greedy,6443,216,2001,45.58875322341919,0.21966992601790053,False,5027.666666666667,75,-1,5027.666666666667
Uniform1-5000_Seed115_J150_M75,"[0.001193, 0.994298]",75,150,0.01,max_proc,lowest_lower_bound,PRUNE,all_to_shortest,greedy,6092,155,2001,53.25160098075867,0.17471000218866267,False,5110.0,90,-1,5027.666666666667
Uniform1-5000_Seed116_J150_M75,"[0.004017, 0.912895]",75,150,0.02,max_proc,lowest_lower_bound,NO_PROFILING,all_to_shortest,greedy,6805,1009,2001,47.32653522491455,0.19513886847905954,False,5477.08,75,-1,5477.08
Uniform1-5000_Seed116_J150_M75,"[0.004017, 0.912895]",75,150,0.01,max_proc,lowest_lower_bound,PRUNE,all_to_shortest,greedy,6708,850,2001,60.595444679260254,0.18350029815146096,False,5601.0,90,-1,5477.08
Uniform1-5000_Seed117_J150_M75,"[0.001803, 1.000000]",75,150,0.02,max_proc,lowest_lower_bound,NO_PROFILING,all_to_shortest,greedy,6334,736,2001,46.36558532714844,0.21171455636248815,False,4993.0,75,-1,4993.0
Uniform1-5000_Seed117_J150_M75,"[0.001803, 1.000000]",75,150,0.01,max_proc,lowest_lower_bound,PRUNE,all_to_shortest,greedy,5297,117,117,2.897371530532837,0.05739097602416462,True,5194.0,115,-1,4993.0
Uniform1-5000_Seed118_J150_M75,"[0.003821, 1.000000]",75,150,0.02,max_proc,lowest_lower_bound,NO_PROFILING,all_to_shortest,greedy,4979,120,120,2.624385356903076,0.0014059048001606748,True,4972.0,118,-1,4972.0
Uniform1-5000_Seed118_J150_M75,"[0.003821, 1.000000]",75,150,0.01,max_proc,lowest_lower_bound,PRUNE,all_to_shortest,greedy,5023,241,241,5.372915029525757,0.010153294843718894,True,4972.0,131,-1,4972.0
Uniform1-5000_Seed119_J150_M75,"[0.000575, 0.950933]",75,150,0.02,max_proc,lowest_lower_bound,NO_PROFILING,all_to_shortest,greedy,6806,240,2001,49.64583730697632,0.23378195709667937,False,5214.88,75,-1,5214.88
Uniform1-5000_Seed119_J150_M75,"[0.000575, 0.950933]",75,150,0.01,max_proc,lowest_lower_bound,PRUNE,all_to_shortest,greedy,5535,1643,1643,41.69179129600525,0.057835591689250204,True,5433.0,123,-1,5214.88
Uniform1-5000_Seed120_J150_M75,"[0.002175, 0.986863]",75,150,0.02,max_proc,lowest_lower_bound,NO_PROFILING,all_to_shortest,greedy,6617,409,2001,47.63833737373352,0.23553674877839914,False,5058.453333333333,75,-1,5058.453333333333
Uniform1-5000_Seed120_J150_M75,"[0.002175, 0.986863]",75,150,0.01,max_proc,lowest_lower_bound,PRUNE,all_to_shortest,greedy,5605,107,107,2.546220302581787,0.09751055605114488,True,5509.0,105,-1,5058.453333333333
Uniform1-5000_Seed121_J150_M75,"[0.002800, 1.000000]",75,150,0.02,max_proc,lowest_lower_bound,NO_PROFILING,all_to_shortest,greedy,5000,1198,1198,25.00229835510254,0.0,True,5000.0,125,1198,5000.0
Uniform1-5000_Seed121_J150_M75,"[0.002800, 1.000000]",75,150,0.01,max_proc,lowest_lower_bound,PRUNE,all_to_shortest,greedy,5627,104,2001,51.03902626037598,0.11142704816065399,False,5000.0,102,-1,5000.0
Uniform1-5000_Seed122_J150_M75,"[0.010456, 1.000000]",75,150,0.02,max_proc,lowest_lower_bound,NO_PROFILING,all_to_shortest,greedy,5019,108,108,2.245844841003418,0.009165172345088663,True,4973.0,106,-1,4973.0
Uniform1-5000_Seed122_J150_M75,"[0.010456, 1.000000]",75,150,0.01,max_proc,lowest_lower_bound,PRUNE,all_to_shortest,greedy,5069,137,137,3.143669366836548,0.018938646675872955,True,4973.0,122,-1,4973.0
Uniform1-5000_Seed123_J150_M75,"[0.003592, 0.989628]",75,150,0.02,max_proc,lowest_lower_bound,NO_PROFILING,all_to_shortest,greedy,6398,431,2001,44.0988495349884,0.21679066374908826,False,5010.973333333333,75,-1,5010.973333333333
Uniform1-5000_Seed123_J150_M75,"[0.003592, 0.989628]",75,150,0.01,max_proc,lowest_lower_bound,PRUNE,all_to_shortest,greedy,5866,101,2001,47.00907874107361,0.14575974542561654,False,5086.0,87,-1,5010.973333333333
Uniform1-5000_Seed124_J150_M75,"[0.008316, 1.000000]",75,150,0.02,max_proc,lowest_lower_bound,NO_PROFILING,all_to_shortest,greedy,4947,110,110,2.252415180206299,0.003436426116838488,True,4930.0,108,-1,4930.0
Uniform1-5000_Seed124_J150_M75,"[0.008316, 1.000000]",75,150,0.01,max_proc,lowest_lower_bound,PRUNE,all_to_shortest,greedy,5122,272,2001,47.64829897880554,0.037485357282311595,False,4930.0,122,-1,4930.0
Uniform1-5000_Seed125_J150_M75,"[0.003112, 0.913884]",75,150,0.02,max_proc,lowest_lower_bound,NO_PROFILING,all_to_shortest,greedy,6945,1583,2001,52.36066389083862,0.2134773218142549,False,5462.4,75,-1,5462.4
Uniform1-5000_Seed125_J150_M75,"[0.003112, 0.913884]",75,150,0.01,max_proc,lowest_lower_bound,PRUNE,all_to_shortest,greedy,5745,124,124,3.0960655212402344,0.049190600522193276,True,5745.0,122,-1,5462.4
Uniform1-5000_Seed126_J150_M75,"[0.000805, 1.000000]",75,150,0.02,max_proc,lowest_lower_bound,NO_PROFILING,all_to_shortest,greedy,6119,527,2001,42.8955512046814,0.18826605654518713,False,4967.0,75,-1,4967.0
Uniform1-5000_Seed126_J150_M75,"[0.000805, 1.000000]",75,150,0.01,max_proc,lowest_lower_bound,PRUNE,all_to_shortest,greedy,6167,67,2001,47.63488745689392,0.19458407653640344,False,5063.0,82,-1,4967.0
Uniform1-5000_Seed127_J150_M75,"[0.007273, 0.982006]",75,150,0.02,max_proc,lowest_lower_bound,NO_PROFILING,all_to_shortest,greedy,6630,1209,2001,49.64839696884155,0.232647561588738,False,5087.546666666667,75,-1,5087.546666666667
Uniform1-5000_Seed127_J150_M75,"[0.007273, 0.982006]",75,150,0.01,max_proc,lowest_lower_bound,PRUNE,all_to_shortest,greedy,6528,1213,2001,60.048728466033936,0.22065767973856204,False,5414.0,85,-1,5087.546666666667
Uniform1-5000_Seed128_J150_M75,"[0.006866, 1.000000]",75,150,0.02,max_proc,lowest_lower_bound,NO_PROFILING,all_to_shortest,greedy,6090,1728,2001,45.28430485725403,0.18686371100164204,False,4952.0,75,-1,4952.0
Uniform1-5000_Seed128_J150_M75,"[0.006866, 1.000000]",75,150,0.01,max_proc,lowest_lower_bound,PRUNE,all_to_shortest,greedy,5094,139,139,3.3601279258728027,0.027875932469572047,True,5009.0,134,-1,4952.0
Uniform1-5000_Seed129_J150_M75,"[0.004063, 0.964332]",75,150,0.02,max_proc,lowest_lower_bound,NO_PROFILING,all_to_shortest,greedy,6760,1982,2001,46.6737174987793,0.23545167652859966,False,5168.346666666666,75,-1,5168.346666666666
Uniform1-5000_Seed129_J150_M75,"[0.004063, 0.964332]",75,150,0.01,max_proc,lowest_lower_bound,PRUNE,all_to_shortest,greedy,6409,848,2001,54.46375918388367,0.19357986165288402,False,5430.0,88,-1,5168.346666666666
Uniform1-5000_Seed130_J150_M75,"[0.031082, 0.957214]",75,150,0.02,max_proc,lowest_lower_bound,NO_PROFILING,all_to_shortest,greedy,6713,1255,2001,49.16135621070862,0.22359600774616417,False,5212.0,75,-1,5212.0
Uniform1-5000_Seed130_J150_M75,"[0.031082, 0.957214]",75,150,0.01,max_proc,lowest_lower_bound,PRUNE,all_to_shortest,greedy,5530,139,139,3.426478147506714,0.057504520795660034,True,5445.0,137,-1,5212.0
Uniform1-5000_Seed101_J200_M100,"[0.004434, 0.956095]",100,200,0.02,max_proc,lowest_lower_bound,NO_PROFILING,all_to_shortest,greedy,6395,258,2001,106.14709639549255,0.1887771696637998,False,5187.77,112,-1,5187.77
Uniform1-5000_Seed101_J200_M100,"[0.004434, 0.956095]",100,200,0.01,max_proc,lowest_lower_bound,PRUNE,all_to_shortest,greedy,6361,114,2001,129.96351647377014,0.18444112560918088,False,5187.77,112,-1,5187.77
Uniform1-5000_Seed102_J200_M100,"[0.015462, 0.999229]",100,200,0.02,max_proc,lowest_lower_bound,NO_PROFILING,all_to_shortest,greedy,6097,1693,2001,104.66971015930176,0.183231097260948,False,4979.84,108,-1,4979.84
Uniform1-5000_Seed102_J200_M100,"[0.015462, 0.999229]",100,200,0.01,max_proc,lowest_lower_bound,PRUNE,all_to_shortest,greedy,6114,119,2001,103.56202912330627,0.18550212626758258,False,5002.0,108,-1,4979.84
Uniform1-5000_Seed103_J200_M100,"[0.002206, 1.000000]",100,200,0.02,max_proc,lowest_lower_bound,NO_PROFILING,all_to_shortest,greedy,4989,138,138,6.278234481811523,0.0004008819402685909,True,4987.0,136,-1,4987.0
Uniform1-5000_Seed103_J200_M100,"[0.002206, 1.000000]",100,200,0.01,max_proc,lowest_lower_bound,PRUNE,all_to_shortest,greedy,5081,167,167,8.420566082000732,0.018500295217476873,True,4987.0,165,-1,4987.0
Uniform1-5000_Seed104_J200_M100,"[0.001621, 0.999121]",100,200,0.02,max_proc,lowest_lower_bound,NO_PROFILING,all_to_shortest,greedy,6439,1859,2001,103.56078886985779,0.23336853548687683,False,4936.34,100,-1,4936.34
Uniform1-5000_Seed104_J200_M100,"[0.001621, 0.999121]",100,200,0.01,max_proc,lowest_lower_bound,PRUNE,all_to_shortest,greedy,5179,386,386,18.905071258544922,0.04685460513612664,True,5119.0,166,-1,4936.34
Uniform1-5000_Seed105_J200_M100,"[0.000200, 1.000000]",100,200,0.02,max_proc,lowest_lower_bound,NO_PROFILING,all_to_shortest,greedy,5087,130,130,6.078577280044556,0.017102417928051897,True,5000.0,128,-1,5000.0
Uniform1-5000_Seed105_J200_M100,"[0.000200, 1.000000]",100,200,0.01,max_proc,lowest_lower_bound,PRUNE,all_to_shortest,greedy,5098,171,171,8.886702299118042,0.01922322479403688,True,5000.0,169,-1,5000.0
Uniform1-5000_Seed106_J200_M100,"[0.001200, 1.000000]",100,200,0.02,max_proc,lowest_lower_bound,NO_PROFILING,all_to_shortest,greedy,5614,1674,2001,97.92755842208862,0.10954755967224795,False,4999.0,144,-1,4999.0
Uniform1-5000_Seed106_J200_M100,"[0.001200, 1.000000]",100,200,0.01,max_proc,lowest_lower_bound,PRUNE,all_to_shortest,greedy,5893,620,2001,90.59585952758789,0.15170541320210418,False,4999.0,130,-1,4999.0
Uniform1-5000_Seed107_J200_M100,"[0.000971, 0.950246]",100,200,0.02,max_proc,lowest_lower_bound,NO_PROFILING,all_to_shortest,greedy,6576,1459,2001,100.35893058776855,0.21729166666666663,False,5147.09,100,-1,5147.09
Uniform1-5000_Seed107_J200_M100,"[0.000971, 0.950246]",100,200,0.01,max_proc,lowest_lower_bound,PRUNE,all_to_shortest,greedy,6296,142,2001,117.89616775512695,0.18248252858958067,False,5307.0,116,-1,5147.09
Uniform1-5000_Seed108_J200_M100,"[0.017483, 0.980602]",100,200,0.02,max_proc,lowest_lower_bound,NO_PROFILING,all_to_shortest,greedy,6371,1460,2001,100.8688793182373,0.2009496154449851,False,5090.75,103,-1,5090.75
Uniform1-5000_Seed108_J200_M100,"[0.017483, 0.980602]",100,200,0.01,max_proc,lowest_lower_bound,PRUNE,all_to_shortest,greedy,6412,127,2001,102.41844987869263,0.2060589519650655,False,5137.0,114,-1,5090.75
Uniform1-5000_Seed109_J200_M100,"[0.000976, 0.965057]",100,200,0.02,max_proc,lowest_lower_bound,NO_PROFILING,all_to_shortest,greedy,6510,662,2001,94.46973991394043,0.21289554531490013,False,5124.05,100,-1,5124.05
Uniform1-5000_Seed109_J200_M100,"[0.000976, 0.965057]",100,200,0.01,max_proc,lowest_lower_bound,PRUNE,all_to_shortest,greedy,5717,156,156,7.928089618682861,0.10371698443239458,True,5636.0,142,-1,5124.05
Uniform1-5000_Seed110_J200_M100,"[0.012995, 0.954530]",100,200,0.02,max_proc,lowest_lower_bound,NO_PROFILING,all_to_shortest,greedy,6358,595,2001,104.8287250995636,0.17695187165775408,False,5232.94,117,-1,5232.94
Uniform1-5000_Seed110_J200_M100,"[0.012995, 0.954530]",100,200,0.01,max_proc,lowest_lower_bound,PRUNE,all_to_shortest,greedy,6416,882,2001,129.09914183616638,0.18439214463840406,False,5232.94,117,-1,5232.94
Uniform1-5000_Seed111_J200_M100,"[0.015344, 1.000000]",100,200,0.02,max_proc,lowest_lower_bound,NO_PROFILING,all_to_shortest,greedy,4957,146,146,7.103408098220825,0.0008069396812588259,True,4953.0,144,-1,4953.0
Uniform1-5000_Seed111_J200_M100,"[0.015344, 1.000000]",100,200,0.01,max_proc,lowest_lower_bound,PRUNE,all_to_shortest,greedy,5018,178,178,9.491211175918579,0.012953367875647668,True,4953.0,176,-1,4953.0
Uniform1-5000_Seed112_J200_M100,"[0.000201, 1.000000]",100,200,0.02,max_proc,lowest_lower_bound,NO_PROFILING,all_to_shortest,greedy,6240,1825,2001,97.89759802818298,0.20112179487179488,False,4985.0,108,-1,4985.0
Uniform1-5000_Seed112_J200_M100,"[0.000201, 1.000000]",100,200,0.01,max_proc,lowest_lower_bound,PRUNE,all_to_shortest,greedy,6285,128,2001,102.25209140777588,0.20684168655529037,False,4985.0,108,-1,4985.0
Uniform1-5000_Seed113_J200_M100,"[0.002200, 1.000000]",100,200,0.02,max_proc,lowest_lower_bound,NO_PROFILING,all_to_shortest,greedy,6312,1822,2001,93.43355655670166,0.20785804816223066,False,5000.0,100,-1,5000.0
Uniform1-5000_Seed113_J200_M100,"[0.002200, 1.000000]",100,200,0.01,max_proc,lowest_lower_bound,PRUNE,all_to_shortest,greedy,5363,180,180,9.314586639404297,0.06768599664366959,True,5275.0,164,-1,5000.0
Uniform1-5000_Seed114_J200_M100,"[0.007204, 1.000000]",100,200,0.02,max_proc,lowest_lower_bound,NO_PROFILING,all_to_shortest,greedy,5018,136,136,6.347956895828247,0.004184934236747709,True,4997.0,134,-1,4997.0
Uniform1-5000_Seed114_J200_M100,"[0.007204, 1.000000]",100,200,0.01,max_proc,lowest_lower_bound,PRUNE,all_to_shortest,greedy,5035,169,169,8.46848726272583,0.007547169811320755,True,4997.0,167,-1,4997.0
Uniform1-5000_Seed115_J200_M100,"[0.001197, 0.997335]",100,200,0.02,max_proc,lowest_lower_bound,NO_PROFILING,all_to_shortest,greedy,6275,1578,2001,96.51283884048462,0.20121752988047814,False,5012.36,102,-1,5012.36
Uniform1-5000_Seed115_J200_M100,"[0.001197, 0.997335]",100,200,0.01,max_proc,lowest_lower_bound,PRUNE,all_to_shortest,greedy,6078,344,2001,117.506991147995,0.17532741033234622,False,5096.0,119,-1,5012.36
Uniform1-5000_Seed116_J200_M100,"[0.001681, 0.933911]",100,200,0.02,max_proc,lowest_lower_bound,NO_PROFILING,all_to_shortest,greedy,6692,274,2001,107.65730381011963,0.19996563060370592,False,5353.83,100,-1,5353.83
Uniform1-5000_Seed116_J200_M100,"[0.001681, 0.933911]",100,200,0.01,max_proc,lowest_lower_bound,PRUNE,all_to_shortest,greedy,6675,1002,2001,139.4214220046997,0.19792808988764046,False,5407.0,120,-1,5353.83
Uniform1-5000_Seed117_J200_M100,"[0.001803, 1.000000]",100,200,0.02,max_proc,lowest_lower_bound,NO_PROFILING,all_to_shortest,greedy,5088,154,154,7.833622694015503,0.01867138364779874,True,4993.0,152,-1,4993.0
Uniform1-5000_Seed117_J200_M100,"[0.001803, 1.000000]",100,200,0.01,max_proc,lowest_lower_bound,PRUNE,all_to_shortest,greedy,5004,183,183,9.761144399642944,0.0021982414068745003,True,4993.0,181,-1,4993.0
Uniform1-5000_Seed118_J200_M100,"[0.003821, 1.000000]",100,200,0.02,max_proc,lowest_lower_bound,NO_PROFILING,all_to_shortest,greedy,5064,160,160,7.869194507598877,0.018167456556082148,True,4972.0,158,-1,4972.0
Uniform1-5000_Seed118_J200_M100,"[0.003821, 1.000000]",100,200,0.01,max_proc,lowest_lower_bound,PRUNE,all_to_shortest,greedy,5027,206,206,10.645694971084595,0.010940919037199124,True,4972.0,177,-1,4972.0
Uniform1-5000_Seed119_J200_M100,"[0.000591, 0.980917]",100,200,0.02,max_proc,lowest_lower_bound,NO_PROFILING,all_to_shortest,greedy,6513,320,2001,109.0827808380127,0.22050053738676492,False,5076.88,105,-1,5076.88
Uniform1-5000_Seed119_J200_M100,"[0.000591, 0.980917]",100,200,0.01,max_proc,lowest_lower_bound,PRUNE,all_to_shortest,greedy,6393,153,2001,133.0724229812622,0.20586891913029876,False,5130.0,119,-1,5076.88
Uniform1-5000_Seed120_J200_M100,"[0.002160, 0.980177]",100,200,0.02,max_proc,lowest_lower_bound,NO_PROFILING,all_to_shortest,greedy,6724,348,2001,112.92457985877991,0.2425698988697204,False,5092.96,100,-1,5092.96
Uniform1-5000_Seed120_J200_M100,"[0.002160, 0.980177]",100,200,0.01,max_proc,lowest_lower_bound,PRUNE,all_to_shortest,greedy,5596,146,146,7.944578647613525,0.08989278055754109,True,5540.0,144,-1,5092.96
Uniform1-5000_Seed121_J200_M100,"[0.002800, 1.000000]",100,200,0.02,max_proc,lowest_lower_bound,NO_PROFILING,all_to_shortest,greedy,5012,158,158,8.137534856796265,0.0023942537909018356,True,5000.0,156,-1,5000.0
Uniform1-5000_Seed121_J200_M100,"[0.002800, 1.000000]",100,200,0.01,max_proc,lowest_lower_bound,PRUNE,all_to_shortest,greedy,5043,180,180,9.666363000869751,0.008526670632559984,True,5000.0,178,-1,5000.0
Uniform1-5000_Seed122_J200_M100,"[0.010456, 1.000000]",100,200,0.02,max_proc,lowest_lower_bound,NO_PROFILING,all_to_shortest,greedy,6245,1288,2001,107.79759883880615,0.20368294635708567,False,4973.0,103,-1,4973.0
Uniform1-5000_Seed122_J200_M100,"[0.010456, 1.000000]",100,200,0.01,max_proc,lowest_lower_bound,PRUNE,all_to_shortest,greedy,6164,1073,2001,130.6166970729828,0.19321868916288124,False,5014.0,112,-1,4973.0
Uniform1-5000_Seed123_J200_M100,"[0.003547, 0.977228]",100,200,0.02,max_proc,lowest_lower_bound,NO_PROFILING,all_to_shortest,greedy,6590,1024,2001,105.93312120437622,0.22996054628224577,False,5074.56,100,-1,5074.56
Uniform1-5000_Seed123_J200_M100,"[0.003547, 0.977228]",100,200,0.01,max_proc,lowest_lower_bound,PRUNE,all_to_shortest,greedy,5331,1231,1231,74.28263235092163,0.04810354530106914,True,5292.0,168,-1,5074.56
Uniform1-5000_Seed124_J200_M100,"[0.005477, 1.000000]",100,200,0.02,max_proc,lowest_lower_bound,NO_PROFILING,all_to_shortest,greedy,4953,165,165,11.695306539535522,0.004643650312941652,True,4930.0,163,-1,4930.0
Uniform1-5000_Seed124_J200_M100,"[0.005477, 1.000000]",100,200,0.01,max_proc,lowest_lower_bound,PRUNE,all_to_shortest,greedy,5352,644,2001,117.8667471408844,0.0788490284005979,False,4930.0,160,-1,4930.0
Uniform1-5000_Seed125_J200_M100,"[0.003148, 0.924436]",100,200,0.02,max_proc,lowest_lower_bound,NO_PROFILING,all_to_shortest,greedy,6960,1491,2001,109.24660611152649,0.22413074712643677,False,5400.05,100,-1,5400.05
Uniform1-5000_Seed125_J200_M100,"[0.003148, 0.924436]",100,200,0.01,max_proc,lowest_lower_bound,PRUNE,all_to_shortest,greedy,5758,188,188,10.436622858047485,0.06216568252865575,True,5648.0,167,-1,5400.05
Uniform1-5000_Seed126_J200_M100,"[0.000805, 1.000000]",100,200,0.02,max_proc,lowest_lower_bound,NO_PROFILING,all_to_shortest,greedy,5721,1227,2001,95.45096635818481,0.13179514070966614,False,4967.0,112,-1,4967.0
Uniform1-5000_Seed126_J200_M100,"[0.000805, 1.000000]",100,200,0.01,max_proc,lowest_lower_bound,PRUNE,all_to_shortest,greedy,5903,141,2001,103.62046718597412,0.1585634423174657,False,4967.0,112,-1,4967.0
Uniform1-5000_Seed127_J200_M100,"[0.007282, 0.983601]",100,200,0.02,max_proc,lowest_lower_bound,NO_PROFILING,all_to_shortest,greedy,6486,1571,2001,105.24541902542114,0.2165695343817453,False,5081.33,100,-1,5081.33
Uniform1-5000_Seed127_J200_M100,"[0.007282, 0.983601]",100,200,0.01,max_proc,lowest_lower_bound,PRUNE,all_to_shortest,greedy,6528,1260,2001,136.12087678909302,0.22160998774509805,False,5242.0,110,-1,5081.33
Uniform1-5000_Seed128_J200_M100,"[0.004039, 1.000000]",100,200,0.02,max_proc,lowest_lower_bound,NO_PROFILING,all_to_shortest,greedy,5040,142,142,7.0999133586883545,0.01746031746031746,True,4952.0,140,-1,4952.0
Uniform1-5000_Seed128_J200_M100,"[0.004039, 1.000000]",100,200,0.01,max_proc,lowest_lower_bound,PRUNE,all_to_shortest,greedy,4960,180,180,9.627164125442505,0.0016129032258064516,True,4952.0,178,-1,4952.0
Uniform1-5000_Seed129_J200_M100,"[0.004095, 0.971807]",100,200,0.02,max_proc,lowest_lower_bound,NO_PROFILING,all_to_shortest,greedy,6692,211,2001,108.15033006668091,0.2336237298266587,False,5128.59,100,-1,5128.59
Uniform1-5000_Seed129_J200_M100,"[0.004095, 0.971807]",100,200,0.01,max_proc,lowest_lower_bound,PRUNE,all_to_shortest,greedy,6141,134,2001,124.30331134796143,0.16486077186126036,False,5337.0,132,-1,5128.59
Uniform1-5000_Seed130_J200_M100,"[0.010011, 0.924913]",100,200,0.02,max_proc,lowest_lower_bound,NO_PROFILING,all_to_shortest,greedy,6998,1403,2001,120.61239218711853,0.22920548728208054,False,5394.02,100,-1,5394.02
Uniform1-5000_Seed130_J200_M100,"[0.010011, 0.924913]",100,200,0.01,max_proc,lowest_lower_bound,PRUNE,all_to_shortest,greedy,6623,173,2001,111.24681091308594,0.18556243394232214,False,5701.0,113,-1,5394.02
Uniform1-5000_Seed131_J20_M10,"[0.047288, 0.836234]",10,20,0.02,max_proc,lowest_lower_bound,NO_PROFILING,all_to_shortest,greedy,6384,846,2001,0.41622471809387207,0.10892857142857137,False,5688.6,10,-1,5688.6
Uniform1-5000_Seed131_J20_M10,"[0.047288, 0.836234]",10,20,0.01,max_proc,lowest_lower_bound,PRUNE,all_to_shortest,greedy,6073,104,104,0.01577901840209961,0.06329655853779016,True,5995.0,16,-1,5688.6
Uniform1-5000_Seed132_J20_M10,"[0.108718, 0.888876]",10,20,0.02,max_proc,lowest_lower_bound,NO_PROFILING,all_to_shortest,greedy,5925,140,2001,0.3548250198364258,0.10891139240506333,False,5279.7,12,-1,5279.7
Uniform1-5000_Seed132_J20_M10,"[0.108718, 0.888876]",10,20,0.01,max_proc,lowest_lower_bound,PRUNE,all_to_shortest,greedy,5782,23,23,0.004559755325317383,0.08687305430646838,True,5782.0,14,-1,5279.7
Uniform1-5000_Seed133_J20_M10,"[0.017427, 1.000000]",10,20,0.02,max_proc,lowest_lower_bound,NO_PROFILING,all_to_shortest,greedy,4935,5,5,0.0009775161743164062,0.0,True,4935.0,3,5,4935.0
Uniform1-5000_Seed133_J20_M10,"[0.017427, 1.000000]",10,20,0.01,max_proc,lowest_lower_bound,PRUNE,all_to_shortest,greedy,4935,9,9,0.0020101070404052734,0.0,True,4935.0,7,9,4935.0
Uniform1-5000_Seed134_J20_M10,"[0.091765, 0.958673]",10,20,0.02,max_proc,lowest_lower_bound,NO_PROFILING,all_to_shortest,greedy,4935,1322,2001,0.43421220779418945,0.06151975683890585,False,4631.4,15,-1,4631.4
Uniform1-5000_Seed134_J20_M10,"[0.091765, 0.958673]",10,20,0.01,max_proc,lowest_lower_bound,PRUNE,all_to_shortest,greedy,4758,200,200,0.028142452239990234,0.026607818411097175,True,4738.0,18,-1,4631.4
Uniform1-5000_Seed135_J20_M10,"[0.015676, 0.989542]",10,20,0.02,max_proc,lowest_lower_bound,NO_PROFILING,all_to_shortest,greedy,5363,575,2001,0.46161484718322754,0.13169867611411526,False,4656.7,11,-1,4656.7
Uniform1-5000_Seed135_J20_M10,"[0.015676, 0.989542]",10,20,0.01,max_proc,lowest_lower_bound,PRUNE,all_to_shortest,greedy,5287,25,31,0.005918979644775391,0.11921694722905243,True,5203.0,13,-1,4656.7
Uniform1-5000_Seed136_J20_M10,"[0.075510, 0.981009]",10,20,0.02,max_proc,lowest_lower_bound,NO_PROFILING,all_to_shortest,greedy,5301,15,2001,0.32160258293151855,0.08813431428032444,False,4833.8,14,-1,4833.8
Uniform1-5000_Seed136_J20_M10,"[0.075510, 0.981009]",10,20,0.01,max_proc,lowest_lower_bound,PRUNE,all_to_shortest,greedy,5301,19,239,0.03405356407165527,0.08813431428032444,True,5234.0,14,-1,4833.8
Uniform1-5000_Seed137_J20_M10,"[0.206629, 0.826164]",10,20,0.02,max_proc,lowest_lower_bound,NO_PROFILING,all_to_shortest,greedy,6151,542,2001,0.4236576557159424,0.07787351650138188,False,5672.0,12,-1,5672.0
Uniform1-5000_Seed137_J20_M10,"[0.206629, 0.826164]",10,20,0.01,max_proc,lowest_lower_bound,PRUNE,all_to_shortest,greedy,5940,40,40,0.007539033889770508,0.04511784511784512,True,5940.0,15,-1,5672.0
Uniform1-5000_Seed138_J20_M10,"[0.068440, 0.960344]",10,20,0.02,max_proc,lowest_lower_bound,NO_PROFILING,all_to_shortest,greedy,4992,679,2001,0.38268423080444336,0.17459935897435905,False,4120.4,10,-1,4120.4
Uniform1-5000_Seed138_J20_M10,"[0.068440, 0.960344]",10,20,0.01,max_proc,lowest_lower_bound,PRUNE,all_to_shortest,greedy,4873,13,13,0.0029959678649902344,0.15444284834804028,True,4848.0,11,-1,4120.4
Uniform1-5000_Seed139_J20_M10,"[0.100293, 0.916800]",10,20,0.02,max_proc,lowest_lower_bound,NO_PROFILING,all_to_shortest,greedy,5629,238,2001,0.34856438636779785,0.05942440930893587,False,5294.5,12,-1,5294.5
Uniform1-5000_Seed139_J20_M10,"[0.100293, 0.916800]",10,20,0.01,max_proc,lowest_lower_bound,PRUNE,all_to_shortest,greedy,5518,29,29,0.005249500274658203,0.040503805726712576,True,5518.0,16,-1,5294.5
Uniform1-5000_Seed140_J20_M10,"[0.024255, 1.000000]",10,20,0.02,max_proc,lowest_lower_bound,NO_PROFILING,all_to_shortest,greedy,4940,9,9,0.0015625953674316406,0.015182186234817813,True,4865.0,7,-1,4865.0
Uniform1-5000_Seed140_J20_M10,"[0.024255, 1.000000]",10,20,0.01,max_proc,lowest_lower_bound,PRUNE,all_to_shortest,greedy,4865,8,8,0.0018055438995361328,0.0,True,4865.0,6,8,4865.0
Uniform1-5000_Seed141_J20_M10,"[0.010140, 1.000000]",10,20,0.02,max_proc,lowest_lower_bound,NO_PROFILING,all_to_shortest,greedy,4931,13,13,0.002136707305908203,0.0,True,4931.0,11,13,4931.0
Uniform1-5000_Seed141_J20_M10,"[0.010140, 1.000000]",10,20,0.01,max_proc,lowest_lower_bound,PRUNE,all_to_shortest,greedy,4931,16,16,0.003383159637451172,0.0,True,4931.0,14,16,4931.0
Uniform1-5000_Seed142_J20_M10,"[0.026380, 1.000000]",10,20,0.02,max_proc,lowest_lower_bound,NO_PROFILING,all_to_shortest,greedy,4928,6,6,0.0011217594146728516,0.0,True,4928.0,4,6,4928.0
Uniform1-5000_Seed142_J20_M10,"[0.026380, 1.000000]",10,20,0.01,max_proc,lowest_lower_bound,PRUNE,all_to_shortest,greedy,4928,8,8,0.0018296241760253906,0.0,True,4928.0,6,8,4928.0
Uniform1-5000_Seed143_J20_M10,"[0.031082, 1.000000]",10,20,0.02,max_proc,lowest_lower_bound,NO_PROFILING,all_to_shortest,greedy,4826,3,3,0.0004432201385498047,0.0,True,4826.0,1,3,4826.0
Uniform1-5000_Seed143_J20_M10,"[0.031082, 1.000000]",10,20,0.01,max_proc,lowest_lower_bound,PRUNE,all_to_shortest,greedy,4826,3,3,0.0005133152008056641,0.0,True,4826.0,1,3,4826.0
Uniform1-5000_Seed144_J20_M10,"[0.001408, 0.998411]",10,20,0.02,max_proc,lowest_lower_bound,NO_PROFILING,all_to_shortest,greedy,5652,1972,2001,0.4846069812774658,0.1205060155697099,False,4970.9,10,-1,4970.9
Uniform1-5000_Seed144_J20_M10,"[0.001408, 0.998411]",10,20,0.01,max_proc,lowest_lower_bound,PRUNE,all_to_shortest,greedy,5317,26,262,0.03460884094238281,0.06509309761143509,True,5276.0,16,-1,4970.9
Uniform1-5000_Seed145_J20_M10,"[0.007373, 0.990610]",10,20,0.02,max_proc,lowest_lower_bound,NO_PROFILING,all_to_shortest,greedy,4927,149,2001,0.380828857421875,0.0640755023340775,False,4611.3,10,-1,4611.3
Uniform1-5000_Seed145_J20_M10,"[0.007373, 0.990610]",10,20,0.01,max_proc,lowest_lower_bound,PRUNE,all_to_shortest,greedy,4739,20,20,0.004034996032714844,0.02694661320953784,True,4739.0,17,-1,4611.3
Uniform1-5000_Seed146_J20_M10,"[0.002265, 0.923126]",10,20,0.02,max_proc,lowest_lower_bound,NO_PROFILING,all_to_shortest,greedy,6057,1815,2001,0.5504469871520996,0.125260029717682,False,5298.3,10,-1,5298.3
Uniform1-5000_Seed146_J20_M10,"[0.002265, 0.923126]",10,20,0.01,max_proc,lowest_lower_bound,PRUNE,all_to_shortest,greedy,5895,14,14,0.003075122833251953,0.10122137404580149,True,5895.0,12,-1,5298.3
Uniform1-5000_Seed147_J20_M10,"[0.043414, 1.000000]",10,20,0.02,max_proc,lowest_lower_bound,NO_PROFILING,all_to_shortest,greedy,4880,157,2001,0.30252933502197266,0.027663934426229508,False,4745.0,14,-1,4745.0
Uniform1-5000_Seed147_J20_M10,"[0.043414, 1.000000]",10,20,0.01,max_proc,lowest_lower_bound,PRUNE,all_to_shortest,greedy,4819,32,32,0.0055849552154541016,0.015355882963270388,True,4783.0,15,-1,4745.0
Uniform1-5000_Seed148_J20_M10,"[0.003515, 1.000000]",10,20,0.02,max_proc,lowest_lower_bound,NO_PROFILING,all_to_shortest,greedy,4860,510,510,0.0776212215423584,0.0049382716049382715,True,4836.0,10,-1,4836.0
Uniform1-5000_Seed148_J20_M10,"[0.003515, 1.000000]",10,20,0.01,max_proc,lowest_lower_bound,PRUNE,all_to_shortest,greedy,4896,13,13,0.0026924610137939453,0.012254901960784314,True,4852.0,10,-1,4836.0
Uniform1-5000_Seed149_J20_M10,"[0.058543, 0.881274]",10,20,0.02,max_proc,lowest_lower_bound,NO_PROFILING,all_to_shortest,greedy,5539,14,2001,0.41474127769470215,0.07485105614731907,False,5124.4,15,-1,5124.4
Uniform1-5000_Seed149_J20_M10,"[0.058543, 0.881274]",10,20,0.01,max_proc,lowest_lower_bound,PRUNE,all_to_shortest,greedy,5539,16,568,0.07449793815612793,0.07485105614731907,True,5516.0,17,-1,5124.4
Uniform1-5000_Seed150_J20_M10,"[0.005236, 1.000000]",10,20,0.02,max_proc,lowest_lower_bound,NO_PROFILING,all_to_shortest,greedy,5036,8,8,0.0015053749084472656,0.013899920571882446,True,4966.0,6,-1,4966.0
Uniform1-5000_Seed150_J20_M10,"[0.005236, 1.000000]",10,20,0.01,max_proc,lowest_lower_bound,PRUNE,all_to_shortest,greedy,4966,9,9,0.0021758079528808594,0.0,True,4966.0,7,9,4966.0
Uniform1-5000_Seed151_J20_M10,"[0.048477, 0.795129]",10,20,0.02,max_proc,lowest_lower_bound,NO_PROFILING,all_to_shortest,greedy,7076,135,2001,0.35109806060791016,0.15166760881854152,False,6002.8,10,-1,6002.8
Uniform1-5000_Seed151_J20_M10,"[0.048477, 0.795129]",10,20,0.01,max_proc,lowest_lower_bound,PRUNE,all_to_shortest,greedy,6747,21,21,0.004123687744140625,0.11030087446272414,True,6747.0,13,-1,6002.8
Uniform1-5000_Seed152_J20_M10,"[0.021536, 0.838703]",10,20,0.02,max_proc,lowest_lower_bound,NO_PROFILING,all_to_shortest,greedy,6692,1390,2001,0.5320196151733398,0.1396144650328751,False,5757.7,11,-1,5757.7
Uniform1-5000_Seed152_J20_M10,"[0.021536, 0.838703]",10,20,0.01,max_proc,lowest_lower_bound,PRUNE,all_to_shortest,greedy,6085,20,20,0.004593610763549805,0.053788003286770775,True,6077.0,15,-1,5757.7
Uniform1-5000_Seed153_J20_M10,"[0.026194, 1.000000]",10,20,0.02,max_proc,lowest_lower_bound,NO_PROFILING,all_to_shortest,greedy,4314,9,9,0.0015871524810791016,0.0,True,4314.0,7,9,4314.0
Uniform1-5000_Seed153_J20_M10,"[0.026194, 1.000000]",10,20,0.01,max_proc,lowest_lower_bound,PRUNE,all_to_shortest,greedy,4377,8,8,0.00189971923828125,0.01439342015078821,True,4314.0,6,-1,4314.0
Uniform1-5000_Seed154_J20_M10,"[0.057394, 0.934972]",10,20,0.02,max_proc,lowest_lower_bound,NO_PROFILING,all_to_shortest,greedy,6216,122,2001,0.3781569004058838,0.15069176319176317,False,5279.3,10,-1,5279.3
Uniform1-5000_Seed154_J20_M10,"[0.057394, 0.934972]",10,20,0.01,max_proc,lowest_lower_bound,PRUNE,all_to_shortest,greedy,5599,24,51,0.008118152618408203,0.05709948205036611,True,5502.0,16,-1,5279.3
Uniform1-5000_Seed155_J20_M10,"[0.000894, 1.000000]",10,20,0.02,max_proc,lowest_lower_bound,NO_PROFILING,all_to_shortest,greedy,4474,8,8,0.0014083385467529297,0.0,True,4474.0,6,8,4474.0
Uniform1-5000_Seed155_J20_M10,"[0.000894, 1.000000]",10,20,0.01,max_proc,lowest_lower_bound,PRUNE,all_to_shortest,greedy,4474,11,11,0.0023021697998046875,0.0,True,4474.0,9,11,4474.0
Uniform1-5000_Seed156_J20_M10,"[0.092587, 0.959137]",10,20,0.02,max_proc,lowest_lower_bound,NO_PROFILING,all_to_shortest,greedy,5295,43,2001,0.4177103042602539,0.05762039660056664,False,4989.9,12,-1,4989.9
Uniform1-5000_Seed156_J20_M10,"[0.092587, 0.959137]",10,20,0.01,max_proc,lowest_lower_bound,PRUNE,all_to_shortest,greedy,5245,32,32,0.0064814090728759766,0.04863679694947576,True,5190.0,16,-1,4989.9
Uniform1-5000_Seed157_J20_M10,"[0.029099, 0.966721]",10,20,0.02,max_proc,lowest_lower_bound,NO_PROFILING,all_to_shortest,greedy,5742,637,2001,0.3827857971191406,0.10825496342737728,False,5120.4,11,-1,5120.4
Uniform1-5000_Seed157_J20_M10,"[0.029099, 0.966721]",10,20,0.01,max_proc,lowest_lower_bound,PRUNE,all_to_shortest,greedy,5608,18,18,0.0038449764251708984,0.08694721825962917,True,5525.0,14,-1,5120.4
Uniform1-5000_Seed158_J20_M10,"[0.046063, 0.915564]",10,20,0.02,max_proc,lowest_lower_bound,NO_PROFILING,all_to_shortest,greedy,5932,627,2001,0.46998071670532227,0.08140593391773426,False,5449.1,13,-1,5449.1
Uniform1-5000_Seed158_J20_M10,"[0.046063, 0.915564]",10,20,0.01,max_proc,lowest_lower_bound,PRUNE,all_to_shortest,greedy,5744,84,113,0.018391847610473633,0.0513405292479108,True,5730.0,17,-1,5449.1
Uniform1-5000_Seed159_J20_M10,"[0.002520, 1.000000]",10,20,0.02,max_proc,lowest_lower_bound,NO_PROFILING,all_to_shortest,greedy,4762,6,6,0.0010559558868408203,0.0,True,4762.0,4,6,4762.0
Uniform1-5000_Seed159_J20_M10,"[0.002520, 1.000000]",10,20,0.01,max_proc,lowest_lower_bound,PRUNE,all_to_shortest,greedy,4762,6,6,0.0013651847839355469,0.0,True,4762.0,4,6,4762.0
Uniform1-5000_Seed160_J20_M10,"[0.150885, 0.905129]",10,20,0.02,max_proc,lowest_lower_bound,NO_PROFILING,all_to_shortest,greedy,5894,98,2001,0.3787424564361572,0.06557516118086189,False,5507.5,13,-1,5507.5
Uniform1-5000_Seed160_J20_M10,"[0.150885, 0.905129]",10,20,0.01,max_proc,lowest_lower_bound,PRUNE,all_to_shortest,greedy,5752,134,134,0.020265579223632812,0.04250695410292072,True,5657.0,16,-1,5507.5
Uniform1-5000_Seed131_J50_M25,"[0.013051, 0.936389]",25,50,0.02,max_proc,lowest_lower_bound,NO_PROFILING,all_to_shortest,greedy,5918,104,2001,2.873852252960205,0.11956066238594126,False,5210.44,34,-1,5210.44
Uniform1-5000_Seed131_J50_M25,"[0.013051, 0.936389]",25,50,0.01,max_proc,lowest_lower_bound,PRUNE,all_to_shortest,greedy,5942,294,2001,3.42207670211792,0.12311679569168636,False,5210.44,34,-1,5210.44
Uniform1-5000_Seed132_J50_M25,"[0.013164, 0.926679]",25,50,0.02,max_proc,lowest_lower_bound,NO_PROFILING,all_to_shortest,greedy,6084,545,2001,3.153184175491333,0.15092702169625244,False,5165.76,25,-1,5165.76
Uniform1-5000_Seed132_J50_M25,"[0.013164, 0.926679]",25,50,0.01,max_proc,lowest_lower_bound,PRUNE,all_to_shortest,greedy,5614,845,2001,2.7436771392822266,0.07984324902030634,False,5355.0,37,-1,5165.76
Uniform1-5000_Seed133_J50_M25,"[0.001216, 1.000000]",25,50,0.02,max_proc,lowest_lower_bound,NO_PROFILING,all_to_shortest,greedy,5003,13,13,0.019771575927734375,0.013591844893064161,True,4935.0,11,-1,4935.0
Uniform1-5000_Seed133_J50_M25,"[0.001216, 1.000000]",25,50,0.01,max_proc,lowest_lower_bound,PRUNE,all_to_shortest,greedy,4980,21,21,0.03310894966125488,0.009036144578313253,True,4935.0,19,-1,4935.0
Uniform1-5000_Seed134_J50_M25,"[0.042698, 0.955108]",25,50,0.02,max_proc,lowest_lower_bound,NO_PROFILING,all_to_shortest,greedy,6122,1452,2001,3.9433095455169678,0.18131329630839596,False,5012.0,25,-1,5012.0
Uniform1-5000_Seed134_J50_M25,"[0.042698, 0.955108]",25,50,0.01,max_proc,lowest_lower_bound,PRUNE,all_to_shortest,greedy,5450,69,69,0.12127828598022461,0.08036697247706422,True,5349.0,36,-1,5012.0
Uniform1-5000_Seed135_J50_M25,"[0.014228, 0.962813]",25,50,0.02,max_proc,lowest_lower_bound,NO_PROFILING,all_to_shortest,greedy,5981,27,2001,3.434664487838745,0.14215014211670285,False,5130.8,29,-1,5130.8
Uniform1-5000_Seed135_J50_M25,"[0.014228, 0.962813]",25,50,0.01,max_proc,lowest_lower_bound,PRUNE,all_to_shortest,greedy,5931,439,2001,3.986909866333008,0.13491822626875735,False,5345.0,33,-1,5130.8
Uniform1-5000_Seed136_J50_M25,"[0.021734, 0.954286]",25,50,0.02,max_proc,lowest_lower_bound,NO_PROFILING,all_to_shortest,greedy,5786,148,2001,3.3042380809783936,0.14117525060490843,False,4969.16,34,-1,4969.16
Uniform1-5000_Seed136_J50_M25,"[0.021734, 0.954286]",25,50,0.01,max_proc,lowest_lower_bound,PRUNE,all_to_shortest,greedy,5858,31,2001,3.596053123474121,0.15173096620006832,False,4969.16,34,-1,4969.16
Uniform1-5000_Seed137_J50_M25,"[0.039766, 0.927934]",25,50,0.02,max_proc,lowest_lower_bound,NO_PROFILING,all_to_shortest,greedy,6125,107,2001,3.2339959144592285,0.14191673469387753,False,5255.76,25,-1,5255.76
Uniform1-5000_Seed137_J50_M25,"[0.039766, 0.927934]",25,50,0.01,max_proc,lowest_lower_bound,PRUNE,all_to_shortest,greedy,5613,712,712,1.0956664085388184,0.06364510956707639,True,5506.0,39,-1,5255.76
Uniform1-5000_Seed138_J50_M25,"[0.050842, 0.948298]",25,50,0.02,max_proc,lowest_lower_bound,NO_PROFILING,all_to_shortest,greedy,5280,1316,2001,3.6772403717041016,0.1543863636363636,False,4464.84,25,-1,4464.84
Uniform1-5000_Seed138_J50_M25,"[0.050842, 0.948298]",25,50,0.01,max_proc,lowest_lower_bound,PRUNE,all_to_shortest,greedy,4914,87,87,0.13402652740478516,0.09140415140415137,True,4848.0,35,-1,4464.84
Uniform1-5000_Seed139_J50_M25,"[0.017030, 0.916056]",25,50,0.02,max_proc,lowest_lower_bound,NO_PROFILING,all_to_shortest,greedy,6356,634,2001,3.3155274391174316,0.1592888609188168,False,5343.56,25,-1,5343.56
Uniform1-5000_Seed139_J50_M25,"[0.017030, 0.916056]",25,50,0.01,max_proc,lowest_lower_bound,PRUNE,all_to_shortest,greedy,6284,455,2001,2.8980822563171387,0.1496562698917886,False,5660.0,33,-1,5343.56
Uniform1-5000_Seed140_J50_M25,"[0.017097, 1.000000]",25,50,0.02,max_proc,lowest_lower_bound,NO_PROFILING,all_to_shortest,greedy,4943,35,35,0.04567670822143555,0.00606918875177018,True,4913.0,33,-1,4913.0
Uniform1-5000_Seed140_J50_M25,"[0.017097, 1.000000]",25,50,0.01,max_proc,lowest_lower_bound,PRUNE,all_to_shortest,greedy,4913,60,60,0.08250808715820312,0.0,True,4913.0,38,60,4913.0
Uniform1-5000_Seed141_J50_M25,"[0.010140, 1.000000]",25,50,0.02,max_proc,lowest_lower_bound,NO_PROFILING,all_to_shortest,greedy,4998,35,35,0.04654288291931152,0.013405362144857944,True,4931.0,33,-1,4931.0
Uniform1-5000_Seed141_J50_M25,"[0.010140, 1.000000]",25,50,0.01,max_proc,lowest_lower_bound,PRUNE,all_to_shortest,greedy,4935,39,39,0.0634455680847168,0.0008105369807497467,True,4931.0,37,-1,4931.0
Uniform1-5000_Seed142_J50_M25,"[0.025614, 0.970973]",25,50,0.02,max_proc,lowest_lower_bound,NO_PROFILING,all_to_shortest,greedy,5836,1575,2001,3.2850406169891357,0.13034270047978072,False,5075.32,30,-1,5075.32
Uniform1-5000_Seed142_J50_M25,"[0.025614, 0.970973]",25,50,0.01,max_proc,lowest_lower_bound,PRUNE,all_to_shortest,greedy,5353,338,338,0.5654478073120117,0.05187371567345419,True,5270.0,41,-1,5075.32
Uniform1-5000_Seed143_J50_M25,"[0.027745, 0.963289]",25,50,0.02,max_proc,lowest_lower_bound,NO_PROFILING,all_to_shortest,greedy,6021,100,2001,3.8115196228027344,0.16792559375519014,False,5009.92,29,-1,5009.92
Uniform1-5000_Seed143_J50_M25,"[0.027745, 0.963289]",25,50,0.01,max_proc,lowest_lower_bound,PRUNE,all_to_shortest,greedy,5706,357,2001,3.0389206409454346,0.12199088678583946,False,5217.0,34,-1,5009.92
Uniform1-5000_Seed144_J50_M25,"[0.001385, 0.982413]",25,50,0.02,max_proc,lowest_lower_bound,NO_PROFILING,all_to_shortest,greedy,6030,1619,2001,3.401905059814453,0.16153897180762852,False,5055.92,25,-1,5055.92
Uniform1-5000_Seed144_J50_M25,"[0.001385, 0.982413]",25,50,0.01,max_proc,lowest_lower_bound,PRUNE,all_to_shortest,greedy,5296,43,43,0.06795883178710938,0.0453323262839879,True,5296.0,39,-1,5055.92
Uniform1-5000_Seed145_J50_M25,"[0.003423, 1.000000]",25,50,0.02,max_proc,lowest_lower_bound,NO_PROFILING,all_to_shortest,greedy,4967,42,42,0.056917667388916016,0.0,True,4967.0,40,42,4967.0
Uniform1-5000_Seed145_J50_M25,"[0.003423, 1.000000]",25,50,0.01,max_proc,lowest_lower_bound,PRUNE,all_to_shortest,greedy,5111,1371,2001,2.4502174854278564,0.028174525533163765,False,4967.0,39,-1,4967.0
Uniform1-5000_Seed146_J50_M25,"[0.002418, 1.000000]",25,50,0.02,max_proc,lowest_lower_bound,NO_PROFILING,all_to_shortest,greedy,5680,1693,2001,2.8833305835723877,0.12640845070422535,False,4962.0,25,-1,4962.0
Uniform1-5000_Seed146_J50_M25,"[0.002418, 1.000000]",25,50,0.01,max_proc,lowest_lower_bound,PRUNE,all_to_shortest,greedy,5338,32,32,0.049370527267456055,0.0704383664293743,True,5338.0,30,-1,4962.0
Uniform1-5000_Seed147_J50_M25,"[0.002175, 0.984669]",25,50,0.02,max_proc,lowest_lower_bound,NO_PROFILING,all_to_shortest,greedy,5571,221,2001,3.363877534866333,0.09234966792317349,False,5056.52,36,-1,5056.52
Uniform1-5000_Seed147_J50_M25,"[0.002175, 0.984669]",25,50,0.01,max_proc,lowest_lower_bound,PRUNE,all_to_shortest,greedy,5608,302,2001,3.843867301940918,0.09833808844507838,False,5056.52,36,-1,5056.52
Uniform1-5000_Seed148_J50_M25,"[0.003509, 0.998142]",25,50,0.02,max_proc,lowest_lower_bound,NO_PROFILING,all_to_shortest,greedy,5860,1436,2001,3.374445676803589,0.17320819112627986,False,4845.0,27,-1,4845.0
Uniform1-5000_Seed148_J50_M25,"[0.003509, 0.998142]",25,50,0.01,max_proc,lowest_lower_bound,PRUNE,all_to_shortest,greedy,5518,1292,2001,3.1224892139434814,0.12196447988401594,False,4987.0,34,-1,4845.0
Uniform1-5000_Seed149_J50_M25,"[0.008627, 0.949404]",25,50,0.02,max_proc,lowest_lower_bound,NO_PROFILING,all_to_shortest,greedy,6045,70,2001,4.030015468597412,0.1563209263854425,False,5100.04,26,-1,5100.04
Uniform1-5000_Seed149_J50_M25,"[0.008627, 0.949404]",25,50,0.01,max_proc,lowest_lower_bound,PRUNE,all_to_shortest,greedy,5665,39,2001,2.9750123023986816,0.09972815533980584,False,5253.0,37,-1,5100.04
Uniform1-5000_Seed150_J50_M25,"[0.005236, 1.000000]",25,50,0.02,max_proc,lowest_lower_bound,NO_PROFILING,all_to_shortest,greedy,4966,22,22,0.030977487564086914,0.0,True,4966.0,20,22,4966.0
Uniform1-5000_Seed150_J50_M25,"[0.005236, 1.000000]",25,50,0.01,max_proc,lowest_lower_bound,PRUNE,all_to_shortest,greedy,5014,28,28,0.04962921142578125,0.009573195053849222,True,4966.0,26,-1,4966.0
Uniform1-5000_Seed151_J50_M25,"[0.010915, 0.890655]",25,50,0.02,max_proc,lowest_lower_bound,NO_PROFILING,all_to_shortest,greedy,6763,1026,2001,3.223820924758911,0.1871832027206861,False,5497.08,25,-1,5497.08
Uniform1-5000_Seed151_J50_M25,"[0.010915, 0.890655]",25,50,0.01,max_proc,lowest_lower_bound,PRUNE,all_to_shortest,greedy,6218,30,32,0.05144524574279785,0.11594081698295274,True,6119.0,28,-1,5497.08
Uniform1-5000_Seed152_J50_M25,"[0.023002, 0.920993]",25,50,0.02,max_proc,lowest_lower_bound,NO_PROFILING,all_to_shortest,greedy,6473,1675,2001,3.151665449142456,0.16716823729337246,False,5390.92,25,-1,5390.92
Uniform1-5000_Seed152_J50_M25,"[0.023002, 0.920993]",25,50,0.01,max_proc,lowest_lower_bound,PRUNE,all_to_shortest,greedy,6077,34,34,0.05832266807556152,0.11289781142010859,True,6007.0,31,-1,5390.92
Uniform1-5000_Seed153_J50_M25,"[0.013716, 1.000000]",25,50,0.02,max_proc,lowest_lower_bound,NO_PROFILING,all_to_shortest,greedy,4900,28,28,0.037950992584228516,0.017959183673469388,True,4812.0,26,-1,4812.0
Uniform1-5000_Seed153_J50_M25,"[0.013716, 1.000000]",25,50,0.01,max_proc,lowest_lower_bound,PRUNE,all_to_shortest,greedy,4906,32,32,0.04692721366882324,0.019160211985324093,True,4812.0,30,-1,4812.0
Uniform1-5000_Seed154_J50_M25,"[0.003669, 0.959310]",25,50,0.02,max_proc,lowest_lower_bound,NO_PROFILING,all_to_shortest,greedy,6065,675,2001,3.2757973670959473,0.14613025556471554,False,5178.72,31,-1,5178.72
Uniform1-5000_Seed154_J50_M25,"[0.003669, 0.959310]",25,50,0.01,max_proc,lowest_lower_bound,PRUNE,all_to_shortest,greedy,5668,1896,2001,2.8936960697174072,0.08632321806633729,False,5242.0,39,-1,5178.72
Uniform1-5000_Seed155_J50_M25,"[0.000860, 1.000000]",25,50,0.02,max_proc,lowest_lower_bound,NO_PROFILING,all_to_shortest,greedy,4696,33,33,0.04157376289367676,0.010008517887563885,True,4649.0,31,-1,4649.0
Uniform1-5000_Seed155_J50_M25,"[0.000860, 1.000000]",25,50,0.01,max_proc,lowest_lower_bound,PRUNE,all_to_shortest,greedy,4695,37,37,0.05699801445007324,0.00979765708200213,True,4649.0,35,-1,4649.0
Uniform1-5000_Seed156_J50_M25,"[0.041434, 0.951022]",25,50,0.02,max_proc,lowest_lower_bound,NO_PROFILING,all_to_shortest,greedy,5908,1576,2001,3.4287948608398438,0.13395396073121185,False,5116.6,29,-1,5116.6
Uniform1-5000_Seed156_J50_M25,"[0.041434, 0.951022]",25,50,0.01,max_proc,lowest_lower_bound,PRUNE,all_to_shortest,greedy,5830,1366,2001,3.348203182220459,0.12236706689536872,False,5288.0,33,-1,5116.6
Uniform1-5000_Seed157_J50_M25,"[0.016970, 1.000000]",25,50,0.02,max_proc,lowest_lower_bound,NO_PROFILING,all_to_shortest,greedy,5029,37,37,0.04759550094604492,0.01570888844700736,True,4950.0,35,-1,4950.0
Uniform1-5000_Seed157_J50_M25,"[0.016970, 1.000000]",25,50,0.01,max_proc,lowest_lower_bound,PRUNE,all_to_shortest,greedy,4989,39,39,0.059734344482421875,0.007817197835237523,True,4950.0,37,-1,4950.0
Uniform1-5000_Seed158_J50_M25,"[0.043092, 0.959748]",25,50,0.02,max_proc,lowest_lower_bound,NO_PROFILING,all_to_shortest,greedy,5867,203,2001,3.382683515548706,0.11398670530083521,False,5198.24,30,-1,5198.24
Uniform1-5000_Seed158_J50_M25,"[0.043092, 0.959748]",25,50,0.01,max_proc,lowest_lower_bound,PRUNE,all_to_shortest,greedy,5835,813,2001,3.4776456356048584,0.10912767780634108,False,5369.0,35,-1,5198.24
Uniform1-5000_Seed159_J50_M25,"[0.002520, 1.000000]",25,50,0.02,max_proc,lowest_lower_bound,NO_PROFILING,all_to_shortest,greedy,4762,14,14,0.020514488220214844,0.0,True,4762.0,12,14,4762.0
Uniform1-5000_Seed159_J50_M25,"[0.002520, 1.000000]",25,50,0.01,max_proc,lowest_lower_bound,PRUNE,all_to_shortest,greedy,4762,12,12,0.019457340240478516,0.0,True,4762.0,10,12,4762.0
Uniform1-5000_Seed160_J50_M25,"[0.045209, 0.867663]",25,50,0.02,max_proc,lowest_lower_bound,NO_PROFILING,all_to_shortest,greedy,6946,1144,2001,3.3147976398468018,0.17202994529225454,False,5751.08,25,-1,5751.08
Uniform1-5000_Seed160_J50_M25,"[0.045209, 0.867663]",25,50,0.01,max_proc,lowest_lower_bound,PRUNE,all_to_shortest,greedy,6187,883,883,1.5771479606628418,0.07045741069985455,True,6187.0,38,-1,5751.08
Uniform1-5000_Seed131_J100_M50,"[0.013071, 0.958969]",50,100,0.02,max_proc,lowest_lower_bound,NO_PROFILING,all_to_shortest,greedy,6340,1234,2001,17.808977842330933,0.17942271293375395,False,5202.46,61,-1,5202.46
Uniform1-5000_Seed131_J100_M50,"[0.013071, 0.958969]",50,100,0.01,max_proc,lowest_lower_bound,PRUNE,all_to_shortest,greedy,6300,362,2001,20.17855477333069,0.1742126984126984,False,5202.46,61,-1,5202.46
Uniform1-5000_Seed132_J100_M50,"[0.001856, 1.000000]",50,100,0.02,max_proc,lowest_lower_bound,NO_PROFILING,all_to_shortest,greedy,5782,1270,2001,18.993488073349,0.16153580076098237,False,4848.0,63,-1,4848.0
Uniform1-5000_Seed132_J100_M50,"[0.001856, 1.000000]",50,100,0.01,max_proc,lowest_lower_bound,PRUNE,all_to_shortest,greedy,5818,1630,2001,17.19685697555542,0.16672396012375387,False,4848.0,63,-1,4848.0
Uniform1-5000_Seed133_J100_M50,"[0.001201, 1.000000]",50,100,0.02,max_proc,lowest_lower_bound,NO_PROFILING,all_to_shortest,greedy,5078,62,62,0.45188331604003906,0.016345017723513194,True,4995.0,60,-1,4995.0
Uniform1-5000_Seed133_J100_M50,"[0.001201, 1.000000]",50,100,0.01,max_proc,lowest_lower_bound,PRUNE,all_to_shortest,greedy,5021,68,68,0.5711660385131836,0.005178251344353714,True,4995.0,66,-1,4995.0
Uniform1-5000_Seed134_J100_M50,"[0.015876, 1.000000]",50,100,0.02,max_proc,lowest_lower_bound,NO_PROFILING,all_to_shortest,greedy,5942,59,2001,18.24824070930481,0.19437899697071692,False,4787.0,60,-1,4787.0
Uniform1-5000_Seed134_J100_M50,"[0.015876, 1.000000]",50,100,0.01,max_proc,lowest_lower_bound,PRUNE,all_to_shortest,greedy,5922,115,2001,16.27492094039917,0.19165822357311718,False,4810.0,60,-1,4787.0
Uniform1-5000_Seed135_J100_M50,"[0.014767, 0.999324]",50,100,0.02,max_proc,lowest_lower_bound,NO_PROFILING,all_to_shortest,greedy,5744,95,2001,16.65357756614685,0.13939066852367685,False,4943.34,64,-1,4943.34
Uniform1-5000_Seed135_J100_M50,"[0.014767, 0.999324]",50,100,0.01,max_proc,lowest_lower_bound,PRUNE,all_to_shortest,greedy,5841,104,2001,16.27237606048584,0.1536825885978428,False,4943.34,64,-1,4943.34
Uniform1-5000_Seed136_J100_M50,"[0.021724, 0.988631]",50,100,0.02,max_proc,lowest_lower_bound,NO_PROFILING,all_to_shortest,greedy,5983,65,2001,18.645642042160034,0.16905900050142061,False,4971.52,66,-1,4971.52
Uniform1-5000_Seed136_J100_M50,"[0.021724, 0.988631]",50,100,0.01,max_proc,lowest_lower_bound,PRUNE,all_to_shortest,greedy,5907,1596,2001,16.105557680130005,0.15836803792111048,False,4971.52,66,-1,4971.52
Uniform1-5000_Seed137_J100_M50,"[0.039546, 0.939255]",50,100,0.02,max_proc,lowest_lower_bound,NO_PROFILING,all_to_shortest,greedy,6523,1991,2001,18.331430912017822,0.18978384179058716,False,5285.04,56,-1,5285.04
Uniform1-5000_Seed137_J100_M50,"[0.039546, 0.939255]",50,100,0.01,max_proc,lowest_lower_bound,PRUNE,all_to_shortest,greedy,6607,518,2001,22.419411420822144,0.2000847585893749,False,5375.0,59,-1,5285.04
Uniform1-5000_Seed138_J100_M50,"[0.006926, 1.000000]",50,100,0.02,max_proc,lowest_lower_bound,NO_PROFILING,all_to_shortest,greedy,5000,71,71,0.5456545352935791,0.0182,True,4909.0,69,-1,4909.0
Uniform1-5000_Seed138_J100_M50,"[0.006926, 1.000000]",50,100,0.01,max_proc,lowest_lower_bound,PRUNE,all_to_shortest,greedy,4986,72,72,0.6270208358764648,0.015443241075010028,True,4909.0,69,-1,4909.0
Uniform1-5000_Seed139_J100_M50,"[0.005917, 0.965460]",50,100,0.02,max_proc,lowest_lower_bound,NO_PROFILING,all_to_shortest,greedy,6228,52,2001,16.005781650543213,0.1859152215799615,False,5070.12,50,-1,5070.12
Uniform1-5000_Seed139_J100_M50,"[0.005917, 0.965460]",50,100,0.01,max_proc,lowest_lower_bound,PRUNE,all_to_shortest,greedy,6009,147,2001,18.706366777420044,0.15624563155267102,False,5369.0,67,-1,5070.12
Uniform1-5000_Seed140_J100_M50,"[0.000798, 0.983602]",50,100,0.02,max_proc,lowest_lower_bound,NO_PROFILING,all_to_shortest,greedy,5894,824,2001,17.0671329498291,0.14909399389209368,False,5015.24,66,-1,5015.24
Uniform1-5000_Seed140_J100_M50,"[0.000798, 0.983602]",50,100,0.01,max_proc,lowest_lower_bound,PRUNE,all_to_shortest,greedy,5922,553,2001,19.228344440460205,0.15311719013846678,False,5015.24,66,-1,5015.24
Uniform1-5000_Seed141_J100_M50,"[0.009307, 0.989493]",50,100,0.02,max_proc,lowest_lower_bound,NO_PROFILING,all_to_shortest,greedy,6120,125,2001,17.788818359375,0.17482679738562085,False,5050.06,50,-1,5050.06
Uniform1-5000_Seed141_J100_M50,"[0.009307, 0.989493]",50,100,0.01,max_proc,lowest_lower_bound,PRUNE,all_to_shortest,greedy,5181,102,102,0.8872044086456299,0.02527311329859093,True,5166.0,89,-1,5050.06
Uniform1-5000_Seed142_J100_M50,"[0.017955, 0.921687]",50,100,0.02,max_proc,lowest_lower_bound,NO_PROFILING,all_to_shortest,greedy,6642,1048,2001,16.881947994232178,0.1950135501355013,False,5346.72,50,-1,5346.72
Uniform1-5000_Seed142_J100_M50,"[0.017955, 0.921687]",50,100,0.01,max_proc,lowest_lower_bound,PRUNE,all_to_shortest,greedy,5703,285,285,2.7261297702789307,0.06247238295633872,True,5703.0,81,-1,5346.72
Uniform1-5000_Seed143_J100_M50,"[0.017814, 1.000000]",50,100,0.02,max_proc,lowest_lower_bound,NO_PROFILING,all_to_shortest,greedy,5945,1233,2001,17.171733140945435,0.15962994112699747,False,4996.0,50,-1,4996.0
Uniform1-5000_Seed143_J100_M50,"[0.017814, 1.000000]",50,100,0.01,max_proc,lowest_lower_bound,PRUNE,all_to_shortest,greedy,5130,142,142,1.3065927028656006,0.02612085769980507,True,5095.0,83,-1,4996.0
Uniform1-5000_Seed144_J100_M50,"[0.001396, 0.990239]",50,100,0.02,max_proc,lowest_lower_bound,NO_PROFILING,all_to_shortest,greedy,6293,547,2001,18.322079181671143,0.20293023994914985,False,5015.96,50,-1,5015.96
Uniform1-5000_Seed144_J100_M50,"[0.001396, 0.990239]",50,100,0.01,max_proc,lowest_lower_bound,PRUNE,all_to_shortest,greedy,5350,82,82,0.7707116603851318,0.06243738317757009,True,5264.0,80,-1,5015.96
Uniform1-5000_Seed145_J100_M50,"[0.003423, 1.000000]",50,100,0.02,max_proc,lowest_lower_bound,NO_PROFILING,all_to_shortest,greedy,6078,865,2001,16.648159980773926,0.18279039157617638,False,4967.0,53,-1,4967.0
Uniform1-5000_Seed145_J100_M50,"[0.003423, 1.000000]",50,100,0.01,max_proc,lowest_lower_bound,PRUNE,all_to_shortest,greedy,5413,667,2001,17.70365834236145,0.08239423609828192,False,4985.0,77,-1,4967.0
Uniform1-5000_Seed146_J100_M50,"[0.002411, 1.000000]",50,100,0.02,max_proc,lowest_lower_bound,NO_PROFILING,all_to_shortest,greedy,5950,1044,2001,16.98932909965515,0.16336134453781512,False,4978.0,50,-1,4978.0
Uniform1-5000_Seed146_J100_M50,"[0.002411, 1.000000]",50,100,0.01,max_proc,lowest_lower_bound,PRUNE,all_to_shortest,greedy,5227,77,77,0.6539225578308105,0.04763726803137555,True,5227.0,75,-1,4978.0
Uniform1-5000_Seed147_J100_M50,"[0.002209, 1.000000]",50,100,0.02,max_proc,lowest_lower_bound,NO_PROFILING,all_to_shortest,greedy,5078,59,59,0.44074416160583496,0.019495864513588028,True,4979.0,57,-1,4979.0
Uniform1-5000_Seed147_J100_M50,"[0.002209, 1.000000]",50,100,0.01,max_proc,lowest_lower_bound,PRUNE,all_to_shortest,greedy,5053,86,86,0.7473392486572266,0.01464476548584999,True,4979.0,84,-1,4979.0
Uniform1-5000_Seed148_J100_M50,"[0.003285, 0.934616]",50,100,0.02,max_proc,lowest_lower_bound,NO_PROFILING,all_to_shortest,greedy,6396,92,2001,18.57463836669922,0.19100687929956228,False,5174.32,57,-1,5174.32
Uniform1-5000_Seed148_J100_M50,"[0.003285, 0.934616]",50,100,0.01,max_proc,lowest_lower_bound,PRUNE,all_to_shortest,greedy,6239,442,2001,20.45709753036499,0.17064914249078383,False,5245.0,60,-1,5174.32
Uniform1-5000_Seed149_J100_M50,"[0.006578, 0.965215]",50,100,0.02,max_proc,lowest_lower_bound,NO_PROFILING,all_to_shortest,greedy,6281,1809,2001,18.55600595474243,0.2013214456296768,False,5016.5,52,-1,5016.5
Uniform1-5000_Seed149_J100_M50,"[0.006578, 0.965215]",50,100,0.01,max_proc,lowest_lower_bound,PRUNE,all_to_shortest,greedy,5851,1524,2001,17.139158964157104,0.1426251922748248,False,5157.0,68,-1,5016.5
Uniform1-5000_Seed150_J100_M50,"[0.005236, 1.000000]",50,100,0.02,max_proc,lowest_lower_bound,NO_PROFILING,all_to_shortest,greedy,4966,64,64,0.47809433937072754,0.0,True,4966.0,62,64,4966.0
Uniform1-5000_Seed150_J100_M50,"[0.005236, 1.000000]",50,100,0.01,max_proc,lowest_lower_bound,PRUNE,all_to_shortest,greedy,4966,69,69,0.5963103771209717,0.0,True,4966.0,67,69,4966.0
Uniform1-5000_Seed151_J100_M50,"[0.011145, 0.928048]",50,100,0.02,max_proc,lowest_lower_bound,NO_PROFILING,all_to_shortest,greedy,6821,47,2001,18.53756308555603,0.2107696818648292,False,5383.34,50,-1,5383.34
Uniform1-5000_Seed151_J100_M50,"[0.011145, 0.928048]",50,100,0.01,max_proc,lowest_lower_bound,PRUNE,all_to_shortest,greedy,5762,448,448,4.2457966804504395,0.06571676501214853,True,5762.0,84,-1,5383.34
Uniform1-5000_Seed152_J100_M50,"[0.014572, 0.956937]",50,100,0.02,max_proc,lowest_lower_bound,NO_PROFILING,all_to_shortest,greedy,6571,249,2001,21.493475198745728,0.20626997412874748,False,5215.6,50,-1,5215.6
Uniform1-5000_Seed152_J100_M50,"[0.014572, 0.956937]",50,100,0.01,max_proc,lowest_lower_bound,PRUNE,all_to_shortest,greedy,5733,1243,1243,13.266474723815918,0.0902494331065759,True,5714.0,69,-1,5215.6
Uniform1-5000_Seed153_J100_M50,"[0.003618, 1.000000]",50,100,0.02,max_proc,lowest_lower_bound,NO_PROFILING,all_to_shortest,greedy,5014,83,83,0.6490354537963867,0.007778220981252493,True,4975.0,81,-1,4975.0
Uniform1-5000_Seed153_J100_M50,"[0.003618, 1.000000]",50,100,0.01,max_proc,lowest_lower_bound,PRUNE,all_to_shortest,greedy,4998,107,107,0.9435174465179443,0.004601840736294518,True,4975.0,89,-1,4975.0
Uniform1-5000_Seed154_J100_M50,"[0.003824, 1.000000]",50,100,0.02,max_proc,lowest_lower_bound,NO_PROFILING,all_to_shortest,greedy,5718,1430,2001,19.161008834838867,0.1311647429171039,False,4968.0,63,-1,4968.0
Uniform1-5000_Seed154_J100_M50,"[0.003824, 1.000000]",50,100,0.01,max_proc,lowest_lower_bound,PRUNE,all_to_shortest,greedy,5758,106,2001,15.860838174819946,0.13720041681139283,False,4968.0,63,-1,4968.0
Uniform1-5000_Seed155_J100_M50,"[0.000832, 1.000000]",50,100,0.02,max_proc,lowest_lower_bound,NO_PROFILING,all_to_shortest,greedy,6068,1388,2001,16.894450664520264,0.20814106789716547,False,4805.0,50,-1,4805.0
Uniform1-5000_Seed155_J100_M50,"[0.000832, 1.000000]",50,100,0.01,max_proc,lowest_lower_bound,PRUNE,all_to_shortest,greedy,4982,75,75,0.6758923530578613,0.035527900441589724,True,4956.0,71,-1,4805.0
Uniform1-5000_Seed156_J100_M50,"[0.015306, 1.000000]",50,100,0.02,max_proc,lowest_lower_bound,NO_PROFILING,all_to_shortest,greedy,4904,77,77,0.6044125556945801,0.0008156606851549756,True,4900.0,75,-1,4900.0
Uniform1-5000_Seed156_J100_M50,"[0.015306, 1.000000]",50,100,0.01,max_proc,lowest_lower_bound,PRUNE,all_to_shortest,greedy,5292,592,2001,17.532376289367676,0.07407407407407407,False,4900.0,73,-1,4900.0
Uniform1-5000_Seed157_J100_M50,"[0.009912, 0.981321]",50,100,0.02,max_proc,lowest_lower_bound,NO_PROFILING,all_to_shortest,greedy,6520,1425,2001,17.35756754875183,0.22634662576687112,False,5044.22,50,-1,5044.22
Uniform1-5000_Seed157_J100_M50,"[0.009912, 0.981321]",50,100,0.01,max_proc,lowest_lower_bound,PRUNE,all_to_shortest,greedy,5541,78,78,0.6802959442138672,0.08965529687781984,True,5440.0,72,-1,5044.22
Uniform1-5000_Seed158_J100_M50,"[0.005722, 0.984396]",50,100,0.02,max_proc,lowest_lower_bound,NO_PROFILING,all_to_shortest,greedy,6010,402,2001,18.461321592330933,0.1567254575707155,False,5068.08,65,-1,5068.08
Uniform1-5000_Seed158_J100_M50,"[0.005722, 0.984396]",50,100,0.01,max_proc,lowest_lower_bound,PRUNE,all_to_shortest,greedy,5957,603,2001,20.348158359527588,0.14922276313580662,False,5068.08,65,-1,5068.08
Uniform1-5000_Seed159_J100_M50,"[0.002406, 1.000000]",50,100,0.02,max_proc,lowest_lower_bound,NO_PROFILING,all_to_shortest,greedy,5028,38,38,0.2874319553375244,0.008154335719968177,True,4987.0,36,-1,4987.0
Uniform1-5000_Seed159_J100_M50,"[0.002406, 1.000000]",50,100,0.01,max_proc,lowest_lower_bound,PRUNE,all_to_shortest,greedy,4987,50,50,0.41228413581848145,0.0,True,4987.0,48,50,4987.0
Uniform1-5000_Seed160_J100_M50,"[0.045403, 0.871381]",50,100,0.02,max_proc,lowest_lower_bound,NO_PROFILING,all_to_shortest,greedy,7212,933,2001,17.500110864639282,0.2059706045479756,False,5726.54,50,-1,5726.54
Uniform1-5000_Seed160_J100_M50,"[0.045403, 0.871381]",50,100,0.01,max_proc,lowest_lower_bound,PRUNE,all_to_shortest,greedy,6345,77,77,0.7209076881408691,0.09747202521670607,True,6255.0,74,-1,5726.54
Uniform1-5000_Seed131_J150_M75,"[0.013029, 1.000000]",75,150,0.02,max_proc,lowest_lower_bound,NO_PROFILING,all_to_shortest,greedy,5565,369,2001,46.75443625450134,0.10350404312668464,False,4989.0,112,-1,4989.0
Uniform1-5000_Seed131_J150_M75,"[0.013029, 1.000000]",75,150,0.01,max_proc,lowest_lower_bound,PRUNE,all_to_shortest,greedy,5914,1312,2001,56.579320192337036,0.15640852215082854,False,4989.0,108,-1,4989.0
Uniform1-5000_Seed132_J150_M75,"[0.001815, 1.000000]",75,150,0.02,max_proc,lowest_lower_bound,NO_PROFILING,all_to_shortest,greedy,5033,109,109,2.4445276260375977,0.01470296046095768,True,4959.0,107,-1,4959.0
Uniform1-5000_Seed132_J150_M75,"[0.001815, 1.000000]",75,150,0.01,max_proc,lowest_lower_bound,PRUNE,all_to_shortest,greedy,5044,206,206,5.432794570922852,0.016851704996034892,True,4959.0,127,-1,4959.0
Uniform1-5000_Seed133_J150_M75,"[0.001200, 1.000000]",75,150,0.02,max_proc,lowest_lower_bound,NO_PROFILING,all_to_shortest,greedy,5092,94,94,2.086176872253418,0.018067556952081697,True,5000.0,92,-1,5000.0
Uniform1-5000_Seed133_J150_M75,"[0.001200, 1.000000]",75,150,0.01,max_proc,lowest_lower_bound,PRUNE,all_to_shortest,greedy,5040,111,111,2.7493185997009277,0.007936507936507936,True,5000.0,109,-1,5000.0
Uniform1-5000_Seed134_J150_M75,"[0.010746, 1.000000]",75,150,0.02,max_proc,lowest_lower_bound,NO_PROFILING,all_to_shortest,greedy,4993,107,107,2.458709478378296,0.012217103945523734,True,4932.0,105,-1,4932.0
Uniform1-5000_Seed134_J150_M75,"[0.010746, 1.000000]",75,150,0.01,max_proc,lowest_lower_bound,PRUNE,all_to_shortest,greedy,4954,140,140,3.6039555072784424,0.0044408558740411785,True,4932.0,133,-1,4932.0
Uniform1-5000_Seed135_J150_M75,"[0.014432, 0.976604]",75,150,0.02,max_proc,lowest_lower_bound,NO_PROFILING,all_to_shortest,greedy,6038,1589,2001,51.376938581466675,0.16224798498399035,False,5058.346666666666,95,-1,5058.346666666666
Uniform1-5000_Seed135_J150_M75,"[0.014432, 0.976604]",75,150,0.01,max_proc,lowest_lower_bound,PRUNE,all_to_shortest,greedy,6151,1118,2001,62.06668138504028,0.17763832439169788,False,5058.346666666666,95,-1,5058.346666666666
Uniform1-5000_Seed136_J150_M75,"[0.021345, 0.980271]",75,150,0.02,max_proc,lowest_lower_bound,NO_PROFILING,all_to_shortest,greedy,6088,837,2001,51.37320280075073,0.16888523872098113,False,5059.826666666667,94,-1,5059.826666666667
Uniform1-5000_Seed136_J150_M75,"[0.021345, 0.980271]",75,150,0.01,max_proc,lowest_lower_bound,PRUNE,all_to_shortest,greedy,6083,313,2001,55.54672694206238,0.16820209326538438,False,5059.826666666667,94,-1,5059.826666666667
Uniform1-5000_Seed137_J150_M75,"[0.021620, 0.993701]",75,150,0.02,max_proc,lowest_lower_bound,NO_PROFILING,all_to_shortest,greedy,6342,155,2001,50.853729248046875,0.2123199831809104,False,4995.466666666666,80,-1,4995.466666666666
Uniform1-5000_Seed137_J150_M75,"[0.021620, 0.993701]",75,150,0.01,max_proc,lowest_lower_bound,PRUNE,all_to_shortest,greedy,6088,177,2001,57.99854922294617,0.17945685501533076,False,5020.0,89,-1,4995.466666666666
Uniform1-5000_Seed138_J150_M75,"[0.005500, 1.000000]",75,150,0.02,max_proc,lowest_lower_bound,NO_PROFILING,all_to_shortest,greedy,4942,121,121,2.909895420074463,0.006677458518818292,True,4909.0,119,-1,4909.0
Uniform1-5000_Seed138_J150_M75,"[0.005500, 1.000000]",75,150,0.01,max_proc,lowest_lower_bound,PRUNE,all_to_shortest,greedy,5002,183,183,4.474669456481934,0.018592562974810076,True,4909.0,128,-1,4909.0
Uniform1-5000_Seed139_J150_M75,"[0.005809, 0.956916]",75,150,0.02,max_proc,lowest_lower_bound,NO_PROFILING,all_to_shortest,greedy,6721,473,2001,56.32944393157959,0.23158656945890982,False,5164.506666666667,75,-1,5164.506666666667
Uniform1-5000_Seed139_J150_M75,"[0.005809, 0.956916]",75,150,0.01,max_proc,lowest_lower_bound,PRUNE,all_to_shortest,greedy,6103,195,2001,46.77268934249878,0.15377573870773928,False,5307.0,98,-1,5164.506666666667
Uniform1-5000_Seed140_J150_M75,"[0.000811, 0.999886]",75,150,0.02,max_proc,lowest_lower_bound,NO_PROFILING,all_to_shortest,greedy,5831,1459,2001,50.59562301635742,0.1539084205110615,False,4933.56,101,-1,4933.56
Uniform1-5000_Seed140_J150_M75,"[0.000811, 0.999886]",75,150,0.01,max_proc,lowest_lower_bound,PRUNE,all_to_shortest,greedy,5884,1096,2001,50.45209455490112,0.16152957171991836,False,4933.56,101,-1,4933.56
Uniform1-5000_Seed141_J150_M75,"[0.009406, 1.000000]",75,150,0.02,max_proc,lowest_lower_bound,NO_PROFILING,all_to_shortest,greedy,4997,135,135,3.112036943435669,0.0,True,4997.0,131,135,4997.0
Uniform1-5000_Seed141_J150_M75,"[0.009406, 1.000000]",75,150,0.01,max_proc,lowest_lower_bound,PRUNE,all_to_shortest,greedy,5762,242,2001,48.85499596595764,0.13276640055536273,False,4997.0,112,-1,4997.0
Uniform1-5000_Seed142_J150_M75,"[0.003261, 0.957706]",75,150,0.02,max_proc,lowest_lower_bound,NO_PROFILING,all_to_shortest,greedy,6633,175,2001,51.585278272628784,0.21416352580531692,False,5212.453333333333,78,-1,5212.453333333333
Uniform1-5000_Seed142_J150_M75,"[0.003261, 0.957706]",75,150,0.01,max_proc,lowest_lower_bound,PRUNE,all_to_shortest,greedy,6501,189,2001,64.37408113479614,0.1982074552632929,False,5295.0,88,-1,5212.453333333333
Uniform1-5000_Seed143_J150_M75,"[0.016613, 1.000000]",75,150,0.02,max_proc,lowest_lower_bound,NO_PROFILING,all_to_shortest,greedy,5998,422,2001,51.673951864242554,0.16705568522840947,False,4996.0,86,-1,4996.0
Uniform1-5000_Seed143_J150_M75,"[0.016613, 1.000000]",75,150,0.01,max_proc,lowest_lower_bound,PRUNE,all_to_shortest,greedy,6046,91,2001,52.32175064086914,0.17366854118425407,False,4996.0,86,-1,4996.0
Uniform1-5000_Seed144_J150_M75,"[0.001402, 0.994801]",75,150,0.02,max_proc,lowest_lower_bound,NO_PROFILING,all_to_shortest,greedy,6301,1012,2001,46.54352831840515,0.20759244564354865,False,4992.96,75,-1,4992.96
Uniform1-5000_Seed144_J150_M75,"[0.001402, 0.994801]",75,150,0.01,max_proc,lowest_lower_bound,PRUNE,all_to_shortest,greedy,6375,82,2001,47.8683979511261,0.21679058823529412,False,5107.0,86,-1,4992.96
Uniform1-5000_Seed145_J150_M75,"[0.003423, 1.000000]",75,150,0.02,max_proc,lowest_lower_bound,NO_PROFILING,all_to_shortest,greedy,6170,606,2001,43.01490879058838,0.19497568881685576,False,4967.0,79,-1,4967.0
Uniform1-5000_Seed145_J150_M75,"[0.003423, 1.000000]",75,150,0.01,max_proc,lowest_lower_bound,PRUNE,all_to_shortest,greedy,5397,1502,2001,48.28847813606262,0.07967389290346488,False,5024.0,126,-1,4967.0
Uniform1-5000_Seed146_J150_M75,"[0.000602, 1.000000]",75,150,0.02,max_proc,lowest_lower_bound,NO_PROFILING,all_to_shortest,greedy,6038,73,2001,44.37898540496826,0.17472673070553163,False,4983.0,79,-1,4983.0
Uniform1-5000_Seed146_J150_M75,"[0.000602, 1.000000]",75,150,0.01,max_proc,lowest_lower_bound,PRUNE,all_to_shortest,greedy,5124,422,422,10.329487800598145,0.027517564402810304,True,5027.0,118,-1,4983.0
Uniform1-5000_Seed147_J150_M75,"[0.002209, 1.000000]",75,150,0.02,max_proc,lowest_lower_bound,NO_PROFILING,all_to_shortest,greedy,6218,1709,2001,47.28496074676514,0.19926021228690896,False,4979.0,75,-1,4979.0
Uniform1-5000_Seed147_J150_M75,"[0.002209, 1.000000]",75,150,0.01,max_proc,lowest_lower_bound,PRUNE,all_to_shortest,greedy,6032,444,2001,45.403937339782715,0.17456896551724138,False,5039.0,90,-1,4979.0
Uniform1-5000_Seed148_J150_M75,"[0.003227, 0.942134]",75,150,0.02,max_proc,lowest_lower_bound,NO_PROFILING,all_to_shortest,greedy,6446,536,2001,45.943283557891846,0.1827758816837315,False,5267.826666666667,75,-1,5267.826666666667
Uniform1-5000_Seed148_J150_M75,"[0.003227, 0.942134]",75,150,0.01,max_proc,lowest_lower_bound,PRUNE,all_to_shortest,greedy,6493,99,2001,48.09265851974487,0.18869141126341185,False,5383.0,87,-1,5267.826666666667
Uniform1-5000_Seed149_J150_M75,"[0.006535, 0.987436]",75,150,0.02,max_proc,lowest_lower_bound,NO_PROFILING,all_to_shortest,greedy,6167,901,2001,47.12709856033325,0.1812161504783526,False,5049.44,78,-1,5049.44
Uniform1-5000_Seed149_J150_M75,"[0.006535, 0.987436]",75,150,0.01,max_proc,lowest_lower_bound,PRUNE,all_to_shortest,greedy,5679,1321,2001,52.07113599777222,0.11085754534248994,False,5165.0,119,-1,5049.44
Uniform1-5000_Seed150_J150_M75,"[0.004229, 1.000000]",75,150,0.02,max_proc,lowest_lower_bound,NO_PROFILING,all_to_shortest,greedy,5052,106,106,2.5124900341033936,0.017022961203483768,True,4966.0,104,-1,4966.0
Uniform1-5000_Seed150_J150_M75,"[0.004229, 1.000000]",75,150,0.01,max_proc,lowest_lower_bound,PRUNE,all_to_shortest,greedy,4992,123,123,2.974942445755005,0.005208333333333333,True,4966.0,121,-1,4966.0
Uniform1-5000_Seed151_J150_M75,"[0.002997, 0.935697]",75,150,0.02,max_proc,lowest_lower_bound,NO_PROFILING,all_to_shortest,greedy,6832,668,2001,53.235708713531494,0.21848165495706484,False,5339.333333333333,75,-1,5339.333333333333
Uniform1-5000_Seed151_J150_M75,"[0.002997, 0.935697]",75,150,0.01,max_proc,lowest_lower_bound,PRUNE,all_to_shortest,greedy,6715,208,2001,60.39246726036072,0.2048647307024076,False,5697.0,86,-1,5339.333333333333
Uniform1-5000_Seed152_J150_M75,"[0.003406, 1.000000]",75,150,0.02,max_proc,lowest_lower_bound,NO_PROFILING,all_to_shortest,greedy,6264,898,2001,45.34657287597656,0.20322477650063858,False,4991.0,80,-1,4991.0
Uniform1-5000_Seed152_J150_M75,"[0.003406, 1.000000]",75,150,0.01,max_proc,lowest_lower_bound,PRUNE,all_to_shortest,greedy,6260,239,2001,61.563114404678345,0.2027156549520767,False,5058.0,87,-1,4991.0
Uniform1-5000_Seed153_J150_M75,"[0.003590, 0.992314]",75,150,0.02,max_proc,lowest_lower_bound,NO_PROFILING,all_to_shortest,greedy,6437,813,2001,50.224318742752075,0.22113821138211376,False,5013.533333333334,75,-1,5013.533333333334
Uniform1-5000_Seed153_J150_M75,"[0.003590, 0.992314]",75,150,0.01,max_proc,lowest_lower_bound,PRUNE,all_to_shortest,greedy,6129,94,2001,58.34931826591492,0.18199815086746063,False,5152.0,89,-1,5013.533333333334
Uniform1-5000_Seed154_J150_M75,"[0.003799, 0.993211]",75,150,0.02,max_proc,lowest_lower_bound,NO_PROFILING,all_to_shortest,greedy,6084,1071,2001,49.77096652984619,0.17785009861932938,False,5001.96,93,-1,5001.96
Uniform1-5000_Seed154_J150_M75,"[0.003799, 0.993211]",75,150,0.01,max_proc,lowest_lower_bound,PRUNE,all_to_shortest,greedy,6079,324,2001,58.90432691574097,0.17717387728244777,False,5001.96,93,-1,5001.96
Uniform1-5000_Seed155_J150_M75,"[0.000815, 1.000000]",75,150,0.02,max_proc,lowest_lower_bound,NO_PROFILING,all_to_shortest,greedy,4954,119,119,2.744678497314453,0.009285425918449738,True,4908.0,117,-1,4908.0
Uniform1-5000_Seed155_J150_M75,"[0.000815, 1.000000]",75,150,0.01,max_proc,lowest_lower_bound,PRUNE,all_to_shortest,greedy,5005,133,133,3.2933497428894043,0.01938061938061938,True,4908.0,131,-1,4908.0
Uniform1-5000_Seed156_J150_M75,"[0.014921, 0.975845]",75,150,0.02,max_proc,lowest_lower_bound,NO_PROFILING,all_to_shortest,greedy,6067,316,2001,48.88034629821777,0.17151585077742987,False,5026.413333333333,90,-1,5026.413333333333
Uniform1-5000_Seed156_J150_M75,"[0.014921, 0.975845]",75,150,0.01,max_proc,lowest_lower_bound,PRUNE,all_to_shortest,greedy,6116,315,2001,57.86172032356262,0.17815347721822547,False,5026.413333333333,90,-1,5026.413333333333
Uniform1-5000_Seed157_J150_M75,"[0.009839, 0.975815]",75,150,0.02,max_proc,lowest_lower_bound,NO_PROFILING,all_to_shortest,greedy,6478,722,2001,46.58698868751526,0.21551301842132345,False,5081.906666666667,75,-1,5081.906666666667
Uniform1-5000_Seed157_J150_M75,"[0.009839, 0.975815]",75,150,0.01,max_proc,lowest_lower_bound,PRUNE,all_to_shortest,greedy,5519,125,125,3.065065860748291,0.07919792232892431,True,5426.0,122,-1,5081.906666666667
Uniform1-5000_Seed158_J150_M75,"[0.002405, 1.000000]",75,150,0.02,max_proc,lowest_lower_bound,NO_PROFILING,all_to_shortest,greedy,5576,115,2001,45.69978475570679,0.10527259684361549,False,4989.0,113,-1,4989.0
Uniform1-5000_Seed158_J150_M75,"[0.002405, 1.000000]",75,150,0.01,max_proc,lowest_lower_bound,PRUNE,all_to_shortest,greedy,5730,918,2001,44.8770911693573,0.12931937172774868,False,4989.0,109,-1,4989.0
Uniform1-5000_Seed159_J150_M75,"[0.002401, 1.000000]",75,150,0.02,max_proc,lowest_lower_bound,NO_PROFILING,all_to_shortest,greedy,5087,87,87,1.755073070526123,0.017495576960880676,True,4998.0,85,-1,4998.0
Uniform1-5000_Seed159_J150_M75,"[0.002401, 1.000000]",75,150,0.01,max_proc,lowest_lower_bound,PRUNE,all_to_shortest,greedy,4998,111,111,2.6149649620056152,0.0,True,4998.0,109,111,4998.0
Uniform1-5000_Seed160_J150_M75,"[0.004334, 0.940209]",75,150,0.02,max_proc,lowest_lower_bound,NO_PROFILING,all_to_shortest,greedy,6614,1288,2001,46.76757192611694,0.1975607297651447,False,5307.333333333333,75,-1,5307.333333333333
Uniform1-5000_Seed160_J150_M75,"[0.004334, 0.940209]",75,150,0.01,max_proc,lowest_lower_bound,PRUNE,all_to_shortest,greedy,6625,77,2001,61.3014702796936,0.19889308176100634,False,5499.0,84,-1,5307.333333333333
Uniform1-5000_Seed131_J200_M100,"[0.013029, 1.000000]",100,200,0.02,max_proc,lowest_lower_bound,NO_PROFILING,all_to_shortest,greedy,5655,1389,2001,98.77181458473206,0.11777188328912466,False,4989.0,143,-1,4989.0
Uniform1-5000_Seed131_J200_M100,"[0.013029, 1.000000]",100,200,0.01,max_proc,lowest_lower_bound,PRUNE,all_to_shortest,greedy,5938,1964,2001,99.48519778251648,0.15981812057931963,False,4989.0,141,-1,4989.0
Uniform1-5000_Seed132_J200_M100,"[0.001785, 0.987384]",100,200,0.02,max_proc,lowest_lower_bound,NO_PROFILING,all_to_shortest,greedy,6292,1948,2001,104.72597146034241,0.19856643356643358,False,5042.62,114,-1,5042.62
Uniform1-5000_Seed132_J200_M100,"[0.001785, 0.987384]",100,200,0.01,max_proc,lowest_lower_bound,PRUNE,all_to_shortest,greedy,6331,545,2001,129.8172631263733,0.2035033959879956,False,5042.62,114,-1,5042.62
Uniform1-5000_Seed133_J200_M100,"[0.001200, 1.000000]",100,200,0.02,max_proc,lowest_lower_bound,NO_PROFILING,all_to_shortest,greedy,5056,132,132,6.272682428359985,0.011075949367088608,True,5000.0,130,-1,5000.0
Uniform1-5000_Seed133_J200_M100,"[0.001200, 1.000000]",100,200,0.01,max_proc,lowest_lower_bound,PRUNE,all_to_shortest,greedy,5090,160,160,8.60799241065979,0.01768172888015717,True,5000.0,158,-1,5000.0
Uniform1-5000_Seed134_J200_M100,"[0.010746, 1.000000]",100,200,0.02,max_proc,lowest_lower_bound,NO_PROFILING,all_to_shortest,greedy,5006,143,143,6.869136333465576,0.014782261286456252,True,4932.0,141,-1,4932.0
Uniform1-5000_Seed134_J200_M100,"[0.010746, 1.000000]",100,200,0.01,max_proc,lowest_lower_bound,PRUNE,all_to_shortest,greedy,5008,183,183,10.200657367706299,0.015175718849840255,True,4932.0,173,-1,4932.0
Uniform1-5000_Seed135_J200_M100,"[0.010918, 0.946262]",100,200,0.02,max_proc,lowest_lower_bound,NO_PROFILING,all_to_shortest,greedy,6675,1178,2001,111.10133671760559,0.21789662921348316,False,5220.54,100,-1,5220.54
Uniform1-5000_Seed135_J200_M100,"[0.010918, 0.946262]",100,200,0.01,max_proc,lowest_lower_bound,PRUNE,all_to_shortest,greedy,6351,178,2001,104.01006293296814,0.17799716580066133,False,5316.0,124,-1,5220.54
Uniform1-5000_Seed136_J200_M100,"[0.002419, 1.000000]",100,200,0.02,max_proc,lowest_lower_bound,NO_PROFILING,all_to_shortest,greedy,6209,1660,2001,111.02555274963379,0.20115960702206476,False,4960.0,102,-1,4960.0
Uniform1-5000_Seed136_J200_M100,"[0.002419, 1.000000]",100,200,0.01,max_proc,lowest_lower_bound,PRUNE,all_to_shortest,greedy,5983,168,2001,104.51453447341919,0.17098445595854922,False,4993.0,129,-1,4960.0
Uniform1-5000_Seed137_J200_M100,"[0.001604, 0.995119]",100,200,0.02,max_proc,lowest_lower_bound,NO_PROFILING,all_to_shortest,greedy,6357,286,2001,106.26195764541626,0.21529809658644009,False,4988.35,107,-1,4988.35
Uniform1-5000_Seed137_J200_M100,"[0.001604, 0.995119]",100,200,0.01,max_proc,lowest_lower_bound,PRUNE,all_to_shortest,greedy,6017,1227,2001,124.19637489318848,0.17095728768489274,False,5010.0,120,-1,4988.35
Uniform1-5000_Seed138_J200_M100,"[0.005500, 1.000000]",100,200,0.02,max_proc,lowest_lower_bound,NO_PROFILING,all_to_shortest,greedy,5891,1282,2001,103.94759726524353,0.16669495841113563,False,4909.0,118,-1,4909.0
Uniform1-5000_Seed138_J200_M100,"[0.005500, 1.000000]",100,200,0.01,max_proc,lowest_lower_bound,PRUNE,all_to_shortest,greedy,5938,111,2001,105.3989520072937,0.17329067025934658,False,4911.0,118,-1,4909.0
Uniform1-5000_Seed139_J200_M100,"[0.005838, 0.961774]",100,200,0.02,max_proc,lowest_lower_bound,NO_PROFILING,all_to_shortest,greedy,6669,1604,2001,113.89941072463989,0.2295066726645674,False,5138.42,100,-1,5138.42
Uniform1-5000_Seed139_J200_M100,"[0.005838, 0.961774]",100,200,0.01,max_proc,lowest_lower_bound,PRUNE,all_to_shortest,greedy,6086,161,2001,112.15312314033508,0.15569832402234635,False,5246.0,134,-1,5138.42
Uniform1-5000_Seed140_J200_M100,"[0.000811, 1.000000]",100,200,0.02,max_proc,lowest_lower_bound,NO_PROFILING,all_to_shortest,greedy,4999,161,161,7.6500725746154785,0.013202640528105622,True,4933.0,159,-1,4933.0
Uniform1-5000_Seed140_J200_M100,"[0.000811, 1.000000]",100,200,0.01,max_proc,lowest_lower_bound,PRUNE,all_to_shortest,greedy,5365,861,2001,94.13268637657166,0.08052190121155639,False,4933.0,160,-1,4933.0
Uniform1-5000_Seed141_J200_M100,"[0.009406, 1.000000]",100,200,0.02,max_proc,lowest_lower_bound,NO_PROFILING,all_to_shortest,greedy,5084,426,426,20.541972637176514,0.017112509834775767,True,4997.0,173,-1,4997.0
Uniform1-5000_Seed141_J200_M100,"[0.009406, 1.000000]",100,200,0.01,max_proc,lowest_lower_bound,PRUNE,all_to_shortest,greedy,5837,753,2001,118.34240627288818,0.14390954257323968,False,4997.0,147,-1,4997.0
Uniform1-5000_Seed142_J200_M100,"[0.003263, 0.958364]",100,200,0.02,max_proc,lowest_lower_bound,NO_PROFILING,all_to_shortest,greedy,6403,684,2001,107.7605414390564,0.18633140715289706,False,5209.92,120,-1,5209.92
Uniform1-5000_Seed142_J200_M100,"[0.003263, 0.958364]",100,200,0.01,max_proc,lowest_lower_bound,PRUNE,all_to_shortest,greedy,6394,1624,2001,120.88960266113281,0.18518611197998122,False,5217.0,120,-1,5209.92
Uniform1-5000_Seed143_J200_M100,"[0.006005, 1.000000]",100,200,0.02,max_proc,lowest_lower_bound,NO_PROFILING,all_to_shortest,greedy,6226,882,2001,103.82954263687134,0.19755862512046257,False,4996.0,102,-1,4996.0
Uniform1-5000_Seed143_J200_M100,"[0.006005, 1.000000]",100,200,0.01,max_proc,lowest_lower_bound,PRUNE,all_to_shortest,greedy,6056,1434,2001,126.15324258804321,0.17503302509907528,False,5076.0,114,-1,4996.0
Uniform1-5000_Seed144_J200_M100,"[0.001409, 1.000000]",100,200,0.02,max_proc,lowest_lower_bound,NO_PROFILING,all_to_shortest,greedy,6249,745,2001,100.8401153087616,0.2051528244519123,False,4967.0,100,-1,4967.0
Uniform1-5000_Seed144_J200_M100,"[0.001409, 1.000000]",100,200,0.01,max_proc,lowest_lower_bound,PRUNE,all_to_shortest,greedy,6273,108,2001,122.67148876190186,0.20819384664434878,False,5094.0,117,-1,4967.0
Uniform1-5000_Seed145_J200_M100,"[0.003423, 1.000000]",100,200,0.02,max_proc,lowest_lower_bound,NO_PROFILING,all_to_shortest,greedy,5064,173,173,8.761597633361816,0.01915481832543444,True,4967.0,171,-1,4967.0
Uniform1-5000_Seed145_J200_M100,"[0.003423, 1.000000]",100,200,0.01,max_proc,lowest_lower_bound,PRUNE,all_to_shortest,greedy,5443,190,2001,112.62698698043823,0.08745177291934594,False,4967.0,157,-1,4967.0
Uniform1-5000_Seed146_J200_M100,"[0.000602, 1.000000]",100,200,0.02,max_proc,lowest_lower_bound,NO_PROFILING,all_to_shortest,greedy,5065,152,152,7.174652099609375,0.01618953603158934,True,4983.0,150,-1,4983.0
Uniform1-5000_Seed146_J200_M100,"[0.000602, 1.000000]",100,200,0.01,max_proc,lowest_lower_bound,PRUNE,all_to_shortest,greedy,5100,724,2001,103.08662486076355,0.022941176470588236,False,4983.0,170,-1,4983.0
Uniform1-5000_Seed147_J200_M100,"[0.002209, 1.000000]",100,200,0.02,max_proc,lowest_lower_bound,NO_PROFILING,all_to_shortest,greedy,6311,1615,2001,108.230637550354,0.21106005387418791,False,4979.0,100,-1,4979.0
Uniform1-5000_Seed147_J200_M100,"[0.002209, 1.000000]",100,200,0.01,max_proc,lowest_lower_bound,PRUNE,all_to_shortest,greedy,6133,822,2001,102.86843848228455,0.18816240013044186,False,4994.0,121,-1,4979.0
Uniform1-5000_Seed148_J200_M100,"[0.003315, 0.968655]",100,200,0.02,max_proc,lowest_lower_bound,NO_PROFILING,all_to_shortest,greedy,6474,329,2001,105.65436100959778,0.20795026258881688,False,5127.73,104,-1,5127.73
Uniform1-5000_Seed148_J200_M100,"[0.003315, 0.968655]",100,200,0.01,max_proc,lowest_lower_bound,PRUNE,all_to_shortest,greedy,6374,665,2001,131.39976382255554,0.19552400376529658,False,5180.0,118,-1,5127.73
Uniform1-5000_Seed149_J200_M100,"[0.006494, 0.981118]",100,200,0.02,max_proc,lowest_lower_bound,NO_PROFILING,all_to_shortest,greedy,6343,94,2001,103.22710347175598,0.1988081349519155,False,5081.96,100,-1,5081.96
Uniform1-5000_Seed149_J200_M100,"[0.006494, 0.981118]",100,200,0.01,max_proc,lowest_lower_bound,PRUNE,all_to_shortest,greedy,5715,1765,2001,101.80422043800354,0.1107681539807524,False,5253.0,158,-1,5081.96
Uniform1-5000_Seed150_J200_M100,"[0.002819, 1.000000]",100,200,0.02,max_proc,lowest_lower_bound,NO_PROFILING,all_to_shortest,greedy,5002,146,146,6.835537910461426,0.007197121151539384,True,4966.0,144,-1,4966.0
Uniform1-5000_Seed150_J200_M100,"[0.002819, 1.000000]",100,200,0.01,max_proc,lowest_lower_bound,PRUNE,all_to_shortest,greedy,5048,162,162,8.42994999885559,0.01624405705229794,True,4966.0,160,-1,4966.0
Uniform1-5000_Seed151_J200_M100,"[0.002169, 0.985025]",100,200,0.02,max_proc,lowest_lower_bound,NO_PROFILING,all_to_shortest,greedy,6553,91,2001,113.47121381759644,0.2260109873340455,False,5071.95,100,-1,5071.95
Uniform1-5000_Seed151_J200_M100,"[0.002169, 0.985025]",100,200,0.01,max_proc,lowest_lower_bound,PRUNE,all_to_shortest,greedy,6042,773,2001,126.72728180885315,0.16055114200595832,False,5176.0,134,-1,5071.95
Uniform1-5000_Seed152_J200_M100,"[0.003307, 0.970887]",100,200,0.02,max_proc,lowest_lower_bound,NO_PROFILING,all_to_shortest,greedy,6673,285,2001,103.68693351745605,0.22963284879364607,False,5140.66,100,-1,5140.66
Uniform1-5000_Seed152_J200_M100,"[0.003307, 0.970887]",100,200,0.01,max_proc,lowest_lower_bound,PRUNE,all_to_shortest,greedy,5356,174,174,9.678218603134155,0.04020537714712475,True,5356.0,166,-1,5140.66
Uniform1-5000_Seed153_J200_M100,"[0.003533, 0.976614]",100,200,0.02,max_proc,lowest_lower_bound,NO_PROFILING,all_to_shortest,greedy,6680,563,2001,114.96653246879578,0.23740568862275446,False,5094.13,100,-1,5094.13
Uniform1-5000_Seed153_J200_M100,"[0.003533, 0.976614]",100,200,0.01,max_proc,lowest_lower_bound,PRUNE,all_to_shortest,greedy,5266,190,190,10.041728258132935,0.0326376756551462,True,5266.0,172,-1,5094.13
Uniform1-5000_Seed154_J200_M100,"[0.003824, 1.000000]",100,200,0.02,max_proc,lowest_lower_bound,NO_PROFILING,all_to_shortest,greedy,5046,166,166,8.266004800796509,0.015457788347205707,True,4968.0,164,-1,4968.0
Uniform1-5000_Seed154_J200_M100,"[0.003824, 1.000000]",100,200,0.01,max_proc,lowest_lower_bound,PRUNE,all_to_shortest,greedy,5004,549,549,25.8582284450531,0.007194244604316547,True,4968.0,175,-1,4968.0
Uniform1-5000_Seed155_J200_M100,"[0.000802, 1.000000]",100,200,0.02,max_proc,lowest_lower_bound,NO_PROFILING,all_to_shortest,greedy,5077,128,128,6.260035991668701,0.017136103998424267,True,4990.0,126,-1,4990.0
Uniform1-5000_Seed155_J200_M100,"[0.000802, 1.000000]",100,200,0.01,max_proc,lowest_lower_bound,PRUNE,all_to_shortest,greedy,5050,172,172,9.022268772125244,0.011881188118811881,True,4990.0,170,-1,4990.0
Uniform1-5000_Seed156_J200_M100,"[0.014639, 0.973013]",100,200,0.02,max_proc,lowest_lower_bound,NO_PROFILING,all_to_shortest,greedy,6252,1250,2001,108.60721516609192,0.18054062699936016,False,5123.26,119,-1,5123.26
Uniform1-5000_Seed156_J200_M100,"[0.014639, 0.973013]",100,200,0.01,max_proc,lowest_lower_bound,PRUNE,all_to_shortest,greedy,6323,1251,2001,104.81480503082275,0.1897422109758026,False,5123.26,119,-1,5123.26
Uniform1-5000_Seed157_J200_M100,"[0.009832, 0.975093]",100,200,0.02,max_proc,lowest_lower_bound,NO_PROFILING,all_to_shortest,greedy,6528,1208,2001,103.26859307289124,0.2209451593137255,False,5085.67,100,-1,5085.67
Uniform1-5000_Seed157_J200_M100,"[0.009832, 0.975093]",100,200,0.01,max_proc,lowest_lower_bound,PRUNE,all_to_shortest,greedy,5405,166,166,8.670254468917847,0.059080481036077694,True,5301.0,164,-1,5085.67
Uniform1-5000_Seed158_J200_M100,"[0.002405, 1.000000]",100,200,0.02,max_proc,lowest_lower_bound,NO_PROFILING,all_to_shortest,greedy,6412,1976,2001,103.03520774841309,0.2219276356830942,False,4989.0,100,-1,4989.0
Uniform1-5000_Seed158_J200_M100,"[0.002405, 1.000000]",100,200,0.01,max_proc,lowest_lower_bound,PRUNE,all_to_shortest,greedy,5789,345,2001,102.65609407424927,0.1381931248920366,False,5012.0,145,-1,4989.0
Uniform1-5000_Seed159_J200_M100,"[0.002401, 1.000000]",100,200,0.02,max_proc,lowest_lower_bound,NO_PROFILING,all_to_shortest,greedy,5019,118,118,5.301660537719727,0.0041841004184100415,True,4998.0,116,-1,4998.0
Uniform1-5000_Seed159_J200_M100,"[0.002401, 1.000000]",100,200,0.01,max_proc,lowest_lower_bound,PRUNE,all_to_shortest,greedy,5083,145,145,7.208506345748901,0.016722408026755852,True,4998.0,143,-1,4998.0
Uniform1-5000_Seed160_J200_M100,"[0.004319, 0.937028]",100,200,0.02,max_proc,lowest_lower_bound,NO_PROFILING,all_to_shortest,greedy,6921,723,2001,103.86940932273865,0.23055194336078597,False,5325.35,100,-1,5325.35
Uniform1-5000_Seed160_J200_M100,"[0.004319, 0.937028]",100,200,0.01,max_proc,lowest_lower_bound,PRUNE,all_to_shortest,greedy,6672,756,2001,129.4264998435974,0.2018360311750599,False,5563.0,113,-1,5325.35
Uniform1-5000_Seed161_J20_M10,"[0.053615, 0.990420]",10,20,0.02,max_proc,lowest_lower_bound,NO_PROFILING,all_to_shortest,greedy,5178,330,2001,0.3439476490020752,0.07066434916956346,False,4812.1,12,-1,4812.1
Uniform1-5000_Seed161_J20_M10,"[0.053615, 0.990420]",10,20,0.01,max_proc,lowest_lower_bound,PRUNE,all_to_shortest,greedy,5125,25,25,0.004637002944946289,0.061053658536585294,True,5125.0,15,-1,4812.1
Uniform1-5000_Seed162_J20_M10,"[0.030023, 0.811133]",10,20,0.02,max_proc,lowest_lower_bound,NO_PROFILING,all_to_shortest,greedy,6833,11,2001,0.281064510345459,0.151822040099517,False,5795.6,10,-1,5795.6
Uniform1-5000_Seed162_J20_M10,"[0.030023, 0.811133]",10,20,0.01,max_proc,lowest_lower_bound,PRUNE,all_to_shortest,greedy,6833,12,12,0.0027718544006347656,0.151822040099517,True,6833.0,10,-1,5795.6
Uniform1-5000_Seed163_J20_M10,"[0.012638, 0.821809]",10,20,0.02,max_proc,lowest_lower_bound,NO_PROFILING,all_to_shortest,greedy,6621,66,2001,0.35436391830444336,0.16341942304787796,False,5539.0,10,-1,5539.0
Uniform1-5000_Seed163_J20_M10,"[0.012638, 0.821809]",10,20,0.01,max_proc,lowest_lower_bound,PRUNE,all_to_shortest,greedy,6461,13,13,0.0027778148651123047,0.14270236805448072,True,6461.0,11,-1,5539.0
Uniform1-5000_Seed164_J20_M10,"[0.022045, 0.944243]",10,20,0.02,max_proc,lowest_lower_bound,NO_PROFILING,all_to_shortest,greedy,5798,564,2001,0.35897040367126465,0.1159365298378751,False,5125.8,10,-1,5125.8
Uniform1-5000_Seed164_J20_M10,"[0.022045, 0.944243]",10,20,0.01,max_proc,lowest_lower_bound,PRUNE,all_to_shortest,greedy,5709,14,14,0.002857685089111328,0.10215449290593796,True,5709.0,11,-1,5125.8
Uniform1-5000_Seed165_J20_M10,"[0.033905, 1.000000]",10,20,0.02,max_proc,lowest_lower_bound,NO_PROFILING,all_to_shortest,greedy,5263,958,2001,0.3239021301269531,0.08094242827284819,False,4837.0,11,-1,4837.0
Uniform1-5000_Seed165_J20_M10,"[0.033905, 1.000000]",10,20,0.01,max_proc,lowest_lower_bound,PRUNE,all_to_shortest,greedy,5040,19,19,0.003597259521484375,0.04027777777777778,True,4958.0,14,-1,4837.0
Uniform1-5000_Seed166_J20_M10,"[0.001177, 0.919132]",10,20,0.02,max_proc,lowest_lower_bound,NO_PROFILING,all_to_shortest,greedy,5812,145,2001,0.41646671295166016,0.12298692360633176,False,5097.2,10,-1,5097.2
Uniform1-5000_Seed166_J20_M10,"[0.001177, 0.919132]",10,20,0.01,max_proc,lowest_lower_bound,PRUNE,all_to_shortest,greedy,5699,15,15,0.003187894821166992,0.10559747324091949,True,5650.0,13,-1,5097.2
Uniform1-5000_Seed167_J20_M10,"[0.105252, 1.000000]",10,20,0.02,max_proc,lowest_lower_bound,NO_PROFILING,all_to_shortest,greedy,4703,11,11,0.0020515918731689453,0.0,True,4703.0,9,11,4703.0
Uniform1-5000_Seed167_J20_M10,"[0.105252, 1.000000]",10,20,0.01,max_proc,lowest_lower_bound,PRUNE,all_to_shortest,greedy,4797,13,13,0.0030679702758789062,0.01959558057119033,True,4703.0,11,-1,4703.0
Uniform1-5000_Seed168_J20_M10,"[0.016051, 0.851100]",10,20,0.02,max_proc,lowest_lower_bound,NO_PROFILING,all_to_shortest,greedy,5832,1178,2001,0.5144503116607666,0.09199245541838134,False,5295.5,10,-1,5295.5
Uniform1-5000_Seed168_J20_M10,"[0.016051, 0.851100]",10,20,0.01,max_proc,lowest_lower_bound,PRUNE,all_to_shortest,greedy,5784,593,823,0.12112045288085938,0.08445712309820194,True,5688.0,17,-1,5295.5
Uniform1-5000_Seed169_J20_M10,"[0.080972, 0.937695]",10,20,0.02,max_proc,lowest_lower_bound,NO_PROFILING,all_to_shortest,greedy,5753,718,2001,0.3894689083099365,0.07907178863201801,False,5298.1,10,-1,5298.1
Uniform1-5000_Seed169_J20_M10,"[0.080972, 0.937695]",10,20,0.01,max_proc,lowest_lower_bound,PRUNE,all_to_shortest,greedy,5461,20,20,0.004133462905883789,0.02982970151986809,True,5422.0,18,-1,5298.1
Uniform1-5000_Seed170_J20_M10,"[0.033711, 0.919834]",10,20,0.02,max_proc,lowest_lower_bound,NO_PROFILING,all_to_shortest,greedy,5986,1499,2001,0.38596177101135254,0.0980955562980287,False,5398.8,16,-1,5398.8
Uniform1-5000_Seed170_J20_M10,"[0.033711, 0.919834]",10,20,0.01,max_proc,lowest_lower_bound,PRUNE,all_to_shortest,greedy,5708,507,507,0.07723641395568848,0.05416958654519969,True,5708.0,17,-1,5398.8
Uniform1-5000_Seed171_J20_M10,"[0.098003, 0.793167]",10,20,0.02,max_proc,lowest_lower_bound,NO_PROFILING,all_to_shortest,greedy,7144,43,2001,0.4226975440979004,0.12730963045912655,False,6234.5,11,-1,6234.5
Uniform1-5000_Seed171_J20_M10,"[0.098003, 0.793167]",10,20,0.01,max_proc,lowest_lower_bound,PRUNE,all_to_shortest,greedy,7028,90,90,0.014262914657592773,0.11290552077404667,True,6936.0,13,-1,6234.5
Uniform1-5000_Seed172_J20_M10,"[0.086485, 1.000000]",10,20,0.02,max_proc,lowest_lower_bound,NO_PROFILING,all_to_shortest,greedy,5122,266,2001,0.31536054611206055,0.04509957048028114,False,4891.0,11,-1,4891.0
Uniform1-5000_Seed172_J20_M10,"[0.086485, 1.000000]",10,20,0.01,max_proc,lowest_lower_bound,PRUNE,all_to_shortest,greedy,5061,19,19,0.0037488937377929688,0.0335901995653033,True,4965.0,17,-1,4891.0
Uniform1-5000_Seed173_J20_M10,"[0.057569, 0.869791]",10,20,0.02,max_proc,lowest_lower_bound,NO_PROFILING,all_to_shortest,greedy,6284,178,2001,0.4034082889556885,0.10991406747294714,False,5593.3,15,-1,5593.3
Uniform1-5000_Seed173_J20_M10,"[0.057569, 0.869791]",10,20,0.01,max_proc,lowest_lower_bound,PRUNE,all_to_shortest,greedy,6200,226,2001,0.26537156105041504,0.09785483870967739,False,6077.0,17,-1,5593.3
Uniform1-5000_Seed174_J20_M10,"[0.122716, 0.963269]",10,20,0.02,max_proc,lowest_lower_bound,NO_PROFILING,all_to_shortest,greedy,5130,19,2001,0.3738667964935303,0.07074074074074067,False,4767.1,16,-1,4767.1
Uniform1-5000_Seed174_J20_M10,"[0.122716, 0.963269]",10,20,0.01,max_proc,lowest_lower_bound,PRUNE,all_to_shortest,greedy,4991,131,131,0.020137548446655273,0.04486074934882782,True,4919.0,17,-1,4767.1
Uniform1-5000_Seed175_J20_M10,"[0.057986, 1.000000]",10,20,0.02,max_proc,lowest_lower_bound,NO_PROFILING,all_to_shortest,greedy,4777,6,6,0.0010635852813720703,0.0,True,4777.0,4,6,4777.0
Uniform1-5000_Seed175_J20_M10,"[0.057986, 1.000000]",10,20,0.01,max_proc,lowest_lower_bound,PRUNE,all_to_shortest,greedy,4777,13,13,0.0027589797973632812,0.0,True,4777.0,11,13,4777.0
Uniform1-5000_Seed176_J20_M10,"[0.045710, 0.978117]",10,20,0.02,max_proc,lowest_lower_bound,NO_PROFILING,all_to_shortest,greedy,5666,833,2001,0.556178092956543,0.14669961171902574,False,4834.8,10,-1,4834.8
Uniform1-5000_Seed176_J20_M10,"[0.045710, 0.978117]",10,20,0.01,max_proc,lowest_lower_bound,PRUNE,all_to_shortest,greedy,5145,19,19,0.0039424896240234375,0.06029154518950434,True,5145.0,13,-1,4834.8
Uniform1-5000_Seed177_J20_M10,"[0.015921, 1.000000]",10,20,0.02,max_proc,lowest_lower_bound,NO_PROFILING,all_to_shortest,greedy,4962,12,12,0.0020029544830322266,0.0,True,4962.0,10,12,4962.0
Uniform1-5000_Seed177_J20_M10,"[0.015921, 1.000000]",10,20,0.01,max_proc,lowest_lower_bound,PRUNE,all_to_shortest,greedy,4962,13,13,0.0027518272399902344,0.0,True,4962.0,11,13,4962.0
Uniform1-5000_Seed178_J20_M10,"[0.015375, 0.825784]",10,20,0.02,max_proc,lowest_lower_bound,NO_PROFILING,all_to_shortest,greedy,6695,56,2001,0.32363390922546387,0.0965197908887229,False,6048.8,10,-1,6048.8
Uniform1-5000_Seed178_J20_M10,"[0.015375, 0.825784]",10,20,0.01,max_proc,lowest_lower_bound,PRUNE,all_to_shortest,greedy,6612,13,13,0.0028221607208251953,0.08517846339987899,True,6612.0,11,-1,6048.8
Uniform1-5000_Seed179_J20_M10,"[0.005129, 1.000000]",10,20,0.02,max_proc,lowest_lower_bound,NO_PROFILING,all_to_shortest,greedy,5218,445,2001,0.3229329586029053,0.10329628210042162,False,4679.0,10,-1,4679.0
Uniform1-5000_Seed179_J20_M10,"[0.005129, 1.000000]",10,20,0.01,max_proc,lowest_lower_bound,PRUNE,all_to_shortest,greedy,5215,15,15,0.0030257701873779297,0.1027804410354746,True,5215.0,11,-1,4679.0
Uniform1-5000_Seed180_J20_M10,"[0.097494, 0.906726]",10,20,0.02,max_proc,lowest_lower_bound,NO_PROFILING,all_to_shortest,greedy,6030,540,2001,0.3861830234527588,0.08825870646766167,False,5497.8,11,-1,5497.8
Uniform1-5000_Seed180_J20_M10,"[0.097494, 0.906726]",10,20,0.01,max_proc,lowest_lower_bound,PRUNE,all_to_shortest,greedy,5724,20,20,0.004025459289550781,0.03951781970649892,True,5646.0,18,-1,5497.8
Uniform1-5000_Seed181_J20_M10,"[0.046565, 0.975314]",10,20,0.02,max_proc,lowest_lower_bound,NO_PROFILING,all_to_shortest,greedy,4995,638,2001,0.34403347969055176,0.058438438438438364,False,4703.1,10,-1,4703.1
Uniform1-5000_Seed181_J20_M10,"[0.046565, 0.975314]",10,20,0.01,max_proc,lowest_lower_bound,PRUNE,all_to_shortest,greedy,5011,15,15,0.0031485557556152344,0.06144482139293547,True,4985.0,13,-1,4703.1
Uniform1-5000_Seed182_J20_M10,"[0.046889, 1.000000]",10,20,0.02,max_proc,lowest_lower_bound,NO_PROFILING,all_to_shortest,greedy,4711,6,6,0.0011336803436279297,0.01761834005518998,True,4628.0,4,-1,4628.0
Uniform1-5000_Seed182_J20_M10,"[0.046889, 1.000000]",10,20,0.01,max_proc,lowest_lower_bound,PRUNE,all_to_shortest,greedy,4628,9,9,0.0019106864929199219,0.0,True,4628.0,7,9,4628.0
Uniform1-5000_Seed183_J20_M10,"[0.006275, 0.953660]",10,20,0.02,max_proc,lowest_lower_bound,NO_PROFILING,all_to_shortest,greedy,5731,1435,2001,0.3300340175628662,0.11022509160704935,False,5099.3,13,-1,5099.3
Uniform1-5000_Seed183_J20_M10,"[0.006275, 0.953660]",10,20,0.01,max_proc,lowest_lower_bound,PRUNE,all_to_shortest,greedy,5731,77,87,0.013031482696533203,0.11022509160704935,True,5731.0,13,-1,5099.3
Uniform1-5000_Seed184_J20_M10,"[0.084127, 0.894023]",10,20,0.02,max_proc,lowest_lower_bound,NO_PROFILING,all_to_shortest,greedy,5621,611,2001,0.3605780601501465,0.07587617861590465,False,5194.5,13,-1,5194.5
Uniform1-5000_Seed184_J20_M10,"[0.084127, 0.894023]",10,20,0.01,max_proc,lowest_lower_bound,PRUNE,all_to_shortest,greedy,5528,42,42,0.0072367191314697266,0.06032923299565847,True,5431.0,16,-1,5194.5
Uniform1-5000_Seed185_J20_M10,"[0.029817, 1.000000]",10,20,0.02,max_proc,lowest_lower_bound,NO_PROFILING,all_to_shortest,greedy,4930,15,15,0.0025510787963867188,0.0,True,4930.0,13,15,4930.0
Uniform1-5000_Seed185_J20_M10,"[0.029817, 1.000000]",10,20,0.01,max_proc,lowest_lower_bound,PRUNE,all_to_shortest,greedy,4939,17,17,0.0034236907958984375,0.001822231220894918,True,4930.0,13,-1,4930.0
Uniform1-5000_Seed186_J20_M10,"[0.044139, 0.860877]",10,20,0.02,max_proc,lowest_lower_bound,NO_PROFILING,all_to_shortest,greedy,7038,201,2001,0.6597495079040527,0.17591645353793697,False,5799.9,10,-1,5799.9
Uniform1-5000_Seed186_J20_M10,"[0.044139, 0.860877]",10,20,0.01,max_proc,lowest_lower_bound,PRUNE,all_to_shortest,greedy,6321,17,17,0.0036993026733398438,0.08243948742287618,True,6321.0,15,-1,5799.9
Uniform1-5000_Seed187_J20_M10,"[0.060415, 0.829544]",10,20,0.02,max_proc,lowest_lower_bound,NO_PROFILING,all_to_shortest,greedy,6996,98,2001,0.42320942878723145,0.13879359634076616,False,6025.0,10,-1,6025.0
Uniform1-5000_Seed187_J20_M10,"[0.060415, 0.829544]",10,20,0.01,max_proc,lowest_lower_bound,PRUNE,all_to_shortest,greedy,6557,22,22,0.004383087158203125,0.08113466524325148,True,6491.0,13,-1,6025.0
Uniform1-5000_Seed188_J20_M10,"[0.012250, 0.954902]",10,20,0.02,max_proc,lowest_lower_bound,NO_PROFILING,all_to_shortest,greedy,5491,121,2001,0.28878188133239746,0.12289200509925335,False,4816.2,12,-1,4816.2
Uniform1-5000_Seed188_J20_M10,"[0.012250, 0.954902]",10,20,0.01,max_proc,lowest_lower_bound,PRUNE,all_to_shortest,greedy,5442,20,20,0.003645181655883789,0.11499448732083796,True,5442.0,13,-1,4816.2
Uniform1-5000_Seed189_J20_M10,"[0.021952, 0.848234]",10,20,0.02,max_proc,lowest_lower_bound,NO_PROFILING,all_to_shortest,greedy,6090,1782,2001,0.36617279052734375,0.12481116584564866,False,5329.9,10,-1,5329.9
Uniform1-5000_Seed189_J20_M10,"[0.021952, 0.848234]",10,20,0.01,max_proc,lowest_lower_bound,PRUNE,all_to_shortest,greedy,6042,16,16,0.0034089088439941406,0.1178583250579279,True,6042.0,14,-1,5329.9
Uniform1-5000_Seed190_J20_M10,"[0.030083, 1.000000]",10,20,0.02,max_proc,lowest_lower_bound,NO_PROFILING,all_to_shortest,greedy,5525,1225,2001,0.3339807987213135,0.10352941176470588,False,4953.0,10,-1,4953.0
Uniform1-5000_Seed190_J20_M10,"[0.030083, 1.000000]",10,20,0.01,max_proc,lowest_lower_bound,PRUNE,all_to_shortest,greedy,5525,14,14,0.002994060516357422,0.10352941176470588,True,5525.0,12,-1,4953.0
Uniform1-5000_Seed191_J20_M10,"[0.000902, 0.997272]",10,20,0.02,max_proc,lowest_lower_bound,NO_PROFILING,all_to_shortest,greedy,5214,4,2001,0.2968277931213379,0.14938626774069805,False,4435.1,10,-1,4435.1
Uniform1-5000_Seed191_J20_M10,"[0.000902, 0.997272]",10,20,0.01,max_proc,lowest_lower_bound,PRUNE,all_to_shortest,greedy,5214,15,15,0.002956390380859375,0.14938626774069805,True,5214.0,10,-1,4435.1
Uniform1-5000_Seed192_J20_M10,"[0.010908, 0.910318]",10,20,0.02,max_proc,lowest_lower_bound,NO_PROFILING,all_to_shortest,greedy,6002,1048,2001,0.4098479747772217,0.09878373875374868,False,5409.1,10,-1,5409.1
Uniform1-5000_Seed192_J20_M10,"[0.010908, 0.910318]",10,20,0.01,max_proc,lowest_lower_bound,PRUNE,all_to_shortest,greedy,5913,17,22,0.0040357112884521484,0.08521900896330115,True,5810.0,13,-1,5409.1
Uniform1-5000_Seed193_J20_M10,"[0.129080, 0.856075]",10,20,0.02,max_proc,lowest_lower_bound,NO_PROFILING,all_to_shortest,greedy,6586,22,2001,0.34992194175720215,0.11424233221986026,False,5833.6,13,-1,5833.6
Uniform1-5000_Seed193_J20_M10,"[0.129080, 0.856075]",10,20,0.01,max_proc,lowest_lower_bound,PRUNE,all_to_shortest,greedy,6586,46,226,0.03009510040283203,0.11424233221986026,True,6586.0,14,-1,5833.6
Uniform1-5000_Seed194_J20_M10,"[0.133293, 1.000000]",10,20,0.02,max_proc,lowest_lower_bound,NO_PROFILING,all_to_shortest,greedy,5033,7,7,0.001336812973022461,0.017683290284124777,True,4944.0,5,-1,4944.0
Uniform1-5000_Seed194_J20_M10,"[0.133293, 1.000000]",10,20,0.01,max_proc,lowest_lower_bound,PRUNE,all_to_shortest,greedy,5022,12,12,0.002730846405029297,0.015531660692951015,True,4944.0,10,-1,4944.0
Uniform1-5000_Seed195_J20_M10,"[0.070205, 1.000000]",10,20,0.02,max_proc,lowest_lower_bound,NO_PROFILING,all_to_shortest,greedy,4913,27,2001,0.3147742748260498,0.037451658864237736,False,4729.0,11,-1,4729.0
Uniform1-5000_Seed195_J20_M10,"[0.070205, 1.000000]",10,20,0.01,max_proc,lowest_lower_bound,PRUNE,all_to_shortest,greedy,4814,17,17,0.003306150436401367,0.017656834233485668,True,4814.0,12,-1,4729.0
Uniform1-5000_Seed196_J20_M10,"[0.014200, 0.989975]",10,20,0.02,max_proc,lowest_lower_bound,NO_PROFILING,all_to_shortest,greedy,4912,861,2001,0.31983351707458496,0.03943403908794785,False,4718.3,11,-1,4718.3
Uniform1-5000_Seed196_J20_M10,"[0.014200, 0.989975]",10,20,0.01,max_proc,lowest_lower_bound,PRUNE,all_to_shortest,greedy,4920,16,16,0.00322723388671875,0.040995934959349556,True,4902.0,14,-1,4718.3
Uniform1-5000_Seed197_J20_M10,"[0.031126, 0.962508]",10,20,0.02,max_proc,lowest_lower_bound,NO_PROFILING,all_to_shortest,greedy,5406,1761,2001,0.3524129390716553,0.07885682574916762,False,4979.7,12,-1,4979.7
Uniform1-5000_Seed197_J20_M10,"[0.031126, 0.962508]",10,20,0.01,max_proc,lowest_lower_bound,PRUNE,all_to_shortest,greedy,5203,17,17,0.0035858154296875,0.04291754756871039,True,5135.0,15,-1,4979.7
Uniform1-5000_Seed198_J20_M10,"[0.022835, 1.000000]",10,20,0.02,max_proc,lowest_lower_bound,NO_PROFILING,all_to_shortest,greedy,4654,8,8,0.0014333724975585938,0.002578427159432746,True,4642.0,6,-1,4642.0
Uniform1-5000_Seed198_J20_M10,"[0.022835, 1.000000]",10,20,0.01,max_proc,lowest_lower_bound,PRUNE,all_to_shortest,greedy,4642,14,14,0.0029120445251464844,0.0,True,4642.0,12,14,4642.0
Uniform1-5000_Seed199_J20_M10,"[0.066256, 1.000000]",10,20,0.02,max_proc,lowest_lower_bound,NO_PROFILING,all_to_shortest,greedy,5428,313,2001,0.45276856422424316,0.10187914517317613,False,4875.0,10,-1,4875.0
Uniform1-5000_Seed199_J20_M10,"[0.066256, 1.000000]",10,20,0.01,max_proc,lowest_lower_bound,PRUNE,all_to_shortest,greedy,5052,17,17,0.003574371337890625,0.03503562945368171,True,5052.0,14,-1,4875.0
Uniform1-5000_Seed200_J20_M10,"[0.038821, 0.988896]",10,20,0.02,max_proc,lowest_lower_bound,NO_PROFILING,all_to_shortest,greedy,5105,84,2001,0.43648719787597656,0.061469147894221386,False,4791.2,12,-1,4791.2
Uniform1-5000_Seed200_J20_M10,"[0.038821, 0.988896]",10,20,0.01,max_proc,lowest_lower_bound,PRUNE,all_to_shortest,greedy,4961,39,39,0.0075418949127197266,0.03422697036887728,True,4961.0,15,-1,4791.2
Uniform1-5000_Seed161_J50_M25,"[0.007064, 1.000000]",25,50,0.02,max_proc,lowest_lower_bound,NO_PROFILING,all_to_shortest,greedy,4881,34,34,0.05574226379394531,0.013931571399303422,True,4813.0,32,-1,4813.0
Uniform1-5000_Seed161_J50_M25,"[0.007064, 1.000000]",25,50,0.01,max_proc,lowest_lower_bound,PRUNE,all_to_shortest,greedy,4895,62,62,0.08146905899047852,0.01675178753830439,True,4813.0,35,-1,4813.0
Uniform1-5000_Seed162_J50_M25,"[0.029853, 0.848592]",25,50,0.02,max_proc,lowest_lower_bound,NO_PROFILING,all_to_shortest,greedy,7189,39,2001,3.3097031116485596,0.18925024342745866,False,5828.48,25,-1,5828.48
Uniform1-5000_Seed162_J50_M25,"[0.029853, 0.848592]",25,50,0.01,max_proc,lowest_lower_bound,PRUNE,all_to_shortest,greedy,6421,39,39,0.06311488151550293,0.09227846129886318,True,6421.0,35,-1,5828.48
Uniform1-5000_Seed163_J50_M25,"[0.012494, 0.879075]",25,50,0.02,max_proc,lowest_lower_bound,NO_PROFILING,all_to_shortest,greedy,6774,1010,2001,2.984360694885254,0.1729436079126071,False,5602.48,25,-1,5602.48
Uniform1-5000_Seed163_J50_M25,"[0.012494, 0.879075]",25,50,0.01,max_proc,lowest_lower_bound,PRUNE,all_to_shortest,greedy,6308,35,35,0.05489039421081543,0.11184527584020298,True,6308.0,33,-1,5602.48
Uniform1-5000_Seed164_J50_M25,"[0.018299, 0.921428]",25,50,0.02,max_proc,lowest_lower_bound,NO_PROFILING,all_to_shortest,greedy,6726,63,2001,3.4140543937683105,0.19564674397859055,False,5410.08,25,-1,5410.08
Uniform1-5000_Seed164_J50_M25,"[0.018299, 0.921428]",25,50,0.01,max_proc,lowest_lower_bound,PRUNE,all_to_shortest,greedy,6130,623,2001,3.121514320373535,0.11744208809135401,False,5624.0,33,-1,5410.08
Uniform1-5000_Seed165_J50_M25,"[0.030184, 1.000000]",25,50,0.02,max_proc,lowest_lower_bound,NO_PROFILING,all_to_shortest,greedy,5330,1162,2001,2.634225845336914,0.0924953095684803,False,4837.0,31,-1,4837.0
Uniform1-5000_Seed165_J50_M25,"[0.030184, 1.000000]",25,50,0.01,max_proc,lowest_lower_bound,PRUNE,all_to_shortest,greedy,5409,1758,2001,3.066117763519287,0.10574967646515067,False,5031.0,31,-1,4837.0
Uniform1-5000_Seed166_J50_M25,"[0.001161, 0.952005]",25,50,0.02,max_proc,lowest_lower_bound,NO_PROFILING,all_to_shortest,greedy,6342,62,2001,2.968543767929077,0.18510879848628192,False,5168.04,25,-1,5168.04
Uniform1-5000_Seed166_J50_M25,"[0.001161, 0.952005]",25,50,0.01,max_proc,lowest_lower_bound,PRUNE,all_to_shortest,greedy,5921,92,92,0.1244208812713623,0.12716770815740586,True,5808.0,33,-1,5168.04
Uniform1-5000_Seed167_J50_M25,"[0.010116, 1.000000]",25,50,0.02,max_proc,lowest_lower_bound,NO_PROFILING,all_to_shortest,greedy,4844,21,21,0.02602243423461914,0.0,True,4844.0,19,21,4844.0
Uniform1-5000_Seed167_J50_M25,"[0.010116, 1.000000]",25,50,0.01,max_proc,lowest_lower_bound,PRUNE,all_to_shortest,greedy,4894,23,23,0.034094810485839844,0.01021659174499387,True,4844.0,21,-1,4844.0
Uniform1-5000_Seed168_J50_M25,"[0.013466, 0.905829]",25,50,0.02,max_proc,lowest_lower_bound,NO_PROFILING,all_to_shortest,greedy,6373,1263,2001,3.863633871078491,0.17267848736858615,False,5272.52,25,-1,5272.52
Uniform1-5000_Seed168_J50_M25,"[0.013466, 0.905829]",25,50,0.01,max_proc,lowest_lower_bound,PRUNE,all_to_shortest,greedy,5786,318,2001,2.30096173286438,0.0887452471482889,False,5445.0,41,-1,5272.52
Uniform1-5000_Seed169_J50_M25,"[0.017672, 0.976696]",25,50,0.02,max_proc,lowest_lower_bound,NO_PROFILING,all_to_shortest,greedy,5725,458,2001,2.9518563747406006,0.11044890829694318,False,5092.68,36,-1,5092.68
Uniform1-5000_Seed169_J50_M25,"[0.017672, 0.976696]",25,50,0.01,max_proc,lowest_lower_bound,PRUNE,all_to_shortest,greedy,5725,1095,2001,2.6650168895721436,0.11044890829694318,False,5092.68,36,-1,5092.68
Uniform1-5000_Seed170_J50_M25,"[0.031836, 0.975922]",25,50,0.02,max_proc,lowest_lower_bound,NO_PROFILING,all_to_shortest,greedy,6009,278,2001,2.988079071044922,0.15318355799633876,False,5088.52,25,-1,5088.52
Uniform1-5000_Seed170_J50_M25,"[0.031836, 0.975922]",25,50,0.01,max_proc,lowest_lower_bound,PRUNE,all_to_shortest,greedy,5286,46,46,0.06677651405334473,0.03735906167234195,True,5286.0,39,-1,5088.52
Uniform1-5000_Seed171_J50_M25,"[0.093701, 0.885706]",25,50,0.02,max_proc,lowest_lower_bound,NO_PROFILING,all_to_shortest,greedy,6514,1441,2001,3.1559178829193115,0.13822536076143685,False,5613.6,31,-1,5613.6
Uniform1-5000_Seed171_J50_M25,"[0.093701, 0.885706]",25,50,0.01,max_proc,lowest_lower_bound,PRUNE,all_to_shortest,greedy,6071,196,2001,2.60782790184021,0.0753417888321528,False,5711.0,39,-1,5613.6
Uniform1-5000_Seed172_J50_M25,"[0.070556, 0.912929]",25,50,0.02,max_proc,lowest_lower_bound,NO_PROFILING,all_to_shortest,greedy,6390,645,2001,3.1672723293304443,0.16158372456964012,False,5357.48,27,-1,5357.48
Uniform1-5000_Seed172_J50_M25,"[0.070556, 0.912929]",25,50,0.01,max_proc,lowest_lower_bound,PRUNE,all_to_shortest,greedy,6006,778,2001,2.664304733276367,0.10797868797868805,False,5529.0,35,-1,5357.48
Uniform1-5000_Seed173_J50_M25,"[0.037475, 0.959566]",25,50,0.02,max_proc,lowest_lower_bound,NO_PROFILING,all_to_shortest,greedy,5808,27,2001,3.164783000946045,0.12706611570247933,False,5070.0,32,-1,5070.0
Uniform1-5000_Seed173_J50_M25,"[0.037475, 0.959566]",25,50,0.01,max_proc,lowest_lower_bound,PRUNE,all_to_shortest,greedy,5816,311,2001,3.6565515995025635,0.12826685006877578,False,5070.0,32,-1,5070.0
Uniform1-5000_Seed174_J50_M25,"[0.010546, 1.000000]",25,50,0.02,max_proc,lowest_lower_bound,NO_PROFILING,all_to_shortest,greedy,5271,1843,2001,2.7302355766296387,0.10055018023145514,False,4741.0,30,-1,4741.0
Uniform1-5000_Seed174_J50_M25,"[0.010546, 1.000000]",25,50,0.01,max_proc,lowest_lower_bound,PRUNE,all_to_shortest,greedy,5305,1627,2001,3.200011968612671,0.1063147973609802,False,4913.0,33,-1,4741.0
Uniform1-5000_Seed175_J50_M25,"[0.015282, 1.000000]",25,50,0.02,max_proc,lowest_lower_bound,NO_PROFILING,all_to_shortest,greedy,4845,34,34,0.04188966751098633,0.014035087719298246,True,4777.0,32,-1,4777.0
Uniform1-5000_Seed175_J50_M25,"[0.015282, 1.000000]",25,50,0.01,max_proc,lowest_lower_bound,PRUNE,all_to_shortest,greedy,4837,42,42,0.05973982810974121,0.012404382881951623,True,4777.0,40,-1,4777.0
Uniform1-5000_Seed176_J50_M25,"[0.030239, 1.000000]",25,50,0.02,max_proc,lowest_lower_bound,NO_PROFILING,all_to_shortest,greedy,5662,26,2001,3.0138745307922363,0.16478276227481456,False,4729.0,25,-1,4729.0
Uniform1-5000_Seed176_J50_M25,"[0.030239, 1.000000]",25,50,0.01,max_proc,lowest_lower_bound,PRUNE,all_to_shortest,greedy,5121,252,252,0.35721755027770996,0.07654754930677601,True,5121.0,37,-1,4729.0
Uniform1-5000_Seed177_J50_M25,"[0.005844, 1.000000]",25,50,0.02,max_proc,lowest_lower_bound,NO_PROFILING,all_to_shortest,greedy,5843,81,2001,2.9293766021728516,0.15077870956700326,False,4962.0,25,-1,4962.0
Uniform1-5000_Seed177_J50_M25,"[0.005844, 1.000000]",25,50,0.01,max_proc,lowest_lower_bound,PRUNE,all_to_shortest,greedy,5132,40,40,0.057970285415649414,0.033125487139516754,True,5088.0,36,-1,4962.0
Uniform1-5000_Seed178_J50_M25,"[0.016162, 0.887155]",25,50,0.02,max_proc,lowest_lower_bound,NO_PROFILING,all_to_shortest,greedy,7080,1738,2001,2.949329376220703,0.20475141242937858,False,5630.36,25,-1,5630.36
Uniform1-5000_Seed178_J50_M25,"[0.016162, 0.887155]",25,50,0.01,max_proc,lowest_lower_bound,PRUNE,all_to_shortest,greedy,6655,32,32,0.049631357192993164,0.1539654395191586,True,6533.0,30,-1,5630.36
Uniform1-5000_Seed179_J50_M25,"[0.005023, 1.000000]",25,50,0.02,max_proc,lowest_lower_bound,NO_PROFILING,all_to_shortest,greedy,5391,755,2001,2.96345853805542,0.1137080319050269,False,4778.0,29,-1,4778.0
Uniform1-5000_Seed179_J50_M25,"[0.005023, 1.000000]",25,50,0.01,max_proc,lowest_lower_bound,PRUNE,all_to_shortest,greedy,4792,94,94,0.12317085266113281,0.002921535893155259,True,4790.0,34,-1,4778.0
Uniform1-5000_Seed180_J50_M25,"[0.016247, 0.976189]",25,50,0.02,max_proc,lowest_lower_bound,NO_PROFILING,all_to_shortest,greedy,6224,618,2001,3.0267765522003174,0.17920308483290484,False,5108.64,25,-1,5108.64
Uniform1-5000_Seed180_J50_M25,"[0.016247, 0.976189]",25,50,0.01,max_proc,lowest_lower_bound,PRUNE,all_to_shortest,greedy,5620,35,35,0.05275106430053711,0.0909893238434163,True,5614.0,33,-1,5108.64
Uniform1-5000_Seed181_J50_M25,"[0.019262, 1.000000]",25,50,0.02,max_proc,lowest_lower_bound,NO_PROFILING,all_to_shortest,greedy,5041,10,10,0.014607429504394531,0.011307280301527474,True,4984.0,8,-1,4984.0
Uniform1-5000_Seed181_J50_M25,"[0.019262, 1.000000]",25,50,0.01,max_proc,lowest_lower_bound,PRUNE,all_to_shortest,greedy,5072,27,27,0.03966546058654785,0.017350157728706624,True,4984.0,25,-1,4984.0
Uniform1-5000_Seed182_J50_M25,"[0.036855, 1.000000]",25,50,0.02,max_proc,lowest_lower_bound,NO_PROFILING,all_to_shortest,greedy,4891,41,41,0.0515437126159668,0.0014312001635657329,True,4884.0,39,-1,4884.0
Uniform1-5000_Seed182_J50_M25,"[0.036855, 1.000000]",25,50,0.01,max_proc,lowest_lower_bound,PRUNE,all_to_shortest,greedy,4953,166,166,0.20673632621765137,0.013930950938824955,True,4884.0,43,-1,4884.0
Uniform1-5000_Seed183_J50_M25,"[0.003699, 1.000000]",25,50,0.02,max_proc,lowest_lower_bound,NO_PROFILING,all_to_shortest,greedy,4962,31,31,0.03795957565307617,0.019347037484885126,True,4866.0,29,-1,4866.0
Uniform1-5000_Seed183_J50_M25,"[0.003699, 1.000000]",25,50,0.01,max_proc,lowest_lower_bound,PRUNE,all_to_shortest,greedy,5053,1825,2001,2.4746501445770264,0.037007718187215516,False,4866.0,36,-1,4866.0
Uniform1-5000_Seed184_J50_M25,"[0.028378, 0.906966]",25,50,0.02,max_proc,lowest_lower_bound,NO_PROFILING,all_to_shortest,greedy,6373,82,2001,2.664797067642212,0.16506511846853916,False,5321.04,25,-1,5321.04
Uniform1-5000_Seed184_J50_M25,"[0.028378, 0.906966]",25,50,0.01,max_proc,lowest_lower_bound,PRUNE,all_to_shortest,greedy,6134,34,34,0.051328182220458984,0.1325334202804043,True,6057.0,30,-1,5321.04
Uniform1-5000_Seed185_J50_M25,"[0.000609, 1.000000]",25,50,0.02,max_proc,lowest_lower_bound,NO_PROFILING,all_to_shortest,greedy,4930,32,32,0.04247426986694336,0.0,True,4930.0,30,32,4930.0
Uniform1-5000_Seed185_J50_M25,"[0.000609, 1.000000]",25,50,0.01,max_proc,lowest_lower_bound,PRUNE,all_to_shortest,greedy,4990,33,33,0.050756216049194336,0.012024048096192385,True,4930.0,31,-1,4930.0
Uniform1-5000_Seed186_J50_M25,"[0.047218, 0.920932]",25,50,0.02,max_proc,lowest_lower_bound,NO_PROFILING,all_to_shortest,greedy,6490,1288,2001,3.7797584533691406,0.16461016949152538,False,5421.68,25,-1,5421.68
Uniform1-5000_Seed186_J50_M25,"[0.047218, 0.920932]",25,50,0.01,max_proc,lowest_lower_bound,PRUNE,all_to_shortest,greedy,5844,46,46,0.07159590721130371,0.07226557152635177,True,5800.0,44,-1,5421.68
Uniform1-5000_Seed187_J50_M25,"[0.032817, 0.916298]",25,50,0.02,max_proc,lowest_lower_bound,NO_PROFILING,all_to_shortest,greedy,6269,424,2001,2.9563376903533936,0.12991545701068744,False,5454.56,25,-1,5454.56
Uniform1-5000_Seed187_J50_M25,"[0.032817, 0.916298]",25,50,0.01,max_proc,lowest_lower_bound,PRUNE,all_to_shortest,greedy,5742,50,50,0.08002352714538574,0.05005921281783344,True,5708.0,39,-1,5454.56
Uniform1-5000_Seed188_J50_M25,"[0.009627, 1.000000]",25,50,0.02,max_proc,lowest_lower_bound,NO_PROFILING,all_to_shortest,greedy,4992,23,23,0.028418540954589844,0.001201923076923077,True,4986.0,21,-1,4986.0
Uniform1-5000_Seed188_J50_M25,"[0.009627, 1.000000]",25,50,0.01,max_proc,lowest_lower_bound,PRUNE,all_to_shortest,greedy,4986,26,26,0.037613630294799805,0.0,True,4986.0,24,26,4986.0
Uniform1-5000_Seed189_J50_M25,"[0.021480, 1.000000]",25,50,0.02,max_proc,lowest_lower_bound,NO_PROFILING,all_to_shortest,greedy,5185,972,2001,2.63331937789917,0.0931533269045323,False,4702.0,31,-1,4702.0
Uniform1-5000_Seed189_J50_M25,"[0.021480, 1.000000]",25,50,0.01,max_proc,lowest_lower_bound,PRUNE,all_to_shortest,greedy,4823,244,244,0.2892618179321289,0.02508811942774207,True,4767.0,36,-1,4702.0
Uniform1-5000_Seed190_J50_M25,"[0.030083, 1.000000]",25,50,0.02,max_proc,lowest_lower_bound,NO_PROFILING,all_to_shortest,greedy,4983,35,35,0.04478144645690918,0.006020469596628537,True,4953.0,33,-1,4953.0
Uniform1-5000_Seed190_J50_M25,"[0.030083, 1.000000]",25,50,0.01,max_proc,lowest_lower_bound,PRUNE,all_to_shortest,greedy,4953,40,40,0.05804252624511719,0.0,True,4953.0,38,40,4953.0
Uniform1-5000_Seed191_J50_M25,"[0.000803, 1.000000]",25,50,0.02,max_proc,lowest_lower_bound,NO_PROFILING,all_to_shortest,greedy,5677,1818,2001,2.844684600830078,0.1220715166461159,False,4984.0,25,-1,4984.0
Uniform1-5000_Seed191_J50_M25,"[0.000803, 1.000000]",25,50,0.01,max_proc,lowest_lower_bound,PRUNE,all_to_shortest,greedy,5202,37,37,0.05546092987060547,0.041906958861976165,True,5181.0,35,-1,4984.0
Uniform1-5000_Seed192_J50_M25,"[0.011018, 0.919563]",25,50,0.02,max_proc,lowest_lower_bound,NO_PROFILING,all_to_shortest,greedy,6777,23,2001,3.061861753463745,0.2098686734543308,False,5354.72,25,-1,5354.72
Uniform1-5000_Seed192_J50_M25,"[0.011018, 0.919563]",25,50,0.01,max_proc,lowest_lower_bound,PRUNE,all_to_shortest,greedy,6125,198,198,0.2443232536315918,0.12575999999999996,True,6100.0,32,-1,5354.72
Uniform1-5000_Seed193_J50_M25,"[0.002163, 0.981950]",25,50,0.02,max_proc,lowest_lower_bound,NO_PROFILING,all_to_shortest,greedy,6087,343,2001,3.064042806625366,0.16448168227369803,False,5085.8,30,-1,5085.8
Uniform1-5000_Seed193_J50_M25,"[0.002163, 0.981950]",25,50,0.01,max_proc,lowest_lower_bound,PRUNE,all_to_shortest,greedy,5316,373,373,0.5148942470550537,0.0433032355154251,True,5219.0,42,-1,5085.8
Uniform1-5000_Seed194_J50_M25,"[0.098706, 1.000000]",25,50,0.02,max_proc,lowest_lower_bound,NO_PROFILING,all_to_shortest,greedy,5372,1648,2001,3.1684975624084473,0.07967237527922562,False,4944.0,35,-1,4944.0
Uniform1-5000_Seed194_J50_M25,"[0.098706, 1.000000]",25,50,0.01,max_proc,lowest_lower_bound,PRUNE,all_to_shortest,greedy,5508,359,2001,3.6239166259765625,0.10239651416122005,False,4944.0,35,-1,4944.0
Uniform1-5000_Seed195_J50_M25,"[0.012435, 0.987875]",25,50,0.02,max_proc,lowest_lower_bound,NO_PROFILING,all_to_shortest,greedy,5920,1798,2001,3.04612398147583,0.1713716216216217,False,4905.48,25,-1,4905.48
Uniform1-5000_Seed195_J50_M25,"[0.012435, 0.987875]",25,50,0.01,max_proc,lowest_lower_bound,PRUNE,all_to_shortest,greedy,5474,31,31,0.04606294631958008,0.10385823894775309,True,5387.0,27,-1,4905.48
Uniform1-5000_Seed196_J50_M25,"[0.012798, 0.907122]",25,50,0.02,max_proc,lowest_lower_bound,NO_PROFILING,all_to_shortest,greedy,6777,660,2001,3.1009843349456787,0.22749889331562642,False,5235.24,25,-1,5235.24
Uniform1-5000_Seed196_J50_M25,"[0.012798, 0.907122]",25,50,0.01,max_proc,lowest_lower_bound,PRUNE,all_to_shortest,greedy,5515,290,290,0.3738291263580322,0.05072710788757937,True,5482.0,37,-1,5235.24
Uniform1-5000_Seed197_J50_M25,"[0.027971, 0.900494]",25,50,0.02,max_proc,lowest_lower_bound,NO_PROFILING,all_to_shortest,greedy,6723,204,2001,3.304882049560547,0.17575487133720072,False,5541.4,27,-1,5541.4
Uniform1-5000_Seed197_J50_M25,"[0.027971, 0.900494]",25,50,0.01,max_proc,lowest_lower_bound,PRUNE,all_to_shortest,greedy,6035,95,95,0.13425302505493164,0.08178956089478051,True,5973.0,36,-1,5541.4
Uniform1-5000_Seed198_J50_M25,"[0.010195, 0.928504]",25,50,0.02,max_proc,lowest_lower_bound,NO_PROFILING,all_to_shortest,greedy,6430,1419,2001,3.5933101177215576,0.20673716951788487,False,5100.68,25,-1,5100.68
Uniform1-5000_Seed198_J50_M25,"[0.010195, 0.928504]",25,50,0.01,max_proc,lowest_lower_bound,PRUNE,all_to_shortest,greedy,5403,128,128,0.18023347854614258,0.055954099574310516,True,5368.0,39,-1,5100.68
Uniform1-5000_Seed199_J50_M25,"[0.001231, 1.000000]",25,50,0.02,max_proc,lowest_lower_bound,NO_PROFILING,all_to_shortest,greedy,4958,887,887,1.03763747215271,0.016740621218233158,True,4875.0,41,-1,4875.0
Uniform1-5000_Seed199_J50_M25,"[0.001231, 1.000000]",25,50,0.01,max_proc,lowest_lower_bound,PRUNE,all_to_shortest,greedy,5368,477,2001,2.455463171005249,0.09184053651266766,False,4875.0,39,-1,4875.0
Uniform1-5000_Seed200_J50_M25,"[0.032096, 1.000000]",25,50,0.02,max_proc,lowest_lower_bound,NO_PROFILING,all_to_shortest,greedy,5002,32,32,0.040030717849731445,0.003398640543782487,True,4985.0,30,-1,4985.0
Uniform1-5000_Seed200_J50_M25,"[0.032096, 1.000000]",25,50,0.01,max_proc,lowest_lower_bound,PRUNE,all_to_shortest,greedy,4985,39,39,0.05760979652404785,0.0,True,4985.0,37,39,4985.0
Uniform1-5000_Seed161_J100_M50,"[0.006816, 1.000000]",50,100,0.02,max_proc,lowest_lower_bound,NO_PROFILING,all_to_shortest,greedy,5514,106,2001,14.500548839569092,0.09539354370692782,False,4988.0,64,-1,4988.0
Uniform1-5000_Seed161_J100_M50,"[0.006816, 1.000000]",50,100,0.01,max_proc,lowest_lower_bound,PRUNE,all_to_shortest,greedy,5578,88,2001,15.533332347869873,0.10577267837934744,False,4988.0,64,-1,4988.0
Uniform1-5000_Seed162_J100_M50,"[0.013510, 0.935034]",50,100,0.02,max_proc,lowest_lower_bound,NO_PROFILING,all_to_shortest,greedy,6934,1534,2001,16.78087854385376,0.23143640034612054,False,5329.22,50,-1,5329.22
Uniform1-5000_Seed162_J100_M50,"[0.013510, 0.935034]",50,100,0.01,max_proc,lowest_lower_bound,PRUNE,all_to_shortest,greedy,5795,105,105,0.8278713226318359,0.0803761863675582,True,5710.0,79,-1,5329.22
Uniform1-5000_Seed163_J100_M50,"[0.012940, 0.910412]",50,100,0.02,max_proc,lowest_lower_bound,NO_PROFILING,all_to_shortest,greedy,7128,1160,2001,20.380943298339844,0.2410718294051627,False,5409.64,50,-1,5409.64
Uniform1-5000_Seed163_J100_M50,"[0.012940, 0.910412]",50,100,0.01,max_proc,lowest_lower_bound,PRUNE,all_to_shortest,greedy,6021,79,79,0.6852648258209229,0.10153795050656032,True,5920.0,74,-1,5409.64
Uniform1-5000_Seed164_J100_M50,"[0.018376, 0.925293]",50,100,0.02,max_proc,lowest_lower_bound,NO_PROFILING,all_to_shortest,greedy,6315,330,2001,16.1124484539032,0.14687569279493276,False,5387.48,66,-1,5387.48
Uniform1-5000_Seed164_J100_M50,"[0.018376, 0.925293]",50,100,0.01,max_proc,lowest_lower_bound,PRUNE,all_to_shortest,greedy,6315,65,2001,17.940921545028687,0.14687569279493276,False,5387.48,66,-1,5387.48
Uniform1-5000_Seed165_J100_M50,"[0.004860, 0.959168]",50,100,0.02,max_proc,lowest_lower_bound,NO_PROFILING,all_to_shortest,greedy,6499,1444,2001,15.41515326499939,0.20848745960917064,False,5144.04,50,-1,5144.04
Uniform1-5000_Seed165_J100_M50,"[0.004860, 0.959168]",50,100,0.01,max_proc,lowest_lower_bound,PRUNE,all_to_shortest,greedy,5616,77,77,0.6360673904418945,0.08403846153846155,True,5616.0,72,-1,5144.04
Uniform1-5000_Seed166_J100_M50,"[0.001189, 0.975018]",50,100,0.02,max_proc,lowest_lower_bound,NO_PROFILING,all_to_shortest,greedy,6101,230,2001,16.400824069976807,0.1729126372725782,False,5046.06,50,-1,5046.06
Uniform1-5000_Seed166_J100_M50,"[0.001189, 0.975018]",50,100,0.01,max_proc,lowest_lower_bound,PRUNE,all_to_shortest,greedy,6239,235,2001,19.83889627456665,0.1912069241865683,False,5381.0,56,-1,5046.06
Uniform1-5000_Seed167_J100_M50,"[0.008047, 1.000000]",50,100,0.02,max_proc,lowest_lower_bound,NO_PROFILING,all_to_shortest,greedy,5069,69,69,0.48906731605529785,0.01933320181495364,True,4971.0,67,-1,4971.0
Uniform1-5000_Seed167_J100_M50,"[0.008047, 1.000000]",50,100,0.01,max_proc,lowest_lower_bound,PRUNE,all_to_shortest,greedy,4971,79,79,0.6293511390686035,0.0,True,4971.0,77,79,4971.0
Uniform1-5000_Seed168_J100_M50,"[0.008795, 0.926142]",50,100,0.02,max_proc,lowest_lower_bound,NO_PROFILING,all_to_shortest,greedy,6747,354,2001,19.257866382598877,0.22479620572106118,False,5230.3,50,-1,5230.3
Uniform1-5000_Seed168_J100_M50,"[0.008795, 0.926142]",50,100,0.01,max_proc,lowest_lower_bound,PRUNE,all_to_shortest,greedy,5540,86,86,0.7130792140960693,0.05590252707581224,True,5536.0,84,-1,5230.3
Uniform1-5000_Seed169_J100_M50,"[0.000402, 1.000000]",50,100,0.02,max_proc,lowest_lower_bound,NO_PROFILING,all_to_shortest,greedy,5039,86,86,0.6212265491485596,0.012899384798571145,True,4974.0,84,-1,4974.0
Uniform1-5000_Seed169_J100_M50,"[0.000402, 1.000000]",50,100,0.01,max_proc,lowest_lower_bound,PRUNE,all_to_shortest,greedy,5246,1702,2001,15.601564407348633,0.05184902783072817,False,4974.0,78,-1,4974.0
Uniform1-5000_Seed170_J100_M50,"[0.001394, 0.989160]",50,100,0.02,max_proc,lowest_lower_bound,NO_PROFILING,all_to_shortest,greedy,6466,1114,2001,16.680802583694458,0.22356634704608722,False,5020.42,50,-1,5020.42
Uniform1-5000_Seed170_J100_M50,"[0.001394, 0.989160]",50,100,0.01,max_proc,lowest_lower_bound,PRUNE,all_to_shortest,greedy,5330,224,224,1.9616053104400635,0.058082551594746706,True,5279.0,78,-1,5020.42
Uniform1-5000_Seed171_J100_M50,"[0.010821, 0.911922]",50,100,0.02,max_proc,lowest_lower_bound,NO_PROFILING,all_to_shortest,greedy,6996,220,2001,17.520947456359863,0.2206660949113779,False,5452.22,50,-1,5452.22
Uniform1-5000_Seed171_J100_M50,"[0.010821, 0.911922]",50,100,0.01,max_proc,lowest_lower_bound,PRUNE,all_to_shortest,greedy,5977,79,79,0.6429893970489502,0.08779989961519152,True,5977.0,70,-1,5452.22
Uniform1-5000_Seed172_J100_M50,"[0.014518, 0.922152]",50,100,0.02,max_proc,lowest_lower_bound,NO_PROFILING,all_to_shortest,greedy,6627,992,2001,16.980149507522583,0.19965293496303008,False,5303.9,50,-1,5303.9
Uniform1-5000_Seed172_J100_M50,"[0.014518, 0.922152]",50,100,0.01,max_proc,lowest_lower_bound,PRUNE,all_to_shortest,greedy,6190,1100,2001,18.895942211151123,0.14315024232633286,False,5496.0,66,-1,5303.9
Uniform1-5000_Seed173_J100_M50,"[0.016238, 1.000000]",50,100,0.02,max_proc,lowest_lower_bound,NO_PROFILING,all_to_shortest,greedy,4956,82,82,0.601524829864502,0.018361581920903956,True,4865.0,80,-1,4865.0
Uniform1-5000_Seed173_J100_M50,"[0.016238, 1.000000]",50,100,0.01,max_proc,lowest_lower_bound,PRUNE,all_to_shortest,greedy,5135,311,2001,15.331736326217651,0.05258033106134372,False,4865.0,79,-1,4865.0
Uniform1-5000_Seed174_J100_M50,"[0.001427, 0.969229]",50,100,0.02,max_proc,lowest_lower_bound,NO_PROFILING,all_to_shortest,greedy,6019,604,2001,15.843085289001465,0.18526333277953155,False,4903.9,50,-1,4903.9
Uniform1-5000_Seed174_J100_M50,"[0.001427, 0.969229]",50,100,0.01,max_proc,lowest_lower_bound,PRUNE,all_to_shortest,greedy,5880,242,2001,16.819743156433105,0.16600340136054428,False,5088.0,64,-1,4903.9
Uniform1-5000_Seed175_J100_M50,"[0.014635, 0.971296]",50,100,0.02,max_proc,lowest_lower_bound,NO_PROFILING,all_to_shortest,greedy,6379,908,2001,16.600602626800537,0.2180310393478601,False,4988.18,50,-1,4988.18
Uniform1-5000_Seed175_J100_M50,"[0.014635, 0.971296]",50,100,0.01,max_proc,lowest_lower_bound,PRUNE,all_to_shortest,greedy,5456,89,89,1.0080840587615967,0.08574413489736064,True,5401.0,84,-1,4988.18
Uniform1-5000_Seed176_J100_M50,"[0.010084, 1.000000]",50,100,0.02,max_proc,lowest_lower_bound,NO_PROFILING,all_to_shortest,greedy,5861,489,2001,17.676456928253174,0.17096058693055793,False,4859.0,54,-1,4859.0
Uniform1-5000_Seed176_J100_M50,"[0.010084, 1.000000]",50,100,0.01,max_proc,lowest_lower_bound,PRUNE,all_to_shortest,greedy,5836,564,2001,19.440378189086914,0.16740918437285812,False,5011.0,59,-1,4859.0
Uniform1-5000_Seed177_J100_M50,"[0.004031, 1.000000]",50,100,0.02,max_proc,lowest_lower_bound,NO_PROFILING,all_to_shortest,greedy,6385,921,2001,16.596356630325317,0.22286609240407204,False,4962.0,50,-1,4962.0
Uniform1-5000_Seed177_J100_M50,"[0.004031, 1.000000]",50,100,0.01,max_proc,lowest_lower_bound,PRUNE,all_to_shortest,greedy,5297,315,315,2.2836248874664307,0.06324334528978667,True,5277.0,74,-1,4962.0
Uniform1-5000_Seed178_J100_M50,"[0.016140, 0.885899]",50,100,0.02,max_proc,lowest_lower_bound,NO_PROFILING,all_to_shortest,greedy,7218,1158,2001,17.17514133453369,0.21885009697977276,False,5638.34,50,-1,5638.34
Uniform1-5000_Seed178_J100_M50,"[0.016140, 0.885899]",50,100,0.01,max_proc,lowest_lower_bound,PRUNE,all_to_shortest,greedy,6295,92,92,0.7924811840057373,0.10431453534551229,True,6175.0,73,-1,5638.34
Uniform1-5000_Seed179_J100_M50,"[0.004862, 1.000000]",50,100,0.02,max_proc,lowest_lower_bound,NO_PROFILING,all_to_shortest,greedy,5929,1746,2001,15.371618032455444,0.1674818687805701,False,4936.0,50,-1,4936.0
Uniform1-5000_Seed179_J100_M50,"[0.004862, 1.000000]",50,100,0.01,max_proc,lowest_lower_bound,PRUNE,all_to_shortest,greedy,5236,124,124,1.0008575916290283,0.057295645530939646,True,5159.0,71,-1,4936.0
Uniform1-5000_Seed180_J100_M50,"[0.006690, 0.926690]",50,100,0.02,max_proc,lowest_lower_bound,NO_PROFILING,all_to_shortest,greedy,6752,798,2001,16.619933605194092,0.20297393364928903,False,5381.52,50,-1,5381.52
Uniform1-5000_Seed180_J100_M50,"[0.006690, 0.926690]",50,100,0.01,max_proc,lowest_lower_bound,PRUNE,all_to_shortest,greedy,5842,576,576,4.724490404129028,0.07882232112290304,True,5789.0,71,-1,5381.52
Uniform1-5000_Seed181_J100_M50,"[0.003812, 1.000000]",50,100,0.02,max_proc,lowest_lower_bound,NO_PROFILING,all_to_shortest,greedy,5058,73,73,0.5332460403442383,0.014630288651640965,True,4984.0,71,-1,4984.0
Uniform1-5000_Seed181_J100_M50,"[0.003812, 1.000000]",50,100,0.01,max_proc,lowest_lower_bound,PRUNE,all_to_shortest,greedy,5199,1075,2001,15.41312289237976,0.04135410655895364,False,4984.0,75,-1,4984.0
Uniform1-5000_Seed182_J100_M50,"[0.036298, 1.000000]",50,100,0.02,max_proc,lowest_lower_bound,NO_PROFILING,all_to_shortest,greedy,5706,924,2001,15.37437129020691,0.1309148264984227,False,4959.0,62,-1,4959.0
Uniform1-5000_Seed182_J100_M50,"[0.036298, 1.000000]",50,100,0.01,max_proc,lowest_lower_bound,PRUNE,all_to_shortest,greedy,5743,115,2001,14.795254945755005,0.13651401706425215,False,4959.0,62,-1,4959.0
Uniform1-5000_Seed183_J100_M50,"[0.003699, 1.000000]",50,100,0.02,max_proc,lowest_lower_bound,NO_PROFILING,all_to_shortest,greedy,4866,54,54,0.39122748374938965,0.0,True,4866.0,52,54,4866.0
Uniform1-5000_Seed183_J100_M50,"[0.003699, 1.000000]",50,100,0.01,max_proc,lowest_lower_bound,PRUNE,all_to_shortest,greedy,4927,64,64,0.523754358291626,0.012380759082606049,True,4866.0,62,-1,4866.0
Uniform1-5000_Seed184_J100_M50,"[0.028514, 0.942840]",50,100,0.02,max_proc,lowest_lower_bound,NO_PROFILING,all_to_shortest,greedy,6664,490,2001,17.02129054069519,0.20532713085234097,False,5295.7,50,-1,5295.7
Uniform1-5000_Seed184_J100_M50,"[0.028514, 0.942840]",50,100,0.01,max_proc,lowest_lower_bound,PRUNE,all_to_shortest,greedy,5797,76,76,0.6510400772094727,0.08647576332585824,True,5722.0,74,-1,5295.7
Uniform1-5000_Seed185_J100_M50,"[0.000603, 0.994834]",50,100,0.02,max_proc,lowest_lower_bound,NO_PROFILING,all_to_shortest,greedy,6193,608,2001,16.94683527946472,0.19607298562893585,False,4978.72,53,-1,4978.72
Uniform1-5000_Seed185_J100_M50,"[0.000603, 0.994834]",50,100,0.01,max_proc,lowest_lower_bound,PRUNE,all_to_shortest,greedy,5628,889,2001,15.100878477096558,0.115366027007818,False,5035.0,73,-1,4978.72
Uniform1-5000_Seed186_J100_M50,"[0.009021, 0.979177]",50,100,0.02,max_proc,lowest_lower_bound,NO_PROFILING,all_to_shortest,greedy,6300,144,2001,16.930021286010742,0.19060634920634917,False,5099.18,50,-1,5099.18
Uniform1-5000_Seed186_J100_M50,"[0.009021, 0.979177]",50,100,0.01,max_proc,lowest_lower_bound,PRUNE,all_to_shortest,greedy,5819,441,2001,17.058894634246826,0.12370166695308467,False,5255.0,77,-1,5099.18
Uniform1-5000_Seed187_J100_M50,"[0.002990, 0.933965]",50,100,0.02,max_proc,lowest_lower_bound,NO_PROFILING,all_to_shortest,greedy,6864,1965,2001,17.912824869155884,0.2203700466200466,False,5351.38,50,-1,5351.38
Uniform1-5000_Seed187_J100_M50,"[0.002990, 0.933965]",50,100,0.01,max_proc,lowest_lower_bound,PRUNE,all_to_shortest,greedy,5698,327,327,2.8027429580688477,0.06083187083187081,True,5626.0,81,-1,5351.38
Uniform1-5000_Seed188_J100_M50,"[0.009627, 1.000000]",50,100,0.02,max_proc,lowest_lower_bound,NO_PROFILING,all_to_shortest,greedy,4986,53,53,0.3749198913574219,0.0,True,4986.0,51,53,4986.0
Uniform1-5000_Seed188_J100_M50,"[0.009627, 1.000000]",50,100,0.01,max_proc,lowest_lower_bound,PRUNE,all_to_shortest,greedy,5026,61,61,0.48108792304992676,0.007958615200955034,True,4986.0,59,-1,4986.0
Uniform1-5000_Seed189_J100_M50,"[0.008226, 1.000000]",50,100,0.02,max_proc,lowest_lower_bound,NO_PROFILING,all_to_shortest,greedy,5069,64,64,0.4918491840362549,0.016768593410929178,True,4984.0,62,-1,4984.0
Uniform1-5000_Seed189_J100_M50,"[0.008226, 1.000000]",50,100,0.01,max_proc,lowest_lower_bound,PRUNE,all_to_shortest,greedy,4998,81,81,0.6490423679351807,0.0028011204481792717,True,4984.0,79,-1,4984.0
Uniform1-5000_Seed190_J100_M50,"[0.024632, 1.000000]",50,100,0.02,max_proc,lowest_lower_bound,NO_PROFILING,all_to_shortest,greedy,4963,73,73,0.538154125213623,0.0020149103364900263,True,4953.0,71,-1,4953.0
Uniform1-5000_Seed190_J100_M50,"[0.024632, 1.000000]",50,100,0.01,max_proc,lowest_lower_bound,PRUNE,all_to_shortest,greedy,5033,87,87,0.6881966590881348,0.01589509239022452,True,4953.0,85,-1,4953.0
Uniform1-5000_Seed191_J100_M50,"[0.000782, 0.973826]",50,100,0.02,max_proc,lowest_lower_bound,NO_PROFILING,all_to_shortest,greedy,6626,1582,2001,17.793537378311157,0.22759432538484756,False,5117.96,50,-1,5117.96
Uniform1-5000_Seed191_J100_M50,"[0.000782, 0.973826]",50,100,0.01,max_proc,lowest_lower_bound,PRUNE,all_to_shortest,greedy,5501,74,74,0.6396942138671875,0.06963097618614797,True,5499.0,70,-1,5117.96
Uniform1-5000_Seed192_J100_M50,"[0.011240, 0.938094]",50,100,0.02,max_proc,lowest_lower_bound,NO_PROFILING,all_to_shortest,greedy,6550,154,2001,15.851490020751953,0.19863511450381685,False,5248.94,50,-1,5248.94
Uniform1-5000_Seed192_J100_M50,"[0.011240, 0.938094]",50,100,0.01,max_proc,lowest_lower_bound,PRUNE,all_to_shortest,greedy,6281,81,2001,20.165820360183716,0.16431459958605324,False,5487.0,62,-1,5248.94
Uniform1-5000_Seed193_J100_M50,"[0.002174, 0.986945]",50,100,0.02,max_proc,lowest_lower_bound,NO_PROFILING,all_to_shortest,greedy,6231,1513,2001,16.054503202438354,0.1879216819130155,False,5060.06,50,-1,5060.06
Uniform1-5000_Seed193_J100_M50,"[0.002174, 0.986945]",50,100,0.01,max_proc,lowest_lower_bound,PRUNE,all_to_shortest,greedy,6280,71,2001,16.412689447402954,0.19425796178343943,False,5103.0,60,-1,5060.06
Uniform1-5000_Seed194_J100_M50,"[0.001156, 0.952656]",50,100,0.02,max_proc,lowest_lower_bound,NO_PROFILING,all_to_shortest,greedy,6405,1907,2001,18.41610836982727,0.18974238875878224,False,5189.7,62,-1,5189.7
Uniform1-5000_Seed194_J100_M50,"[0.001156, 0.952656]",50,100,0.01,max_proc,lowest_lower_bound,PRUNE,all_to_shortest,greedy,6421,52,2001,21.826788663864136,0.1917614078803925,False,5189.7,62,-1,5189.7
Uniform1-5000_Seed195_J100_M50,"[0.011865, 0.968032]",50,100,0.02,max_proc,lowest_lower_bound,NO_PROFILING,all_to_shortest,greedy,6710,527,2001,19.420475721359253,0.23377645305514164,False,5141.36,50,-1,5141.36
Uniform1-5000_Seed195_J100_M50,"[0.011865, 0.968032]",50,100,0.01,max_proc,lowest_lower_bound,PRUNE,all_to_shortest,greedy,5494,86,86,0.7479262351989746,0.06418638514743362,True,5494.0,83,-1,5141.36
Uniform1-5000_Seed196_J100_M50,"[0.011014, 0.891389]",50,100,0.02,max_proc,lowest_lower_bound,NO_PROFILING,all_to_shortest,greedy,7068,1967,2001,16.475088834762573,0.22924731182795693,False,5447.68,50,-1,5447.68
Uniform1-5000_Seed196_J100_M50,"[0.011014, 0.891389]",50,100,0.01,max_proc,lowest_lower_bound,PRUNE,all_to_shortest,greedy,5947,1044,1044,9.302924394607544,0.08396166134185298,True,5841.0,75,-1,5447.68
Uniform1-5000_Seed197_J100_M50,"[0.016460, 0.944089]",50,100,0.02,max_proc,lowest_lower_bound,NO_PROFILING,all_to_shortest,greedy,6476,1367,2001,15.337859630584717,0.18382952439777633,False,5285.52,50,-1,5285.52
Uniform1-5000_Seed197_J100_M50,"[0.016460, 0.944089]",50,100,0.01,max_proc,lowest_lower_bound,PRUNE,all_to_shortest,greedy,5548,103,103,0.8401069641113281,0.047310742609949455,True,5457.0,81,-1,5285.52
Uniform1-5000_Seed198_J100_M50,"[0.010081, 0.943733]",50,100,0.02,max_proc,lowest_lower_bound,NO_PROFILING,all_to_shortest,greedy,6530,981,2001,16.95916247367859,0.2100704441041348,False,5158.24,50,-1,5158.24
Uniform1-5000_Seed198_J100_M50,"[0.010081, 0.943733]",50,100,0.01,max_proc,lowest_lower_bound,PRUNE,all_to_shortest,greedy,5545,830,830,6.973529100418091,0.06974932371505865,True,5443.0,76,-1,5158.24
Uniform1-5000_Seed199_J100_M50,"[0.001219, 1.000000]",50,100,0.02,max_proc,lowest_lower_bound,NO_PROFILING,all_to_shortest,greedy,5661,58,2001,15.359608173370361,0.13054230701289524,False,4922.0,67,-1,4922.0
Uniform1-5000_Seed199_J100_M50,"[0.001219, 1.000000]",50,100,0.01,max_proc,lowest_lower_bound,PRUNE,all_to_shortest,greedy,5676,163,2001,14.564022064208984,0.1328400281888654,False,4922.0,67,-1,4922.0
Uniform1-5000_Seed200_J100_M50,"[0.027683, 1.000000]",50,100,0.02,max_proc,lowest_lower_bound,NO_PROFILING,all_to_shortest,greedy,5035,81,81,0.5861644744873047,0.009930486593843098,True,4985.0,79,-1,4985.0
Uniform1-5000_Seed200_J100_M50,"[0.027683, 1.000000]",50,100,0.01,max_proc,lowest_lower_bound,PRUNE,all_to_shortest,greedy,5348,1074,2001,16.202017545700073,0.06787584143605085,False,4985.0,81,-1,4985.0
Uniform1-5000_Seed161_J150_M75,"[0.006684, 0.980544]",75,150,0.02,max_proc,lowest_lower_bound,NO_PROFILING,all_to_shortest,greedy,6212,661,2001,47.49684548377991,0.1811053874221936,False,5086.973333333333,88,-1,5086.973333333333
Uniform1-5000_Seed161_J150_M75,"[0.006684, 0.980544]",75,150,0.01,max_proc,lowest_lower_bound,PRUNE,all_to_shortest,greedy,6220,1795,2001,60.77433228492737,0.18215862808145766,False,5095.0,88,-1,5086.973333333333
Uniform1-5000_Seed162_J150_M75,"[0.012657, 0.970286]",75,150,0.02,max_proc,lowest_lower_bound,NO_PROFILING,all_to_shortest,greedy,6551,1901,2001,45.742932081222534,0.21605861700503734,False,5135.6,75,-1,5135.6
Uniform1-5000_Seed162_J150_M75,"[0.012657, 0.970286]",75,150,0.01,max_proc,lowest_lower_bound,PRUNE,all_to_shortest,greedy,6291,90,2001,46.42430233955383,0.183659195676363,False,5233.0,85,-1,5135.6
Uniform1-5000_Seed163_J150_M75,"[0.005105, 0.935536]",75,150,0.02,max_proc,lowest_lower_bound,NO_PROFILING,all_to_shortest,greedy,6888,473,2001,48.47046422958374,0.23215060007742933,False,5288.946666666667,75,-1,5288.946666666667
Uniform1-5000_Seed163_J150_M75,"[0.005105, 0.935536]",75,150,0.01,max_proc,lowest_lower_bound,PRUNE,all_to_shortest,greedy,5834,123,123,3.0020029544830322,0.09342703691006742,True,5834.0,105,-1,5288.946666666667
Uniform1-5000_Seed164_J150_M75,"[0.007261, 0.954376]",75,150,0.02,max_proc,lowest_lower_bound,NO_PROFILING,all_to_shortest,greedy,6175,1790,2001,46.83083772659302,0.15242321187584343,False,5233.786666666667,98,-1,5233.786666666667
Uniform1-5000_Seed164_J150_M75,"[0.007261, 0.954376]",75,150,0.01,max_proc,lowest_lower_bound,PRUNE,all_to_shortest,greedy,6263,355,2001,55.588995695114136,0.16433232210335832,False,5233.786666666667,98,-1,5233.786666666667
Uniform1-5000_Seed165_J150_M75,"[0.004881, 0.971493]",75,150,0.02,max_proc,lowest_lower_bound,NO_PROFILING,all_to_shortest,greedy,6366,676,2001,42.71736454963684,0.19541103780500577,False,5122.013333333333,75,-1,5122.013333333333
Uniform1-5000_Seed165_J150_M75,"[0.004881, 0.971493]",75,150,0.01,max_proc,lowest_lower_bound,PRUNE,all_to_shortest,greedy,5956,108,2001,49.41084861755371,0.140024625027983,False,5306.0,103,-1,5122.013333333333
Uniform1-5000_Seed166_J150_M75,"[0.001152, 0.951550]",75,150,0.02,max_proc,lowest_lower_bound,NO_PROFILING,all_to_shortest,greedy,6698,1378,2001,48.97711229324341,0.22240270727580377,False,5208.346666666666,75,-1,5208.346666666666
Uniform1-5000_Seed166_J150_M75,"[0.001152, 0.951550]",75,150,0.01,max_proc,lowest_lower_bound,PRUNE,all_to_shortest,greedy,6416,80,2001,58.33173489570618,0.18822527015793852,False,5492.0,83,-1,5208.346666666666
Uniform1-5000_Seed167_J150_M75,"[0.001207, 1.000000]",75,150,0.02,max_proc,lowest_lower_bound,NO_PROFILING,all_to_shortest,greedy,5057,103,103,2.1859116554260254,0.017006130116669963,True,4971.0,101,-1,4971.0
Uniform1-5000_Seed167_J150_M75,"[0.001207, 1.000000]",75,150,0.01,max_proc,lowest_lower_bound,PRUNE,all_to_shortest,greedy,5042,117,117,2.72529673576355,0.01408171360571202,True,4971.0,113,-1,4971.0
Uniform1-5000_Seed168_J150_M75,"[0.008822, 0.929376]",75,150,0.02,max_proc,lowest_lower_bound,NO_PROFILING,all_to_shortest,greedy,6754,922,2001,51.84359955787659,0.2279755206791038,False,5214.253333333333,75,-1,5214.253333333333
Uniform1-5000_Seed168_J150_M75,"[0.008822, 0.929376]",75,150,0.01,max_proc,lowest_lower_bound,PRUNE,all_to_shortest,greedy,6728,87,2001,58.869112730026245,0.22499207292905274,False,5534.0,85,-1,5214.253333333333
Uniform1-5000_Seed169_J150_M75,"[0.000401, 1.000000]",75,150,0.02,max_proc,lowest_lower_bound,NO_PROFILING,all_to_shortest,greedy,4998,106,106,2.1754391193389893,0.001600640256102441,True,4990.0,104,-1,4990.0
Uniform1-5000_Seed169_J150_M75,"[0.000401, 1.000000]",75,150,0.01,max_proc,lowest_lower_bound,PRUNE,all_to_shortest,greedy,5075,129,129,2.9879543781280518,0.016748768472906402,True,4990.0,127,-1,4990.0
Uniform1-5000_Seed170_J150_M75,"[0.001390, 0.991019]",75,150,0.02,max_proc,lowest_lower_bound,NO_PROFILING,all_to_shortest,greedy,6399,578,2001,46.84037256240845,0.21328124186070743,False,5034.213333333333,76,-1,5034.213333333333
Uniform1-5000_Seed170_J150_M75,"[0.001390, 0.991019]",75,150,0.01,max_proc,lowest_lower_bound,PRUNE,all_to_shortest,greedy,6444,73,2001,56.238046169281006,0.21877508793709913,False,5193.0,84,-1,5034.213333333333
Uniform1-5000_Seed171_J150_M75,"[0.011041, 0.933811]",75,150,0.02,max_proc,lowest_lower_bound,NO_PROFILING,all_to_shortest,greedy,6752,1611,2001,48.569039821624756,0.20857622432859396,False,5343.693333333334,75,-1,5343.693333333334
Uniform1-5000_Seed171_J150_M75,"[0.011041, 0.933811]",75,150,0.01,max_proc,lowest_lower_bound,PRUNE,all_to_shortest,greedy,5977,108,108,2.6575653553009033,0.1059572806870782,True,5977.0,105,-1,5343.693333333334
Uniform1-5000_Seed172_J150_M75,"[0.002615, 0.932370]",75,150,0.02,max_proc,lowest_lower_bound,NO_PROFILING,all_to_shortest,greedy,6598,1567,2001,47.26450157165527,0.18868950186925332,False,5353.026666666667,75,-1,5353.026666666667
Uniform1-5000_Seed172_J150_M75,"[0.002615, 0.932370]",75,150,0.01,max_proc,lowest_lower_bound,PRUNE,all_to_shortest,greedy,6413,446,2001,55.51317596435547,0.1652850979780654,False,5543.0,100,-1,5353.026666666667
Uniform1-5000_Seed173_J150_M75,"[0.011838, 1.000000]",75,150,0.02,max_proc,lowest_lower_bound,NO_PROFILING,all_to_shortest,greedy,5059,116,116,2.467087984085083,0.014825064241945048,True,4984.0,114,-1,4984.0
Uniform1-5000_Seed173_J150_M75,"[0.011838, 1.000000]",75,150,0.01,max_proc,lowest_lower_bound,PRUNE,all_to_shortest,greedy,5269,1888,2001,47.36210322380066,0.05408996014423989,False,4984.0,117,-1,4984.0
Uniform1-5000_Seed174_J150_M75,"[0.001379, 0.982809]",75,150,0.02,max_proc,lowest_lower_bound,NO_PROFILING,all_to_shortest,greedy,6613,922,2001,51.37312412261963,0.23238066434800145,False,5076.266666666666,75,-1,5076.266666666666
Uniform1-5000_Seed174_J150_M75,"[0.001379, 0.982809]",75,150,0.01,max_proc,lowest_lower_bound,PRUNE,all_to_shortest,greedy,6020,92,2001,52.56613302230835,0.15676633444075308,False,5315.0,92,-1,5076.266666666666
Uniform1-5000_Seed175_J150_M75,"[0.014737, 0.987549]",75,150,0.02,max_proc,lowest_lower_bound,NO_PROFILING,all_to_shortest,greedy,6296,1257,2001,46.622246980667114,0.21320203303684876,False,4953.68,75,-1,4953.68
Uniform1-5000_Seed175_J150_M75,"[0.014737, 0.987549]",75,150,0.01,max_proc,lowest_lower_bound,PRUNE,all_to_shortest,greedy,5360,861,2001,47.16717553138733,0.07580597014925368,False,5108.0,128,-1,4953.68
Uniform1-5000_Seed176_J150_M75,"[0.009336, 1.000000]",75,150,0.02,max_proc,lowest_lower_bound,NO_PROFILING,all_to_shortest,greedy,5965,607,2001,47.34743571281433,0.17401508801341156,False,4927.0,82,-1,4927.0
Uniform1-5000_Seed176_J150_M75,"[0.009336, 1.000000]",75,150,0.01,max_proc,lowest_lower_bound,PRUNE,all_to_shortest,greedy,5883,1817,2001,57.54919505119324,0.1625021247662757,False,4935.0,90,-1,4927.0
Uniform1-5000_Seed177_J150_M75,"[0.003225, 1.000000]",75,150,0.02,max_proc,lowest_lower_bound,NO_PROFILING,all_to_shortest,greedy,6167,966,2001,43.52272295951843,0.19539484352197178,False,4962.0,78,-1,4962.0
Uniform1-5000_Seed177_J150_M75,"[0.003225, 1.000000]",75,150,0.01,max_proc,lowest_lower_bound,PRUNE,all_to_shortest,greedy,5958,785,2001,44.37683415412903,0.16717019133937563,False,5069.0,90,-1,4962.0
Uniform1-5000_Seed178_J150_M75,"[0.004041, 0.917479]",75,150,0.02,max_proc,lowest_lower_bound,NO_PROFILING,all_to_shortest,greedy,7113,62,2001,47.66650366783142,0.23460330849618075,False,5444.266666666666,75,-1,5444.266666666666
Uniform1-5000_Seed178_J150_M75,"[0.004041, 0.917479]",75,150,0.01,max_proc,lowest_lower_bound,PRUNE,all_to_shortest,greedy,6128,144,144,3.776153802871704,0.11157528285465626,True,6030.0,108,-1,5444.266666666666
Uniform1-5000_Seed179_J150_M75,"[0.004862, 1.000000]",75,150,0.02,max_proc,lowest_lower_bound,NO_PROFILING,all_to_shortest,greedy,4936,116,116,2.5740623474121094,0.0,True,4936.0,114,116,4936.0
Uniform1-5000_Seed179_J150_M75,"[0.004862, 1.000000]",75,150,0.01,max_proc,lowest_lower_bound,PRUNE,all_to_shortest,greedy,5013,488,488,10.797419309616089,0.015360063834031518,True,4936.0,127,-1,4936.0
Uniform1-5000_Seed180_J150_M75,"[0.000589, 0.978890]",75,150,0.02,max_proc,lowest_lower_bound,NO_PROFILING,all_to_shortest,greedy,6463,1527,2001,42.56062722206116,0.21173655165299907,False,5094.546666666667,75,-1,5094.546666666667
Uniform1-5000_Seed180_J150_M75,"[0.000589, 0.978890]",75,150,0.01,max_proc,lowest_lower_bound,PRUNE,all_to_shortest,greedy,5403,293,293,7.111264944076538,0.057089271392436226,True,5403.0,113,-1,5094.546666666667
Uniform1-5000_Seed181_J150_M75,"[0.003812, 1.000000]",75,150,0.02,max_proc,lowest_lower_bound,NO_PROFILING,all_to_shortest,greedy,5637,480,2001,43.340967416763306,0.11584175980131275,False,4984.0,108,-1,4984.0
Uniform1-5000_Seed181_J150_M75,"[0.003812, 1.000000]",75,150,0.01,max_proc,lowest_lower_bound,PRUNE,all_to_shortest,greedy,5779,103,2001,54.05310559272766,0.13756705312337775,False,4984.0,101,-1,4984.0
Uniform1-5000_Seed182_J150_M75,"[0.012301, 1.000000]",75,150,0.02,max_proc,lowest_lower_bound,NO_PROFILING,all_to_shortest,greedy,5058,101,101,2.08262300491333,0.019572953736654804,True,4959.0,99,-1,4959.0
Uniform1-5000_Seed182_J150_M75,"[0.012301, 1.000000]",75,150,0.01,max_proc,lowest_lower_bound,PRUNE,all_to_shortest,greedy,4966,125,125,2.9107065200805664,0.001409585179218687,True,4959.0,123,-1,4959.0
Uniform1-5000_Seed183_J150_M75,"[0.003699, 1.000000]",75,150,0.02,max_proc,lowest_lower_bound,NO_PROFILING,all_to_shortest,greedy,4891,80,80,1.6459932327270508,0.005111429155591904,True,4866.0,78,-1,4866.0
Uniform1-5000_Seed183_J150_M75,"[0.003699, 1.000000]",75,150,0.01,max_proc,lowest_lower_bound,PRUNE,all_to_shortest,greedy,4960,109,109,2.445697069168091,0.018951612903225806,True,4866.0,107,-1,4866.0
Uniform1-5000_Seed184_J150_M75,"[0.028409, 0.939384]",75,150,0.02,max_proc,lowest_lower_bound,NO_PROFILING,all_to_shortest,greedy,6960,271,2001,52.321627616882324,0.23632375478927206,False,5315.1866666666665,75,-1,5315.1866666666665
Uniform1-5000_Seed184_J150_M75,"[0.028409, 0.939384]",75,150,0.01,max_proc,lowest_lower_bound,PRUNE,all_to_shortest,greedy,5736,123,123,3.2502658367156982,0.0733635518363552,True,5735.0,119,-1,5315.1866666666665
Uniform1-5000_Seed185_J150_M75,"[0.000595, 0.982242]",75,150,0.02,max_proc,lowest_lower_bound,NO_PROFILING,all_to_shortest,greedy,6480,1950,2001,47.99586582183838,0.22182921810699582,False,5042.546666666667,75,-1,5042.546666666667
Uniform1-5000_Seed185_J150_M75,"[0.000595, 0.982242]",75,150,0.01,max_proc,lowest_lower_bound,PRUNE,all_to_shortest,greedy,5258,149,2001,46.8209924697876,0.04097629009762893,False,5154.0,137,-1,5042.546666666667
Uniform1-5000_Seed186_J150_M75,"[0.000598, 0.994452]",75,150,0.02,max_proc,lowest_lower_bound,NO_PROFILING,all_to_shortest,greedy,6310,461,2001,46.50379037857056,0.2043021658742736,False,5020.8533333333335,75,-1,5020.8533333333335
Uniform1-5000_Seed186_J150_M75,"[0.000598, 0.994452]",75,150,0.01,max_proc,lowest_lower_bound,PRUNE,all_to_shortest,greedy,5345,503,2001,48.21569466590881,0.06064483941378233,False,5211.0,134,-1,5020.8533333333335
Uniform1-5000_Seed187_J150_M75,"[0.002945, 0.919900]",75,150,0.02,max_proc,lowest_lower_bound,NO_PROFILING,all_to_shortest,greedy,7002,1067,2001,49.40613126754761,0.22405027135104258,False,5433.2,75,-1,5433.2
Uniform1-5000_Seed187_J150_M75,"[0.002945, 0.919900]",75,150,0.01,max_proc,lowest_lower_bound,PRUNE,all_to_shortest,greedy,6894,485,2001,58.75747585296631,0.21189440092834352,False,5638.0,83,-1,5433.2
Uniform1-5000_Seed188_J150_M75,"[0.009627, 1.000000]",75,150,0.02,max_proc,lowest_lower_bound,NO_PROFILING,all_to_shortest,greedy,5072,90,90,1.8071496486663818,0.01695583596214511,True,4986.0,88,-1,4986.0
Uniform1-5000_Seed188_J150_M75,"[0.009627, 1.000000]",75,150,0.01,max_proc,lowest_lower_bound,PRUNE,all_to_shortest,greedy,5013,106,106,2.451507568359375,0.005385996409335727,True,4986.0,104,-1,4986.0
Uniform1-5000_Seed189_J150_M75,"[0.008226, 1.000000]",75,150,0.02,max_proc,lowest_lower_bound,NO_PROFILING,all_to_shortest,greedy,5058,123,123,2.787940740585327,0.014630288651640965,True,4984.0,121,-1,4984.0
Uniform1-5000_Seed189_J150_M75,"[0.008226, 1.000000]",75,150,0.01,max_proc,lowest_lower_bound,PRUNE,all_to_shortest,greedy,5120,1935,2001,49.3247652053833,0.0265625,False,4984.0,131,-1,4984.0
Uniform1-5000_Seed190_J150_M75,"[0.006246, 1.000000]",75,150,0.02,max_proc,lowest_lower_bound,NO_PROFILING,all_to_shortest,greedy,6102,1045,2001,44.03694200515747,0.1866601114388725,False,4963.0,79,-1,4963.0
Uniform1-5000_Seed190_J150_M75,"[0.006246, 1.000000]",75,150,0.01,max_proc,lowest_lower_bound,PRUNE,all_to_shortest,greedy,5574,1853,2001,49.10027742385864,0.10961607463222102,False,5026.0,112,-1,4963.0
Uniform1-5000_Seed191_J150_M75,"[0.000735, 0.915557]",75,150,0.02,max_proc,lowest_lower_bound,NO_PROFILING,all_to_shortest,greedy,7109,731,2001,49.00482654571533,0.2342551695034463,False,5443.68,75,-1,5443.68
Uniform1-5000_Seed191_J150_M75,"[0.000735, 0.915557]",75,150,0.01,max_proc,lowest_lower_bound,PRUNE,all_to_shortest,greedy,5987,120,120,2.896700143814087,0.09074995824285947,True,5880.0,112,-1,5443.68
Uniform1-5000_Seed192_J150_M75,"[0.006667, 0.896435]",75,150,0.02,max_proc,lowest_lower_bound,NO_PROFILING,all_to_shortest,greedy,6982,941,2001,45.915846824645996,0.20513319965625892,False,5549.76,75,-1,5549.76
Uniform1-5000_Seed192_J150_M75,"[0.006667, 0.896435]",75,150,0.01,max_proc,lowest_lower_bound,PRUNE,all_to_shortest,greedy,7066,73,2001,63.77588629722595,0.21458250778375315,False,5835.0,89,-1,5549.76
Uniform1-5000_Seed193_J150_M75,"[0.002156, 0.978599]",75,150,0.02,max_proc,lowest_lower_bound,NO_PROFILING,all_to_shortest,greedy,6360,90,2001,46.974018573760986,0.19760796645702308,False,5103.213333333333,89,-1,5103.213333333333
Uniform1-5000_Seed193_J150_M75,"[0.002156, 0.978599]",75,150,0.01,max_proc,lowest_lower_bound,PRUNE,all_to_shortest,greedy,6472,119,2001,50.20433187484741,0.21149361351462714,False,5103.213333333333,89,-1,5103.213333333333
Uniform1-5000_Seed194_J150_M75,"[0.001113, 0.923475]",75,150,0.02,max_proc,lowest_lower_bound,NO_PROFILING,all_to_shortest,greedy,6748,1309,2001,46.284897804260254,0.20132977672396765,False,5389.426666666666,75,-1,5389.426666666666
Uniform1-5000_Seed194_J150_M75,"[0.001113, 0.923475]",75,150,0.01,max_proc,lowest_lower_bound,PRUNE,all_to_shortest,greedy,6540,1447,2001,55.96066355705261,0.1759286442405709,False,5562.0,93,-1,5389.426666666666
Uniform1-5000_Seed195_J150_M75,"[0.011871, 0.968552]",75,150,0.02,max_proc,lowest_lower_bound,NO_PROFILING,all_to_shortest,greedy,6536,66,2001,48.8565468788147,0.21380048959608317,False,5138.6,75,-1,5138.6
Uniform1-5000_Seed195_J150_M75,"[0.011871, 0.968552]",75,150,0.01,max_proc,lowest_lower_bound,PRUNE,all_to_shortest,greedy,5597,133,133,3.233077049255371,0.08190101840271567,True,5494.0,126,-1,5138.6
Uniform1-5000_Seed196_J150_M75,"[0.011423, 0.934975]",75,150,0.02,max_proc,lowest_lower_bound,NO_PROFILING,all_to_shortest,greedy,6561,580,2001,45.56209921836853,0.19942894883909967,False,5252.546666666667,79,-1,5252.546666666667
Uniform1-5000_Seed196_J150_M75,"[0.011423, 0.934975]",75,150,0.01,max_proc,lowest_lower_bound,PRUNE,all_to_shortest,greedy,6160,245,2001,56.73419260978699,0.14731385281385276,False,5288.0,97,-1,5252.546666666667
Uniform1-5000_Seed197_J150_M75,"[0.003559, 0.934686]",75,150,0.02,max_proc,lowest_lower_bound,NO_PROFILING,all_to_shortest,greedy,6986,1034,2001,48.92036819458008,0.23580112606164708,False,5338.693333333334,75,-1,5338.693333333334
Uniform1-5000_Seed197_J150_M75,"[0.003559, 0.934686]",75,150,0.01,max_proc,lowest_lower_bound,PRUNE,all_to_shortest,greedy,5691,138,138,3.364227056503296,0.06190593334504769,True,5647.0,123,-1,5338.693333333334
Uniform1-5000_Seed198_J150_M75,"[0.010426, 0.993437]",75,150,0.02,max_proc,lowest_lower_bound,NO_PROFILING,all_to_shortest,greedy,6345,547,2001,50.342369079589844,0.21391121618071968,False,4987.733333333334,84,-1,4987.733333333334
Uniform1-5000_Seed198_J150_M75,"[0.010426, 0.993437]",75,150,0.01,max_proc,lowest_lower_bound,PRUNE,all_to_shortest,greedy,6372,150,2001,56.831066370010376,0.21724210085792003,False,5050.0,84,-1,4987.733333333334
Uniform1-5000_Seed199_J150_M75,"[0.000775, 0.953885]",75,150,0.02,max_proc,lowest_lower_bound,NO_PROFILING,all_to_shortest,greedy,6654,365,2001,48.097490310668945,0.22390341649133355,False,5164.1466666666665,76,-1,5164.1466666666665
Uniform1-5000_Seed199_J150_M75,"[0.000775, 0.953885]",75,150,0.01,max_proc,lowest_lower_bound,PRUNE,all_to_shortest,greedy,6541,1692,2001,60.4020094871521,0.21049584671049282,False,5254.0,86,-1,5164.1466666666665
Uniform1-5000_Seed200_J150_M75,"[0.003611, 1.000000]",75,150,0.02,max_proc,lowest_lower_bound,NO_PROFILING,all_to_shortest,greedy,4985,131,131,2.909029483795166,0.0,True,4985.0,129,131,4985.0
Uniform1-5000_Seed200_J150_M75,"[0.003611, 1.000000]",75,150,0.01,max_proc,lowest_lower_bound,PRUNE,all_to_shortest,greedy,5562,180,2001,51.68305253982544,0.10373966199208917,False,4985.0,116,-1,4985.0
Uniform1-5000_Seed161_J200_M100,"[0.005361, 0.990478]",100,200,0.02,max_proc,lowest_lower_bound,NO_PROFILING,all_to_shortest,greedy,6329,418,2001,103.42163252830505,0.20430557750039505,False,5035.95,105,-1,5035.95
Uniform1-5000_Seed161_J200_M100,"[0.005361, 0.990478]",100,200,0.01,max_proc,lowest_lower_bound,PRUNE,all_to_shortest,greedy,6182,855,2001,127.80647373199463,0.18538498867680364,False,5100.0,117,-1,5035.95
Uniform1-5000_Seed162_J200_M100,"[0.011439, 1.000000]",100,200,0.02,max_proc,lowest_lower_bound,NO_PROFILING,all_to_shortest,greedy,6349,1844,2001,95.68160486221313,0.2151519924397543,False,4983.0,101,-1,4983.0
Uniform1-5000_Seed162_J200_M100,"[0.011439, 1.000000]",100,200,0.01,max_proc,lowest_lower_bound,PRUNE,all_to_shortest,greedy,5766,147,2001,117.61940908432007,0.13579604578563995,False,5020.0,148,-1,4983.0
Uniform1-5000_Seed163_J200_M100,"[0.005031, 0.922023]",100,200,0.02,max_proc,lowest_lower_bound,NO_PROFILING,all_to_shortest,greedy,7167,1688,2001,113.66746950149536,0.25122645458350773,False,5366.46,100,-1,5366.46
Uniform1-5000_Seed163_J200_M100,"[0.005031, 0.922023]",100,200,0.01,max_proc,lowest_lower_bound,PRUNE,all_to_shortest,greedy,5995,191,191,10.664676666259766,0.1048440366972477,True,5934.0,144,-1,5366.46
Uniform1-5000_Seed164_J200_M100,"[0.007063, 0.928347]",100,200,0.02,max_proc,lowest_lower_bound,NO_PROFILING,all_to_shortest,greedy,6386,781,2001,104.83453845977783,0.15744910742248672,False,5380.53,129,-1,5380.53
Uniform1-5000_Seed164_J200_M100,"[0.007063, 0.928347]",100,200,0.01,max_proc,lowest_lower_bound,PRUNE,all_to_shortest,greedy,6456,129,2001,126.5929651260376,0.16658457249070635,False,5380.53,129,-1,5380.53
Uniform1-5000_Seed165_J200_M100,"[0.002752, 0.978293]",100,200,0.02,max_proc,lowest_lower_bound,NO_PROFILING,all_to_shortest,greedy,6343,555,2001,91.88703894615173,0.19810657417625732,False,5086.41,100,-1,5086.41
Uniform1-5000_Seed165_J200_M100,"[0.002752, 0.978293]",100,200,0.01,max_proc,lowest_lower_bound,PRUNE,all_to_shortest,greedy,5237,703,703,39.83177065849304,0.02875501241168611,True,5231.0,170,-1,5086.41
Uniform1-5000_Seed166_J200_M100,"[0.001169, 0.965786]",100,200,0.02,max_proc,lowest_lower_bound,NO_PROFILING,all_to_shortest,greedy,6591,1087,2001,106.24762678146362,0.22142770444545598,False,5131.57,100,-1,5131.57
Uniform1-5000_Seed166_J200_M100,"[0.001169, 0.965786]",100,200,0.01,max_proc,lowest_lower_bound,PRUNE,all_to_shortest,greedy,6395,1316,2001,132.18649411201477,0.19756528537920254,False,5273.0,111,-1,5131.57
Uniform1-5000_Seed167_J200_M100,"[0.001207, 1.000000]",100,200,0.02,max_proc,lowest_lower_bound,NO_PROFILING,all_to_shortest,greedy,5035,160,160,8.493401288986206,0.012711022840119166,True,4971.0,158,-1,4971.0
Uniform1-5000_Seed167_J200_M100,"[0.001207, 1.000000]",100,200,0.01,max_proc,lowest_lower_bound,PRUNE,all_to_shortest,greedy,5045,194,194,10.893857717514038,0.01466798810703667,True,4971.0,182,-1,4971.0
Uniform1-5000_Seed168_J200_M100,"[0.008904, 0.943610]",100,200,0.02,max_proc,lowest_lower_bound,NO_PROFILING,all_to_shortest,greedy,6769,136,2001,113.51683902740479,0.23676613975476438,False,5166.33,100,-1,5166.33
Uniform1-5000_Seed168_J200_M100,"[0.008904, 0.943610]",100,200,0.01,max_proc,lowest_lower_bound,PRUNE,all_to_shortest,greedy,5538,172,172,9.460819482803345,0.06711267605633804,True,5435.0,168,-1,5166.33
Uniform1-5000_Seed169_J200_M100,"[0.000401, 1.000000]",100,200,0.02,max_proc,lowest_lower_bound,NO_PROFILING,all_to_shortest,greedy,5016,140,140,6.6212310791015625,0.00518341307814992,True,4990.0,138,-1,4990.0
Uniform1-5000_Seed169_J200_M100,"[0.000401, 1.000000]",100,200,0.01,max_proc,lowest_lower_bound,PRUNE,all_to_shortest,greedy,5090,182,182,9.83706283569336,0.019646365422396856,True,4990.0,170,-1,4990.0
Uniform1-5000_Seed170_J200_M100,"[0.001351, 0.962533]",100,200,0.02,max_proc,lowest_lower_bound,NO_PROFILING,all_to_shortest,greedy,6616,652,2001,97.71046352386475,0.21656590084643293,False,5183.2,100,-1,5183.2
Uniform1-5000_Seed170_J200_M100,"[0.001351, 0.962533]",100,200,0.01,max_proc,lowest_lower_bound,PRUNE,all_to_shortest,greedy,6567,109,2001,125.66446781158447,0.21072026800670018,False,5358.0,108,-1,5183.2
Uniform1-5000_Seed171_J200_M100,"[0.011063, 0.935673]",100,200,0.02,max_proc,lowest_lower_bound,NO_PROFILING,all_to_shortest,greedy,6761,234,2001,105.02364826202393,0.21120248483952073,False,5333.06,100,-1,5333.06
Uniform1-5000_Seed171_J200_M100,"[0.011063, 0.935673]",100,200,0.01,max_proc,lowest_lower_bound,PRUNE,all_to_shortest,greedy,6034,146,146,8.054442405700684,0.11616506463374206,True,5953.0,141,-1,5333.06
Uniform1-5000_Seed172_J200_M100,"[0.002638, 0.940499]",100,200,0.02,max_proc,lowest_lower_bound,NO_PROFILING,all_to_shortest,greedy,6777,351,2001,102.53144216537476,0.21694555112881803,False,5306.76,100,-1,5306.76
Uniform1-5000_Seed172_J200_M100,"[0.002638, 0.940499]",100,200,0.01,max_proc,lowest_lower_bound,PRUNE,all_to_shortest,greedy,5518,186,186,10.435647964477539,0.038281986226893765,True,5518.0,167,-1,5306.76
Uniform1-5000_Seed173_J200_M100,"[0.011693, 0.987789]",100,200,0.02,max_proc,lowest_lower_bound,NO_PROFILING,all_to_shortest,greedy,5982,200,2001,100.41539192199707,0.15653460381143436,False,5045.61,129,-1,5045.61
Uniform1-5000_Seed173_J200_M100,"[0.011693, 0.987789]",100,200,0.01,max_proc,lowest_lower_bound,PRUNE,all_to_shortest,greedy,6061,182,2001,123.2213249206543,0.1675284606500578,False,5045.61,129,-1,5045.61
Uniform1-5000_Seed174_J200_M100,"[0.001389, 0.990034]",100,200,0.02,max_proc,lowest_lower_bound,NO_PROFILING,all_to_shortest,greedy,6629,1554,2001,106.87300229072571,0.23982199426761197,False,5039.22,100,-1,5039.22
Uniform1-5000_Seed174_J200_M100,"[0.001389, 0.990034]",100,200,0.01,max_proc,lowest_lower_bound,PRUNE,all_to_shortest,greedy,5316,192,192,10.536254644393921,0.05206546275395029,True,5260.0,170,-1,5039.22
Uniform1-5000_Seed175_J200_M100,"[0.014588, 0.977622]",100,200,0.02,max_proc,lowest_lower_bound,NO_PROFILING,all_to_shortest,greedy,6416,646,2001,105.60504531860352,0.22007793017456365,False,5003.98,100,-1,5003.98
Uniform1-5000_Seed175_J200_M100,"[0.014588, 0.977622]",100,200,0.01,max_proc,lowest_lower_bound,PRUNE,all_to_shortest,greedy,5371,175,175,9.109607934951782,0.06833364364178,True,5268.0,173,-1,5003.98
Uniform1-5000_Seed176_J200_M100,"[0.009189, 0.998752]",100,200,0.02,max_proc,lowest_lower_bound,NO_PROFILING,all_to_shortest,greedy,6326,461,2001,110.15263843536377,0.2086231425861524,False,5006.25,104,-1,5006.25
Uniform1-5000_Seed176_J200_M100,"[0.009189, 0.998752]",100,200,0.01,max_proc,lowest_lower_bound,PRUNE,all_to_shortest,greedy,6298,125,2001,128.78054976463318,0.20510479517307081,False,5050.0,114,-1,5006.25
Uniform1-5000_Seed177_J200_M100,"[0.003225, 1.000000]",100,200,0.02,max_proc,lowest_lower_bound,NO_PROFILING,all_to_shortest,greedy,5880,183,2001,103.95317316055298,0.15612244897959185,False,4962.0,128,-1,4962.0
Uniform1-5000_Seed177_J200_M100,"[0.003225, 1.000000]",100,200,0.01,max_proc,lowest_lower_bound,PRUNE,all_to_shortest,greedy,5905,394,2001,119.82293176651001,0.15969517358171043,False,4962.0,128,-1,4962.0
Uniform1-5000_Seed178_J200_M100,"[0.004138, 0.939498]",100,200,0.02,max_proc,lowest_lower_bound,NO_PROFILING,all_to_shortest,greedy,6786,221,2001,99.37195086479187,0.21652372531682876,False,5316.67,100,-1,5316.67
Uniform1-5000_Seed178_J200_M100,"[0.004138, 0.939498]",100,200,0.01,max_proc,lowest_lower_bound,PRUNE,all_to_shortest,greedy,5720,155,155,8.209978103637695,0.07051223776223775,True,5676.0,153,-1,5316.67
Uniform1-5000_Seed179_J200_M100,"[0.004842, 1.000000]",100,200,0.02,max_proc,lowest_lower_bound,NO_PROFILING,all_to_shortest,greedy,4971,160,160,8.176045894622803,0.002816334741500704,True,4957.0,158,-1,4957.0
Uniform1-5000_Seed179_J200_M100,"[0.004842, 1.000000]",100,200,0.01,max_proc,lowest_lower_bound,PRUNE,all_to_shortest,greedy,5021,185,185,9.95496940612793,0.012746464847639912,True,4957.0,176,-1,4957.0
Uniform1-5000_Seed180_J200_M100,"[0.000577, 0.959158]",100,200,0.02,max_proc,lowest_lower_bound,NO_PROFILING,all_to_shortest,greedy,6660,1995,2001,103.03911113739014,0.21931681681681675,False,5199.35,100,-1,5199.35
Uniform1-5000_Seed180_J200_M100,"[0.000577, 0.959158]",100,200,0.01,max_proc,lowest_lower_bound,PRUNE,all_to_shortest,greedy,5552,258,258,14.292778015136719,0.0635176512968299,True,5520.0,155,-1,5199.35
Uniform1-5000_Seed181_J200_M100,"[0.003776, 0.991807]",100,200,0.02,max_proc,lowest_lower_bound,NO_PROFILING,all_to_shortest,greedy,5814,444,2001,107.47409200668335,0.13446336429308572,False,5032.23,142,-1,5032.23
Uniform1-5000_Seed181_J200_M100,"[0.003776, 0.991807]",100,200,0.01,max_proc,lowest_lower_bound,PRUNE,all_to_shortest,greedy,5950,143,2001,122.76783967018127,0.1542470588235295,False,5032.23,137,-1,5032.23
Uniform1-5000_Seed182_J200_M100,"[0.012232, 1.000000]",100,200,0.02,max_proc,lowest_lower_bound,NO_PROFILING,all_to_shortest,greedy,5075,167,167,8.15006971359253,0.01733990147783251,True,4987.0,165,-1,4987.0
Uniform1-5000_Seed182_J200_M100,"[0.012232, 1.000000]",100,200,0.01,max_proc,lowest_lower_bound,PRUNE,all_to_shortest,greedy,5055,181,181,9.629327774047852,0.013452027695351138,True,4987.0,179,-1,4987.0
Uniform1-5000_Seed183_J200_M100,"[0.003627, 1.000000]",100,200,0.02,max_proc,lowest_lower_bound,NO_PROFILING,all_to_shortest,greedy,5011,110,110,4.8229615688323975,0.009578926362003592,True,4963.0,108,-1,4963.0
Uniform1-5000_Seed183_J200_M100,"[0.003627, 1.000000]",100,200,0.01,max_proc,lowest_lower_bound,PRUNE,all_to_shortest,greedy,5025,128,128,6.484994173049927,0.012338308457711443,True,4963.0,126,-1,4963.0
Uniform1-5000_Seed184_J200_M100,"[0.006526, 0.958406]",100,200,0.02,max_proc,lowest_lower_bound,NO_PROFILING,all_to_shortest,greedy,6794,731,2001,118.6444456577301,0.23319252281424793,False,5209.69,100,-1,5209.69
Uniform1-5000_Seed184_J200_M100,"[0.006526, 0.958406]",100,200,0.01,max_proc,lowest_lower_bound,PRUNE,all_to_shortest,greedy,5586,267,267,14.857125043869019,0.06736663086287153,True,5496.0,158,-1,5209.69
Uniform1-5000_Seed185_J200_M100,"[0.000600, 1.000000]",100,200,0.02,max_proc,lowest_lower_bound,NO_PROFILING,all_to_shortest,greedy,5639,640,2001,98.38723802566528,0.11384997339953892,False,4997.0,144,-1,4997.0
Uniform1-5000_Seed185_J200_M100,"[0.000600, 1.000000]",100,200,0.01,max_proc,lowest_lower_bound,PRUNE,all_to_shortest,greedy,5651,318,2001,118.08342981338501,0.11573172889754026,False,4997.0,144,-1,4997.0
Uniform1-5000_Seed186_J200_M100,"[0.000601, 1.000000]",100,200,0.02,max_proc,lowest_lower_bound,NO_PROFILING,all_to_shortest,greedy,6387,1827,2001,97.7144124507904,0.21825583215907313,False,4993.0,100,-1,4993.0
Uniform1-5000_Seed186_J200_M100,"[0.000601, 1.000000]",100,200,0.01,max_proc,lowest_lower_bound,PRUNE,all_to_shortest,greedy,5332,168,168,8.669623851776123,0.06357839459864967,True,5230.0,162,-1,4993.0
Uniform1-5000_Seed187_J200_M100,"[0.003012, 0.940719]",100,200,0.02,max_proc,lowest_lower_bound,NO_PROFILING,all_to_shortest,greedy,6958,799,2001,112.6364848613739,0.236424259844783,False,5312.96,100,-1,5312.96
Uniform1-5000_Seed187_J200_M100,"[0.003012, 0.940719]",100,200,0.01,max_proc,lowest_lower_bound,PRUNE,all_to_shortest,greedy,5480,754,754,38.600027084350586,0.03048175182481751,True,5480.0,174,-1,5312.96
Uniform1-5000_Seed188_J200_M100,"[0.009627, 1.000000]",100,200,0.02,max_proc,lowest_lower_bound,NO_PROFILING,all_to_shortest,greedy,5033,130,130,6.103989839553833,0.009338366779256905,True,4986.0,128,-1,4986.0
Uniform1-5000_Seed188_J200_M100,"[0.009627, 1.000000]",100,200,0.01,max_proc,lowest_lower_bound,PRUNE,all_to_shortest,greedy,4988,162,162,8.250672340393066,0.00040096230954290296,True,4986.0,160,-1,4986.0
Uniform1-5000_Seed189_J200_M100,"[0.008226, 1.000000]",100,200,0.02,max_proc,lowest_lower_bound,NO_PROFILING,all_to_shortest,greedy,5947,991,2001,100.14142203330994,0.16193038506810156,False,4984.0,116,-1,4984.0
Uniform1-5000_Seed189_J200_M100,"[0.008226, 1.000000]",100,200,0.01,max_proc,lowest_lower_bound,PRUNE,all_to_shortest,greedy,6029,359,2001,123.82402563095093,0.17332891026704264,False,4984.0,116,-1,4984.0
Uniform1-5000_Seed190_J200_M100,"[0.006246, 1.000000]",100,200,0.02,max_proc,lowest_lower_bound,NO_PROFILING,all_to_shortest,greedy,5279,719,2001,93.88703632354736,0.059859821935972723,False,4963.0,164,-1,4963.0
Uniform1-5000_Seed190_J200_M100,"[0.006246, 1.000000]",100,200,0.01,max_proc,lowest_lower_bound,PRUNE,all_to_shortest,greedy,5562,589,2001,114.7899239063263,0.10769507371449119,False,4963.0,154,-1,4963.0
Uniform1-5000_Seed191_J200_M100,"[0.000755, 0.941073]",100,200,0.02,max_proc,lowest_lower_bound,NO_PROFILING,all_to_shortest,greedy,6992,440,2001,109.46017789840698,0.24255148741418767,False,5296.08,100,-1,5296.08
Uniform1-5000_Seed191_J200_M100,"[0.000755, 0.941073]",100,200,0.01,max_proc,lowest_lower_bound,PRUNE,all_to_shortest,greedy,5715,170,170,8.998937845230103,0.07330183727034122,True,5681.0,156,-1,5296.08
Uniform1-5000_Seed192_J200_M100,"[0.006877, 0.924675]",100,200,0.02,max_proc,lowest_lower_bound,NO_PROFILING,all_to_shortest,greedy,6831,811,2001,105.4530394077301,0.212374469330991,False,5380.27,100,-1,5380.27
Uniform1-5000_Seed192_J200_M100,"[0.006877, 0.924675]",100,200,0.01,max_proc,lowest_lower_bound,PRUNE,all_to_shortest,greedy,5708,221,221,12.500019311904907,0.057415907498247994,True,5609.0,165,-1,5380.27
Uniform1-5000_Seed193_J200_M100,"[0.002203, 1.000000]",100,200,0.02,max_proc,lowest_lower_bound,NO_PROFILING,all_to_shortest,greedy,6441,852,2001,97.81961250305176,0.22465455674584692,False,4994.0,100,-1,4994.0
Uniform1-5000_Seed193_J200_M100,"[0.002203, 1.000000]",100,200,0.01,max_proc,lowest_lower_bound,PRUNE,all_to_shortest,greedy,5979,305,2001,115.95856404304504,0.16474326810503429,False,5019.0,135,-1,4994.0
Uniform1-5000_Seed194_J200_M100,"[0.001116, 0.927240]",100,200,0.02,max_proc,lowest_lower_bound,NO_PROFILING,all_to_shortest,greedy,6893,1890,2001,104.30756139755249,0.22021035833454228,False,5375.09,100,-1,5375.09
Uniform1-5000_Seed194_J200_M100,"[0.001116, 0.927240]",100,200,0.01,max_proc,lowest_lower_bound,PRUNE,all_to_shortest,greedy,6654,129,2001,122.31303834915161,0.19220168319807632,False,5542.0,116,-1,5375.09
Uniform1-5000_Seed195_J200_M100,"[0.002756, 0.979802]",100,200,0.02,max_proc,lowest_lower_bound,NO_PROFILING,all_to_shortest,greedy,6696,1347,2001,114.25776886940002,0.24139784946236553,False,5079.6,100,-1,5079.6
Uniform1-5000_Seed195_J200_M100,"[0.002756, 0.979802]",100,200,0.01,max_proc,lowest_lower_bound,PRUNE,all_to_shortest,greedy,5478,215,215,11.176771402359009,0.07272727272727265,True,5396.0,165,-1,5079.6
Uniform1-5000_Seed196_J200_M100,"[0.004828, 0.988191]",100,200,0.02,max_proc,lowest_lower_bound,NO_PROFILING,all_to_shortest,greedy,5768,1967,2001,105.20066213607788,0.13822815533980587,False,4970.7,137,-1,4970.7
Uniform1-5000_Seed196_J200_M100,"[0.004828, 0.988191]",100,200,0.01,max_proc,lowest_lower_bound,PRUNE,all_to_shortest,greedy,5935,130,2001,123.6378722190857,0.1624768323504634,False,4970.7,128,-1,4970.7
Uniform1-5000_Seed197_J200_M100,"[0.003612, 0.948496]",100,200,0.02,max_proc,lowest_lower_bound,NO_PROFILING,all_to_shortest,greedy,6632,1800,2001,101.70068287849426,0.2067310012062726,False,5260.96,100,-1,5260.96
Uniform1-5000_Seed197_J200_M100,"[0.003612, 0.948496]",100,200,0.01,max_proc,lowest_lower_bound,PRUNE,all_to_shortest,greedy,5498,283,283,15.539138078689575,0.04311385958530374,True,5404.0,175,-1,5260.96
Uniform1-5000_Seed198_J200_M100,"[0.000201, 0.999924]",100,200,0.02,max_proc,lowest_lower_bound,NO_PROFILING,all_to_shortest,greedy,6359,1019,2001,114.03170990943909,0.21727001100802013,False,4977.38,112,-1,4977.38
Uniform1-5000_Seed198_J200_M100,"[0.000201, 0.999924]",100,200,0.01,max_proc,lowest_lower_bound,PRUNE,all_to_shortest,greedy,6364,212,2001,129.81669521331787,0.21788497800125706,False,4985.0,112,-1,4977.38
Uniform1-5000_Seed199_J200_M100,"[0.000769, 0.958041]",100,200,0.02,max_proc,lowest_lower_bound,NO_PROFILING,all_to_shortest,greedy,6648,1252,2001,112.37145447731018,0.2174669073405536,False,5202.28,105,-1,5202.28
Uniform1-5000_Seed199_J200_M100,"[0.000769, 0.958041]",100,200,0.01,max_proc,lowest_lower_bound,PRUNE,all_to_shortest,greedy,6538,663,2001,130.37909030914307,0.20430100948302238,False,5264.0,114,-1,5202.28
Uniform1-5000_Seed200_J200_M100,"[0.003611, 1.000000]",100,200,0.02,max_proc,lowest_lower_bound,NO_PROFILING,all_to_shortest,greedy,5039,156,156,7.36423921585083,0.01071641198650526,True,4985.0,154,-1,4985.0
Uniform1-5000_Seed200_J200_M100,"[0.003611, 1.000000]",100,200,0.01,max_proc,lowest_lower_bound,PRUNE,all_to_shortest,greedy,5074,328,328,16.99202275276184,0.01754040204966496,True,4985.0,174,-1,4985.0
