instance,epsilon_range,n_machines,n_jobs,epsilon,branching_rule,node_selection,profiling_mode,rounding_rule,lower_bound,best_solution,nodes_to_best_solution,nodes_explored,runtime,opt_gap,terminate,best_bound,depth,number_of_nodes_for_optimality,optimal_solution
Uniform1-5000_Seed1_J10_M5,"[0.032054, 0.934212]",5,10,0.2,max_proc,lowest_lower_bound,NO_PROFILING,all_to_shortest,greedy,5562,2,327,0.0276448726654052,0.1866954332973749,True,5562.0,5,-1,4523.6
Uniform1-5000_Seed1_J10_M5,"[0.032054, 0.934212]",5,10,0.1,max_proc,lowest_lower_bound,PRUNE,all_to_shortest,greedy,5562,7,7,0.0,0.1866954332973749,True,5562.0,5,-1,4523.6
Uniform1-5000_Seed2_J10_M5,"[0.081490, 0.895828]",5,10,0.2,max_proc,lowest_lower_bound,NO_PROFILING,all_to_shortest,greedy,6216,2,2,0.0,0.1432110682110682,True,5325.8,0,-1,5325.8
Uniform1-5000_Seed2_J10_M5,"[0.081490, 0.895828]",5,10,0.1,max_proc,lowest_lower_bound,PRUNE,all_to_shortest,greedy,6216,2,2,0.0,0.1432110682110682,True,5325.8,0,-1,5325.8
Uniform1-5000_Seed3_J10_M5,"[0.184795, 0.777076]",5,10,0.2,max_proc,lowest_lower_bound,NO_PROFILING,all_to_shortest,greedy,4738,6,6,0.0,0.0977205571971295,True,4275.0,4,-1,4275.0
Uniform1-5000_Seed3_J10_M5,"[0.184795, 0.777076]",5,10,0.1,max_proc,lowest_lower_bound,PRUNE,all_to_shortest,greedy,4592,5,5,0.0006699562072753,0.0690331010452961,True,4275.0,3,-1,4275.0
Uniform1-5000_Seed4_J10_M5,"[0.038976, 1.000000]",5,10,0.2,max_proc,lowest_lower_bound,NO_PROFILING,all_to_shortest,greedy,4762,2,2,0.0015842914581298,0.0571188576228475,True,4490.0,0,-1,4490.0
Uniform1-5000_Seed4_J10_M5,"[0.038976, 1.000000]",5,10,0.1,max_proc,lowest_lower_bound,PRUNE,all_to_shortest,greedy,4762,2,2,0.0008914470672607,0.0571188576228475,True,4490.0,0,-1,4490.0
Uniform1-5000_Seed5_J10_M5,"[0.165675, 0.912221]",5,10,0.2,max_proc,lowest_lower_bound,NO_PROFILING,all_to_shortest,greedy,4899,3,3,0.0,0.0870381710553173,True,4472.6,1,-1,4472.6
Uniform1-5000_Seed5_J10_M5,"[0.165675, 0.912221]",5,10,0.1,max_proc,lowest_lower_bound,PRUNE,all_to_shortest,greedy,5171,3,3,0.0,0.1350609166505511,True,4472.6,1,-1,4472.6
Uniform1-5000_Seed6_J10_M5,"[0.047104, 0.974093]",5,10,0.2,max_proc,lowest_lower_bound,NO_PROFILING,all_to_shortest,greedy,5778,3,3,0.0,0.1622706818968501,True,4840.4,1,-1,4840.4
Uniform1-5000_Seed6_J10_M5,"[0.047104, 0.974093]",5,10,0.1,max_proc,lowest_lower_bound,PRUNE,all_to_shortest,greedy,5778,5,5,0.0,0.1622706818968501,True,4840.4,3,-1,4840.4
Uniform1-5000_Seed7_J10_M5,"[0.108986, 0.872701]",5,10,0.2,max_proc,lowest_lower_bound,NO_PROFILING,all_to_shortest,greedy,5842,3,3,0.0,0.1550154056829853,True,4936.4,1,-1,4936.4
Uniform1-5000_Seed7_J10_M5,"[0.108986, 0.872701]",5,10,0.1,max_proc,lowest_lower_bound,PRUNE,all_to_shortest,greedy,5228,7,7,0.0039312839508056,0.0557765876052028,True,5135.0,5,-1,4936.4
Uniform1-5000_Seed8_J10_M5,"[0.229535, 0.828176]",5,10,0.2,max_proc,lowest_lower_bound,NO_PROFILING,all_to_shortest,greedy,6541,2,2,0.0,0.0908423788411557,True,5946.8,0,-1,5946.8
Uniform1-5000_Seed8_J10_M5,"[0.229535, 0.828176]",5,10,0.1,max_proc,lowest_lower_bound,PRUNE,all_to_shortest,greedy,6689,2,2,0.0,0.1109582897294064,True,5946.8,0,-1,5946.8
Uniform1-5000_Seed9_J10_M5,"[0.069806, 0.851894]",5,10,0.2,max_proc,lowest_lower_bound,NO_PROFILING,all_to_shortest,greedy,6123,4,4,0.0041806697845458,0.1039359790952147,True,5486.6,2,-1,5486.6
Uniform1-5000_Seed9_J10_M5,"[0.069806, 0.851894]",5,10,0.1,max_proc,lowest_lower_bound,PRUNE,all_to_shortest,greedy,6125,4,4,0.001007080078125,0.1042285714285713,True,5486.6,2,-1,5486.6
Uniform1-5000_Seed10_J10_M5,"[0.243646, 0.996452]",5,10,0.2,max_proc,lowest_lower_bound,NO_PROFILING,all_to_shortest,greedy,5452,4,4,0.0,0.1109317681584739,True,4847.2,2,-1,4847.2
Uniform1-5000_Seed10_J10_M5,"[0.243646, 0.996452]",5,10,0.1,max_proc,lowest_lower_bound,PRUNE,all_to_shortest,greedy,5234,4,4,0.0008254051208496,0.0739014138326328,True,4847.2,2,-1,4847.2
Uniform1-5000_Seed11_J10_M5,"[0.065696, 0.975971]",5,10,0.2,max_proc,lowest_lower_bound,NO_PROFILING,all_to_shortest,greedy,6076,2,2,0.0,0.1657669519420671,True,5068.8,0,-1,5068.8
Uniform1-5000_Seed11_J10_M5,"[0.065696, 0.975971]",5,10,0.1,max_proc,lowest_lower_bound,PRUNE,all_to_shortest,greedy,5811,5,5,0.0,0.1277232834279814,True,5068.8,3,-1,5068.8
Uniform1-5000_Seed12_J10_M5,"[0.009325, 0.852262]",5,10,0.2,max_proc,lowest_lower_bound,NO_PROFILING,all_to_shortest,greedy,7041,5,327,0.0284798145294189,0.2384320409032808,True,7041.0,5,-1,5362.2
Uniform1-5000_Seed12_J10_M5,"[0.009325, 0.852262]",5,10,0.1,max_proc,lowest_lower_bound,PRUNE,all_to_shortest,greedy,7041,7,7,0.0038642883300781,0.2384320409032808,True,7041.0,5,-1,5362.2
Uniform1-5000_Seed13_J10_M5,"[0.018624, 1.000000]",5,10,0.2,max_proc,lowest_lower_bound,NO_PROFILING,all_to_shortest,greedy,4027,2,2,0.0,0.0,True,4027.0,0,2,4027.0
Uniform1-5000_Seed13_J10_M5,"[0.018624, 1.000000]",5,10,0.1,max_proc,lowest_lower_bound,PRUNE,all_to_shortest,greedy,4027,2,2,0.0,0.0,True,4027.0,0,2,4027.0
Uniform1-5000_Seed14_J10_M5,"[0.053892, 1.000000]",5,10,0.2,max_proc,lowest_lower_bound,NO_PROFILING,all_to_shortest,greedy,5539,2,2,0.0005233287811279,0.1256544502617801,True,4843.0,0,-1,4843.0
Uniform1-5000_Seed14_J10_M5,"[0.053892, 1.000000]",5,10,0.1,max_proc,lowest_lower_bound,PRUNE,all_to_shortest,greedy,5539,2,2,0.0,0.1256544502617801,True,4843.0,0,-1,4843.0
Uniform1-5000_Seed15_J10_M5,"[0.046964, 1.000000]",5,10,0.2,max_proc,lowest_lower_bound,NO_PROFILING,all_to_shortest,greedy,5671,3,3,0.0,0.1664609416328689,True,4727.0,1,-1,4727.0
Uniform1-5000_Seed15_J10_M5,"[0.046964, 1.000000]",5,10,0.1,max_proc,lowest_lower_bound,PRUNE,all_to_shortest,greedy,5477,5,5,0.0,0.1369362789848457,True,4727.0,3,-1,4727.0
Uniform1-5000_Seed16_J10_M5,"[0.083974, 1.000000]",5,10,0.2,max_proc,lowest_lower_bound,NO_PROFILING,all_to_shortest,greedy,5106,-1,2,0.0,0.109087348217783,True,4549.0,0,-1,4549.0
Uniform1-5000_Seed16_J10_M5,"[0.083974, 1.000000]",5,10,0.1,max_proc,lowest_lower_bound,PRUNE,all_to_shortest,greedy,5106,-1,2,0.0,0.109087348217783,True,4549.0,0,-1,4549.0
Uniform1-5000_Seed17_J10_M5,"[0.061117, 1.000000]",5,10,0.2,max_proc,lowest_lower_bound,NO_PROFILING,all_to_shortest,greedy,4864,3,3,0.0,0.0614720394736842,True,4565.0,1,-1,4565.0
Uniform1-5000_Seed17_J10_M5,"[0.061117, 1.000000]",5,10,0.1,max_proc,lowest_lower_bound,PRUNE,all_to_shortest,greedy,4864,3,3,0.0,0.0614720394736842,True,4565.0,1,-1,4565.0
Uniform1-5000_Seed18_J10_M5,"[0.166600, 0.852138]",5,10,0.2,max_proc,lowest_lower_bound,NO_PROFILING,all_to_shortest,greedy,6050,2,2,0.0,0.0931900826446281,True,5486.2,0,-1,5486.2
Uniform1-5000_Seed18_J10_M5,"[0.166600, 0.852138]",5,10,0.1,max_proc,lowest_lower_bound,PRUNE,all_to_shortest,greedy,6257,4,4,0.0003867149353027,0.1231900271695701,True,5486.2,2,-1,5486.2
Uniform1-5000_Seed19_J10_M5,"[0.160416, 0.901338]",5,10,0.2,max_proc,lowest_lower_bound,NO_PROFILING,all_to_shortest,greedy,5099,5,5,0.0012164115905761,0.0733084918611492,True,4725.2,3,-1,4725.2
Uniform1-5000_Seed19_J10_M5,"[0.160416, 0.901338]",5,10,0.1,max_proc,lowest_lower_bound,PRUNE,all_to_shortest,greedy,5099,6,6,0.0009095668792724,0.0733084918611492,True,4725.2,4,-1,4725.2
Uniform1-5000_Seed20_J10_M5,"[0.102738, 0.944759]",5,10,0.2,max_proc,lowest_lower_bound,NO_PROFILING,all_to_shortest,greedy,4944,-1,2,0.0,0.0648462783171521,True,4623.4,0,-1,4623.4
Uniform1-5000_Seed20_J10_M5,"[0.102738, 0.944759]",5,10,0.1,max_proc,lowest_lower_bound,PRUNE,all_to_shortest,greedy,4944,-1,2,0.0,0.0648462783171521,True,4623.4,0,-1,4623.4
Uniform1-5000_Seed21_J10_M5,"[0.010410, 1.000000]",5,10,0.2,max_proc,lowest_lower_bound,NO_PROFILING,all_to_shortest,greedy,4707,-1,2,0.0,0.0,True,4707.0,0,2,4707.0
Uniform1-5000_Seed21_J10_M5,"[0.010410, 1.000000]",5,10,0.1,max_proc,lowest_lower_bound,PRUNE,all_to_shortest,greedy,4707,-1,2,0.0003135204315185,0.0,True,4707.0,0,2,4707.0
Uniform1-5000_Seed22_J10_M5,"[0.072346, 0.994812]",5,10,0.2,max_proc,lowest_lower_bound,NO_PROFILING,all_to_shortest,greedy,5887,-1,2,0.0,0.1617801936470188,True,4934.6,0,-1,4934.6
Uniform1-5000_Seed22_J10_M5,"[0.072346, 0.994812]",5,10,0.1,max_proc,lowest_lower_bound,PRUNE,all_to_shortest,greedy,5887,-1,2,0.001007080078125,0.1617801936470188,True,4934.6,0,-1,4934.6
Uniform1-5000_Seed23_J10_M5,"[0.008266, 1.000000]",5,10,0.2,max_proc,lowest_lower_bound,NO_PROFILING,all_to_shortest,greedy,5434,2,2,0.0003523826599121,0.1094957673905042,True,4839.0,0,-1,4839.0
Uniform1-5000_Seed23_J10_M5,"[0.008266, 1.000000]",5,10,0.1,max_proc,lowest_lower_bound,PRUNE,all_to_shortest,greedy,5434,2,2,0.0,0.1094957673905042,True,4839.0,0,-1,4839.0
Uniform1-5000_Seed24_J10_M5,"[0.060355, 0.792161]",5,10,0.2,max_proc,lowest_lower_bound,NO_PROFILING,all_to_shortest,greedy,6414,6,6,0.0,0.1113813532896787,True,5699.6,4,-1,5699.6
Uniform1-5000_Seed24_J10_M5,"[0.060355, 0.792161]",5,10,0.1,max_proc,lowest_lower_bound,PRUNE,all_to_shortest,greedy,6414,7,7,0.0018520355224609,0.1113813532896787,True,6373.0,5,-1,5699.6
Uniform1-5000_Seed25_J10_M5,"[0.052653, 1.000000]",5,10,0.2,max_proc,lowest_lower_bound,NO_PROFILING,all_to_shortest,greedy,4862,2,2,0.0,0.0,True,4862.0,0,2,4862.0
Uniform1-5000_Seed25_J10_M5,"[0.052653, 1.000000]",5,10,0.1,max_proc,lowest_lower_bound,PRUNE,all_to_shortest,greedy,4862,2,2,0.0,0.0,True,4862.0,0,2,4862.0
Uniform1-5000_Seed26_J10_M5,"[0.211270, 0.921941]",5,10,0.2,max_proc,lowest_lower_bound,NO_PROFILING,all_to_shortest,greedy,6103,3,3,0.0051534175872802,0.1259380632475832,True,5334.4,1,-1,5334.4
Uniform1-5000_Seed26_J10_M5,"[0.211270, 0.921941]",5,10,0.1,max_proc,lowest_lower_bound,PRUNE,all_to_shortest,greedy,6128,4,4,0.0,0.1295039164490862,True,5334.4,2,-1,5334.4
Uniform1-5000_Seed27_J10_M5,"[0.046608, 1.000000]",5,10,0.2,max_proc,lowest_lower_bound,NO_PROFILING,all_to_shortest,greedy,5301,3,3,0.0,0.0852669307677796,True,4849.0,1,-1,4849.0
Uniform1-5000_Seed27_J10_M5,"[0.046608, 1.000000]",5,10,0.1,max_proc,lowest_lower_bound,PRUNE,all_to_shortest,greedy,4942,6,6,0.0010066032409667,0.018818292189397,True,4849.0,4,-1,4849.0
Uniform1-5000_Seed28_J10_M5,"[0.015429, 0.824567]",5,10,0.2,max_proc,lowest_lower_bound,NO_PROFILING,all_to_shortest,greedy,7873,5,327,0.0274724960327148,0.2755493458656166,True,7873.0,5,-1,5703.6
Uniform1-5000_Seed28_J10_M5,"[0.015429, 0.824567]",5,10,0.1,max_proc,lowest_lower_bound,PRUNE,all_to_shortest,greedy,7873,3,7,0.001260757446289,0.2755493458656166,True,7873.0,5,-1,5703.6
Uniform1-5000_Seed29_J10_M5,"[0.178123, 0.866397]",5,10,0.2,max_proc,lowest_lower_bound,NO_PROFILING,all_to_shortest,greedy,5330,-1,2,0.0,0.1478799249530956,True,4541.8,0,-1,4541.8
Uniform1-5000_Seed29_J10_M5,"[0.178123, 0.866397]",5,10,0.1,max_proc,lowest_lower_bound,PRUNE,all_to_shortest,greedy,5330,-1,2,0.0,0.1478799249530956,True,4541.8,0,-1,4541.8
Uniform1-5000_Seed30_J10_M5,"[0.048035, 0.908843]",5,10,0.2,max_proc,lowest_lower_bound,NO_PROFILING,all_to_shortest,greedy,6360,-1,2,0.0,0.1358490566037735,True,5496.0,0,-1,5496.0
Uniform1-5000_Seed30_J10_M5,"[0.048035, 0.908843]",5,10,0.1,max_proc,lowest_lower_bound,PRUNE,all_to_shortest,greedy,6360,-1,2,0.0,0.1358490566037735,True,5496.0,0,-1,5496.0
Uniform1-5000_Seed31_J10_M5,"[0.005435, 0.905172]",5,10,0.2,max_proc,lowest_lower_bound,NO_PROFILING,all_to_shortest,greedy,5806,6,6,0.0010068416595458,0.0809507406131588,True,5336.0,4,-1,5336.0
Uniform1-5000_Seed31_J10_M5,"[0.005435, 0.905172]",5,10,0.1,max_proc,lowest_lower_bound,PRUNE,all_to_shortest,greedy,6028,7,7,0.0,0.1147976111479761,True,5806.0,5,-1,5336.0
Uniform1-5000_Seed32_J10_M5,"[0.047471, 0.864418]",5,10,0.2,max_proc,lowest_lower_bound,NO_PROFILING,all_to_shortest,greedy,6234,3,3,0.0,0.1450753930060955,True,5329.6,1,-1,5329.6
Uniform1-5000_Seed32_J10_M5,"[0.047471, 0.864418]",5,10,0.1,max_proc,lowest_lower_bound,PRUNE,all_to_shortest,greedy,6234,4,4,0.0,0.1450753930060955,True,5329.6,2,-1,5329.6
Uniform1-5000_Seed33_J10_M5,"[0.016755, 0.945805]",5,10,0.2,max_proc,lowest_lower_bound,NO_PROFILING,all_to_shortest,greedy,4155,6,327,0.0274925231933593,0.1668832731648616,True,4155.0,5,-1,3461.6
Uniform1-5000_Seed33_J10_M5,"[0.016755, 0.945805]",5,10,0.1,max_proc,lowest_lower_bound,PRUNE,all_to_shortest,greedy,4155,7,7,0.0009994506835937,0.1668832731648616,True,4155.0,5,-1,3461.6
Uniform1-5000_Seed34_J10_M5,"[0.056189, 0.814488]",5,10,0.2,max_proc,lowest_lower_bound,NO_PROFILING,all_to_shortest,greedy,6648,2,2,0.0,0.1299638989169675,True,5784.0,0,-1,5784.0
Uniform1-5000_Seed34_J10_M5,"[0.056189, 0.814488]",5,10,0.1,max_proc,lowest_lower_bound,PRUNE,all_to_shortest,greedy,6648,2,2,0.0,0.1299638989169675,True,5784.0,0,-1,5784.0
Uniform1-5000_Seed35_J10_M5,"[0.161099, 0.789589]",5,10,0.2,max_proc,lowest_lower_bound,NO_PROFILING,all_to_shortest,greedy,7090,6,6,0.0,0.1665162200282088,True,5909.4,4,-1,5909.4
Uniform1-5000_Seed35_J10_M5,"[0.161099, 0.789589]",5,10,0.1,max_proc,lowest_lower_bound,PRUNE,all_to_shortest,greedy,7046,4,4,0.0,0.1613113823445927,True,5909.4,2,-1,5909.4
Uniform1-5000_Seed36_J10_M5,"[0.061999, 1.000000]",5,10,0.2,max_proc,lowest_lower_bound,NO_PROFILING,all_to_shortest,greedy,4742,-1,2,0.0,0.0,True,4742.0,0,2,4742.0
Uniform1-5000_Seed36_J10_M5,"[0.061999, 1.000000]",5,10,0.1,max_proc,lowest_lower_bound,PRUNE,all_to_shortest,greedy,4742,-1,2,0.0,0.0,True,4742.0,0,2,4742.0
Uniform1-5000_Seed37_J10_M5,"[0.096830, 0.832129]",5,10,0.2,max_proc,lowest_lower_bound,NO_PROFILING,all_to_shortest,greedy,7334,2,327,0.0268347263336181,0.1889010089991818,True,7334.0,5,-1,5948.6
Uniform1-5000_Seed37_J10_M5,"[0.096830, 0.832129]",5,10,0.1,max_proc,lowest_lower_bound,PRUNE,all_to_shortest,greedy,7334,3,7,0.0013065338134765,0.1889010089991818,True,7334.0,5,-1,5948.6
Uniform1-5000_Seed38_J10_M5,"[0.137815, 0.734111]",5,10,0.2,max_proc,lowest_lower_bound,NO_PROFILING,all_to_shortest,greedy,7166,2,2,0.0,0.1261512698855707,True,6262.0,0,-1,6262.0
Uniform1-5000_Seed38_J10_M5,"[0.137815, 0.734111]",5,10,0.1,max_proc,lowest_lower_bound,PRUNE,all_to_shortest,greedy,7166,2,2,0.0,0.1261512698855707,True,6262.0,0,-1,6262.0
Uniform1-5000_Seed39_J10_M5,"[0.028748, 0.950586]",5,10,0.2,max_proc,lowest_lower_bound,NO_PROFILING,all_to_shortest,greedy,4173,2,2,0.0,0.1164150491253295,True,3687.2,0,-1,3687.2
Uniform1-5000_Seed39_J10_M5,"[0.028748, 0.950586]",5,10,0.1,max_proc,lowest_lower_bound,PRUNE,all_to_shortest,greedy,4173,2,2,0.0,0.1164150491253295,True,3687.2,0,-1,3687.2
Uniform1-5000_Seed40_J10_M5,"[0.074559, 0.793115]",5,10,0.2,max_proc,lowest_lower_bound,NO_PROFILING,all_to_shortest,greedy,6669,2,2,0.0,0.1070625281151596,True,5955.0,0,-1,5955.0
Uniform1-5000_Seed40_J10_M5,"[0.074559, 0.793115]",5,10,0.1,max_proc,lowest_lower_bound,PRUNE,all_to_shortest,greedy,6669,2,2,0.0017042160034179,0.1070625281151596,True,5955.0,0,-1,5955.0
Uniform1-5000_Seed41_J10_M5,"[0.056245, 0.786725]",5,10,0.2,max_proc,lowest_lower_bound,NO_PROFILING,all_to_shortest,greedy,6829,5,5,0.0,0.1616634939229755,True,5725.0,3,-1,5725.0
Uniform1-5000_Seed41_J10_M5,"[0.056245, 0.786725]",5,10,0.1,max_proc,lowest_lower_bound,PRUNE,all_to_shortest,greedy,6556,7,7,0.0010349750518798,0.1267541183648566,True,6556.0,5,-1,5725.0
Uniform1-5000_Seed42_J10_M5,"[0.027320, 0.923253]",5,10,0.2,max_proc,lowest_lower_bound,NO_PROFILING,all_to_shortest,greedy,6013,6,327,0.028388500213623,0.2025611175785797,True,6013.0,5,-1,4795.0
Uniform1-5000_Seed42_J10_M5,"[0.027320, 0.923253]",5,10,0.1,max_proc,lowest_lower_bound,PRUNE,all_to_shortest,greedy,6092,7,7,0.0006549358367919,0.2129021667760998,True,6092.0,5,-1,4795.0
Uniform1-5000_Seed43_J10_M5,"[0.061155, 0.972917]",5,10,0.2,max_proc,lowest_lower_bound,NO_PROFILING,all_to_shortest,greedy,5458,2,2,0.0,0.0772444118724808,True,5036.4,0,-1,5036.4
Uniform1-5000_Seed43_J10_M5,"[0.061155, 0.972917]",5,10,0.1,max_proc,lowest_lower_bound,PRUNE,all_to_shortest,greedy,5697,3,3,0.0,0.115955766192733,True,5036.4,1,-1,5036.4
Uniform1-5000_Seed44_J10_M5,"[0.105298, 0.769670]",5,10,0.2,max_proc,lowest_lower_bound,NO_PROFILING,all_to_shortest,greedy,6326,-1,2,0.0,0.1412899146380019,True,5432.2,0,-1,5432.2
Uniform1-5000_Seed44_J10_M5,"[0.105298, 0.769670]",5,10,0.1,max_proc,lowest_lower_bound,PRUNE,all_to_shortest,greedy,6326,-1,2,0.0010602474212646,0.1412899146380019,True,5432.2,0,-1,5432.2
Uniform1-5000_Seed45_J10_M5,"[0.030370, 0.871111]",5,10,0.2,max_proc,lowest_lower_bound,NO_PROFILING,all_to_shortest,greedy,7322,-1,327,0.0263004302978515,0.2624965856323409,True,7322.0,5,-1,5400.0
Uniform1-5000_Seed45_J10_M5,"[0.030370, 0.871111]",5,10,0.1,max_proc,lowest_lower_bound,PRUNE,all_to_shortest,greedy,7322,-1,7,0.001000165939331,0.2624965856323409,True,7322.0,5,-1,5400.0
Uniform1-5000_Seed46_J10_M5,"[0.108943, 0.786391]",5,10,0.2,max_proc,lowest_lower_bound,NO_PROFILING,all_to_shortest,greedy,5967,6,6,0.0011141300201416,0.1616222557399027,True,5002.6,4,-1,5002.6
Uniform1-5000_Seed46_J10_M5,"[0.108943, 0.786391]",5,10,0.1,max_proc,lowest_lower_bound,PRUNE,all_to_shortest,greedy,5853,5,5,0.0010364055633544,0.1452930121305312,True,5002.6,3,-1,5002.6
Uniform1-5000_Seed47_J10_M5,"[0.134709, 0.957757]",5,10,0.2,max_proc,lowest_lower_bound,NO_PROFILING,all_to_shortest,greedy,5805,2,2,0.0,0.1150732127476313,True,5137.0,0,-1,5137.0
Uniform1-5000_Seed47_J10_M5,"[0.134709, 0.957757]",5,10,0.1,max_proc,lowest_lower_bound,PRUNE,all_to_shortest,greedy,5992,-1,2,0.0,0.142690253671562,True,5137.0,0,-1,5137.0
Uniform1-5000_Seed48_J10_M5,"[0.085060, 1.000000]",5,10,0.2,max_proc,lowest_lower_bound,NO_PROFILING,all_to_shortest,greedy,4653,2,2,0.0,0.1182033096926714,True,4103.0,0,-1,4103.0
Uniform1-5000_Seed48_J10_M5,"[0.085060, 1.000000]",5,10,0.1,max_proc,lowest_lower_bound,PRUNE,all_to_shortest,greedy,4653,2,2,0.0,0.1182033096926714,True,4103.0,0,-1,4103.0
Uniform1-5000_Seed49_J10_M5,"[0.037493, 0.831334]",5,10,0.2,max_proc,lowest_lower_bound,NO_PROFILING,all_to_shortest,greedy,6980,3,3,0.001859426498413,0.1402292263610315,True,6001.2,1,-1,6001.2
Uniform1-5000_Seed49_J10_M5,"[0.037493, 0.831334]",5,10,0.1,max_proc,lowest_lower_bound,PRUNE,all_to_shortest,greedy,7205,3,3,0.0007045269012451,0.1670784177654407,True,6001.2,1,-1,6001.2
Uniform1-5000_Seed50_J10_M5,"[0.020050, 0.940642]",5,10,0.2,max_proc,lowest_lower_bound,NO_PROFILING,all_to_shortest,greedy,4169,3,3,0.0021631717681884,0.1505876709042936,True,3541.2,1,-1,3541.2
Uniform1-5000_Seed50_J10_M5,"[0.020050, 0.940642]",5,10,0.1,max_proc,lowest_lower_bound,PRUNE,all_to_shortest,greedy,4135,5,5,0.0010004043579101,0.1436033857315599,True,3541.2,3,-1,3541.2
Uniform1-5000_Seed51_J10_M5,"[0.099635, 0.969904]",5,10,0.2,max_proc,lowest_lower_bound,NO_PROFILING,all_to_shortest,greedy,5724,2,2,0.0,0.147833682739343,True,4877.8,0,-1,4877.8
Uniform1-5000_Seed51_J10_M5,"[0.099635, 0.969904]",5,10,0.1,max_proc,lowest_lower_bound,PRUNE,all_to_shortest,greedy,5541,3,3,0.000786542892456,0.119689586717199,True,4877.8,1,-1,4877.8
Uniform1-5000_Seed52_J10_M5,"[0.054744, 0.926499]",5,10,0.2,max_proc,lowest_lower_bound,NO_PROFILING,all_to_shortest,greedy,5784,7,327,0.0262770652770996,0.2072959889349931,True,5784.0,5,-1,4585.0
Uniform1-5000_Seed52_J10_M5,"[0.054744, 0.926499]",5,10,0.1,max_proc,lowest_lower_bound,PRUNE,all_to_shortest,greedy,5784,6,7,0.0006837844848632,0.2072959889349931,True,5784.0,5,-1,4585.0
Uniform1-5000_Seed53_J10_M5,"[0.130656, 0.970164]",5,10,0.2,max_proc,lowest_lower_bound,NO_PROFILING,all_to_shortest,greedy,5926,2,2,0.0,0.143705703678704,True,5074.4,0,-1,5074.4
Uniform1-5000_Seed53_J10_M5,"[0.130656, 0.970164]",5,10,0.1,max_proc,lowest_lower_bound,PRUNE,all_to_shortest,greedy,5926,2,2,0.0,0.143705703678704,True,5074.4,0,-1,5074.4
Uniform1-5000_Seed54_J10_M5,"[0.142640, 0.762384]",5,10,0.2,max_proc,lowest_lower_bound,NO_PROFILING,all_to_shortest,greedy,7203,4,4,0.0042188167572021,0.1250034707760654,True,6302.6,2,-1,6302.6
Uniform1-5000_Seed54_J10_M5,"[0.142640, 0.762384]",5,10,0.1,max_proc,lowest_lower_bound,PRUNE,all_to_shortest,greedy,7173,7,7,0.0010066032409667,0.1213439286212184,True,6713.0,5,-1,6302.6
Uniform1-5000_Seed55_J10_M5,"[0.110669, 0.868400]",5,10,0.2,max_proc,lowest_lower_bound,NO_PROFILING,all_to_shortest,greedy,6019,3,3,0.0,0.0887522844326299,True,5484.8,1,-1,5484.8
Uniform1-5000_Seed55_J10_M5,"[0.110669, 0.868400]",5,10,0.1,max_proc,lowest_lower_bound,PRUNE,all_to_shortest,greedy,6580,6,6,0.0009999275207519,0.1664437689969604,True,5484.8,4,-1,5484.8
Uniform1-5000_Seed56_J10_M5,"[0.018522, 1.000000]",5,10,0.2,max_proc,lowest_lower_bound,NO_PROFILING,all_to_shortest,greedy,4751,2,2,0.0,0.0,True,4751.0,0,2,4751.0
Uniform1-5000_Seed56_J10_M5,"[0.018522, 1.000000]",5,10,0.1,max_proc,lowest_lower_bound,PRUNE,all_to_shortest,greedy,4751,2,2,0.0,0.0,True,4751.0,0,2,4751.0
Uniform1-5000_Seed57_J10_M5,"[0.156618, 0.718374]",5,10,0.2,max_proc,lowest_lower_bound,NO_PROFILING,all_to_shortest,greedy,7439,2,2,0.0,0.1545637854550343,True,6289.2,0,-1,6289.2
Uniform1-5000_Seed57_J10_M5,"[0.156618, 0.718374]",5,10,0.1,max_proc,lowest_lower_bound,PRUNE,all_to_shortest,greedy,7439,2,2,0.0,0.1545637854550343,True,6289.2,0,-1,6289.2
Uniform1-5000_Seed58_J10_M5,"[0.105633, 0.668895]",5,10,0.2,max_proc,lowest_lower_bound,NO_PROFILING,all_to_shortest,greedy,6842,3,3,0.0,0.1296989184448991,True,5954.6,1,-1,5954.6
Uniform1-5000_Seed58_J10_M5,"[0.105633, 0.668895]",5,10,0.1,max_proc,lowest_lower_bound,PRUNE,all_to_shortest,greedy,7201,-1,2,0.0010113716125488,0.1730870712401055,True,5954.6,0,-1,5954.6
Uniform1-5000_Seed59_J10_M5,"[0.098030, 1.000000]",5,10,0.2,max_proc,lowest_lower_bound,NO_PROFILING,all_to_shortest,greedy,4604,4,4,0.0,0.0406168549087749,True,4417.0,2,-1,4417.0
Uniform1-5000_Seed59_J10_M5,"[0.098030, 1.000000]",5,10,0.1,max_proc,lowest_lower_bound,PRUNE,all_to_shortest,greedy,5302,5,5,0.0018019676208496,0.1669181440965673,True,4417.0,3,-1,4417.0
Uniform1-5000_Seed60_J10_M5,"[0.009159, 0.853857]",5,10,0.2,max_proc,lowest_lower_bound,NO_PROFILING,all_to_shortest,greedy,5803,6,6,0.0009984970092773,0.1533689470963294,True,4913.0,4,-1,4913.0
Uniform1-5000_Seed60_J10_M5,"[0.009159, 0.853857]",5,10,0.1,max_proc,lowest_lower_bound,PRUNE,all_to_shortest,greedy,5803,5,5,0.0,0.1533689470963294,True,4913.0,3,-1,4913.0
Uniform1-5000_Seed61_J10_M5,"[0.184033, 0.740021]",5,10,0.2,max_proc,lowest_lower_bound,NO_PROFILING,all_to_shortest,greedy,7287,2,2,0.0,0.1529024289831206,True,6172.8,0,-1,6172.8
Uniform1-5000_Seed61_J10_M5,"[0.184033, 0.740021]",5,10,0.1,max_proc,lowest_lower_bound,PRUNE,all_to_shortest,greedy,7253,3,3,0.0,0.1489314766303598,True,6172.8,1,-1,6172.8
Uniform1-5000_Seed62_J10_M5,"[0.023821, 1.000000]",5,10,0.2,max_proc,lowest_lower_bound,NO_PROFILING,all_to_shortest,greedy,4569,3,3,0.0021846294403076,0.0995841540818559,True,4114.0,1,-1,4114.0
Uniform1-5000_Seed62_J10_M5,"[0.023821, 1.000000]",5,10,0.1,max_proc,lowest_lower_bound,PRUNE,all_to_shortest,greedy,4473,4,4,0.0010657310485839,0.0802593337804605,True,4114.0,2,-1,4114.0
Uniform1-5000_Seed63_J10_M5,"[0.033675, 0.822630]",5,10,0.2,max_proc,lowest_lower_bound,NO_PROFILING,all_to_shortest,greedy,4770,6,6,0.0015852451324462,0.1284276729559749,True,4157.4,4,-1,4157.4
Uniform1-5000_Seed63_J10_M5,"[0.033675, 0.822630]",5,10,0.1,max_proc,lowest_lower_bound,PRUNE,all_to_shortest,greedy,4770,7,7,0.0010020732879638,0.1284276729559749,True,4770.0,5,-1,4157.4
Uniform1-5000_Seed64_J10_M5,"[0.014873, 1.000000]",5,10,0.2,max_proc,lowest_lower_bound,NO_PROFILING,all_to_shortest,greedy,4354,-1,2,0.0,0.1506660542030317,True,3698.0,0,-1,3698.0
Uniform1-5000_Seed64_J10_M5,"[0.014873, 1.000000]",5,10,0.1,max_proc,lowest_lower_bound,PRUNE,all_to_shortest,greedy,4354,-1,2,0.0,0.1506660542030317,True,3698.0,0,-1,3698.0
Uniform1-5000_Seed65_J10_M5,"[0.055270, 0.906469]",5,10,0.2,max_proc,lowest_lower_bound,NO_PROFILING,all_to_shortest,greedy,6174,3,3,0.0,0.1296404275996112,True,5373.6,1,-1,5373.6
Uniform1-5000_Seed65_J10_M5,"[0.055270, 0.906469]",5,10,0.1,max_proc,lowest_lower_bound,PRUNE,all_to_shortest,greedy,6287,6,6,0.0018961429595947,0.1452839191983457,True,5373.6,4,-1,5373.6
Uniform1-5000_Seed66_J10_M5,"[0.010809, 1.000000]",5,10,0.2,max_proc,lowest_lower_bound,NO_PROFILING,all_to_shortest,greedy,4811,-1,2,0.0,0.0,True,4811.0,0,2,4811.0
Uniform1-5000_Seed66_J10_M5,"[0.010809, 1.000000]",5,10,0.1,max_proc,lowest_lower_bound,PRUNE,all_to_shortest,greedy,4811,-1,2,0.0,0.0,True,4811.0,0,2,4811.0
Uniform1-5000_Seed67_J10_M5,"[0.073404, 1.000000]",5,10,0.2,max_proc,lowest_lower_bound,NO_PROFILING,all_to_shortest,greedy,4918,2,2,0.0,0.0,True,4918.0,0,2,4918.0
Uniform1-5000_Seed67_J10_M5,"[0.073404, 1.000000]",5,10,0.1,max_proc,lowest_lower_bound,PRUNE,all_to_shortest,greedy,4918,2,2,0.0,0.0,True,4918.0,0,2,4918.0
Uniform1-5000_Seed68_J10_M5,"[0.203493, 0.933281]",5,10,0.2,max_proc,lowest_lower_bound,NO_PROFILING,all_to_shortest,greedy,5549,2,2,0.0010664463043212,0.0816363308704271,True,5096.0,0,-1,5096.0
Uniform1-5000_Seed68_J10_M5,"[0.203493, 0.933281]",5,10,0.1,max_proc,lowest_lower_bound,PRUNE,all_to_shortest,greedy,5861,2,2,0.0,0.1305238013990786,True,5096.0,0,-1,5096.0
Uniform1-5000_Seed69_J10_M5,"[0.096822, 0.962723]",5,10,0.2,max_proc,lowest_lower_bound,NO_PROFILING,all_to_shortest,greedy,4902,3,3,0.0009694099426269,0.0729498164014688,True,4544.4,1,-1,4544.4
Uniform1-5000_Seed69_J10_M5,"[0.096822, 0.962723]",5,10,0.1,max_proc,lowest_lower_bound,PRUNE,all_to_shortest,greedy,5465,4,4,0.0,0.1684537968892955,True,4544.4,2,-1,4544.4
Uniform1-5000_Seed70_J10_M5,"[0.046018, 0.744996]",5,10,0.2,max_proc,lowest_lower_bound,NO_PROFILING,all_to_shortest,greedy,7278,5,5,0.0,0.1639736191261335,True,6084.6,3,-1,6084.6
Uniform1-5000_Seed70_J10_M5,"[0.046018, 0.744996]",5,10,0.1,max_proc,lowest_lower_bound,PRUNE,all_to_shortest,greedy,7278,4,4,0.0,0.1639736191261335,True,6084.6,2,-1,6084.6
Uniform1-5000_Seed71_J10_M5,"[0.175350, 0.752785]",5,10,0.2,max_proc,lowest_lower_bound,NO_PROFILING,all_to_shortest,greedy,6371,3,3,0.0,0.1630513263223984,True,5332.2,1,-1,5332.2
Uniform1-5000_Seed71_J10_M5,"[0.175350, 0.752785]",5,10,0.1,max_proc,lowest_lower_bound,PRUNE,all_to_shortest,greedy,6371,6,6,0.0007832050323486,0.1630513263223984,True,5332.2,4,-1,5332.2
Uniform1-5000_Seed72_J10_M5,"[0.069950, 0.885328]",5,10,0.2,max_proc,lowest_lower_bound,NO_PROFILING,all_to_shortest,greedy,5966,6,6,0.0008223056793212,0.1349648005363727,True,5160.8,4,-1,5160.8
Uniform1-5000_Seed72_J10_M5,"[0.069950, 0.885328]",5,10,0.1,max_proc,lowest_lower_bound,PRUNE,all_to_shortest,greedy,6244,6,6,0.0024309158325195,0.1734785393978218,True,5160.8,4,-1,5160.8
Uniform1-5000_Seed73_J10_M5,"[0.032470, 0.984936]",5,10,0.2,max_proc,lowest_lower_bound,NO_PROFILING,all_to_shortest,greedy,5157,2,2,0.0,0.1221252666278844,True,4527.2,0,-1,4527.2
Uniform1-5000_Seed73_J10_M5,"[0.032470, 0.984936]",5,10,0.1,max_proc,lowest_lower_bound,PRUNE,all_to_shortest,greedy,5176,-1,2,0.0,0.1253477588871716,True,4527.2,0,-1,4527.2
Uniform1-5000_Seed74_J10_M5,"[0.302424, 0.768229]",5,10,0.2,max_proc,lowest_lower_bound,NO_PROFILING,all_to_shortest,greedy,7185,5,5,0.0009739398956298,0.1021294363256785,True,6451.2,3,-1,6451.2
Uniform1-5000_Seed74_J10_M5,"[0.302424, 0.768229]",5,10,0.1,max_proc,lowest_lower_bound,PRUNE,all_to_shortest,greedy,7114,4,4,0.0,0.0931684003373629,True,6451.2,2,-1,6451.2
Uniform1-5000_Seed75_J10_M5,"[0.046030, 1.000000]",5,10,0.2,max_proc,lowest_lower_bound,NO_PROFILING,all_to_shortest,greedy,5012,3,3,0.0,0.1330806065442936,True,4345.0,1,-1,4345.0
Uniform1-5000_Seed75_J10_M5,"[0.046030, 1.000000]",5,10,0.1,max_proc,lowest_lower_bound,PRUNE,all_to_shortest,greedy,5012,3,3,0.0,0.1330806065442936,True,4345.0,1,-1,4345.0
Uniform1-5000_Seed76_J10_M5,"[0.023323, 1.000000]",5,10,0.2,max_proc,lowest_lower_bound,NO_PROFILING,all_to_shortest,greedy,5749,2,2,0.0,0.1572447382153418,True,4845.0,0,-1,4845.0
Uniform1-5000_Seed76_J10_M5,"[0.023323, 1.000000]",5,10,0.1,max_proc,lowest_lower_bound,PRUNE,all_to_shortest,greedy,5749,2,2,0.0,0.1572447382153418,True,4845.0,0,-1,4845.0
Uniform1-5000_Seed77_J10_M5,"[0.034761, 1.000000]",5,10,0.2,max_proc,lowest_lower_bound,NO_PROFILING,all_to_shortest,greedy,5519,2,2,0.0,0.1242978800507338,True,4833.0,0,-1,4833.0
Uniform1-5000_Seed77_J10_M5,"[0.034761, 1.000000]",5,10,0.1,max_proc,lowest_lower_bound,PRUNE,all_to_shortest,greedy,5519,2,2,0.0,0.1242978800507338,True,4833.0,0,-1,4833.0
Uniform1-5000_Seed78_J10_M5,"[0.071465, 0.703730]",5,10,0.2,max_proc,lowest_lower_bound,NO_PROFILING,all_to_shortest,greedy,7652,2,2,0.0,0.1387088342916884,True,6590.6,0,-1,6590.6
Uniform1-5000_Seed78_J10_M5,"[0.071465, 0.703730]",5,10,0.1,max_proc,lowest_lower_bound,PRUNE,all_to_shortest,greedy,7614,4,4,0.0013210773468017,0.1344102968216443,True,6590.6,2,-1,6590.6
Uniform1-5000_Seed79_J10_M5,"[0.184248, 0.826851]",5,10,0.2,max_proc,lowest_lower_bound,NO_PROFILING,all_to_shortest,greedy,7129,8,8,0.0013084411621093,0.1633048113339879,True,5964.8,6,-1,5964.8
Uniform1-5000_Seed79_J10_M5,"[0.184248, 0.826851]",5,10,0.1,max_proc,lowest_lower_bound,PRUNE,all_to_shortest,greedy,7129,6,6,0.0019986629486083,0.1633048113339879,True,5964.8,4,-1,5964.8
Uniform1-5000_Seed80_J10_M5,"[0.028279, 1.000000]",5,10,0.2,max_proc,lowest_lower_bound,NO_PROFILING,all_to_shortest,greedy,4880,2,2,0.0008513927459716,0.0,True,4880.0,0,2,4880.0
Uniform1-5000_Seed80_J10_M5,"[0.028279, 1.000000]",5,10,0.1,max_proc,lowest_lower_bound,PRUNE,all_to_shortest,greedy,4880,2,2,0.0005404949188232,0.0,True,4880.0,0,2,4880.0
Uniform1-5000_Seed81_J10_M5,"[0.017265, 0.857483]",5,10,0.2,max_proc,lowest_lower_bound,NO_PROFILING,all_to_shortest,greedy,5929,6,327,0.0278770923614501,0.1793894417271041,True,5929.0,5,-1,4865.4
Uniform1-5000_Seed81_J10_M5,"[0.017265, 0.857483]",5,10,0.1,max_proc,lowest_lower_bound,PRUNE,all_to_shortest,greedy,5929,7,7,0.0009708404541015,0.1793894417271041,True,5929.0,5,-1,4865.4
Uniform1-5000_Seed82_J10_M5,"[0.023445, 0.807609]",5,10,0.2,max_proc,lowest_lower_bound,NO_PROFILING,all_to_shortest,greedy,6574,6,6,0.0,0.1435655613020992,True,5630.2,4,-1,5630.2
Uniform1-5000_Seed82_J10_M5,"[0.023445, 0.807609]",5,10,0.1,max_proc,lowest_lower_bound,PRUNE,all_to_shortest,greedy,6574,7,7,0.0006797313690185,0.1435655613020992,True,6574.0,5,-1,5630.2
Uniform1-5000_Seed83_J10_M5,"[0.229125, 0.672980]",5,10,0.2,max_proc,lowest_lower_bound,NO_PROFILING,all_to_shortest,greedy,6590,2,2,0.0007684230804443,0.1251289833080425,True,5765.4,0,-1,5765.4
Uniform1-5000_Seed83_J10_M5,"[0.229125, 0.672980]",5,10,0.1,max_proc,lowest_lower_bound,PRUNE,all_to_shortest,greedy,6713,3,3,0.002385139465332,0.1411589453299568,True,5765.4,1,-1,5765.4
Uniform1-5000_Seed84_J10_M5,"[0.098708, 0.689703]",5,10,0.2,max_proc,lowest_lower_bound,NO_PROFILING,all_to_shortest,greedy,8019,2,2,0.0,0.1042773413143783,True,7182.8,0,-1,7182.8
Uniform1-5000_Seed84_J10_M5,"[0.098708, 0.689703]",5,10,0.1,max_proc,lowest_lower_bound,PRUNE,all_to_shortest,greedy,8424,-1,2,0.0,0.147340930674264,True,7182.8,0,-1,7182.8
Uniform1-5000_Seed85_J10_M5,"[0.071541, 1.000000]",5,10,0.2,max_proc,lowest_lower_bound,NO_PROFILING,all_to_shortest,greedy,4459,2,2,0.0,0.0,True,4459.0,0,2,4459.0
Uniform1-5000_Seed85_J10_M5,"[0.071541, 1.000000]",5,10,0.1,max_proc,lowest_lower_bound,PRUNE,all_to_shortest,greedy,4459,2,2,0.0,0.0,True,4459.0,0,2,4459.0
Uniform1-5000_Seed86_J10_M5,"[0.079476, 1.000000]",5,10,0.2,max_proc,lowest_lower_bound,NO_PROFILING,all_to_shortest,greedy,4891,3,3,0.0,0.0327131465957881,True,4731.0,1,-1,4731.0
Uniform1-5000_Seed86_J10_M5,"[0.079476, 1.000000]",5,10,0.1,max_proc,lowest_lower_bound,PRUNE,all_to_shortest,greedy,5390,3,3,0.0,0.1222634508348794,True,4731.0,1,-1,4731.0
Uniform1-5000_Seed87_J10_M5,"[0.013279, 1.000000]",5,10,0.2,max_proc,lowest_lower_bound,NO_PROFILING,all_to_shortest,greedy,4669,2,2,0.0,0.0,True,4669.0,0,2,4669.0
Uniform1-5000_Seed87_J10_M5,"[0.013279, 1.000000]",5,10,0.1,max_proc,lowest_lower_bound,PRUNE,all_to_shortest,greedy,4669,2,2,0.0041756629943847,0.0,True,4669.0,0,2,4669.0
Uniform1-5000_Seed88_J10_M5,"[0.064510, 0.837036]",5,10,0.2,max_proc,lowest_lower_bound,NO_PROFILING,all_to_shortest,greedy,6719,-1,2,0.0,0.1625241851465992,True,5627.0,0,-1,5627.0
Uniform1-5000_Seed88_J10_M5,"[0.064510, 0.837036]",5,10,0.1,max_proc,lowest_lower_bound,PRUNE,all_to_shortest,greedy,6719,-1,2,0.0,0.1625241851465992,True,5627.0,0,-1,5627.0
Uniform1-5000_Seed89_J10_M5,"[0.061482, 1.000000]",5,10,0.2,max_proc,lowest_lower_bound,NO_PROFILING,all_to_shortest,greedy,5084,2,2,0.0003135204315185,0.081825334382376,True,4668.0,0,-1,4668.0
Uniform1-5000_Seed89_J10_M5,"[0.061482, 1.000000]",5,10,0.1,max_proc,lowest_lower_bound,PRUNE,all_to_shortest,greedy,5084,2,2,0.0,0.081825334382376,True,4668.0,0,-1,4668.0
Uniform1-5000_Seed90_J10_M5,"[0.020901, 0.948676]",5,10,0.2,max_proc,lowest_lower_bound,NO_PROFILING,all_to_shortest,greedy,6054,3,3,0.0,0.1464816650148662,True,5167.2,1,-1,5167.2
Uniform1-5000_Seed90_J10_M5,"[0.020901, 0.948676]",5,10,0.1,max_proc,lowest_lower_bound,PRUNE,all_to_shortest,greedy,6162,5,5,0.0014166831970214,0.1614410905550146,True,5167.2,3,-1,5167.2
Uniform1-5000_Seed91_J10_M5,"[0.031615, 1.000000]",5,10,0.2,max_proc,lowest_lower_bound,NO_PROFILING,all_to_shortest,greedy,5658,3,3,0.0038039684295654,0.1223047013078826,True,4966.0,1,-1,4966.0
Uniform1-5000_Seed91_J10_M5,"[0.031615, 1.000000]",5,10,0.1,max_proc,lowest_lower_bound,PRUNE,all_to_shortest,greedy,5658,3,3,0.0,0.1223047013078826,True,4966.0,1,-1,4966.0
Uniform1-5000_Seed92_J10_M5,"[0.069155, 0.849596]",5,10,0.2,max_proc,lowest_lower_bound,NO_PROFILING,all_to_shortest,greedy,6192,6,6,0.0,0.1079134366925064,True,5523.8,4,-1,5523.8
Uniform1-5000_Seed92_J10_M5,"[0.069155, 0.849596]",5,10,0.1,max_proc,lowest_lower_bound,PRUNE,all_to_shortest,greedy,6192,6,6,0.0017313957214355,0.1079134366925064,True,5523.8,4,-1,5523.8
Uniform1-5000_Seed93_J10_M5,"[0.039846, 0.783526]",5,10,0.2,max_proc,lowest_lower_bound,NO_PROFILING,all_to_shortest,greedy,7046,2,2,0.0,0.1522849843883054,True,5973.0,0,-1,5973.0
Uniform1-5000_Seed93_J10_M5,"[0.039846, 0.783526]",5,10,0.1,max_proc,lowest_lower_bound,PRUNE,all_to_shortest,greedy,7130,4,4,0.0,0.1622720897615708,True,5973.0,2,-1,5973.0
Uniform1-5000_Seed94_J10_M5,"[0.276433, 0.835042]",5,10,0.2,max_proc,lowest_lower_bound,NO_PROFILING,all_to_shortest,greedy,5680,2,2,0.0,0.1414788732394366,True,4876.4,0,-1,4876.4
Uniform1-5000_Seed94_J10_M5,"[0.276433, 0.835042]",5,10,0.1,max_proc,lowest_lower_bound,PRUNE,all_to_shortest,greedy,5665,5,5,0.0,0.1392056487202118,True,4876.4,3,-1,4876.4
Uniform1-5000_Seed95_J10_M5,"[0.062769, 0.791280]",5,10,0.2,max_proc,lowest_lower_bound,NO_PROFILING,all_to_shortest,greedy,7068,6,327,0.0298545360565185,0.2043293718166383,True,7068.0,5,-1,5623.8
Uniform1-5000_Seed95_J10_M5,"[0.062769, 0.791280]",5,10,0.1,max_proc,lowest_lower_bound,PRUNE,all_to_shortest,greedy,7068,6,7,0.003260850906372,0.2043293718166383,True,7068.0,5,-1,5623.8
Uniform1-5000_Seed96_J10_M5,"[0.091853, 0.835839]",5,10,0.2,max_proc,lowest_lower_bound,NO_PROFILING,all_to_shortest,greedy,5005,2,2,0.0009970664978027,0.1494905094905094,True,4256.8,0,-1,4256.8
Uniform1-5000_Seed96_J10_M5,"[0.091853, 0.835839]",5,10,0.1,max_proc,lowest_lower_bound,PRUNE,all_to_shortest,greedy,5005,2,2,0.0,0.1494905094905094,True,4256.8,0,-1,4256.8
Uniform1-5000_Seed97_J10_M5,"[0.019540, 0.909527]",5,10,0.2,max_proc,lowest_lower_bound,NO_PROFILING,all_to_shortest,greedy,5931,2,2,0.0,0.0853481706288989,True,5424.8,0,-1,5424.8
Uniform1-5000_Seed97_J10_M5,"[0.019540, 0.909527]",5,10,0.1,max_proc,lowest_lower_bound,PRUNE,all_to_shortest,greedy,6461,2,2,0.0,0.1603776505184955,True,5424.8,0,-1,5424.8
Uniform1-5000_Seed98_J10_M5,"[0.000720, 1.000000]",5,10,0.2,max_proc,lowest_lower_bound,NO_PROFILING,all_to_shortest,greedy,4168,2,2,0.0,0.0,True,4168.0,0,2,4168.0
Uniform1-5000_Seed98_J10_M5,"[0.000720, 1.000000]",5,10,0.1,max_proc,lowest_lower_bound,PRUNE,all_to_shortest,greedy,4168,2,2,0.0,0.0,True,4168.0,0,2,4168.0
Uniform1-5000_Seed99_J10_M5,"[0.011819, 1.000000]",5,10,0.2,max_proc,lowest_lower_bound,NO_PROFILING,all_to_shortest,greedy,4769,-1,2,0.0,0.0065003145313482,True,4738.0,0,-1,4738.0
Uniform1-5000_Seed99_J10_M5,"[0.011819, 1.000000]",5,10,0.1,max_proc,lowest_lower_bound,PRUNE,all_to_shortest,greedy,4769,-1,2,0.0,0.0065003145313482,True,4738.0,0,-1,4738.0
Uniform1-5000_Seed100_J10_M5,"[0.017122, 0.936778]",5,10,0.2,max_proc,lowest_lower_bound,NO_PROFILING,all_to_shortest,greedy,5495,3,3,0.0,0.1496997270245678,True,4672.4,1,-1,4672.4
Uniform1-5000_Seed100_J10_M5,"[0.017122, 0.936778]",5,10,0.1,max_proc,lowest_lower_bound,PRUNE,all_to_shortest,greedy,5543,5,5,0.0,0.1570629622947862,True,4672.4,3,-1,4672.4
Uniform1-5000_Seed1_J20_M10,"[0.030127, 0.990048]",10,20,0.2,max_proc,lowest_lower_bound,NO_PROFILING,all_to_shortest,greedy,5727,26,26,0.0098841190338134,0.1596123624934521,True,4812.9,10,-1,4812.9
Uniform1-5000_Seed1_J20_M10,"[0.030127, 0.990048]",10,20,0.1,max_proc,lowest_lower_bound,PRUNE,all_to_shortest,greedy,6192,7,12,0.0050158500671386,0.2227228682170543,True,5660.0,10,-1,4812.9
Uniform1-5000_Seed2_J20_M10,"[0.021704, 0.866251]",10,20,0.2,max_proc,lowest_lower_bound,NO_PROFILING,all_to_shortest,greedy,6503,8,8,0.0029988288879394,0.1143626018760571,True,5759.3,6,-1,5759.3
Uniform1-5000_Seed2_J20_M10,"[0.021704, 0.866251]",10,20,0.1,max_proc,lowest_lower_bound,PRUNE,all_to_shortest,greedy,6876,7,7,0.003000259399414,0.1624054682955206,True,5759.3,5,-1,5759.3
Uniform1-5000_Seed3_J20_M10,"[0.158241, 0.949043]",10,20,0.2,max_proc,lowest_lower_bound,NO_PROFILING,all_to_shortest,greedy,5918,8,8,0.0029981136322021,0.1564041906049341,True,4992.4,6,-1,4992.4
Uniform1-5000_Seed3_J20_M10,"[0.158241, 0.949043]",10,20,0.1,max_proc,lowest_lower_bound,PRUNE,all_to_shortest,greedy,6085,7,12,0.0045125484466552,0.1795562859490551,True,5240.0,10,-1,4992.4
Uniform1-5000_Seed4_J20_M10,"[0.012695, 1.000000]",10,20,0.2,max_proc,lowest_lower_bound,NO_PROFILING,all_to_shortest,greedy,5118,4,4,0.0019965171813964,0.2365767878077374,True,4490.0,2,-1,3907.2
Uniform1-5000_Seed4_J20_M10,"[0.012695, 1.000000]",10,20,0.1,max_proc,lowest_lower_bound,PRUNE,all_to_shortest,greedy,5118,4,4,0.0025110244750976,0.2365767878077374,True,4490.0,2,-1,3907.2
Uniform1-5000_Seed5_J20_M10,"[0.040653, 0.848775]",10,20,0.2,max_proc,lowest_lower_bound,NO_PROFILING,all_to_shortest,greedy,5859,48,48,0.0376157760620117,0.1351254480286738,True,5067.3,10,-1,5067.3
Uniform1-5000_Seed5_J20_M10,"[0.040653, 0.848775]",10,20,0.1,max_proc,lowest_lower_bound,PRUNE,all_to_shortest,greedy,6253,10,12,0.007521629333496,0.1896209819286742,True,5392.0,10,-1,5067.3
Uniform1-5000_Seed6_J20_M10,"[0.045337, 0.937562]",10,20,0.2,max_proc,lowest_lower_bound,NO_PROFILING,all_to_shortest,greedy,6007,13,13,0.0061786174774169,0.1628100549359081,True,5029.0,11,-1,5029.0
Uniform1-5000_Seed6_J20_M10,"[0.045337, 0.937562]",10,20,0.1,max_proc,lowest_lower_bound,PRUNE,all_to_shortest,greedy,6074,9,9,0.0040013790130615,0.172044781033915,True,5029.0,7,-1,5029.0
Uniform1-5000_Seed7_J20_M10,"[0.076509, 0.871067]",10,20,0.2,max_proc,lowest_lower_bound,NO_PROFILING,all_to_shortest,greedy,6019,23,23,0.0140919685363769,0.1487622528659245,True,5123.6,10,-1,5123.6
Uniform1-5000_Seed7_J20_M10,"[0.076509, 0.871067]",10,20,0.1,max_proc,lowest_lower_bound,PRUNE,all_to_shortest,greedy,6208,3,12,0.0096802711486816,0.1746778350515463,True,5363.0,10,-1,5123.6
Uniform1-5000_Seed8_J20_M10,"[0.050602, 0.919615]",10,20,0.2,max_proc,lowest_lower_bound,NO_PROFILING,all_to_shortest,greedy,5913,9,9,0.0050134658813476,0.0942837814983933,True,5355.5,7,-1,5355.5
Uniform1-5000_Seed8_J20_M10,"[0.050602, 0.919615]",10,20,0.1,max_proc,lowest_lower_bound,PRUNE,all_to_shortest,greedy,6463,10,10,0.0050034523010253,0.1713600495126102,True,5355.5,8,-1,5355.5
Uniform1-5000_Seed9_J20_M10,"[0.046849, 0.916201]",10,20,0.2,max_proc,lowest_lower_bound,NO_PROFILING,all_to_shortest,greedy,5840,11,11,0.0040090084075927,0.1264554794520548,True,5101.5,9,-1,5101.5
Uniform1-5000_Seed9_J20_M10,"[0.046849, 0.916201]",10,20,0.1,max_proc,lowest_lower_bound,PRUNE,all_to_shortest,greedy,6123,11,11,0.0045177936553955,0.1668299853013228,True,5101.5,9,-1,5101.5
Uniform1-5000_Seed10_J20_M10,"[0.048832, 0.982746]",10,20,0.2,max_proc,lowest_lower_bound,NO_PROFILING,all_to_shortest,greedy,5886,8,8,0.004512071609497,0.165001698946653,True,4914.8,6,-1,4914.8
Uniform1-5000_Seed10_J20_M10,"[0.048832, 0.982746]",10,20,0.1,max_proc,lowest_lower_bound,PRUNE,all_to_shortest,greedy,5574,10,10,0.003504991531372,0.1182633656261212,True,4914.8,8,-1,4914.8
Uniform1-5000_Seed11_J20_M10,"[0.028217, 1.000000]",10,20,0.2,max_proc,lowest_lower_bound,NO_PROFILING,all_to_shortest,greedy,5981,4,4,0.0010304450988769,0.1645209831131917,True,4997.0,2,-1,4997.0
Uniform1-5000_Seed11_J20_M10,"[0.028217, 1.000000]",10,20,0.1,max_proc,lowest_lower_bound,PRUNE,all_to_shortest,greedy,5981,4,4,0.003115177154541,0.1645209831131917,True,4997.0,2,-1,4997.0
Uniform1-5000_Seed12_J20_M10,"[0.010681, 0.976225]",10,20,0.2,max_proc,lowest_lower_bound,NO_PROFILING,all_to_shortest,greedy,5201,6,6,0.0020003318786621,0.099923091713132,True,4681.3,4,-1,4681.3
Uniform1-5000_Seed12_J20_M10,"[0.010681, 0.976225]",10,20,0.1,max_proc,lowest_lower_bound,PRUNE,all_to_shortest,greedy,5470,4,4,0.0009996891021728,0.1441864716636197,True,4681.3,2,-1,4681.3
Uniform1-5000_Seed13_J20_M10,"[0.015182, 1.000000]",10,20,0.2,max_proc,lowest_lower_bound,NO_PROFILING,all_to_shortest,greedy,4949,2,2,0.0,0.0018185492018589,True,4940.0,0,-1,4940.0
Uniform1-5000_Seed13_J20_M10,"[0.015182, 1.000000]",10,20,0.1,max_proc,lowest_lower_bound,PRUNE,all_to_shortest,greedy,4949,2,2,0.0,0.0018185492018589,True,4940.0,0,-1,4940.0
Uniform1-5000_Seed14_J20_M10,"[0.047904, 1.000000]",10,20,0.2,max_proc,lowest_lower_bound,NO_PROFILING,all_to_shortest,greedy,5705,8,8,0.0043389797210693,0.1510955302366345,True,4843.0,6,-1,4843.0
Uniform1-5000_Seed14_J20_M10,"[0.047904, 1.000000]",10,20,0.1,max_proc,lowest_lower_bound,PRUNE,all_to_shortest,greedy,5382,7,7,0.003009557723999,0.1001486436269045,True,4843.0,5,-1,4843.0
Uniform1-5000_Seed15_J20_M10,"[0.004024, 1.000000]",10,20,0.2,max_proc,lowest_lower_bound,NO_PROFILING,all_to_shortest,greedy,5122,4,4,0.0010039806365966,0.0296759078484966,True,4970.0,2,-1,4970.0
Uniform1-5000_Seed15_J20_M10,"[0.004024, 1.000000]",10,20,0.1,max_proc,lowest_lower_bound,PRUNE,all_to_shortest,greedy,5122,4,4,0.0020005702972412,0.0296759078484966,True,4970.0,2,-1,4970.0
Uniform1-5000_Seed16_J20_M10,"[0.067705, 0.833378]",10,20,0.2,max_proc,lowest_lower_bound,NO_PROFILING,all_to_shortest,greedy,7107,364,2001,0.9298794269561768,0.2061207260447445,False,5642.1,10,-1,5642.1
Uniform1-5000_Seed16_J20_M10,"[0.067705, 0.833378]",10,20,0.1,max_proc,lowest_lower_bound,PRUNE,all_to_shortest,greedy,7440,4,12,0.0045177936553955,0.2416532258064515,True,6965.0,10,-1,5642.1
Uniform1-5000_Seed17_J20_M10,"[0.045283, 0.943849]",10,20,0.2,max_proc,lowest_lower_bound,NO_PROFILING,all_to_shortest,greedy,6065,7,7,0.0029983520507812,0.1625391591096455,True,5079.2,5,-1,5079.2
Uniform1-5000_Seed17_J20_M10,"[0.045283, 0.943849]",10,20,0.1,max_proc,lowest_lower_bound,PRUNE,all_to_shortest,greedy,6249,10,12,0.0050227642059326,0.1871979516722676,True,5473.0,10,-1,5079.2
Uniform1-5000_Seed18_J20_M10,"[0.117562, 0.934701]",10,20,0.2,max_proc,lowest_lower_bound,NO_PROFILING,all_to_shortest,greedy,5892,9,9,0.0041999816894531,0.1511201629327901,True,5001.6,7,-1,5001.6
Uniform1-5000_Seed18_J20_M10,"[0.117562, 0.934701]",10,20,0.1,max_proc,lowest_lower_bound,PRUNE,all_to_shortest,greedy,6028,11,11,0.0050024986267089,0.1702720637027205,True,5001.6,9,-1,5001.6
Uniform1-5000_Seed19_J20_M10,"[0.049351, 0.817715]",10,20,0.2,max_proc,lowest_lower_bound,NO_PROFILING,all_to_shortest,greedy,6415,20,20,0.0100250244140625,0.1566328916601715,True,5410.2,10,-1,5410.2
Uniform1-5000_Seed19_J20_M10,"[0.049351, 0.817715]",10,20,0.1,max_proc,lowest_lower_bound,PRUNE,all_to_shortest,greedy,6433,12,12,0.0045356750488281,0.1589926939219648,True,5497.0,10,-1,5410.2
Uniform1-5000_Seed20_J20_M10,"[0.083669, 0.858185]",10,20,0.2,max_proc,lowest_lower_bound,NO_PROFILING,all_to_shortest,greedy,6756,28,28,0.0135316848754882,0.1596950858496151,True,5677.1,10,-1,5677.1
Uniform1-5000_Seed20_J20_M10,"[0.083669, 0.858185]",10,20,0.1,max_proc,lowest_lower_bound,PRUNE,all_to_shortest,greedy,7107,8,12,0.005012035369873,0.2011960039397776,True,6077.0,10,-1,5677.1
Uniform1-5000_Seed21_J20_M10,"[0.010410, 1.000000]",10,20,0.2,max_proc,lowest_lower_bound,NO_PROFILING,all_to_shortest,greedy,4726,2,2,0.00099778175354,0.0040203131612357,True,4707.0,0,-1,4707.0
Uniform1-5000_Seed21_J20_M10,"[0.010410, 1.000000]",10,20,0.1,max_proc,lowest_lower_bound,PRUNE,all_to_shortest,greedy,4726,2,2,0.0011425018310546,0.0040203131612357,True,4707.0,0,-1,4707.0
Uniform1-5000_Seed22_J20_M10,"[0.054374, 0.964754]",10,20,0.2,max_proc,lowest_lower_bound,NO_PROFILING,all_to_shortest,greedy,6127,7,7,0.0030004978179931,0.1595397421250204,True,5149.5,5,-1,5149.5
Uniform1-5000_Seed22_J20_M10,"[0.054374, 0.964754]",10,20,0.1,max_proc,lowest_lower_bound,PRUNE,all_to_shortest,greedy,6327,4,12,0.0059998035430908,0.1861071597913703,True,5872.0,10,-1,5149.5
Uniform1-5000_Seed23_J20_M10,"[0.008266, 1.000000]",10,20,0.2,max_proc,lowest_lower_bound,NO_PROFILING,all_to_shortest,greedy,5788,11,11,0.0040905475616455,0.1639599170697996,True,4839.0,9,-1,4839.0
Uniform1-5000_Seed23_J20_M10,"[0.008266, 1.000000]",10,20,0.1,max_proc,lowest_lower_bound,PRUNE,all_to_shortest,greedy,5788,10,10,0.0058348178863525,0.1639599170697996,True,4839.0,8,-1,4839.0
Uniform1-5000_Seed24_J20_M10,"[0.062394, 0.971406]",10,20,0.2,max_proc,lowest_lower_bound,NO_PROFILING,all_to_shortest,greedy,5213,9,9,0.0035068988800048,0.1084020717437177,True,4647.9,7,-1,4647.9
Uniform1-5000_Seed24_J20_M10,"[0.062394, 0.971406]",10,20,0.1,max_proc,lowest_lower_bound,PRUNE,all_to_shortest,greedy,5512,8,8,0.0035140514373779,0.156767053701016,True,4647.9,6,-1,4647.9
Uniform1-5000_Seed25_J20_M10,"[0.049670, 0.960225]",10,20,0.2,max_proc,lowest_lower_bound,NO_PROFILING,all_to_shortest,greedy,5978,11,11,0.0045185089111328,0.1378387420541987,True,5154.0,9,-1,5154.0
Uniform1-5000_Seed25_J20_M10,"[0.049670, 0.960225]",10,20,0.1,max_proc,lowest_lower_bound,PRUNE,all_to_shortest,greedy,6189,10,10,0.0070211887359619,0.1672321861366941,True,5154.0,8,-1,5154.0
Uniform1-5000_Seed26_J20_M10,"[0.222182, 0.992453]",10,20,0.2,max_proc,lowest_lower_bound,NO_PROFILING,all_to_shortest,greedy,5835,3,3,0.0010077953338623,0.1507455012853471,True,4955.4,1,-1,4955.4
Uniform1-5000_Seed26_J20_M10,"[0.222182, 0.992453]",10,20,0.1,max_proc,lowest_lower_bound,PRUNE,all_to_shortest,greedy,5986,4,4,0.0020086765289306,0.1721683929168059,True,4955.4,2,-1,4955.4
Uniform1-5000_Seed27_J20_M10,"[0.046608, 1.000000]",10,20,0.2,max_proc,lowest_lower_bound,NO_PROFILING,all_to_shortest,greedy,5327,6,6,0.0025615692138671,0.0897315562230148,True,4849.0,4,-1,4849.0
Uniform1-5000_Seed27_J20_M10,"[0.046608, 1.000000]",10,20,0.1,max_proc,lowest_lower_bound,PRUNE,all_to_shortest,greedy,5742,10,10,0.0040323734283447,0.1555207244862417,True,4849.0,8,-1,4849.0
Uniform1-5000_Seed28_J20_M10,"[0.009781, 1.000000]",10,20,0.2,max_proc,lowest_lower_bound,NO_PROFILING,all_to_shortest,greedy,5135,3,3,0.002000093460083,0.0841285296981499,True,4703.0,1,-1,4703.0
Uniform1-5000_Seed28_J20_M10,"[0.009781, 1.000000]",10,20,0.1,max_proc,lowest_lower_bound,PRUNE,all_to_shortest,greedy,5135,3,3,0.0021004676818847,0.0841285296981499,True,4703.0,1,-1,4703.0
Uniform1-5000_Seed29_J20_M10,"[0.049825, 0.979411]",10,20,0.2,max_proc,lowest_lower_bound,NO_PROFILING,all_to_shortest,greedy,5798,8,8,0.0050001144409179,0.1622973439116936,True,4857.0,6,-1,4857.0
Uniform1-5000_Seed29_J20_M10,"[0.049825, 0.979411]",10,20,0.1,max_proc,lowest_lower_bound,PRUNE,all_to_shortest,greedy,5719,11,11,0.0050084590911865,0.1507256513376464,True,4857.0,9,-1,4857.0
Uniform1-5000_Seed30_J20_M10,"[0.009322, 0.990698]",10,20,0.2,max_proc,lowest_lower_bound,NO_PROFILING,all_to_shortest,greedy,5830,11,11,0.0048611164093017,0.135180102915952,True,5041.9,9,-1,5041.9
Uniform1-5000_Seed30_J20_M10,"[0.009322, 0.990698]",10,20,0.1,max_proc,lowest_lower_bound,PRUNE,all_to_shortest,greedy,6094,6,6,0.003307819366455,0.1726452248112898,True,5041.9,4,-1,5041.9
Uniform1-5000_Seed31_J20_M10,"[0.006004, 1.000000]",10,20,0.2,max_proc,lowest_lower_bound,NO_PROFILING,all_to_shortest,greedy,5599,6,6,0.0019974708557128,0.1373459546347562,True,4830.0,4,-1,4830.0
Uniform1-5000_Seed31_J20_M10,"[0.006004, 1.000000]",10,20,0.1,max_proc,lowest_lower_bound,PRUNE,all_to_shortest,greedy,5650,5,5,0.0030074119567871,0.1451327433628318,True,4830.0,3,-1,4830.0
Uniform1-5000_Seed32_J20_M10,"[0.002045, 1.000000]",10,20,0.2,max_proc,lowest_lower_bound,NO_PROFILING,all_to_shortest,greedy,5424,3,3,0.0010006427764892,0.0986356932153392,True,4889.0,1,-1,4889.0
Uniform1-5000_Seed32_J20_M10,"[0.002045, 1.000000]",10,20,0.1,max_proc,lowest_lower_bound,PRUNE,all_to_shortest,greedy,5424,3,3,0.000953197479248,0.0986356932153392,True,4889.0,1,-1,4889.0
Uniform1-5000_Seed33_J20_M10,"[0.011813, 1.000000]",10,20,0.2,max_proc,lowest_lower_bound,NO_PROFILING,all_to_shortest,greedy,5022,4,4,0.0020005702972412,0.0223018717642373,True,4910.0,2,-1,4910.0
Uniform1-5000_Seed33_J20_M10,"[0.011813, 1.000000]",10,20,0.1,max_proc,lowest_lower_bound,PRUNE,all_to_shortest,greedy,5154,4,4,0.0019972324371337,0.0473418703919286,True,4910.0,2,-1,4910.0
Uniform1-5000_Seed34_J20_M10,"[0.062959, 0.954457]",10,20,0.2,max_proc,lowest_lower_bound,NO_PROFILING,all_to_shortest,greedy,5818,6,6,0.0030012130737304,0.1127363355104846,True,5162.1,4,-1,5162.1
Uniform1-5000_Seed34_J20_M10,"[0.062959, 0.954457]",10,20,0.1,max_proc,lowest_lower_bound,PRUNE,all_to_shortest,greedy,6156,7,7,0.0040171146392822,0.1614522417153995,True,5162.1,5,-1,5162.1
Uniform1-5000_Seed35_J20_M10,"[0.087125, 0.854047]",10,20,0.2,max_proc,lowest_lower_bound,NO_PROFILING,all_to_shortest,greedy,6544,-1,2,0.001997947692871,0.1651283618581907,True,5463.4,0,-1,5463.4
Uniform1-5000_Seed35_J20_M10,"[0.087125, 0.854047]",10,20,0.1,max_proc,lowest_lower_bound,PRUNE,all_to_shortest,greedy,6544,-1,2,0.0,0.1651283618581907,True,5463.4,0,-1,5463.4
Uniform1-5000_Seed36_J20_M10,"[0.051455, 1.000000]",10,20,0.2,max_proc,lowest_lower_bound,NO_PROFILING,all_to_shortest,greedy,5512,-1,2,0.0,0.1396952104499274,True,4742.0,0,-1,4742.0
Uniform1-5000_Seed36_J20_M10,"[0.051455, 1.000000]",10,20,0.1,max_proc,lowest_lower_bound,PRUNE,all_to_shortest,greedy,5512,-1,2,0.001197338104248,0.1396952104499274,True,4742.0,0,-1,4742.0
Uniform1-5000_Seed37_J20_M10,"[0.069955, 0.892471]",10,20,0.2,max_proc,lowest_lower_bound,NO_PROFILING,all_to_shortest,greedy,6512,12,12,0.0039997100830078,0.1482800982800983,True,5546.4,10,-1,5546.4
Uniform1-5000_Seed37_J20_M10,"[0.069955, 0.892471]",10,20,0.1,max_proc,lowest_lower_bound,PRUNE,all_to_shortest,greedy,6512,10,10,0.0050055980682373,0.1482800982800983,True,5546.4,8,-1,5546.4
Uniform1-5000_Seed38_J20_M10,"[0.124760, 0.794454]",10,20,0.2,max_proc,lowest_lower_bound,NO_PROFILING,all_to_shortest,greedy,7251,9,9,0.0039930343627929,0.1466142601020549,True,6187.9,7,-1,6187.9
Uniform1-5000_Seed38_J20_M10,"[0.124760, 0.794454]",10,20,0.1,max_proc,lowest_lower_bound,PRUNE,all_to_shortest,greedy,7421,9,9,0.0045502185821533,0.1661635898126937,True,6187.9,7,-1,6187.9
Uniform1-5000_Seed39_J20_M10,"[0.014456, 0.959255]",10,20,0.2,max_proc,lowest_lower_bound,NO_PROFILING,all_to_shortest,greedy,6043,11,2001,0.7263131141662598,0.198692702300182,False,4842.3,10,-1,4842.3
Uniform1-5000_Seed39_J20_M10,"[0.014456, 0.959255]",10,20,0.1,max_proc,lowest_lower_bound,PRUNE,all_to_shortest,greedy,6293,11,12,0.0050134658813476,0.2305259812490068,True,6065.0,10,-1,4842.3
Uniform1-5000_Seed40_J20_M10,"[0.077773, 0.839917]",10,20,0.2,max_proc,lowest_lower_bound,NO_PROFILING,all_to_shortest,greedy,6824,9,9,0.0035154819488525,0.1634085580304807,True,5708.9,7,-1,5708.9
Uniform1-5000_Seed40_J20_M10,"[0.077773, 0.839917]",10,20,0.1,max_proc,lowest_lower_bound,PRUNE,all_to_shortest,greedy,6968,10,12,0.0059742927551269,0.1806974741676234,True,6563.0,10,-1,5708.9
Uniform1-5000_Seed41_J20_M10,"[0.054855, 0.779046]",10,20,0.2,max_proc,lowest_lower_bound,NO_PROFILING,all_to_shortest,greedy,7224,1325,2001,1.7460274696350098,0.1874307862679955,False,5870.0,10,-1,5870.0
Uniform1-5000_Seed41_J20_M10,"[0.054855, 0.779046]",10,20,0.1,max_proc,lowest_lower_bound,PRUNE,all_to_shortest,greedy,7397,12,12,0.0050044059753417,0.2064350412329322,True,6322.0,10,-1,5870.0
Uniform1-5000_Seed42_J20_M10,"[0.025666, 0.949060]",10,20,0.2,max_proc,lowest_lower_bound,NO_PROFILING,all_to_shortest,greedy,5879,11,11,0.005542516708374,0.1318251403299881,True,5104.0,9,-1,5104.0
Uniform1-5000_Seed42_J20_M10,"[0.025666, 0.949060]",10,20,0.1,max_proc,lowest_lower_bound,PRUNE,all_to_shortest,greedy,6207,11,12,0.0070343017578125,0.1777025938456581,True,5998.0,10,-1,5104.0
Uniform1-5000_Seed43_J20_M10,"[0.061684, 0.981335]",10,20,0.2,max_proc,lowest_lower_bound,NO_PROFILING,all_to_shortest,greedy,5668,8,8,0.0025007724761962,0.1190543401552576,True,4993.2,6,-1,4993.2
Uniform1-5000_Seed43_J20_M10,"[0.061684, 0.981335]",10,20,0.1,max_proc,lowest_lower_bound,PRUNE,all_to_shortest,greedy,6023,11,11,0.0039706230163574,0.1709779179810726,True,4993.2,9,-1,4993.2
Uniform1-5000_Seed44_J20_M10,"[0.023368, 0.887970]",10,20,0.2,max_proc,lowest_lower_bound,NO_PROFILING,all_to_shortest,greedy,6153,3,3,0.0010015964508056,0.1584430359174385,True,5178.1,1,-1,5178.1
Uniform1-5000_Seed44_J20_M10,"[0.023368, 0.887970]",10,20,0.1,max_proc,lowest_lower_bound,PRUNE,all_to_shortest,greedy,6292,12,12,0.0060117244720458,0.1770343293070565,True,5602.0,10,-1,5178.1
Uniform1-5000_Seed45_J20_M10,"[0.031731, 0.947295]",10,20,0.2,max_proc,lowest_lower_bound,NO_PROFILING,all_to_shortest,greedy,6321,254,2001,0.738079309463501,0.1823445657332701,False,5168.4,10,-1,5168.4
Uniform1-5000_Seed45_J20_M10,"[0.031731, 0.947295]",10,20,0.1,max_proc,lowest_lower_bound,PRUNE,all_to_shortest,greedy,6902,10,12,0.0075068473815917,0.2511735728774268,True,6321.0,10,-1,5168.4
Uniform1-5000_Seed46_J20_M10,"[0.105908, 0.956082]",10,20,0.2,max_proc,lowest_lower_bound,NO_PROFILING,all_to_shortest,greedy,6103,12,12,0.0046901702880859,0.1568081271505816,True,5146.0,10,-1,5146.0
Uniform1-5000_Seed46_J20_M10,"[0.105908, 0.956082]",10,20,0.1,max_proc,lowest_lower_bound,PRUNE,all_to_shortest,greedy,6248,11,12,0.006019115447998,0.1763764404609475,True,5523.0,10,-1,5146.0
Uniform1-5000_Seed47_J20_M10,"[0.105664, 0.923389]",10,20,0.2,max_proc,lowest_lower_bound,NO_PROFILING,all_to_shortest,greedy,6311,4,4,0.0014493465423583,0.1557280938044684,True,5328.2,2,-1,5328.2
Uniform1-5000_Seed47_J20_M10,"[0.105664, 0.923389]",10,20,0.1,max_proc,lowest_lower_bound,PRUNE,all_to_shortest,greedy,6230,7,7,0.0039999485015869,0.1447512038523274,True,5328.2,5,-1,5328.2
Uniform1-5000_Seed48_J20_M10,"[0.060895, 0.979075]",10,20,0.2,max_proc,lowest_lower_bound,NO_PROFILING,all_to_shortest,greedy,5371,9,9,0.0050082206726074,0.1377955687953826,True,4630.9,7,-1,4630.9
Uniform1-5000_Seed48_J20_M10,"[0.060895, 0.979075]",10,20,0.1,max_proc,lowest_lower_bound,PRUNE,all_to_shortest,greedy,5528,13,13,0.0060517787933349,0.1622829232995659,True,4681.0,10,-1,4630.9
Uniform1-5000_Seed49_J20_M10,"[0.037322, 0.827555]",10,20,0.2,max_proc,lowest_lower_bound,NO_PROFILING,all_to_shortest,greedy,6980,10,10,0.0050394535064697,0.1363037249283667,True,6028.6,8,-1,6028.6
Uniform1-5000_Seed49_J20_M10,"[0.037322, 0.827555]",10,20,0.1,max_proc,lowest_lower_bound,PRUNE,all_to_shortest,greedy,6980,11,11,0.0055058002471923,0.1363037249283667,True,6028.6,9,-1,6028.6
Uniform1-5000_Seed50_J20_M10,"[0.015385, 1.000000]",10,20,0.2,max_proc,lowest_lower_bound,NO_PROFILING,all_to_shortest,greedy,5356,12,12,0.0055150985717773,0.1383495145631068,True,4615.0,10,-1,4615.0
Uniform1-5000_Seed50_J20_M10,"[0.015385, 1.000000]",10,20,0.1,max_proc,lowest_lower_bound,PRUNE,all_to_shortest,greedy,5534,9,9,0.0050048828125,0.1660643295988435,True,4615.0,7,-1,4615.0
Uniform1-5000_Seed51_J20_M10,"[0.090301, 0.969274]",10,20,0.2,max_proc,lowest_lower_bound,NO_PROFILING,all_to_shortest,greedy,6045,5,5,0.0030004978179931,0.1536476426799007,True,5116.2,3,-1,5116.2
Uniform1-5000_Seed51_J20_M10,"[0.090301, 0.969274]",10,20,0.1,max_proc,lowest_lower_bound,PRUNE,all_to_shortest,greedy,5541,9,9,0.0045123100280761,0.0766648619382783,True,5116.2,7,-1,5116.2
Uniform1-5000_Seed52_J20_M10,"[0.003269, 0.945907]",10,20,0.2,max_proc,lowest_lower_bound,NO_PROFILING,all_to_shortest,greedy,6221,8,8,0.0040199756622314,0.164073300112522,True,5200.3,6,-1,5200.3
Uniform1-5000_Seed52_J20_M10,"[0.003269, 0.945907]",10,20,0.1,max_proc,lowest_lower_bound,PRUNE,all_to_shortest,greedy,6221,5,5,0.0029988288879394,0.164073300112522,True,5200.3,3,-1,5200.3
Uniform1-5000_Seed53_J20_M10,"[0.007313, 1.000000]",10,20,0.2,max_proc,lowest_lower_bound,NO_PROFILING,all_to_shortest,greedy,5207,5,5,0.0019996166229248,0.054541962742462,True,4923.0,3,-1,4923.0
Uniform1-5000_Seed53_J20_M10,"[0.007313, 1.000000]",10,20,0.1,max_proc,lowest_lower_bound,PRUNE,all_to_shortest,greedy,5796,10,10,0.0035159587860107,0.1506211180124223,True,4923.0,8,-1,4923.0
Uniform1-5000_Seed54_J20_M10,"[0.146680, 0.783978]",10,20,0.2,max_proc,lowest_lower_bound,NO_PROFILING,all_to_shortest,greedy,7098,10,10,0.0065269470214843,0.1365173288250211,True,6129.0,8,-1,6129.0
Uniform1-5000_Seed54_J20_M10,"[0.146680, 0.783978]",10,20,0.1,max_proc,lowest_lower_bound,PRUNE,all_to_shortest,greedy,7173,9,9,0.0041577816009521,0.1455457967377666,True,6129.0,7,-1,6129.0
Uniform1-5000_Seed55_J20_M10,"[0.098771, 0.779758]",10,20,0.2,max_proc,lowest_lower_bound,NO_PROFILING,all_to_shortest,greedy,7205,4,4,0.0010006427764892,0.1470506592643997,True,6145.5,2,-1,6145.5
Uniform1-5000_Seed55_J20_M10,"[0.098771, 0.779758]",10,20,0.1,max_proc,lowest_lower_bound,PRUNE,all_to_shortest,greedy,7624,12,12,0.0060603618621826,0.193927072402938,True,7145.0,10,-1,6145.5
Uniform1-5000_Seed56_J20_M10,"[0.016030, 0.906441]",10,20,0.2,max_proc,lowest_lower_bound,NO_PROFILING,all_to_shortest,greedy,6192,5,5,0.0023291110992431,0.1134366925064599,True,5489.6,3,-1,5489.6
Uniform1-5000_Seed56_J20_M10,"[0.016030, 0.906441]",10,20,0.1,max_proc,lowest_lower_bound,PRUNE,all_to_shortest,greedy,6524,12,12,0.0055174827575683,0.1585530349478846,True,6192.0,10,-1,5489.6
Uniform1-5000_Seed57_J20_M10,"[0.061541, 0.877111]",10,20,0.2,max_proc,lowest_lower_bound,NO_PROFILING,all_to_shortest,greedy,5961,3,3,0.0009970664978027,0.135883241066935,True,5151.0,1,-1,5151.0
Uniform1-5000_Seed57_J20_M10,"[0.061541, 0.877111]",10,20,0.1,max_proc,lowest_lower_bound,PRUNE,all_to_shortest,greedy,6088,9,9,0.0049982070922851,0.1539093298291721,True,5151.0,7,-1,5151.0
Uniform1-5000_Seed58_J20_M10,"[0.115689, 0.809638]",10,20,0.2,max_proc,lowest_lower_bound,NO_PROFILING,all_to_shortest,greedy,6466,8,8,0.0035960674285888,0.1591401175378905,True,5437.0,6,-1,5437.0
Uniform1-5000_Seed58_J20_M10,"[0.115689, 0.809638]",10,20,0.1,max_proc,lowest_lower_bound,PRUNE,all_to_shortest,greedy,6567,9,9,0.0040087699890136,0.1720724836302725,True,5437.0,7,-1,5437.0
Uniform1-5000_Seed59_J20_M10,"[0.001064, 1.000000]",10,20,0.2,max_proc,lowest_lower_bound,NO_PROFILING,all_to_shortest,greedy,5302,6,6,0.0030727386474609,0.1137306676725763,True,4699.0,4,-1,4699.0
Uniform1-5000_Seed59_J20_M10,"[0.001064, 1.000000]",10,20,0.1,max_proc,lowest_lower_bound,PRUNE,all_to_shortest,greedy,5515,7,7,0.0029981136322021,0.1479601087941976,True,4699.0,5,-1,4699.0
Uniform1-5000_Seed60_J20_M10,"[0.009117, 0.916348]",10,20,0.2,max_proc,lowest_lower_bound,NO_PROFILING,all_to_shortest,greedy,5909,7,7,0.0029997825622558,0.1646809950922322,True,4935.9,5,-1,4935.9
Uniform1-5000_Seed60_J20_M10,"[0.009117, 0.916348]",10,20,0.1,max_proc,lowest_lower_bound,PRUNE,all_to_shortest,greedy,5686,10,10,0.0050079822540283,0.1319205065072107,True,4935.9,8,-1,4935.9
Uniform1-5000_Seed61_J20_M10,"[0.058089, 0.869996]",10,20,0.2,max_proc,lowest_lower_bound,NO_PROFILING,all_to_shortest,greedy,6202,11,11,0.0050063133239746,0.1534021283456949,True,5250.6,9,-1,5250.6
Uniform1-5000_Seed61_J20_M10,"[0.058089, 0.869996]",10,20,0.1,max_proc,lowest_lower_bound,PRUNE,all_to_shortest,greedy,6162,11,11,0.004509687423706,0.1479065238558909,True,5250.6,9,-1,5250.6
Uniform1-5000_Seed62_J20_M10,"[0.018908, 0.926508]",10,20,0.2,max_proc,lowest_lower_bound,NO_PROFILING,all_to_shortest,greedy,6172,45,45,0.0172264575958251,0.1602559948152949,True,5182.9,10,-1,5182.9
Uniform1-5000_Seed62_J20_M10,"[0.018908, 0.926508]",10,20,0.1,max_proc,lowest_lower_bound,PRUNE,all_to_shortest,greedy,6367,12,12,0.0052931308746337,0.1859745563059526,True,6146.0,10,-1,5182.9
Uniform1-5000_Seed63_J20_M10,"[0.029885, 0.797703]",10,20,0.2,max_proc,lowest_lower_bound,NO_PROFILING,all_to_shortest,greedy,5521,9,9,0.0035114288330078,0.1514761818511139,True,4684.7,7,-1,4684.7
Uniform1-5000_Seed63_J20_M10,"[0.029885, 0.797703]",10,20,0.1,max_proc,lowest_lower_bound,PRUNE,all_to_shortest,greedy,5521,10,10,0.0035088062286376,0.1514761818511139,True,4684.7,8,-1,4684.7
Uniform1-5000_Seed64_J20_M10,"[0.011869, 1.000000]",10,20,0.2,max_proc,lowest_lower_bound,NO_PROFILING,all_to_shortest,greedy,4754,2,2,0.0009982585906982,0.0252419015565839,True,4634.0,0,-1,4634.0
Uniform1-5000_Seed64_J20_M10,"[0.011869, 1.000000]",10,20,0.1,max_proc,lowest_lower_bound,PRUNE,all_to_shortest,greedy,4754,2,2,0.0010085105895996,0.0252419015565839,True,4634.0,0,-1,4634.0
Uniform1-5000_Seed65_J20_M10,"[0.025683, 0.900020]",10,20,0.2,max_proc,lowest_lower_bound,NO_PROFILING,all_to_shortest,greedy,6174,12,12,0.0045070648193359,0.1234045999352121,True,5412.1,10,-1,5412.1
Uniform1-5000_Seed65_J20_M10,"[0.025683, 0.900020]",10,20,0.1,max_proc,lowest_lower_bound,PRUNE,all_to_shortest,greedy,6769,11,12,0.005080223083496,0.2004579701580735,True,6078.0,10,-1,5412.1
Uniform1-5000_Seed66_J20_M10,"[0.010809, 1.000000]",10,20,0.2,max_proc,lowest_lower_bound,NO_PROFILING,all_to_shortest,greedy,5201,7,7,0.0030708312988281,0.0749855796962122,True,4811.0,5,-1,4811.0
Uniform1-5000_Seed66_J20_M10,"[0.010809, 1.000000]",10,20,0.1,max_proc,lowest_lower_bound,PRUNE,all_to_shortest,greedy,5703,7,7,0.0030059814453125,0.1564089075924951,True,4811.0,5,-1,4811.0
Uniform1-5000_Seed67_J20_M10,"[0.073404, 1.000000]",10,20,0.2,max_proc,lowest_lower_bound,NO_PROFILING,all_to_shortest,greedy,5861,6,6,0.003246784210205,0.1608940453847466,True,4918.0,4,-1,4918.0
Uniform1-5000_Seed67_J20_M10,"[0.073404, 1.000000]",10,20,0.1,max_proc,lowest_lower_bound,PRUNE,all_to_shortest,greedy,5920,4,4,0.0020060539245605,0.1692567567567567,True,4918.0,2,-1,4918.0
Uniform1-5000_Seed68_J20_M10,"[0.029437, 1.000000]",10,20,0.2,max_proc,lowest_lower_bound,NO_PROFILING,all_to_shortest,greedy,5260,7,7,0.0039987564086914,0.0958174904942965,True,4756.0,5,-1,4756.0
Uniform1-5000_Seed68_J20_M10,"[0.029437, 1.000000]",10,20,0.1,max_proc,lowest_lower_bound,PRUNE,all_to_shortest,greedy,5313,8,8,0.0030064582824707,0.1048371917937135,True,4756.0,6,-1,4756.0
Uniform1-5000_Seed69_J20_M10,"[0.052059, 0.961589]",10,20,0.2,max_proc,lowest_lower_bound,NO_PROFILING,all_to_shortest,greedy,5850,9,9,0.0039994716644287,0.1495555555555555,True,4975.1,7,-1,4975.1
Uniform1-5000_Seed69_J20_M10,"[0.052059, 0.961589]",10,20,0.1,max_proc,lowest_lower_bound,PRUNE,all_to_shortest,greedy,5909,9,9,0.0042269229888916,0.1580470468776442,True,4975.1,7,-1,4975.1
Uniform1-5000_Seed70_J20_M10,"[0.049741, 0.872593]",10,20,0.2,max_proc,lowest_lower_bound,NO_PROFILING,all_to_shortest,greedy,6729,41,41,0.0180373191833496,0.1634418189924208,True,5629.2,10,-1,5629.2
Uniform1-5000_Seed70_J20_M10,"[0.049741, 0.872593]",10,20,0.1,max_proc,lowest_lower_bound,PRUNE,all_to_shortest,greedy,6794,11,11,0.0050010681152343,0.1714453929938181,True,5629.2,9,-1,5629.2
Uniform1-5000_Seed71_J20_M10,"[0.033752, 1.000000]",10,20,0.2,max_proc,lowest_lower_bound,NO_PROFILING,all_to_shortest,greedy,5509,9,9,0.0045182704925537,0.1610092575785079,True,4622.0,7,-1,4622.0
Uniform1-5000_Seed71_J20_M10,"[0.033752, 1.000000]",10,20,0.1,max_proc,lowest_lower_bound,PRUNE,all_to_shortest,greedy,5585,8,8,0.0040891170501708,0.1724261414503133,True,4622.0,6,-1,4622.0
Uniform1-5000_Seed72_J20_M10,"[0.064515, 0.858174]",10,20,0.2,max_proc,lowest_lower_bound,NO_PROFILING,all_to_shortest,greedy,6438,11,11,0.0050296783447265,0.130848089468779,True,5595.6,9,-1,5595.6
Uniform1-5000_Seed72_J20_M10,"[0.064515, 0.858174]",10,20,0.1,max_proc,lowest_lower_bound,PRUNE,all_to_shortest,greedy,6663,9,9,0.0042142868041992,0.1601981089599279,True,5595.6,7,-1,5595.6
Uniform1-5000_Seed73_J20_M10,"[0.030924, 0.945809]",10,20,0.2,max_proc,lowest_lower_bound,NO_PROFILING,all_to_shortest,greedy,5531,11,11,0.0080504417419433,0.1405532453444223,True,4753.6,9,-1,4753.6
Uniform1-5000_Seed73_J20_M10,"[0.030924, 0.945809]",10,20,0.1,max_proc,lowest_lower_bound,PRUNE,all_to_shortest,greedy,5675,10,10,0.0064990520477294,0.1623612334801761,True,4753.6,8,-1,4753.6
Uniform1-5000_Seed74_J20_M10,"[0.043294, 0.854836]",10,20,0.2,max_proc,lowest_lower_bound,NO_PROFILING,all_to_shortest,greedy,6678,11,11,0.0069966316223144,0.1318358790056902,True,5797.6,9,-1,5797.6
Uniform1-5000_Seed74_J20_M10,"[0.043294, 0.854836]",10,20,0.1,max_proc,lowest_lower_bound,PRUNE,all_to_shortest,greedy,6958,9,9,0.0060117244720458,0.1667720609370508,True,5797.6,7,-1,5797.6
Uniform1-5000_Seed75_J20_M10,"[0.046030, 1.000000]",10,20,0.2,max_proc,lowest_lower_bound,NO_PROFILING,all_to_shortest,greedy,4957,3,3,0.0015068054199218,0.1234617712326003,True,4345.0,1,-1,4345.0
Uniform1-5000_Seed75_J20_M10,"[0.046030, 1.000000]",10,20,0.1,max_proc,lowest_lower_bound,PRUNE,all_to_shortest,greedy,4957,3,3,0.0020010471343994,0.1234617712326003,True,4345.0,1,-1,4345.0
Uniform1-5000_Seed76_J20_M10,"[0.020525, 0.880029]",10,20,0.2,max_proc,lowest_lower_bound,NO_PROFILING,all_to_shortest,greedy,6499,84,84,0.0409643650054931,0.1528696722572703,True,5505.5,11,-1,5505.5
Uniform1-5000_Seed76_J20_M10,"[0.020525, 0.880029]",10,20,0.1,max_proc,lowest_lower_bound,PRUNE,all_to_shortest,greedy,6499,13,13,0.005997896194458,0.1528696722572703,True,5505.5,10,-1,5505.5
Uniform1-5000_Seed77_J20_M10,"[0.032005, 0.933476]",10,20,0.2,max_proc,lowest_lower_bound,NO_PROFILING,all_to_shortest,greedy,5927,4,4,0.0020022392272949,0.1143580226084022,True,5249.2,2,-1,5249.2
Uniform1-5000_Seed77_J20_M10,"[0.032005, 0.933476]",10,20,0.1,max_proc,lowest_lower_bound,PRUNE,all_to_shortest,greedy,6053,6,6,0.0041265487670898,0.1327936560383281,True,5249.2,4,-1,5249.2
Uniform1-5000_Seed78_J20_M10,"[0.028684, 0.899990]",10,20,0.2,max_proc,lowest_lower_bound,NO_PROFILING,all_to_shortest,greedy,5886,10,10,0.004523754119873,0.1174821610601427,True,5194.5,8,-1,5194.5
Uniform1-5000_Seed78_J20_M10,"[0.028684, 0.899990]",10,20,0.1,max_proc,lowest_lower_bound,PRUNE,all_to_shortest,greedy,6222,10,10,0.0050258636474609,0.1651398264223722,True,5194.5,8,-1,5194.5
Uniform1-5000_Seed79_J20_M10,"[0.035993, 0.910349]",10,20,0.2,max_proc,lowest_lower_bound,NO_PROFILING,all_to_shortest,greedy,6469,8,8,0.0045149326324462,0.1625135260473025,True,5417.7,6,-1,5417.7
Uniform1-5000_Seed79_J20_M10,"[0.035993, 0.910349]",10,20,0.1,max_proc,lowest_lower_bound,PRUNE,all_to_shortest,greedy,6550,9,9,0.0075240135192871,0.1728702290076336,True,5417.7,7,-1,5417.7
Uniform1-5000_Seed80_J20_M10,"[0.028279, 1.000000]",10,20,0.2,max_proc,lowest_lower_bound,NO_PROFILING,all_to_shortest,greedy,5507,6,6,0.0031416416168212,0.1138550935173415,True,4880.0,4,-1,4880.0
Uniform1-5000_Seed80_J20_M10,"[0.028279, 1.000000]",10,20,0.1,max_proc,lowest_lower_bound,PRUNE,all_to_shortest,greedy,5597,6,6,0.0029995441436767,0.1281043416115776,True,4880.0,4,-1,4880.0
Uniform1-5000_Seed81_J20_M10,"[0.018898, 0.938604]",10,20,0.2,max_proc,lowest_lower_bound,NO_PROFILING,all_to_shortest,greedy,5329,5,5,0.0020022392272949,0.1659035466316382,True,4444.9,3,-1,4444.9
Uniform1-5000_Seed81_J20_M10,"[0.018898, 0.938604]",10,20,0.1,max_proc,lowest_lower_bound,PRUNE,all_to_shortest,greedy,5329,12,12,0.0061943531036376,0.1659035466316382,True,5329.0,10,-1,4444.9
Uniform1-5000_Seed82_J20_M10,"[0.025937, 0.893461]",10,20,0.2,max_proc,lowest_lower_bound,NO_PROFILING,all_to_shortest,greedy,6058,4,4,0.0020060539245605,0.1599207659293496,True,5089.2,2,-1,5089.2
Uniform1-5000_Seed82_J20_M10,"[0.025937, 0.893461]",10,20,0.1,max_proc,lowest_lower_bound,PRUNE,all_to_shortest,greedy,6063,11,11,0.0055248737335205,0.1606135576447303,True,5089.2,9,-1,5089.2
Uniform1-5000_Seed83_J20_M10,"[0.048174, 0.872977]",10,20,0.2,max_proc,lowest_lower_bound,NO_PROFILING,all_to_shortest,greedy,6512,10,10,0.0035812854766845,0.1329545454545455,True,5646.2,8,-1,5646.2
Uniform1-5000_Seed83_J20_M10,"[0.048174, 0.872977]",10,20,0.1,max_proc,lowest_lower_bound,PRUNE,all_to_shortest,greedy,6526,12,12,0.0050194263458251,0.1348145878026356,True,6247.0,10,-1,5646.2
Uniform1-5000_Seed84_J20_M10,"[0.053931, 0.881761]",10,20,0.2,max_proc,lowest_lower_bound,NO_PROFILING,all_to_shortest,greedy,6782,9,2001,0.7781507968902588,0.1715865526393394,False,5618.3,10,-1,5618.3
Uniform1-5000_Seed84_J20_M10,"[0.053931, 0.881761]",10,20,0.1,max_proc,lowest_lower_bound,PRUNE,all_to_shortest,greedy,6999,12,12,0.0055203437805175,0.1972710387198171,True,6782.0,10,-1,5618.3
Uniform1-5000_Seed85_J20_M10,"[0.066961, 1.000000]",10,20,0.2,max_proc,lowest_lower_bound,NO_PROFILING,all_to_shortest,greedy,5183,2,2,0.0005233287811279,0.0808412116534825,True,4764.0,0,-1,4764.0
Uniform1-5000_Seed85_J20_M10,"[0.066961, 1.000000]",10,20,0.1,max_proc,lowest_lower_bound,PRUNE,all_to_shortest,greedy,5183,2,2,0.0005204677581787,0.0808412116534825,True,4764.0,0,-1,4764.0
Uniform1-5000_Seed86_J20_M10,"[0.071309, 0.930435]",10,20,0.2,max_proc,lowest_lower_bound,NO_PROFILING,all_to_shortest,greedy,6322,8,8,0.0030028820037841,0.1659601391964568,True,5272.8,6,-1,5272.8
Uniform1-5000_Seed86_J20_M10,"[0.071309, 0.930435]",10,20,0.1,max_proc,lowest_lower_bound,PRUNE,all_to_shortest,greedy,6495,12,12,0.0050241947174072,0.1881755196304849,True,6042.0,10,-1,5272.8
Uniform1-5000_Seed87_J20_M10,"[0.013279, 1.000000]",10,20,0.2,max_proc,lowest_lower_bound,NO_PROFILING,all_to_shortest,greedy,5596,6,6,0.0029990673065185,0.1656540385989993,True,4669.0,4,-1,4669.0
Uniform1-5000_Seed87_J20_M10,"[0.013279, 1.000000]",10,20,0.1,max_proc,lowest_lower_bound,PRUNE,all_to_shortest,greedy,5467,7,7,0.0035169124603271,0.145966709346991,True,4669.0,5,-1,4669.0
Uniform1-5000_Seed88_J20_M10,"[0.001571, 0.969320]",10,20,0.2,max_proc,lowest_lower_bound,NO_PROFILING,all_to_shortest,greedy,5927,9,9,0.0039992332458496,0.1410156909060233,True,5091.2,7,-1,5091.2
Uniform1-5000_Seed88_J20_M10,"[0.001571, 0.969320]",10,20,0.1,max_proc,lowest_lower_bound,PRUNE,all_to_shortest,greedy,6110,2,2,0.0,0.1667430441898527,True,5091.2,0,-1,5091.2
Uniform1-5000_Seed89_J20_M10,"[0.050606, 1.000000]",10,20,0.2,max_proc,lowest_lower_bound,NO_PROFILING,all_to_shortest,greedy,5359,2,2,0.0009992122650146,0.1076693412950177,True,4782.0,0,-1,4782.0
Uniform1-5000_Seed89_J20_M10,"[0.050606, 1.000000]",10,20,0.1,max_proc,lowest_lower_bound,PRUNE,all_to_shortest,greedy,5359,2,2,0.001530647277832,0.1076693412950177,True,4782.0,0,-1,4782.0
Uniform1-5000_Seed90_J20_M10,"[0.022032, 1.000000]",10,20,0.2,max_proc,lowest_lower_bound,NO_PROFILING,all_to_shortest,greedy,5697,4,4,0.0021369457244873,0.1395471300684571,True,4902.0,2,-1,4902.0
Uniform1-5000_Seed90_J20_M10,"[0.022032, 1.000000]",10,20,0.1,max_proc,lowest_lower_bound,PRUNE,all_to_shortest,greedy,5856,6,6,0.0030009746551513,0.1629098360655737,True,4902.0,4,-1,4902.0
Uniform1-5000_Seed91_J20_M10,"[0.031164, 0.988130]",10,20,0.2,max_proc,lowest_lower_bound,NO_PROFILING,all_to_shortest,greedy,5805,8,8,0.0039958953857421,0.1321619293712316,True,5037.8,6,-1,5037.8
Uniform1-5000_Seed91_J20_M10,"[0.031164, 0.988130]",10,20,0.1,max_proc,lowest_lower_bound,PRUNE,all_to_shortest,greedy,5941,8,8,0.0041460990905761,0.1520282780676653,True,5037.8,6,-1,5037.8
Uniform1-5000_Seed92_J20_M10,"[0.008839, 0.932168]",10,20,0.2,max_proc,lowest_lower_bound,NO_PROFILING,all_to_shortest,greedy,6156,19,19,0.0090324878692626,0.1546458739441195,True,5204.0,10,-1,5204.0
Uniform1-5000_Seed92_J20_M10,"[0.008839, 0.932168]",10,20,0.1,max_proc,lowest_lower_bound,PRUNE,all_to_shortest,greedy,6297,4,12,0.0050060749053955,0.1735747181197395,True,5419.0,10,-1,5204.0
Uniform1-5000_Seed93_J20_M10,"[0.040605, 0.801870]",10,20,0.2,max_proc,lowest_lower_bound,NO_PROFILING,all_to_shortest,greedy,7003,6,6,0.0029914379119873,0.1630301299443095,True,5861.3,4,-1,5861.3
Uniform1-5000_Seed93_J20_M10,"[0.040605, 0.801870]",10,20,0.1,max_proc,lowest_lower_bound,PRUNE,all_to_shortest,greedy,7010,11,11,0.0045118331909179,0.1638659058487874,True,5861.3,9,-1,5861.3
Uniform1-5000_Seed94_J20_M10,"[0.045161, 0.872650]",10,20,0.2,max_proc,lowest_lower_bound,NO_PROFILING,all_to_shortest,greedy,6004,4,4,0.0019981861114501,0.1665056628914057,True,5004.3,2,-1,5004.3
Uniform1-5000_Seed94_J20_M10,"[0.045161, 0.872650]",10,20,0.1,max_proc,lowest_lower_bound,PRUNE,all_to_shortest,greedy,5862,7,7,0.0040183067321777,0.146315250767656,True,5004.3,5,-1,5004.3
Uniform1-5000_Seed95_J20_M10,"[0.063753, 0.803684]",10,20,0.2,max_proc,lowest_lower_bound,NO_PROFILING,all_to_shortest,greedy,6581,10,10,0.005016803741455,0.1586385047865066,True,5537.0,8,-1,5537.0
Uniform1-5000_Seed95_J20_M10,"[0.063753, 0.803684]",10,20,0.1,max_proc,lowest_lower_bound,PRUNE,all_to_shortest,greedy,6891,12,12,0.0055105686187744,0.1964881729792482,True,6283.0,10,-1,5537.0
Uniform1-5000_Seed96_J20_M10,"[0.083278, 0.842368]",10,20,0.2,max_proc,lowest_lower_bound,NO_PROFILING,all_to_shortest,greedy,5501,2,2,0.0010011196136474,0.1465006362479548,True,4695.1,0,-1,4695.1
Uniform1-5000_Seed96_J20_M10,"[0.083278, 0.842368]",10,20,0.1,max_proc,lowest_lower_bound,PRUNE,all_to_shortest,greedy,5563,10,10,0.0045146942138671,0.1560129426568397,True,4695.1,8,-1,4695.1
Uniform1-5000_Seed97_J20_M10,"[0.021115, 0.985817]",10,20,0.2,max_proc,lowest_lower_bound,NO_PROFILING,all_to_shortest,greedy,5825,5,5,0.0020008087158203,0.1381630901287553,True,5020.2,3,-1,5020.2
Uniform1-5000_Seed97_J20_M10,"[0.021115, 0.985817]",10,20,0.1,max_proc,lowest_lower_bound,PRUNE,all_to_shortest,greedy,5825,5,5,0.0029995441436767,0.1381630901287553,True,5020.2,3,-1,5020.2
Uniform1-5000_Seed98_J20_M10,"[0.000551, 0.884611]",10,20,0.2,max_proc,lowest_lower_bound,NO_PROFILING,all_to_shortest,greedy,6816,37,2001,0.9973437786102296,0.2012617370892019,False,5444.2,10,-1,5444.2
Uniform1-5000_Seed98_J20_M10,"[0.000551, 0.884611]",10,20,0.1,max_proc,lowest_lower_bound,PRUNE,all_to_shortest,greedy,7107,8,12,0.0055110454559326,0.2339665118896862,True,6655.0,10,-1,5444.2
Uniform1-5000_Seed99_J20_M10,"[0.011419, 1.000000]",10,20,0.2,max_proc,lowest_lower_bound,NO_PROFILING,all_to_shortest,greedy,5810,3,3,0.0009982585906982,0.1559380378657487,True,4904.0,1,-1,4904.0
Uniform1-5000_Seed99_J20_M10,"[0.011419, 1.000000]",10,20,0.1,max_proc,lowest_lower_bound,PRUNE,all_to_shortest,greedy,5810,3,3,0.0015041828155517,0.1559380378657487,True,4904.0,1,-1,4904.0
Uniform1-5000_Seed100_J20_M10,"[0.015744, 0.982819]",10,20,0.2,max_proc,lowest_lower_bound,NO_PROFILING,all_to_shortest,greedy,6051,8,8,0.0035097599029541,0.1602545033878697,True,5081.3,6,-1,5081.3
Uniform1-5000_Seed100_J20_M10,"[0.015744, 0.982819]",10,20,0.1,max_proc,lowest_lower_bound,PRUNE,all_to_shortest,greedy,6043,10,10,0.0050079822540283,0.1591428098626509,True,5081.3,8,-1,5081.3
Uniform1-5000_Seed1_J50_M25,"[0.029116, 1.000000]",25,50,0.2,max_proc,lowest_lower_bound,NO_PROFILING,all_to_shortest,greedy,6133,1988,2001,12.338831424713137,0.2071221262025109,False,4980.0,25,-1,4862.72
Uniform1-5000_Seed1_J50_M25,"[0.029116, 1.000000]",25,50,0.1,max_proc,lowest_lower_bound,PRUNE,all_to_shortest,greedy,6209,20,27,0.1067888736724853,0.2168271863424061,True,5299.0,25,-1,4862.72
Uniform1-5000_Seed2_J50_M25,"[0.005658, 0.882078]",25,50,0.2,max_proc,lowest_lower_bound,NO_PROFILING,all_to_shortest,greedy,6728,1114,1114,7.27513861656189,0.1593400713436385,True,5655.96,25,-1,5655.96
Uniform1-5000_Seed2_J50_M25,"[0.005658, 0.882078]",25,50,0.1,max_proc,lowest_lower_bound,PRUNE,all_to_shortest,greedy,6733,22,22,0.1031026840209961,0.1599643546710233,True,5655.96,20,-1,5655.96
Uniform1-5000_Seed3_J50_M25,"[0.051701, 0.937018]",25,50,0.2,max_proc,lowest_lower_bound,NO_PROFILING,all_to_shortest,greedy,6410,1515,2001,16.15444254875183,0.1702028081123245,False,5319.0,25,-1,5319.0
Uniform1-5000_Seed3_J50_M25,"[0.051701, 0.937018]",25,50,0.1,max_proc,lowest_lower_bound,PRUNE,all_to_shortest,greedy,6616,22,27,0.1030335426330566,0.1960399032648125,True,5632.0,25,-1,5319.0
Uniform1-5000_Seed4_J50_M25,"[0.011811, 1.000000]",25,50,0.2,max_proc,lowest_lower_bound,NO_PROFILING,all_to_shortest,greedy,5759,22,22,0.0840659141540527,0.162173988539677,True,4826.0,20,-1,4825.04
Uniform1-5000_Seed4_J50_M25,"[0.011811, 1.000000]",25,50,0.1,max_proc,lowest_lower_bound,PRUNE,all_to_shortest,greedy,5759,26,26,0.100069522857666,0.162173988539677,True,4826.0,24,-1,4825.04
Uniform1-5000_Seed5_J50_M25,"[0.008319, 0.989756]",25,50,0.2,max_proc,lowest_lower_bound,NO_PROFILING,all_to_shortest,greedy,5933,24,24,0.0914816856384277,0.1490443283330523,True,5048.72,22,-1,5048.72
Uniform1-5000_Seed5_J50_M25,"[0.008319, 0.989756]",25,50,0.1,max_proc,lowest_lower_bound,PRUNE,all_to_shortest,greedy,6126,24,27,0.1109664440155029,0.1758537381651974,True,5307.0,25,-1,5048.72
Uniform1-5000_Seed6_J50_M25,"[0.044728, 0.980877]",25,50,0.2,max_proc,lowest_lower_bound,NO_PROFILING,all_to_shortest,greedy,6104,23,23,0.0970175266265869,0.1648951507208388,True,5097.48,21,-1,5097.48
Uniform1-5000_Seed6_J50_M25,"[0.044728, 0.980877]",25,50,0.1,max_proc,lowest_lower_bound,PRUNE,all_to_shortest,greedy,6041,26,26,0.0933089256286621,0.1561860619102798,True,5097.48,24,-1,5097.48
Uniform1-5000_Seed7_J50_M25,"[0.019115, 0.998931]",25,50,0.2,max_proc,lowest_lower_bound,NO_PROFILING,all_to_shortest,greedy,6009,799,2001,14.41396141052246,0.1903478116159095,False,4865.2,25,-1,4865.2
Uniform1-5000_Seed7_J50_M25,"[0.019115, 0.998931]",25,50,0.1,max_proc,lowest_lower_bound,PRUNE,all_to_shortest,greedy,6196,23,27,0.1090543270111084,0.2147837314396385,True,5135.0,25,-1,4865.2
Uniform1-5000_Seed8_J50_M25,"[0.050595, 0.919481]",25,50,0.2,max_proc,lowest_lower_bound,NO_PROFILING,all_to_shortest,greedy,6443,1639,2001,14.657827854156494,0.1686667701381344,False,5356.28,26,-1,5356.28
Uniform1-5000_Seed8_J50_M25,"[0.050595, 0.919481]",25,50,0.1,max_proc,lowest_lower_bound,PRUNE,all_to_shortest,greedy,6289,29,29,0.1031374931335449,0.1483097471776117,True,5610.0,27,-1,5356.28
Uniform1-5000_Seed9_J50_M25,"[0.046328, 0.918230]",25,50,0.2,max_proc,lowest_lower_bound,NO_PROFILING,all_to_shortest,greedy,6215,707,2001,13.69555139541626,0.1699372485921158,False,5158.84,25,-1,5158.84
Uniform1-5000_Seed9_J50_M25,"[0.046328, 0.918230]",25,50,0.1,max_proc,lowest_lower_bound,PRUNE,all_to_shortest,greedy,6350,29,29,0.1197397708892822,0.1875842519685039,True,5310.0,26,-1,5158.84
Uniform1-5000_Seed10_J50_M25,"[0.018634, 1.000000]",25,50,0.2,max_proc,lowest_lower_bound,NO_PROFILING,all_to_shortest,greedy,5629,25,25,0.1143643856048584,0.1812471131639722,True,4830.0,23,-1,4608.76
Uniform1-5000_Seed10_J50_M25,"[0.018634, 1.000000]",25,50,0.1,max_proc,lowest_lower_bound,PRUNE,all_to_shortest,greedy,5706,23,23,0.0929739475250244,0.1922958289519803,True,4830.0,21,-1,4608.76
Uniform1-5000_Seed11_J50_M25,"[0.025872, 0.964798]",25,50,0.2,max_proc,lowest_lower_bound,NO_PROFILING,all_to_shortest,greedy,6439,1698,2001,12.518083572387695,0.1956328622456903,False,5179.32,25,-1,5179.32
Uniform1-5000_Seed11_J50_M25,"[0.025872, 0.964798]",25,50,0.1,max_proc,lowest_lower_bound,PRUNE,all_to_shortest,greedy,6682,27,27,0.0954837799072265,0.2248847650404071,True,5840.0,25,-1,5179.32
Uniform1-5000_Seed12_J50_M25,"[0.009864, 0.956644]",25,50,0.2,max_proc,lowest_lower_bound,NO_PROFILING,all_to_shortest,greedy,5801,27,27,0.0874133110046386,0.1262265126702292,True,5068.76,25,-1,5068.76
Uniform1-5000_Seed12_J50_M25,"[0.009864, 0.956644]",25,50,0.1,max_proc,lowest_lower_bound,PRUNE,all_to_shortest,greedy,5845,28,28,0.1333875656127929,0.1328041060735671,True,5068.76,25,-1,5068.76
Uniform1-5000_Seed13_J50_M25,"[0.002429, 1.000000]",25,50,0.2,max_proc,lowest_lower_bound,NO_PROFILING,all_to_shortest,greedy,5761,14,14,0.0502679347991943,0.2620447838916855,True,4940.0,12,-1,4251.36
Uniform1-5000_Seed13_J50_M25,"[0.002429, 1.000000]",25,50,0.1,max_proc,lowest_lower_bound,PRUNE,all_to_shortest,greedy,5591,14,14,0.0537548065185546,0.2396065104632445,True,4940.0,12,-1,4251.36
Uniform1-5000_Seed14_J50_M25,"[0.005782, 1.000000]",25,50,0.2,max_proc,lowest_lower_bound,NO_PROFILING,all_to_shortest,greedy,5673,14,14,0.073075532913208,0.1463070685704213,True,4843.0,12,-1,4843.0
Uniform1-5000_Seed14_J50_M25,"[0.005782, 1.000000]",25,50,0.1,max_proc,lowest_lower_bound,PRUNE,all_to_shortest,greedy,5673,13,13,0.0513346195220947,0.1463070685704213,True,4843.0,11,-1,4843.0
Uniform1-5000_Seed15_J50_M25,"[0.003977, 0.988323]",25,50,0.2,max_proc,lowest_lower_bound,NO_PROFILING,all_to_shortest,greedy,6168,671,2001,13.638975381851196,0.1847081712062256,False,5028.72,25,-1,5028.72
Uniform1-5000_Seed15_J50_M25,"[0.003977, 0.988323]",25,50,0.1,max_proc,lowest_lower_bound,PRUNE,all_to_shortest,greedy,6029,26,26,0.0929365158081054,0.1659114280975285,True,5028.72,24,-1,5028.72
Uniform1-5000_Seed16_J50_M25,"[0.026656, 1.000000]",25,50,0.2,max_proc,lowest_lower_bound,NO_PROFILING,all_to_shortest,greedy,5737,26,26,0.1039438247680664,0.1629771657660798,True,4802.0,24,-1,4802.0
Uniform1-5000_Seed16_J50_M25,"[0.026656, 1.000000]",25,50,0.1,max_proc,lowest_lower_bound,PRUNE,all_to_shortest,greedy,5712,28,28,0.1008358001708984,0.159313725490196,True,4802.0,26,-1,4802.0
Uniform1-5000_Seed17_J50_M25,"[0.032289, 0.928275]",25,50,0.2,max_proc,lowest_lower_bound,NO_PROFILING,all_to_shortest,greedy,6112,474,474,2.3444032669067383,0.1538023560209424,True,5171.96,25,-1,5171.96
Uniform1-5000_Seed17_J50_M25,"[0.032289, 0.928275]",25,50,0.1,max_proc,lowest_lower_bound,PRUNE,all_to_shortest,greedy,6357,28,28,0.1304755210876464,0.1864149756174296,True,5444.0,26,-1,5171.96
Uniform1-5000_Seed18_J50_M25,"[0.030071, 0.956919]",25,50,0.2,max_proc,lowest_lower_bound,NO_PROFILING,all_to_shortest,greedy,6517,631,2001,14.245256900787354,0.1988767837962252,False,5220.92,25,-1,5220.92
Uniform1-5000_Seed18_J50_M25,"[0.030071, 0.956919]",25,50,0.1,max_proc,lowest_lower_bound,PRUNE,all_to_shortest,greedy,6740,24,27,0.0924906730651855,0.2253827893175074,True,5713.0,25,-1,5220.92
Uniform1-5000_Seed19_J50_M25,"[0.010676, 0.930993]",25,50,0.2,max_proc,lowest_lower_bound,NO_PROFILING,all_to_shortest,greedy,6205,1108,2001,12.04060125350952,0.1848444802578565,False,5058.04,25,-1,5058.04
Uniform1-5000_Seed19_J50_M25,"[0.010676, 0.930993]",25,50,0.1,max_proc,lowest_lower_bound,PRUNE,all_to_shortest,greedy,6314,27,27,0.1148610115051269,0.1989166930630345,True,5694.0,25,-1,5058.04
Uniform1-5000_Seed20_J50_M25,"[0.008086, 0.895391]",25,50,0.2,max_proc,lowest_lower_bound,NO_PROFILING,all_to_shortest,greedy,6426,121,121,0.4752287864685058,0.1532524120759415,True,5441.2,25,-1,5441.2
Uniform1-5000_Seed20_J50_M25,"[0.008086, 0.895391]",25,50,0.1,max_proc,lowest_lower_bound,PRUNE,all_to_shortest,greedy,6627,27,27,0.1107261180877685,0.1789346612343443,True,6077.0,25,-1,5441.2
Uniform1-5000_Seed21_J50_M25,"[0.009889, 1.000000]",25,50,0.2,max_proc,lowest_lower_bound,NO_PROFILING,all_to_shortest,greedy,5811,11,11,0.0499618053436279,0.1473068318705902,True,4955.0,9,-1,4955.0
Uniform1-5000_Seed21_J50_M25,"[0.009889, 1.000000]",25,50,0.1,max_proc,lowest_lower_bound,PRUNE,all_to_shortest,greedy,5811,9,9,0.0413551330566406,0.1473068318705902,True,4955.0,7,-1,4955.0
Uniform1-5000_Seed22_J50_M25,"[0.056361, 1.000000]",25,50,0.2,max_proc,lowest_lower_bound,NO_PROFILING,all_to_shortest,greedy,5729,7,7,0.0353803634643554,0.1328329551405132,True,4968.0,5,-1,4968.0
Uniform1-5000_Seed22_J50_M25,"[0.056361, 1.000000]",25,50,0.1,max_proc,lowest_lower_bound,PRUNE,all_to_shortest,greedy,5966,7,7,0.0308749675750732,0.1672812604760308,True,4968.0,5,-1,4968.0
Uniform1-5000_Seed23_J50_M25,"[0.008266, 1.000000]",25,50,0.2,max_proc,lowest_lower_bound,NO_PROFILING,all_to_shortest,greedy,5693,26,26,0.0962789058685302,0.1500087827156156,True,4839.0,24,-1,4839.0
Uniform1-5000_Seed23_J50_M25,"[0.008266, 1.000000]",25,50,0.1,max_proc,lowest_lower_bound,PRUNE,all_to_shortest,greedy,5738,29,29,0.1090693473815918,0.1566747995817358,True,4839.0,27,-1,4839.0
Uniform1-5000_Seed24_J50_M25,"[0.019773, 0.898219]",25,50,0.2,max_proc,lowest_lower_bound,NO_PROFILING,all_to_shortest,greedy,6754,1024,2001,14.154749155044556,0.1913058928042641,False,5461.92,25,-1,5461.92
Uniform1-5000_Seed24_J50_M25,"[0.019773, 0.898219]",25,50,0.1,max_proc,lowest_lower_bound,PRUNE,all_to_shortest,greedy,6793,25,27,0.1154482364654541,0.1959487707934638,True,6488.0,25,-1,5461.92
Uniform1-5000_Seed25_J50_M25,"[0.003031, 1.000000]",25,50,0.2,max_proc,lowest_lower_bound,NO_PROFILING,all_to_shortest,greedy,5699,25,25,0.0856547355651855,0.1316020354448148,True,4949.0,23,-1,4949.0
Uniform1-5000_Seed25_J50_M25,"[0.003031, 1.000000]",25,50,0.1,max_proc,lowest_lower_bound,PRUNE,all_to_shortest,greedy,5985,24,24,0.0825016498565673,0.1730994152046783,True,4949.0,22,-1,4949.0
Uniform1-5000_Seed26_J50_M25,"[0.004463, 0.888560]",25,50,0.2,max_proc,lowest_lower_bound,NO_PROFILING,all_to_shortest,greedy,6605,31,31,0.1546101570129394,0.1519757759273278,True,5601.2,29,-1,5601.2
Uniform1-5000_Seed26_J50_M25,"[0.004463, 0.888560]",25,50,0.1,max_proc,lowest_lower_bound,PRUNE,all_to_shortest,greedy,6769,24,24,0.1090397834777832,0.1725217905155857,True,5601.2,22,-1,5601.2
Uniform1-5000_Seed27_J50_M25,"[0.041635, 0.893305]",25,50,0.2,max_proc,lowest_lower_bound,NO_PROFILING,all_to_shortest,greedy,6510,261,261,0.881406307220459,0.1661812596006144,True,5428.16,25,-1,5428.16
Uniform1-5000_Seed27_J50_M25,"[0.041635, 0.893305]",25,50,0.1,max_proc,lowest_lower_bound,PRUNE,all_to_shortest,greedy,6770,25,27,0.1239850521087646,0.1982038404726736,True,5937.0,25,-1,5428.16
Uniform1-5000_Seed28_J50_M25,"[0.009291, 1.000000]",25,50,0.2,max_proc,lowest_lower_bound,NO_PROFILING,all_to_shortest,greedy,5887,14,14,0.0777630805969238,0.1589943944284015,True,4951.0,12,-1,4951.0
Uniform1-5000_Seed28_J50_M25,"[0.009291, 1.000000]",25,50,0.1,max_proc,lowest_lower_bound,PRUNE,all_to_shortest,greedy,5761,16,16,0.0596551895141601,0.1406005901753168,True,4951.0,14,-1,4951.0
Uniform1-5000_Seed29_J50_M25,"[0.004210, 1.000000]",25,50,0.2,max_proc,lowest_lower_bound,NO_PROFILING,all_to_shortest,greedy,5923,28,28,0.100132942199707,0.1578591929765321,True,4988.0,26,-1,4988.0
Uniform1-5000_Seed29_J50_M25,"[0.004210, 1.000000]",25,50,0.1,max_proc,lowest_lower_bound,PRUNE,all_to_shortest,greedy,5953,23,23,0.0927166938781738,0.1621031412733075,True,4988.0,21,-1,4988.0
Uniform1-5000_Seed30_J50_M25,"[0.009409, 1.000000]",25,50,0.2,max_proc,lowest_lower_bound,NO_PROFILING,all_to_shortest,greedy,6027,194,2001,8.643196821212769,0.1712294673967148,False,4995.0,25,-1,4995.0
Uniform1-5000_Seed30_J50_M25,"[0.009409, 1.000000]",25,50,0.1,max_proc,lowest_lower_bound,PRUNE,all_to_shortest,greedy,6202,26,27,0.0945765972137451,0.1946146404385682,True,5181.0,25,-1,4995.0
Uniform1-5000_Seed31_J50_M25,"[0.005914, 0.985047]",25,50,0.2,max_proc,lowest_lower_bound,NO_PROFILING,all_to_shortest,greedy,6192,919,2001,12.668417692184448,0.2081201550387597,False,4903.32,25,-1,4903.32
Uniform1-5000_Seed31_J50_M25,"[0.005914, 0.985047]",25,50,0.1,max_proc,lowest_lower_bound,PRUNE,all_to_shortest,greedy,6404,26,27,0.1016750335693359,0.2343347907557776,True,5650.0,25,-1,4903.32
Uniform1-5000_Seed32_J50_M25,"[0.002037, 1.000000]",25,50,0.2,max_proc,lowest_lower_bound,NO_PROFILING,all_to_shortest,greedy,5814,8,8,0.0346302986145019,0.1558307533539731,True,4908.0,6,-1,4908.0
Uniform1-5000_Seed32_J50_M25,"[0.002037, 1.000000]",25,50,0.1,max_proc,lowest_lower_bound,PRUNE,all_to_shortest,greedy,5789,11,11,0.0465717315673828,0.1521851787873553,True,4908.0,9,-1,4908.0
Uniform1-5000_Seed33_J50_M25,"[0.011405, 1.000000]",25,50,0.2,max_proc,lowest_lower_bound,NO_PROFILING,all_to_shortest,greedy,5861,17,17,0.068981647491455,0.1622590001706193,True,4910.0,15,-1,4910.0
Uniform1-5000_Seed33_J50_M25,"[0.011405, 1.000000]",25,50,0.1,max_proc,lowest_lower_bound,PRUNE,all_to_shortest,greedy,5787,18,18,0.0560712814331054,0.1515465698980473,True,4910.0,16,-1,4910.0
Uniform1-5000_Seed34_J50_M25,"[0.059335, 0.911205]",25,50,0.2,max_proc,lowest_lower_bound,NO_PROFILING,all_to_shortest,greedy,6673,410,2001,13.381105422973633,0.1791757830061442,False,5477.36,26,-1,5477.36
Uniform1-5000_Seed34_J50_M25,"[0.059335, 0.911205]",25,50,0.1,max_proc,lowest_lower_bound,PRUNE,all_to_shortest,greedy,6745,29,32,0.1544125080108642,0.1879377316530764,True,5602.0,28,-1,5477.36
Uniform1-5000_Seed35_J50_M25,"[0.086617, 0.901657]",25,50,0.2,max_proc,lowest_lower_bound,NO_PROFILING,all_to_shortest,greedy,6580,22,22,0.1010448932647705,0.1648267477203648,True,5495.44,20,-1,5495.44
Uniform1-5000_Seed35_J50_M25,"[0.086617, 0.901657]",25,50,0.1,max_proc,lowest_lower_bound,PRUNE,all_to_shortest,greedy,6843,23,27,0.1132082939147949,0.1969253251497881,True,5753.0,25,-1,5495.44
Uniform1-5000_Seed36_J50_M25,"[0.004546, 0.979914]",25,50,0.2,max_proc,lowest_lower_bound,NO_PROFILING,all_to_shortest,greedy,5771,46,46,0.1898884773254394,0.161462484837983,True,4839.2,25,-1,4839.2
Uniform1-5000_Seed36_J50_M25,"[0.004546, 0.979914]",25,50,0.1,max_proc,lowest_lower_bound,PRUNE,all_to_shortest,greedy,5828,27,27,0.1381707191467285,0.1696636925188744,True,5009.0,25,-1,4839.2
Uniform1-5000_Seed37_J50_M25,"[0.002959, 0.916001]",25,50,0.2,max_proc,lowest_lower_bound,NO_PROFILING,all_to_shortest,greedy,6378,29,29,0.1072649955749511,0.1522107243650047,True,5407.2,27,-1,5407.2
Uniform1-5000_Seed37_J50_M25,"[0.002959, 0.916001]",25,50,0.1,max_proc,lowest_lower_bound,PRUNE,all_to_shortest,greedy,6410,29,29,0.1150240898132324,0.1564430577223089,True,5427.0,27,-1,5407.2
Uniform1-5000_Seed38_J50_M25,"[0.000198, 0.990262]",25,50,0.2,max_proc,lowest_lower_bound,NO_PROFILING,all_to_shortest,greedy,6021,34,34,0.1401293277740478,0.1629164590599568,True,5040.08,32,-1,5040.08
Uniform1-5000_Seed38_J50_M25,"[0.000198, 0.990262]",25,50,0.1,max_proc,lowest_lower_bound,PRUNE,all_to_shortest,greedy,6021,35,35,0.1331028938293457,0.1629164590599568,True,5040.08,33,-1,5040.08
Uniform1-5000_Seed39_J50_M25,"[0.013800, 0.982746]",25,50,0.2,max_proc,lowest_lower_bound,NO_PROFILING,all_to_shortest,greedy,6412,1978,2001,12.798900365829468,0.2089020586400498,False,5072.52,25,-1,5072.52
Uniform1-5000_Seed39_J50_M25,"[0.013800, 0.982746]",25,50,0.1,max_proc,lowest_lower_bound,PRUNE,all_to_shortest,greedy,6521,22,27,0.090886116027832,0.2221254408833,True,5863.0,25,-1,5072.52
Uniform1-5000_Seed40_J50_M25,"[0.082190, 0.887614]",25,50,0.2,max_proc,lowest_lower_bound,NO_PROFILING,all_to_shortest,greedy,6565,622,2001,11.427531719207764,0.1771332825590251,False,5402.12,25,-1,5402.12
Uniform1-5000_Seed40_J50_M25,"[0.082190, 0.887614]",25,50,0.1,max_proc,lowest_lower_bound,PRUNE,all_to_shortest,greedy,6760,26,27,0.0939791202545166,0.2008698224852071,True,6209.0,25,-1,5402.12
Uniform1-5000_Seed41_J50_M25,"[0.022505, 0.900731]",25,50,0.2,max_proc,lowest_lower_bound,NO_PROFILING,all_to_shortest,greedy,6804,135,2001,13.925471067428589,0.1967136978248088,False,5465.56,25,-1,5465.56
Uniform1-5000_Seed41_J50_M25,"[0.022505, 0.900731]",25,50,0.1,max_proc,lowest_lower_bound,PRUNE,all_to_shortest,greedy,7146,20,27,0.1206235885620117,0.235158130422614,True,6296.0,25,-1,5465.56
Uniform1-5000_Seed42_J50_M25,"[0.027044, 1.000000]",25,50,0.2,max_proc,lowest_lower_bound,NO_PROFILING,all_to_shortest,greedy,5790,8,8,0.0435905456542968,0.1633851468048359,True,4844.0,6,-1,4844.0
Uniform1-5000_Seed42_J50_M25,"[0.027044, 1.000000]",25,50,0.1,max_proc,lowest_lower_bound,PRUNE,all_to_shortest,greedy,5731,18,18,0.0716183185577392,0.1547722910486826,True,4844.0,16,-1,4844.0
Uniform1-5000_Seed43_J50_M25,"[0.006631, 1.000000]",25,50,0.2,max_proc,lowest_lower_bound,NO_PROFILING,all_to_shortest,greedy,5984,1947,2001,9.74804186820984,0.1682820855614973,False,4977.0,29,-1,4977.0
Uniform1-5000_Seed43_J50_M25,"[0.006631, 1.000000]",25,50,0.1,max_proc,lowest_lower_bound,PRUNE,all_to_shortest,greedy,5884,38,38,0.14013671875,0.1541468388851121,True,5188.0,30,-1,4977.0
Uniform1-5000_Seed44_J50_M25,"[0.024943, 1.000000]",25,50,0.2,max_proc,lowest_lower_bound,NO_PROFILING,all_to_shortest,greedy,5812,24,24,0.1048970222473144,0.1653475567790777,True,4851.0,22,-1,4851.0
Uniform1-5000_Seed44_J50_M25,"[0.024943, 1.000000]",25,50,0.1,max_proc,lowest_lower_bound,PRUNE,all_to_shortest,greedy,5792,25,25,0.0892102718353271,0.1624654696132596,True,4851.0,23,-1,4851.0
Uniform1-5000_Seed45_J50_M25,"[0.030446, 0.908915]",25,50,0.2,max_proc,lowest_lower_bound,NO_PROFILING,all_to_shortest,greedy,6481,43,2001,11.416124105453491,0.1688566579231599,False,5386.64,25,-1,5386.64
Uniform1-5000_Seed45_J50_M25,"[0.030446, 0.908915]",25,50,0.1,max_proc,lowest_lower_bound,PRUNE,all_to_shortest,greedy,6658,27,27,0.1000399589538574,0.190952237909282,True,5656.0,25,-1,5386.64
Uniform1-5000_Seed46_J50_M25,"[0.003455, 1.000000]",25,50,0.2,max_proc,lowest_lower_bound,NO_PROFILING,all_to_shortest,greedy,5724,18,18,0.07320237159729,0.140461215932914,True,4920.0,16,-1,4920.0
Uniform1-5000_Seed46_J50_M25,"[0.003455, 1.000000]",25,50,0.1,max_proc,lowest_lower_bound,PRUNE,all_to_shortest,greedy,5917,18,18,0.067413330078125,0.1684975494338347,True,4920.0,16,-1,4920.0
Uniform1-5000_Seed47_J50_M25,"[0.029914, 0.908500]",25,50,0.2,max_proc,lowest_lower_bound,NO_PROFILING,all_to_shortest,greedy,6415,24,24,0.1078476905822753,0.1558035853468432,True,5415.52,22,-1,5415.52
Uniform1-5000_Seed47_J50_M25,"[0.029914, 0.908500]",25,50,0.1,max_proc,lowest_lower_bound,PRUNE,all_to_shortest,greedy,6683,26,27,0.1143100261688232,0.1896573395181804,True,5830.0,25,-1,5415.52
Uniform1-5000_Seed48_J50_M25,"[0.009305, 0.897773]",25,50,0.2,max_proc,lowest_lower_bound,NO_PROFILING,all_to_shortest,greedy,6198,517,2001,11.858470678329468,0.1677444336882866,False,5158.32,25,-1,5158.32
Uniform1-5000_Seed48_J50_M25,"[0.009305, 0.897773]",25,50,0.1,max_proc,lowest_lower_bound,PRUNE,all_to_shortest,greedy,6478,27,27,0.0912554264068603,0.2037171966656376,True,5393.0,25,-1,5158.32
Uniform1-5000_Seed49_J50_M25,"[0.036019, 0.800260]",25,50,0.2,max_proc,lowest_lower_bound,NO_PROFILING,all_to_shortest,greedy,7627,357,2001,12.664201736450195,0.1809728595778156,False,6246.72,25,-1,6246.72
Uniform1-5000_Seed49_J50_M25,"[0.036019, 0.800260]",25,50,0.1,max_proc,lowest_lower_bound,PRUNE,all_to_shortest,greedy,7750,25,27,0.1088552474975586,0.1939716129032258,True,6878.0,25,-1,6246.72
Uniform1-5000_Seed50_J50_M25,"[0.010306, 0.977509]",25,50,0.2,max_proc,lowest_lower_bound,NO_PROFILING,all_to_shortest,greedy,6033,93,93,0.3812074661254883,0.1636863915133433,True,5045.48,28,-1,5045.48
Uniform1-5000_Seed50_J50_M25,"[0.010306, 0.977509]",25,50,0.1,max_proc,lowest_lower_bound,PRUNE,all_to_shortest,greedy,6026,24,24,0.089806318283081,0.1627149020909393,True,5045.48,22,-1,5045.48
Uniform1-5000_Seed51_J50_M25,"[0.010688, 1.000000]",25,50,0.2,max_proc,lowest_lower_bound,NO_PROFILING,all_to_shortest,greedy,5481,28,28,0.1129355430603027,0.0952380952380952,True,4959.0,26,-1,4959.0
Uniform1-5000_Seed51_J50_M25,"[0.010688, 1.000000]",25,50,0.1,max_proc,lowest_lower_bound,PRUNE,all_to_shortest,greedy,5904,8,8,0.0333595275878906,0.1600609756097561,True,4959.0,6,-1,4959.0
Uniform1-5000_Seed52_J50_M25,"[0.003390, 0.980850]",25,50,0.2,max_proc,lowest_lower_bound,NO_PROFILING,all_to_shortest,greedy,6206,590,2001,16.534400463104248,0.1919046084434418,False,5015.04,25,-1,5015.04
Uniform1-5000_Seed52_J50_M25,"[0.003390, 0.980850]",25,50,0.1,max_proc,lowest_lower_bound,PRUNE,all_to_shortest,greedy,6323,21,27,0.1199572086334228,0.2068575043492013,True,5397.0,25,-1,5015.04
Uniform1-5000_Seed53_J50_M25,"[0.007216, 0.986803]",25,50,0.2,max_proc,lowest_lower_bound,NO_PROFILING,all_to_shortest,greedy,6093,559,2001,12.056134939193726,0.1812177909075988,False,4988.84,25,-1,4988.84
Uniform1-5000_Seed53_J50_M25,"[0.007216, 0.986803]",25,50,0.1,max_proc,lowest_lower_bound,PRUNE,all_to_shortest,greedy,6249,26,27,0.0899426937103271,0.2016578652584413,True,5768.0,25,-1,4988.84
Uniform1-5000_Seed54_J50_M25,"[0.001790, 0.955458]",25,50,0.2,max_proc,lowest_lower_bound,NO_PROFILING,all_to_shortest,greedy,5860,25,25,0.1271243095397949,0.1418088737201365,True,5029.0,23,-1,5029.0
Uniform1-5000_Seed54_J50_M25,"[0.001790, 0.955458]",25,50,0.1,max_proc,lowest_lower_bound,PRUNE,all_to_shortest,greedy,5878,26,26,0.129993200302124,0.1444368832936373,True,5029.0,24,-1,5029.0
Uniform1-5000_Seed55_J50_M25,"[0.044144, 0.849549]",25,50,0.2,max_proc,lowest_lower_bound,NO_PROFILING,all_to_shortest,greedy,6908,200,2001,10.840421199798584,0.1834626519976838,False,5640.64,25,-1,5640.64
Uniform1-5000_Seed55_J50_M25,"[0.044144, 0.849549]",25,50,0.1,max_proc,lowest_lower_bound,PRUNE,all_to_shortest,greedy,7109,23,27,0.0952455997467041,0.2065494443662962,True,6776.0,25,-1,5640.64
Uniform1-5000_Seed56_J50_M25,"[0.017685, 1.000000]",25,50,0.2,max_proc,lowest_lower_bound,NO_PROFILING,all_to_shortest,greedy,5883,25,25,0.0785441398620605,0.1541730409654938,True,4976.0,23,-1,4976.0
Uniform1-5000_Seed56_J50_M25,"[0.017685, 1.000000]",25,50,0.1,max_proc,lowest_lower_bound,PRUNE,all_to_shortest,greedy,5752,22,22,0.0767390727996826,0.1349095966620306,True,4976.0,20,-1,4976.0
Uniform1-5000_Seed57_J50_M25,"[0.021027, 1.000000]",25,50,0.2,max_proc,lowest_lower_bound,NO_PROFILING,all_to_shortest,greedy,5374,27,27,0.1280162334442138,0.1592854484555266,True,4518.0,25,-1,4518.0
Uniform1-5000_Seed57_J50_M25,"[0.021027, 1.000000]",25,50,0.1,max_proc,lowest_lower_bound,PRUNE,all_to_shortest,greedy,5590,25,27,0.1223914623260498,0.1917710196779964,True,4909.0,25,-1,4518.0
Uniform1-5000_Seed58_J50_M25,"[0.005490, 0.922743]",25,50,0.2,max_proc,lowest_lower_bound,NO_PROFILING,all_to_shortest,greedy,6396,523,2001,12.67998504638672,0.1741588492808005,False,5282.08,25,-1,5282.08
Uniform1-5000_Seed58_J50_M25,"[0.005490, 0.922743]",25,50,0.1,max_proc,lowest_lower_bound,PRUNE,all_to_shortest,greedy,6485,26,27,0.1033282279968261,0.1854926754047802,True,5645.0,25,-1,5282.08
Uniform1-5000_Seed59_J50_M25,"[0.000957, 0.945470]",25,50,0.2,max_proc,lowest_lower_bound,NO_PROFILING,all_to_shortest,greedy,6266,27,27,0.0909783840179443,0.166485796361315,True,5222.8,25,-1,5222.8
Uniform1-5000_Seed59_J50_M25,"[0.000957, 0.945470]",25,50,0.1,max_proc,lowest_lower_bound,PRUNE,all_to_shortest,greedy,6263,30,30,0.0956909656524658,0.1660865399968066,True,5222.8,26,-1,5222.8
Uniform1-5000_Seed60_J50_M25,"[0.007997, 0.877854]",25,50,0.2,max_proc,lowest_lower_bound,NO_PROFILING,all_to_shortest,greedy,7055,437,2001,15.65584635734558,0.2023586109142452,False,5627.36,25,-1,5627.36
Uniform1-5000_Seed60_J50_M25,"[0.007997, 0.877854]",25,50,0.1,max_proc,lowest_lower_bound,PRUNE,all_to_shortest,greedy,7107,25,27,0.134103775024414,0.208194737582665,True,5990.0,25,-1,5627.36
Uniform1-5000_Seed61_J50_M25,"[0.007835, 0.939870]",25,50,0.2,max_proc,lowest_lower_bound,NO_PROFILING,all_to_shortest,greedy,6503,1388,2001,13.616442918777466,0.1953498385360602,False,5232.64,25,-1,5232.64
Uniform1-5000_Seed61_J50_M25,"[0.007835, 0.939870]",25,50,0.1,max_proc,lowest_lower_bound,PRUNE,all_to_shortest,greedy,6534,25,27,0.1008753776550293,0.1991674318947045,True,5690.0,25,-1,5232.64
Uniform1-5000_Seed62_J50_M25,"[0.001729, 0.922468]",25,50,0.2,max_proc,lowest_lower_bound,NO_PROFILING,all_to_shortest,greedy,6497,1343,2001,14.307900667190552,0.1987686624595966,False,5205.6,25,-1,5205.6
Uniform1-5000_Seed62_J50_M25,"[0.001729, 0.922468]",25,50,0.1,max_proc,lowest_lower_bound,PRUNE,all_to_shortest,greedy,6651,23,27,0.0958747863769531,0.2173207036535858,True,5732.0,25,-1,5205.6
Uniform1-5000_Seed63_J50_M25,"[0.027185, 0.947401]",25,50,0.2,max_proc,lowest_lower_bound,NO_PROFILING,all_to_shortest,greedy,6149,24,24,0.0873827934265136,0.1624849569035615,True,5149.88,22,-1,5149.88
Uniform1-5000_Seed63_J50_M25,"[0.027185, 0.947401]",25,50,0.1,max_proc,lowest_lower_bound,PRUNE,all_to_shortest,greedy,6109,22,22,0.0989277362823486,0.1570011458503846,True,5149.88,20,-1,5149.88
Uniform1-5000_Seed64_J50_M25,"[0.011509, 1.000000]",25,50,0.2,max_proc,lowest_lower_bound,NO_PROFILING,all_to_shortest,greedy,5674,7,7,0.0360009670257568,0.1577370461755375,True,4779.0,5,-1,4779.0
Uniform1-5000_Seed64_J50_M25,"[0.011509, 1.000000]",25,50,0.1,max_proc,lowest_lower_bound,PRUNE,all_to_shortest,greedy,5674,7,7,0.0365715026855468,0.1577370461755375,True,4779.0,5,-1,4779.0
Uniform1-5000_Seed65_J50_M25,"[0.013023, 1.000000]",25,50,0.2,max_proc,lowest_lower_bound,NO_PROFILING,all_to_shortest,greedy,5814,22,22,0.0787360668182373,0.1415548675610595,True,4991.0,20,-1,4991.0
Uniform1-5000_Seed65_J50_M25,"[0.013023, 1.000000]",25,50,0.1,max_proc,lowest_lower_bound,PRUNE,all_to_shortest,greedy,5942,24,24,0.0828547477722168,0.1600471221810838,True,4991.0,22,-1,4991.0
Uniform1-5000_Seed66_J50_M25,"[0.009871, 0.917053]",25,50,0.2,max_proc,lowest_lower_bound,NO_PROFILING,all_to_shortest,greedy,6302,603,603,2.450529098510742,0.164081244049508,True,5267.96,25,-1,5267.96
Uniform1-5000_Seed66_J50_M25,"[0.009871, 0.917053]",25,50,0.1,max_proc,lowest_lower_bound,PRUNE,all_to_shortest,greedy,6379,26,27,0.1232388019561767,0.1741715002351465,True,5610.0,25,-1,5267.96
Uniform1-5000_Seed67_J50_M25,"[0.004677, 1.000000]",25,50,0.2,max_proc,lowest_lower_bound,NO_PROFILING,all_to_shortest,greedy,5859,12,12,0.0445778369903564,0.1606076122205154,True,4918.0,10,-1,4918.0
Uniform1-5000_Seed67_J50_M25,"[0.004677, 1.000000]",25,50,0.1,max_proc,lowest_lower_bound,PRUNE,all_to_shortest,greedy,5837,21,21,0.0819697380065918,0.1574438924104848,True,4918.0,19,-1,4918.0
Uniform1-5000_Seed68_J50_M25,"[0.028118, 1.000000]",25,50,0.2,max_proc,lowest_lower_bound,NO_PROFILING,all_to_shortest,greedy,5661,20,20,0.0615918636322021,0.1204734145910616,True,4979.0,18,-1,4979.0
Uniform1-5000_Seed68_J50_M25,"[0.028118, 1.000000]",25,50,0.1,max_proc,lowest_lower_bound,PRUNE,all_to_shortest,greedy,5984,19,19,0.0849683284759521,0.1679478609625668,True,4979.0,17,-1,4979.0
Uniform1-5000_Seed69_J50_M25,"[0.024578, 0.946237]",25,50,0.2,max_proc,lowest_lower_bound,NO_PROFILING,all_to_shortest,greedy,6161,27,27,0.0845670700073242,0.1546826813828924,True,5208.0,25,-1,5208.0
Uniform1-5000_Seed69_J50_M25,"[0.024578, 0.946237]",25,50,0.1,max_proc,lowest_lower_bound,PRUNE,all_to_shortest,greedy,6184,28,28,0.127347707748413,0.1578266494178525,True,5208.0,26,-1,5208.0
Uniform1-5000_Seed70_J50_M25,"[0.005888, 0.841022]",25,50,0.2,max_proc,lowest_lower_bound,NO_PROFILING,all_to_shortest,greedy,6889,52,52,0.2339866161346435,0.1371810132094643,True,5943.96,25,-1,5943.96
Uniform1-5000_Seed70_J50_M25,"[0.005888, 0.841022]",25,50,0.1,max_proc,lowest_lower_bound,PRUNE,all_to_shortest,greedy,7294,26,27,0.1152923107147216,0.1850891143405538,True,6520.0,25,-1,5943.96
Uniform1-5000_Seed71_J50_M25,"[0.024954, 0.948623]",25,50,0.2,max_proc,lowest_lower_bound,NO_PROFILING,all_to_shortest,greedy,6371,1709,2001,11.51186728477478,0.1885732224140636,False,5169.6,25,-1,5169.6
Uniform1-5000_Seed71_J50_M25,"[0.024954, 0.948623]",25,50,0.1,max_proc,lowest_lower_bound,PRUNE,all_to_shortest,greedy,6589,25,27,0.1055049896240234,0.2154196387919258,True,5567.0,25,-1,5169.6
Uniform1-5000_Seed72_J50_M25,"[0.044358, 0.911900]",25,50,0.2,max_proc,lowest_lower_bound,NO_PROFILING,all_to_shortest,greedy,6684,549,2001,15.53668975830078,0.1837761819269897,False,5455.64,25,-1,5455.64
Uniform1-5000_Seed72_J50_M25,"[0.044358, 0.911900]",25,50,0.1,max_proc,lowest_lower_bound,PRUNE,all_to_shortest,greedy,7155,17,27,0.1313176155090332,0.2375066387141858,True,6267.0,25,-1,5455.64
Uniform1-5000_Seed73_J50_M25,"[0.032696, 1.000000]",25,50,0.2,max_proc,lowest_lower_bound,NO_PROFILING,all_to_shortest,greedy,5478,651,2001,11.00710391998291,0.1792625045637093,False,4496.0,25,-1,4496.0
Uniform1-5000_Seed73_J50_M25,"[0.032696, 1.000000]",25,50,0.1,max_proc,lowest_lower_bound,PRUNE,all_to_shortest,greedy,5517,27,27,0.09139084815979,0.1850643465651622,True,4856.0,25,-1,4496.0
Uniform1-5000_Seed74_J50_M25,"[0.019702, 0.910501]",25,50,0.2,max_proc,lowest_lower_bound,NO_PROFILING,all_to_shortest,greedy,6320,26,26,0.1034481525421142,0.1326582278481012,True,5481.6,24,-1,5481.6
Uniform1-5000_Seed74_J50_M25,"[0.019702, 0.910501]",25,50,0.1,max_proc,lowest_lower_bound,PRUNE,all_to_shortest,greedy,6437,23,23,0.0849223136901855,0.1484231784993008,True,5481.6,21,-1,5481.6
Uniform1-5000_Seed75_J50_M25,"[0.026328, 0.970552]",25,50,0.2,max_proc,lowest_lower_bound,NO_PROFILING,all_to_shortest,greedy,6052,237,2001,13.565956115722656,0.1715730337078651,False,5013.64,30,-1,5013.64
Uniform1-5000_Seed75_J50_M25,"[0.026328, 0.970552]",25,50,0.1,max_proc,lowest_lower_bound,PRUNE,all_to_shortest,greedy,6260,32,41,0.1586649417877197,0.1990990415335462,True,5196.0,29,-1,5013.64
Uniform1-5000_Seed76_J50_M25,"[0.005616, 0.948987]",25,50,0.2,max_proc,lowest_lower_bound,NO_PROFILING,all_to_shortest,greedy,6234,933,2001,15.9846351146698,0.1717356432467116,False,5163.4,25,-1,5163.4
Uniform1-5000_Seed76_J50_M25,"[0.005616, 0.948987]",25,50,0.1,max_proc,lowest_lower_bound,PRUNE,all_to_shortest,greedy,6366,22,27,0.1151123046875,0.1889098334904179,True,5273.0,25,-1,5163.4
Uniform1-5000_Seed77_J50_M25,"[0.033782, 1.000000]",25,50,0.2,max_proc,lowest_lower_bound,NO_PROFILING,all_to_shortest,greedy,5753,11,11,0.0430667400360107,0.1355814357726403,True,4973.0,9,-1,4973.0
Uniform1-5000_Seed77_J50_M25,"[0.033782, 1.000000]",25,50,0.1,max_proc,lowest_lower_bound,PRUNE,all_to_shortest,greedy,5916,12,12,0.0637814998626709,0.1593982420554428,True,4973.0,10,-1,4973.0
Uniform1-5000_Seed78_J50_M25,"[0.020444, 0.954446]",25,50,0.2,max_proc,lowest_lower_bound,NO_PROFILING,all_to_shortest,greedy,5998,255,2001,13.483246564865112,0.1681760586862287,False,4989.28,28,-1,4989.28
Uniform1-5000_Seed78_J50_M25,"[0.020444, 0.954446]",25,50,0.1,max_proc,lowest_lower_bound,PRUNE,all_to_shortest,greedy,6181,33,46,0.1525039672851562,0.192803753437955,True,5184.0,28,-1,4989.28
Uniform1-5000_Seed79_J50_M25,"[0.031537, 0.997040]",25,50,0.2,max_proc,lowest_lower_bound,NO_PROFILING,all_to_shortest,greedy,6095,1763,2001,13.34418487548828,0.1884101722723543,False,4946.64,25,-1,4946.64
Uniform1-5000_Seed79_J50_M25,"[0.031537, 0.997040]",25,50,0.1,max_proc,lowest_lower_bound,PRUNE,all_to_shortest,greedy,6133,25,27,0.112833023071289,0.1934387738464046,True,5268.0,25,-1,4946.64
Uniform1-5000_Seed80_J50_M25,"[0.004303, 1.000000]",25,50,0.2,max_proc,lowest_lower_bound,NO_PROFILING,all_to_shortest,greedy,5747,9,9,0.0417711734771728,0.1508613189490169,True,4880.0,7,-1,4880.0
Uniform1-5000_Seed80_J50_M25,"[0.004303, 1.000000]",25,50,0.1,max_proc,lowest_lower_bound,PRUNE,all_to_shortest,greedy,5885,7,7,0.0255987644195556,0.1707731520815633,True,4880.0,5,-1,4880.0
Uniform1-5000_Seed81_J50_M25,"[0.017784, 0.987221]",25,50,0.2,max_proc,lowest_lower_bound,NO_PROFILING,all_to_shortest,greedy,5721,1543,2001,12.296537160873411,0.1743821010312883,False,4723.36,26,-1,4723.36
Uniform1-5000_Seed81_J50_M25,"[0.017784, 0.987221]",25,50,0.1,max_proc,lowest_lower_bound,PRUNE,all_to_shortest,greedy,5815,30,30,0.1097080707550048,0.1877282889079966,True,4839.0,28,-1,4723.36
Uniform1-5000_Seed82_J50_M25,"[0.020997, 0.936005]",25,50,0.2,max_proc,lowest_lower_bound,NO_PROFILING,all_to_shortest,greedy,5719,25,25,0.0841071605682373,0.1505717782829165,True,4857.88,23,-1,4857.88
Uniform1-5000_Seed82_J50_M25,"[0.020997, 0.936005]",25,50,0.1,max_proc,lowest_lower_bound,PRUNE,all_to_shortest,greedy,6045,26,27,0.1128754615783691,0.1963804797353184,True,5495.0,25,-1,4857.88
Uniform1-5000_Seed83_J50_M25,"[0.028709, 0.989560]",25,50,0.2,max_proc,lowest_lower_bound,NO_PROFILING,all_to_shortest,greedy,5966,26,26,0.0824828147888183,0.1651022460610124,True,4981.0,24,-1,4981.0
Uniform1-5000_Seed83_J50_M25,"[0.028709, 0.989560]",25,50,0.1,max_proc,lowest_lower_bound,PRUNE,all_to_shortest,greedy,6073,28,28,0.0981879234313964,0.1798122838794665,True,5128.0,26,-1,4981.0
Uniform1-5000_Seed84_J50_M25,"[0.027571, 0.968683]",25,50,0.2,max_proc,lowest_lower_bound,NO_PROFILING,all_to_shortest,greedy,6326,1294,2001,10.20445990562439,0.1915649699652229,False,5114.16,25,-1,5114.16
Uniform1-5000_Seed84_J50_M25,"[0.027571, 0.968683]",25,50,0.1,max_proc,lowest_lower_bound,PRUNE,all_to_shortest,greedy,6444,27,27,0.0972435474395752,0.2063687150837989,True,6335.0,25,-1,5114.16
Uniform1-5000_Seed85_J50_M25,"[0.023929, 1.000000]",25,50,0.2,max_proc,lowest_lower_bound,NO_PROFILING,all_to_shortest,greedy,5478,17,17,0.067047119140625,0.1303395399780942,True,4764.0,15,-1,4764.0
Uniform1-5000_Seed85_J50_M25,"[0.023929, 1.000000]",25,50,0.1,max_proc,lowest_lower_bound,PRUNE,all_to_shortest,greedy,5595,21,21,0.0853650569915771,0.1485254691689008,True,4764.0,19,-1,4764.0
Uniform1-5000_Seed86_J50_M25,"[0.034651, 1.000000]",25,50,0.2,max_proc,lowest_lower_bound,NO_PROFILING,all_to_shortest,greedy,5862,14,14,0.0728583335876464,0.1630842715796656,True,4906.0,12,-1,4906.0
Uniform1-5000_Seed86_J50_M25,"[0.034651, 1.000000]",25,50,0.1,max_proc,lowest_lower_bound,PRUNE,all_to_shortest,greedy,5901,24,24,0.0931341648101806,0.1686154889001864,True,4906.0,22,-1,4906.0
Uniform1-5000_Seed87_J50_M25,"[0.013279, 1.000000]",25,50,0.2,max_proc,lowest_lower_bound,NO_PROFILING,all_to_shortest,greedy,5360,24,24,0.081796646118164,0.1289179104477611,True,4669.0,22,-1,4669.0
Uniform1-5000_Seed87_J50_M25,"[0.013279, 1.000000]",25,50,0.1,max_proc,lowest_lower_bound,PRUNE,all_to_shortest,greedy,5597,18,18,0.0788333415985107,0.1658031088082901,True,4669.0,16,-1,4669.0
Uniform1-5000_Seed88_J50_M25,"[0.001505, 0.929431]",25,50,0.2,max_proc,lowest_lower_bound,NO_PROFILING,all_to_shortest,greedy,6544,1014,2001,12.433194637298584,0.1877933985330073,False,5315.08,25,-1,5315.08
Uniform1-5000_Seed88_J50_M25,"[0.001505, 0.929431]",25,50,0.1,max_proc,lowest_lower_bound,PRUNE,all_to_shortest,greedy,6953,20,27,0.1092827320098877,0.2355702574428304,True,6153.0,25,-1,5315.08
Uniform1-5000_Seed89_J50_M25,"[0.006539, 1.000000]",25,50,0.2,max_proc,lowest_lower_bound,NO_PROFILING,all_to_shortest,greedy,5750,4,4,0.0165321826934814,0.1488695652173913,True,4894.0,2,-1,4894.0
Uniform1-5000_Seed89_J50_M25,"[0.006539, 1.000000]",25,50,0.1,max_proc,lowest_lower_bound,PRUNE,all_to_shortest,greedy,5750,4,4,0.0176010131835937,0.1488695652173913,True,4894.0,2,-1,4894.0
Uniform1-5000_Seed90_J50_M25,"[0.021565, 0.981391]",25,50,0.2,max_proc,lowest_lower_bound,NO_PROFILING,all_to_shortest,greedy,5872,86,86,0.2868812084197998,0.1471049046321526,True,5008.2,25,-1,5008.2
Uniform1-5000_Seed90_J50_M25,"[0.021565, 0.981391]",25,50,0.1,max_proc,lowest_lower_bound,PRUNE,all_to_shortest,greedy,6202,24,27,0.1012880802154541,0.1924862947436311,True,5229.0,25,-1,5008.2
Uniform1-5000_Seed91_J50_M25,"[0.016519, 0.978973]",25,50,0.2,max_proc,lowest_lower_bound,NO_PROFILING,all_to_shortest,greedy,5972,29,29,0.0964233875274658,0.1485398526456798,True,5084.92,27,-1,5084.92
Uniform1-5000_Seed91_J50_M25,"[0.016519, 0.978973]",25,50,0.1,max_proc,lowest_lower_bound,PRUNE,all_to_shortest,greedy,5878,26,26,0.0856664180755615,0.1349234433480775,True,5084.92,24,-1,5084.92
Uniform1-5000_Seed92_J50_M25,"[0.008489, 0.902947]",25,50,0.2,max_proc,lowest_lower_bound,NO_PROFILING,all_to_shortest,greedy,6551,458,2001,13.243257999420166,0.1728102579758815,False,5418.92,25,-1,5418.92
Uniform1-5000_Seed92_J50_M25,"[0.008489, 0.902947]",25,50,0.1,max_proc,lowest_lower_bound,PRUNE,all_to_shortest,greedy,6812,27,27,0.1323070526123047,0.2045038167938931,True,5697.0,25,-1,5418.92
Uniform1-5000_Seed93_J50_M25,"[0.043561, 0.891795]",25,50,0.2,max_proc,lowest_lower_bound,NO_PROFILING,all_to_shortest,greedy,6277,26,26,0.1256084442138672,0.1478795602995061,True,5348.76,24,-1,5348.76
Uniform1-5000_Seed93_J50_M25,"[0.043561, 0.891795]",25,50,0.1,max_proc,lowest_lower_bound,PRUNE,all_to_shortest,greedy,6402,25,25,0.1058144569396972,0.1645173383317713,True,5348.76,23,-1,5348.76
Uniform1-5000_Seed94_J50_M25,"[0.019186, 0.970838]",25,50,0.2,max_proc,lowest_lower_bound,NO_PROFILING,all_to_shortest,greedy,6109,1371,1371,7.873297214508057,0.163863152725487,True,5107.96,32,-1,5107.96
Uniform1-5000_Seed94_J50_M25,"[0.019186, 0.970838]",25,50,0.1,max_proc,lowest_lower_bound,PRUNE,all_to_shortest,greedy,6203,50,96,0.3623018264770508,0.1765339351926487,True,5154.0,32,-1,5107.96
Uniform1-5000_Seed95_J50_M25,"[0.028009, 0.944656]",25,50,0.2,max_proc,lowest_lower_bound,NO_PROFILING,all_to_shortest,greedy,6204,278,2001,11.646138668060305,0.1770535138620244,False,5105.56,25,-1,5105.56
Uniform1-5000_Seed95_J50_M25,"[0.028009, 0.944656]",25,50,0.1,max_proc,lowest_lower_bound,PRUNE,all_to_shortest,greedy,6379,27,27,0.0888330936431884,0.199630036055808,True,5400.0,25,-1,5105.56
Uniform1-5000_Seed96_J50_M25,"[0.022992, 0.919291]",25,50,0.2,max_proc,lowest_lower_bound,NO_PROFILING,all_to_shortest,greedy,6358,84,2001,14.3870849609375,0.1791066373073293,False,5219.24,25,-1,5219.24
Uniform1-5000_Seed96_J50_M25,"[0.022992, 0.919291]",25,50,0.1,max_proc,lowest_lower_bound,PRUNE,all_to_shortest,greedy,6647,27,27,0.0959792137145996,0.2147976530765759,True,5505.0,25,-1,5219.24
Uniform1-5000_Seed97_J50_M25,"[0.001616, 1.000000]",25,50,0.2,max_proc,lowest_lower_bound,NO_PROFILING,all_to_shortest,greedy,5784,12,12,0.0652523040771484,0.1443637621023513,True,4949.0,10,-1,4949.0
Uniform1-5000_Seed97_J50_M25,"[0.001616, 1.000000]",25,50,0.1,max_proc,lowest_lower_bound,PRUNE,all_to_shortest,greedy,5865,13,13,0.051175832748413,0.1561807331628303,True,4949.0,11,-1,4949.0
Uniform1-5000_Seed98_J50_M25,"[0.000623, 1.000000]",25,50,0.2,max_proc,lowest_lower_bound,NO_PROFILING,all_to_shortest,greedy,5879,1685,2001,10.3110511302948,0.1808130634461643,False,4816.0,25,-1,4816.0
Uniform1-5000_Seed98_J50_M25,"[0.000623, 1.000000]",25,50,0.1,max_proc,lowest_lower_bound,PRUNE,all_to_shortest,greedy,6176,24,27,0.0915796756744384,0.2202072538860103,True,5169.0,25,-1,4816.0
Uniform1-5000_Seed99_J50_M25,"[0.002447, 1.000000]",25,50,0.2,max_proc,lowest_lower_bound,NO_PROFILING,all_to_shortest,greedy,5861,26,26,0.095130443572998,0.1632827162600238,True,4904.0,24,-1,4904.0
Uniform1-5000_Seed99_J50_M25,"[0.002447, 1.000000]",25,50,0.1,max_proc,lowest_lower_bound,PRUNE,all_to_shortest,greedy,5863,26,26,0.1290326118469238,0.1635681391778952,True,4904.0,24,-1,4904.0
Uniform1-5000_Seed100_J50_M25,"[0.000542, 0.902846]",25,50,0.2,max_proc,lowest_lower_bound,NO_PROFILING,all_to_shortest,greedy,6621,180,180,0.7435534000396729,0.164567285908473,True,5531.4,25,-1,5531.4
Uniform1-5000_Seed100_J50_M25,"[0.000542, 0.902846]",25,50,0.1,max_proc,lowest_lower_bound,PRUNE,all_to_shortest,greedy,6802,27,27,0.0957515239715576,0.1867980005880624,True,5877.0,25,-1,5531.4
Uniform1-5000_Seed1_J100_M50,"[0.003213, 1.000000]",50,100,0.2,max_proc,lowest_lower_bound,NO_PROFILING,all_to_shortest,greedy,5840,47,47,0.9521796703338624,0.1818390410958903,True,4980.0,45,-1,4778.06
Uniform1-5000_Seed1_J100_M50,"[0.003213, 1.000000]",50,100,0.1,max_proc,lowest_lower_bound,PRUNE,all_to_shortest,greedy,5808,48,48,0.9002041816711426,0.1773312672176308,True,4980.0,46,-1,4778.06
Uniform1-5000_Seed2_J100_M50,"[0.003757, 0.937091]",50,100,0.2,max_proc,lowest_lower_bound,NO_PROFILING,all_to_shortest,greedy,6781,212,2001,60.09623289108277,0.2148768618197905,False,5323.92,50,-1,5323.92
Uniform1-5000_Seed2_J100_M50,"[0.003757, 0.937091]",50,100,0.1,max_proc,lowest_lower_bound,PRUNE,all_to_shortest,greedy,6886,52,52,1.145190954208374,0.2268486784780714,True,5725.0,50,-1,5323.92
Uniform1-5000_Seed3_J100_M50,"[0.035621, 0.970141]",50,100,0.2,max_proc,lowest_lower_bound,NO_PROFILING,all_to_shortest,greedy,6118,64,64,1.298781394958496,0.1602811376266754,True,5137.4,62,-1,5137.4
Uniform1-5000_Seed3_J100_M50,"[0.035621, 0.970141]",50,100,0.1,max_proc,lowest_lower_bound,PRUNE,all_to_shortest,greedy,6290,45,122,2.6710095405578613,0.1832432432432433,True,5236.0,57,-1,5137.4
Uniform1-5000_Seed4_J100_M50,"[0.002064, 1.000000]",50,100,0.2,max_proc,lowest_lower_bound,NO_PROFILING,all_to_shortest,greedy,5778,57,57,1.1450872421264648,0.1643336794738664,True,4846.0,55,-1,4828.48
Uniform1-5000_Seed4_J100_M50,"[0.002064, 1.000000]",50,100,0.1,max_proc,lowest_lower_bound,PRUNE,all_to_shortest,greedy,5830,67,67,1.3666443824768066,0.1717873070325901,True,4846.0,57,-1,4828.48
Uniform1-5000_Seed5_J100_M50,"[0.008083, 0.961635]",50,100,0.2,max_proc,lowest_lower_bound,NO_PROFILING,all_to_shortest,greedy,6742,32,2001,57.82906770706177,0.2292554138237912,False,5196.36,50,-1,5196.36
Uniform1-5000_Seed5_J100_M50,"[0.008083, 0.961635]",50,100,0.1,max_proc,lowest_lower_bound,PRUNE,all_to_shortest,greedy,6562,55,55,1.1269617080688477,0.2081133800670527,True,5567.0,52,-1,5196.36
Uniform1-5000_Seed6_J100_M50,"[0.015600, 1.000000]",50,100,0.2,max_proc,lowest_lower_bound,NO_PROFILING,all_to_shortest,greedy,5949,50,50,1.00421404838562,0.1671978483778786,True,5000.0,48,-1,4954.34
Uniform1-5000_Seed6_J100_M50,"[0.015600, 1.000000]",50,100,0.1,max_proc,lowest_lower_bound,PRUNE,all_to_shortest,greedy,5993,59,59,1.2577741146087646,0.1733121975638244,True,5000.0,52,-1,4954.34
Uniform1-5000_Seed7_J100_M50,"[0.006587, 0.953979]",50,100,0.2,max_proc,lowest_lower_bound,NO_PROFILING,all_to_shortest,greedy,6611,51,2001,56.73016548156738,0.2192497352896687,False,5161.54,50,-1,5161.54
Uniform1-5000_Seed7_J100_M50,"[0.006587, 0.953979]",50,100,0.1,max_proc,lowest_lower_bound,PRUNE,all_to_shortest,greedy,6611,52,52,1.0686085224151611,0.2192497352896687,True,5553.0,50,-1,5161.54
Uniform1-5000_Seed8_J100_M50,"[0.005232, 0.892719]",50,100,0.2,max_proc,lowest_lower_bound,NO_PROFILING,all_to_shortest,greedy,7115,499,2001,56.3718900680542,0.2209950808151792,False,5542.62,50,-1,5542.62
Uniform1-5000_Seed8_J100_M50,"[0.005232, 0.892719]",50,100,0.1,max_proc,lowest_lower_bound,PRUNE,all_to_shortest,greedy,7015,54,54,1.0992131233215332,0.2098902352102637,True,5836.0,52,-1,5542.62
Uniform1-5000_Seed9_J100_M50,"[0.027296, 0.932961]",50,100,0.2,max_proc,lowest_lower_bound,NO_PROFILING,all_to_shortest,greedy,6561,1080,2001,56.92435574531555,0.1903490321597317,False,5312.12,50,-1,5312.12
Uniform1-5000_Seed9_J100_M50,"[0.027296, 0.932961]",50,100,0.1,max_proc,lowest_lower_bound,PRUNE,all_to_shortest,greedy,6726,52,52,1.023921251296997,0.2102111210228962,True,5723.0,50,-1,5312.12
Uniform1-5000_Seed10_J100_M50,"[0.009218, 1.000000]",50,100,0.2,max_proc,lowest_lower_bound,NO_PROFILING,all_to_shortest,greedy,5843,59,59,1.03674578666687,0.1863118261167208,True,4882.0,57,-1,4754.38
Uniform1-5000_Seed10_J100_M50,"[0.009218, 1.000000]",50,100,0.1,max_proc,lowest_lower_bound,PRUNE,all_to_shortest,greedy,5855,52,52,1.0040509700775146,0.1879795046968403,True,4890.0,50,-1,4754.38
Uniform1-5000_Seed11_J100_M50,"[0.004002, 1.000000]",50,100,0.2,max_proc,lowest_lower_bound,NO_PROFILING,all_to_shortest,greedy,5865,54,54,1.0024244785308838,0.1479965899403239,True,4997.0,52,-1,4997.0
Uniform1-5000_Seed11_J100_M50,"[0.004002, 1.000000]",50,100,0.1,max_proc,lowest_lower_bound,PRUNE,all_to_shortest,greedy,6099,53,53,0.9562644958496094,0.1806853582554517,True,5056.0,50,-1,4997.0
Uniform1-5000_Seed12_J100_M50,"[0.010028, 1.000000]",50,100,0.2,max_proc,lowest_lower_bound,NO_PROFILING,all_to_shortest,greedy,5819,58,58,1.0679562091827393,0.1431517442859597,True,4986.0,56,-1,4986.0
Uniform1-5000_Seed12_J100_M50,"[0.010028, 1.000000]",50,100,0.1,max_proc,lowest_lower_bound,PRUNE,all_to_shortest,greedy,5957,71,71,1.4879469871520996,0.1630015108275977,True,4986.0,56,-1,4986.0
Uniform1-5000_Seed13_J100_M50,"[0.002429, 1.000000]",50,100,0.2,max_proc,lowest_lower_bound,NO_PROFILING,all_to_shortest,greedy,5681,46,46,0.7566428184509277,0.205840521035029,True,4940.0,44,-1,4511.62
Uniform1-5000_Seed13_J100_M50,"[0.002429, 1.000000]",50,100,0.1,max_proc,lowest_lower_bound,PRUNE,all_to_shortest,greedy,5891,49,49,0.9200246334075928,0.234150398913597,True,4940.0,47,-1,4511.62
Uniform1-5000_Seed14_J100_M50,"[0.005537, 0.981191]",50,100,0.2,max_proc,lowest_lower_bound,NO_PROFILING,all_to_shortest,greedy,6053,60,60,1.070572853088379,0.1645266809846357,True,5057.12,58,-1,5057.12
Uniform1-5000_Seed14_J100_M50,"[0.005537, 0.981191]",50,100,0.1,max_proc,lowest_lower_bound,PRUNE,all_to_shortest,greedy,6061,48,48,0.9445507526397704,0.1656294340867843,True,5057.12,46,-1,5057.12
Uniform1-5000_Seed15_J100_M50,"[0.003952, 0.983770]",50,100,0.2,max_proc,lowest_lower_bound,NO_PROFILING,all_to_shortest,greedy,6373,29,2001,54.63938641548157,0.2058465400910089,False,5061.14,50,-1,5061.14
Uniform1-5000_Seed15_J100_M50,"[0.003952, 0.983770]",50,100,0.1,max_proc,lowest_lower_bound,PRUNE,all_to_shortest,greedy,6298,43,52,0.8989753723144531,0.1963893299460145,True,5346.0,50,-1,5061.14
Uniform1-5000_Seed16_J100_M50,"[0.004724, 0.978802]",50,100,0.2,max_proc,lowest_lower_bound,NO_PROFILING,all_to_shortest,greedy,6317,442,2001,49.85511016845703,0.1957099889187906,False,5080.7,51,-1,5080.7
Uniform1-5000_Seed16_J100_M50,"[0.004724, 0.978802]",50,100,0.1,max_proc,lowest_lower_bound,PRUNE,all_to_shortest,greedy,6301,52,54,1.136885166168213,0.1936676717981273,True,5354.0,52,-1,5080.7
Uniform1-5000_Seed17_J100_M50,"[0.031212, 0.911867]",50,100,0.2,max_proc,lowest_lower_bound,NO_PROFILING,all_to_shortest,greedy,6638,1730,2001,56.14873194694519,0.1939499849352214,False,5350.56,50,-1,5350.56
Uniform1-5000_Seed17_J100_M50,"[0.031212, 0.911867]",50,100,0.1,max_proc,lowest_lower_bound,PRUNE,all_to_shortest,greedy,6662,44,52,0.8644309043884277,0.1968537976583607,True,5618.0,50,-1,5350.56
Uniform1-5000_Seed18_J100_M50,"[0.019397, 0.959503]",50,100,0.2,max_proc,lowest_lower_bound,NO_PROFILING,all_to_shortest,greedy,6572,200,2001,46.18491172790527,0.2077206329884358,False,5206.86,50,-1,5206.86
Uniform1-5000_Seed18_J100_M50,"[0.019397, 0.959503]",50,100,0.1,max_proc,lowest_lower_bound,PRUNE,all_to_shortest,greedy,6685,51,52,0.8488993644714355,0.2211129394166044,True,5738.0,50,-1,5206.86
Uniform1-5000_Seed19_J100_M50,"[0.001112, 0.926760]",50,100,0.2,max_proc,lowest_lower_bound,NO_PROFILING,all_to_shortest,greedy,6843,275,2001,50.5180926322937,0.2117404647084611,False,5394.06,50,-1,5394.06
Uniform1-5000_Seed19_J100_M50,"[0.001112, 0.926760]",50,100,0.1,max_proc,lowest_lower_bound,PRUNE,all_to_shortest,greedy,6886,50,52,0.8408880233764648,0.2166627940749345,True,5697.0,50,-1,5394.06
Uniform1-5000_Seed20_J100_M50,"[0.008175, 0.919079]",50,100,0.2,max_proc,lowest_lower_bound,NO_PROFILING,all_to_shortest,greedy,6706,415,2001,43.61324858665466,0.1973516254100804,False,5382.56,50,-1,5382.56
Uniform1-5000_Seed20_J100_M50,"[0.008175, 0.919079]",50,100,0.1,max_proc,lowest_lower_bound,PRUNE,all_to_shortest,greedy,6888,50,52,0.8811750411987305,0.2185598141695702,True,5744.0,50,-1,5382.56
Uniform1-5000_Seed21_J100_M50,"[0.001816, 1.000000]",50,100,0.2,max_proc,lowest_lower_bound,NO_PROFILING,all_to_shortest,greedy,5855,17,17,0.2761304378509521,0.1537147736976943,True,4955.0,15,-1,4955.0
Uniform1-5000_Seed21_J100_M50,"[0.001816, 1.000000]",50,100,0.1,max_proc,lowest_lower_bound,PRUNE,all_to_shortest,greedy,5994,19,19,0.3139407634735107,0.17334000667334,True,4955.0,17,-1,4955.0
Uniform1-5000_Seed22_J100_M50,"[0.018921, 1.000000]",50,100,0.2,max_proc,lowest_lower_bound,NO_PROFILING,all_to_shortest,greedy,5625,51,51,0.7770369052886963,0.1168,True,4968.0,49,-1,4968.0
Uniform1-5000_Seed22_J100_M50,"[0.018921, 1.000000]",50,100,0.1,max_proc,lowest_lower_bound,PRUNE,all_to_shortest,greedy,5717,52,52,0.8378655910491943,0.131012768934756,True,4968.0,50,-1,4968.0
Uniform1-5000_Seed23_J100_M50,"[0.008112, 1.000000]",50,100,0.2,max_proc,lowest_lower_bound,NO_PROFILING,all_to_shortest,greedy,5832,56,56,0.8788483142852783,0.1544924554183813,True,4931.0,54,-1,4931.0
Uniform1-5000_Seed23_J100_M50,"[0.008112, 1.000000]",50,100,0.1,max_proc,lowest_lower_bound,PRUNE,all_to_shortest,greedy,5942,57,57,0.8759064674377441,0.1701447324133288,True,4931.0,52,-1,4931.0
Uniform1-5000_Seed24_J100_M50,"[0.007457, 1.000000]",50,100,0.2,max_proc,lowest_lower_bound,NO_PROFILING,all_to_shortest,greedy,6483,364,2001,38.06769156455994,0.2346136048125867,False,4962.0,50,-1,4962.0
Uniform1-5000_Seed24_J100_M50,"[0.007457, 1.000000]",50,100,0.1,max_proc,lowest_lower_bound,PRUNE,all_to_shortest,greedy,6334,49,52,0.8312046527862549,0.2166087780233659,True,5293.0,50,-1,4962.0
Uniform1-5000_Seed25_J100_M50,"[0.003027, 0.998588]",50,100,0.2,max_proc,lowest_lower_bound,NO_PROFILING,all_to_shortest,greedy,6187,1942,2001,45.596030950546265,0.1989655729755939,False,4956.0,50,-1,4956.0
Uniform1-5000_Seed25_J100_M50,"[0.003027, 0.998588]",50,100,0.1,max_proc,lowest_lower_bound,PRUNE,all_to_shortest,greedy,6200,54,54,0.8658742904663086,0.2006451612903226,True,5135.0,52,-1,4956.0
Uniform1-5000_Seed26_J100_M50,"[0.004505, 0.896808]",50,100,0.2,max_proc,lowest_lower_bound,NO_PROFILING,all_to_shortest,greedy,6756,381,2001,50.52792048454285,0.1785553582001183,False,5549.68,50,-1,5549.68
Uniform1-5000_Seed26_J100_M50,"[0.004505, 0.896808]",50,100,0.1,max_proc,lowest_lower_bound,PRUNE,all_to_shortest,greedy,6887,51,52,0.9096875190734864,0.1941803397705822,True,5857.0,50,-1,5549.68
Uniform1-5000_Seed27_J100_M50,"[0.025779, 1.000000]",50,100,0.2,max_proc,lowest_lower_bound,NO_PROFILING,all_to_shortest,greedy,5904,1298,2001,41.95326852798462,0.1786924119241192,False,4849.0,50,-1,4849.0
Uniform1-5000_Seed27_J100_M50,"[0.025779, 1.000000]",50,100,0.1,max_proc,lowest_lower_bound,PRUNE,all_to_shortest,greedy,6071,51,52,0.8766119480133057,0.2012847965738758,True,5564.0,50,-1,4849.0
Uniform1-5000_Seed28_J100_M50,"[0.009252, 1.000000]",50,100,0.2,max_proc,lowest_lower_bound,NO_PROFILING,all_to_shortest,greedy,5761,25,25,0.3900225162506103,0.13695538968929,True,4972.0,23,-1,4972.0
Uniform1-5000_Seed28_J100_M50,"[0.009252, 1.000000]",50,100,0.1,max_proc,lowest_lower_bound,PRUNE,all_to_shortest,greedy,5964,30,30,0.4649732112884521,0.1663313212608987,True,4972.0,28,-1,4972.0
Uniform1-5000_Seed29_J100_M50,"[0.004201, 1.000000]",50,100,0.2,max_proc,lowest_lower_bound,NO_PROFILING,all_to_shortest,greedy,5991,52,52,0.8331313133239746,0.1655817058921715,True,4999.0,50,-1,4999.0
Uniform1-5000_Seed29_J100_M50,"[0.004201, 1.000000]",50,100,0.1,max_proc,lowest_lower_bound,PRUNE,all_to_shortest,greedy,6040,53,53,0.8290622234344482,0.1723509933774834,True,4999.0,50,-1,4999.0
Uniform1-5000_Seed30_J100_M50,"[0.009409, 1.000000]",50,100,0.2,max_proc,lowest_lower_bound,NO_PROFILING,all_to_shortest,greedy,6312,1571,2001,38.0224986076355,0.2086501901140684,False,4995.0,50,-1,4995.0
Uniform1-5000_Seed30_J100_M50,"[0.009409, 1.000000]",50,100,0.1,max_proc,lowest_lower_bound,PRUNE,all_to_shortest,greedy,6193,55,55,0.832266092300415,0.1934442112062005,True,5181.0,52,-1,4995.0
Uniform1-5000_Seed31_J100_M50,"[0.005697, 0.979764]",50,100,0.2,max_proc,lowest_lower_bound,NO_PROFILING,all_to_shortest,greedy,6625,1278,2001,49.45826697349548,0.2316981132075471,False,5090.0,50,-1,5090.0
Uniform1-5000_Seed31_J100_M50,"[0.005697, 0.979764]",50,100,0.1,max_proc,lowest_lower_bound,PRUNE,all_to_shortest,greedy,6623,48,52,1.1432864665985107,0.2314661029744828,True,5586.0,50,-1,5090.0
Uniform1-5000_Seed32_J100_M50,"[0.001998, 0.997431]",50,100,0.2,max_proc,lowest_lower_bound,NO_PROFILING,all_to_shortest,greedy,5853,66,66,1.3644342422485352,0.1447360328036904,True,5005.86,64,-1,5005.86
Uniform1-5000_Seed32_J100_M50,"[0.001998, 0.997431]",50,100,0.1,max_proc,lowest_lower_bound,PRUNE,all_to_shortest,greedy,6018,83,83,1.6770892143249512,0.168185443668993,True,5005.86,60,-1,5005.86
Uniform1-5000_Seed33_J100_M50,"[0.011405, 1.000000]",50,100,0.2,max_proc,lowest_lower_bound,NO_PROFILING,all_to_shortest,greedy,5864,35,35,0.6826999187469482,0.16268758526603,True,4910.0,33,-1,4910.0
Uniform1-5000_Seed33_J100_M50,"[0.011405, 1.000000]",50,100,0.1,max_proc,lowest_lower_bound,PRUNE,all_to_shortest,greedy,5839,37,37,0.7533347606658936,0.1591025860592567,True,4910.0,35,-1,4910.0
Uniform1-5000_Seed34_J100_M50,"[0.029177, 0.970823]",50,100,0.2,max_proc,lowest_lower_bound,NO_PROFILING,all_to_shortest,greedy,6326,1008,2001,58.82710027694702,0.1873221625039519,False,5141.0,62,-1,5141.0
Uniform1-5000_Seed34_J100_M50,"[0.029177, 0.970823]",50,100,0.1,max_proc,lowest_lower_bound,PRUNE,all_to_shortest,greedy,6404,67,108,2.294064521789551,0.1972204871955028,True,5305.0,62,-1,5141.0
Uniform1-5000_Seed35_J100_M50,"[0.008699, 0.884843]",50,100,0.2,max_proc,lowest_lower_bound,NO_PROFILING,all_to_shortest,greedy,7284,562,2001,68.55475354194641,0.226710598572213,False,5632.64,50,-1,5632.64
Uniform1-5000_Seed35_J100_M50,"[0.008699, 0.884843]",50,100,0.1,max_proc,lowest_lower_bound,PRUNE,all_to_shortest,greedy,7040,50,52,1.1323018074035645,0.1999090909090908,True,5921.0,50,-1,5632.64
Uniform1-5000_Seed36_J100_M50,"[0.002283, 0.945231]",50,100,0.2,max_proc,lowest_lower_bound,NO_PROFILING,all_to_shortest,greedy,6603,836,2001,43.87924909591675,0.2040193851279721,False,5255.86,51,-1,5255.86
Uniform1-5000_Seed36_J100_M50,"[0.002283, 0.945231]",50,100,0.1,max_proc,lowest_lower_bound,PRUNE,all_to_shortest,greedy,6660,55,55,0.8649921417236328,0.2108318318318318,True,5575.0,53,-1,5255.86
Uniform1-5000_Seed37_J100_M50,"[0.002924, 0.905203]",50,100,0.2,max_proc,lowest_lower_bound,NO_PROFILING,all_to_shortest,greedy,6932,454,2001,37.6833963394165,0.2106607039815349,False,5471.7,50,-1,5471.7
Uniform1-5000_Seed37_J100_M50,"[0.002924, 0.905203]",50,100,0.1,max_proc,lowest_lower_bound,PRUNE,all_to_shortest,greedy,6936,52,52,0.8073058128356934,0.2111159169550173,True,5804.0,50,-1,5471.7
Uniform1-5000_Seed38_J100_M50,"[0.000200, 1.000000]",50,100,0.2,max_proc,lowest_lower_bound,NO_PROFILING,all_to_shortest,greedy,5762,65,65,0.9079668521881104,0.1338077056577577,True,4991.0,63,-1,4991.0
Uniform1-5000_Seed38_J100_M50,"[0.000200, 1.000000]",50,100,0.1,max_proc,lowest_lower_bound,PRUNE,all_to_shortest,greedy,5878,79,79,1.1388585567474363,0.1509016672337529,True,4991.0,64,-1,4991.0
Uniform1-5000_Seed39_J100_M50,"[0.003410, 1.000000]",50,100,0.2,max_proc,lowest_lower_bound,NO_PROFILING,all_to_shortest,greedy,6315,689,2001,33.99714732170105,0.2106096595407759,False,4985.0,50,-1,4985.0
Uniform1-5000_Seed39_J100_M50,"[0.003410, 1.000000]",50,100,0.1,max_proc,lowest_lower_bound,PRUNE,all_to_shortest,greedy,6370,49,52,0.7946138381958008,0.217425431711146,True,5390.0,50,-1,4985.0
Uniform1-5000_Seed40_J100_M50,"[0.020870, 0.888064]",50,100,0.2,max_proc,lowest_lower_bound,NO_PROFILING,all_to_shortest,greedy,7098,164,2001,45.66267681121826,0.2169399830938292,False,5558.16,50,-1,5558.16
Uniform1-5000_Seed40_J100_M50,"[0.020870, 0.888064]",50,100,0.1,max_proc,lowest_lower_bound,PRUNE,all_to_shortest,greedy,7098,50,52,0.8312292098999023,0.2169399830938292,True,6325.0,50,-1,5558.16
Uniform1-5000_Seed41_J100_M50,"[0.019664, 0.998050]",50,100,0.2,max_proc,lowest_lower_bound,NO_PROFILING,all_to_shortest,greedy,6248,546,2001,41.96279740333557,0.202349551856594,False,4983.72,51,-1,4983.72
Uniform1-5000_Seed41_J100_M50,"[0.019664, 0.998050]",50,100,0.1,max_proc,lowest_lower_bound,PRUNE,all_to_shortest,greedy,6124,71,71,1.0953354835510254,0.1861985630306988,True,5188.0,53,-1,4983.72
Uniform1-5000_Seed42_J100_M50,"[0.007125, 1.000000]",50,100,0.2,max_proc,lowest_lower_bound,NO_PROFILING,all_to_shortest,greedy,6170,254,2001,38.56018686294556,0.2038897893030794,False,4912.0,50,-1,4912.0
Uniform1-5000_Seed42_J100_M50,"[0.007125, 1.000000]",50,100,0.1,max_proc,lowest_lower_bound,PRUNE,all_to_shortest,greedy,6168,51,52,0.7994067668914795,0.2036316472114137,True,5151.0,50,-1,4912.0
Uniform1-5000_Seed43_J100_M50,"[0.006631, 1.000000]",50,100,0.2,max_proc,lowest_lower_bound,NO_PROFILING,all_to_shortest,greedy,6158,1407,2001,33.7581672668457,0.1917830464436505,False,4977.0,53,-1,4977.0
Uniform1-5000_Seed43_J100_M50,"[0.006631, 1.000000]",50,100,0.1,max_proc,lowest_lower_bound,PRUNE,all_to_shortest,greedy,6271,45,111,1.5263748168945312,0.206346675171424,True,5188.0,56,-1,4977.0
Uniform1-5000_Seed44_J100_M50,"[0.020556, 1.000000]",50,100,0.2,max_proc,lowest_lower_bound,NO_PROFILING,all_to_shortest,greedy,6210,1799,2001,41.69254469871521,0.2009661835748792,False,4962.0,50,-1,4962.0
Uniform1-5000_Seed44_J100_M50,"[0.020556, 1.000000]",50,100,0.1,max_proc,lowest_lower_bound,PRUNE,all_to_shortest,greedy,6215,58,58,0.9639825820922852,0.201609010458568,True,5176.0,52,-1,4962.0
Uniform1-5000_Seed45_J100_M50,"[0.013956, 0.981248]",50,100,0.2,max_proc,lowest_lower_bound,NO_PROFILING,all_to_shortest,greedy,6278,342,2001,40.864702224731445,0.1896463841987894,False,5087.4,50,-1,5087.4
Uniform1-5000_Seed45_J100_M50,"[0.013956, 0.981248]",50,100,0.1,max_proc,lowest_lower_bound,PRUNE,all_to_shortest,greedy,6372,50,52,0.8463964462280273,0.2016007532956686,True,5412.0,50,-1,5087.4
Uniform1-5000_Seed46_J100_M50,"[0.003412, 1.000000]",50,100,0.2,max_proc,lowest_lower_bound,NO_PROFILING,all_to_shortest,greedy,5956,47,47,0.7684242725372314,0.1633646742780389,True,4983.0,45,-1,4983.0
Uniform1-5000_Seed46_J100_M50,"[0.003412, 1.000000]",50,100,0.1,max_proc,lowest_lower_bound,PRUNE,all_to_shortest,greedy,5887,55,55,0.9885382652282716,0.1535586886359775,True,5082.0,51,-1,4983.0
Uniform1-5000_Seed47_J100_M50,"[0.025390, 0.911820]",50,100,0.2,max_proc,lowest_lower_bound,NO_PROFILING,all_to_shortest,greedy,6861,1005,2001,49.06208634376526,0.2135548753825972,False,5395.8,50,-1,5395.8
Uniform1-5000_Seed47_J100_M50,"[0.025390, 0.911820]",50,100,0.1,max_proc,lowest_lower_bound,PRUNE,all_to_shortest,greedy,6904,47,52,0.9919347763061525,0.2184530706836616,True,5830.0,50,-1,5395.8
Uniform1-5000_Seed48_J100_M50,"[0.009350, 0.967734]",50,100,0.2,max_proc,lowest_lower_bound,NO_PROFILING,all_to_shortest,greedy,6293,293,2001,45.52161502838135,0.1842300969331002,False,5133.64,50,-1,5133.64
Uniform1-5000_Seed48_J100_M50,"[0.009350, 0.967734]",50,100,0.1,max_proc,lowest_lower_bound,PRUNE,all_to_shortest,greedy,6375,49,52,0.8478665351867676,0.1947231372549019,True,5372.0,50,-1,5133.64
Uniform1-5000_Seed49_J100_M50,"[0.032679, 0.868944]",50,100,0.2,max_proc,lowest_lower_bound,NO_PROFILING,all_to_shortest,greedy,7519,1738,2001,48.91909694671631,0.2348769783215853,False,5752.96,50,-1,5752.96
Uniform1-5000_Seed49_J100_M50,"[0.032679, 0.868944]",50,100,0.1,max_proc,lowest_lower_bound,PRUNE,all_to_shortest,greedy,7495,37,52,0.9773876667022704,0.2324269513008672,True,6627.0,50,-1,5752.96
Uniform1-5000_Seed50_J100_M50,"[0.010543, 1.000000]",50,100,0.2,max_proc,lowest_lower_bound,NO_PROFILING,all_to_shortest,greedy,5805,41,41,0.6276938915252686,0.1503875968992248,True,4932.0,39,-1,4932.0
Uniform1-5000_Seed50_J100_M50,"[0.010543, 1.000000]",50,100,0.1,max_proc,lowest_lower_bound,PRUNE,all_to_shortest,greedy,5833,51,51,0.9256951808929444,0.1544659694839705,True,4932.0,49,-1,4932.0
Uniform1-5000_Seed51_J100_M50,"[0.000605, 1.000000]",50,100,0.2,max_proc,lowest_lower_bound,NO_PROFILING,all_to_shortest,greedy,5947,51,51,0.8047199249267578,0.1661341853035143,True,4959.0,49,-1,4959.0
Uniform1-5000_Seed51_J100_M50,"[0.000605, 1.000000]",50,100,0.1,max_proc,lowest_lower_bound,PRUNE,all_to_shortest,greedy,5863,53,53,0.8191547393798828,0.1541872761384956,True,4974.0,51,-1,4959.0
Uniform1-5000_Seed52_J100_M50,"[0.003165, 0.927777]",50,100,0.2,max_proc,lowest_lower_bound,NO_PROFILING,all_to_shortest,greedy,6987,1366,2001,53.01682114601135,0.231300987548304,False,5370.9,50,-1,5370.9
Uniform1-5000_Seed52_J100_M50,"[0.003165, 0.927777]",50,100,0.1,max_proc,lowest_lower_bound,PRUNE,all_to_shortest,greedy,6535,58,58,1.0093319416046145,0.1781331293037491,True,5746.0,53,-1,5370.9
Uniform1-5000_Seed53_J100_M50,"[0.007100, 0.983524]",50,100,0.2,max_proc,lowest_lower_bound,NO_PROFILING,all_to_shortest,greedy,6674,1619,2001,43.63295316696167,0.2402547198082109,False,5070.54,50,-1,5070.54
Uniform1-5000_Seed53_J100_M50,"[0.007100, 0.983524]",50,100,0.1,max_proc,lowest_lower_bound,PRUNE,all_to_shortest,greedy,6460,53,53,0.9437546730041504,0.2150866873065015,True,5393.0,50,-1,5070.54
Uniform1-5000_Seed54_J100_M50,"[0.001806, 1.000000]",50,100,0.2,max_proc,lowest_lower_bound,NO_PROFILING,all_to_shortest,greedy,6215,129,2001,45.92990827560425,0.1980691874497184,False,4984.0,55,-1,4984.0
Uniform1-5000_Seed54_J100_M50,"[0.001806, 1.000000]",50,100,0.1,max_proc,lowest_lower_bound,PRUNE,all_to_shortest,greedy,6192,69,88,1.530160665512085,0.1950904392764857,True,5130.0,55,-1,4984.0
Uniform1-5000_Seed55_J100_M50,"[0.000764, 0.946804]",50,100,0.2,max_proc,lowest_lower_bound,NO_PROFILING,all_to_shortest,greedy,6759,234,2001,38.65077161788941,0.2250895102825862,False,5237.62,50,-1,5237.62
Uniform1-5000_Seed55_J100_M50,"[0.000764, 0.946804]",50,100,0.1,max_proc,lowest_lower_bound,PRUNE,all_to_shortest,greedy,6812,52,52,0.9460361003875732,0.2311186142102173,True,5893.0,50,-1,5237.62
Uniform1-5000_Seed56_J100_M50,"[0.016896, 0.957285]",50,100,0.2,max_proc,lowest_lower_bound,NO_PROFILING,all_to_shortest,greedy,6421,1132,2001,46.02759122848511,0.1888366298084411,False,5208.48,50,-1,5208.48
Uniform1-5000_Seed56_J100_M50,"[0.016896, 0.957285]",50,100,0.1,max_proc,lowest_lower_bound,PRUNE,all_to_shortest,greedy,6467,52,52,0.9019651412963868,0.1946064635843513,True,5529.0,50,-1,5208.48
Uniform1-5000_Seed57_J100_M50,"[0.017328, 1.000000]",50,100,0.2,max_proc,lowest_lower_bound,NO_PROFILING,all_to_shortest,greedy,5400,45,45,0.6332359313964844,0.1557407407407407,True,4559.0,43,-1,4559.0
Uniform1-5000_Seed57_J100_M50,"[0.017328, 1.000000]",50,100,0.1,max_proc,lowest_lower_bound,PRUNE,all_to_shortest,greedy,5438,47,47,0.7839796543121338,0.1616403089371092,True,4559.0,45,-1,4559.0
Uniform1-5000_Seed58_J100_M50,"[0.005453, 0.916444]",50,100,0.2,max_proc,lowest_lower_bound,NO_PROFILING,all_to_shortest,greedy,6805,856,2001,48.68379354476929,0.2184599559147685,False,5318.38,50,-1,5318.38
Uniform1-5000_Seed58_J100_M50,"[0.005453, 0.916444]",50,100,0.1,max_proc,lowest_lower_bound,PRUNE,all_to_shortest,greedy,6844,52,52,0.8729400634765625,0.2229135008766803,True,5744.0,50,-1,5318.38
Uniform1-5000_Seed59_J100_M50,"[0.000953, 0.941263]",50,100,0.2,max_proc,lowest_lower_bound,NO_PROFILING,all_to_shortest,greedy,6501,299,2001,40.79197883605957,0.1930256883556375,False,5246.14,55,-1,5246.14
Uniform1-5000_Seed59_J100_M50,"[0.000953, 0.941263]",50,100,0.1,max_proc,lowest_lower_bound,PRUNE,all_to_shortest,greedy,6513,48,52,0.8221540451049805,0.194512513434669,True,5410.0,50,-1,5246.14
Uniform1-5000_Seed60_J100_M50,"[0.006912, 0.929420]",50,100,0.2,max_proc,lowest_lower_bound,NO_PROFILING,all_to_shortest,greedy,6688,1064,2001,44.90945053100586,0.1996411483253588,False,5352.8,50,-1,5352.8
Uniform1-5000_Seed60_J100_M50,"[0.006912, 0.929420]",50,100,0.1,max_proc,lowest_lower_bound,PRUNE,all_to_shortest,greedy,6799,50,52,1.0847067832946775,0.2127077511398734,True,5786.0,50,-1,5352.8
Uniform1-5000_Seed61_J100_M50,"[0.008023, 0.970355]",50,100,0.2,max_proc,lowest_lower_bound,NO_PROFILING,all_to_shortest,greedy,6508,306,2001,49.40872287750244,0.2147357098955132,False,5110.5,50,-1,5110.5
Uniform1-5000_Seed61_J100_M50,"[0.008023, 0.970355]",50,100,0.1,max_proc,lowest_lower_bound,PRUNE,all_to_shortest,greedy,6526,57,57,1.1075379848480225,0.2169016242721422,True,5396.0,52,-1,5110.5
Uniform1-5000_Seed62_J100_M50,"[0.001781, 0.966531]",50,100,0.2,max_proc,lowest_lower_bound,NO_PROFILING,all_to_shortest,greedy,6434,42,2001,49.9441282749176,0.2144606776499844,False,5054.16,50,-1,5054.16
Uniform1-5000_Seed62_J100_M50,"[0.001781, 0.966531]",50,100,0.1,max_proc,lowest_lower_bound,PRUNE,all_to_shortest,greedy,6484,51,52,1.0079617500305176,0.2205181986428131,True,5584.0,50,-1,5054.16
Uniform1-5000_Seed63_J100_M50,"[0.003643, 0.951112]",50,100,0.2,max_proc,lowest_lower_bound,NO_PROFILING,all_to_shortest,greedy,6348,1063,2001,49.25189065933228,0.1783238815374921,False,5216.0,50,-1,5216.0
Uniform1-5000_Seed63_J100_M50,"[0.003643, 0.951112]",50,100,0.1,max_proc,lowest_lower_bound,PRUNE,all_to_shortest,greedy,6438,51,52,0.9060583114624025,0.1898105001553277,True,5541.0,50,-1,5216.0
Uniform1-5000_Seed64_J100_M50,"[0.004784, 1.000000]",50,100,0.2,max_proc,lowest_lower_bound,NO_PROFILING,all_to_shortest,greedy,5749,422,422,6.418864727020264,0.1636806401113237,True,4808.0,50,-1,4808.0
Uniform1-5000_Seed64_J100_M50,"[0.004784, 1.000000]",50,100,0.1,max_proc,lowest_lower_bound,PRUNE,all_to_shortest,greedy,5823,49,52,0.7975687980651855,0.1743087755452516,True,4889.0,50,-1,4808.0
Uniform1-5000_Seed65_J100_M50,"[0.013023, 1.000000]",50,100,0.2,max_proc,lowest_lower_bound,NO_PROFILING,all_to_shortest,greedy,5987,52,52,0.8005785942077637,0.1663604476365458,True,4991.0,50,-1,4991.0
Uniform1-5000_Seed65_J100_M50,"[0.013023, 1.000000]",50,100,0.1,max_proc,lowest_lower_bound,PRUNE,all_to_shortest,greedy,6035,49,49,0.8478868007659912,0.1729908864954432,True,4991.0,47,-1,4991.0
Uniform1-5000_Seed66_J100_M50,"[0.008422, 0.968522]",50,100,0.2,max_proc,lowest_lower_bound,NO_PROFILING,all_to_shortest,greedy,6285,868,2001,45.06650137901306,0.1876340493237867,False,5105.72,50,-1,5105.72
Uniform1-5000_Seed66_J100_M50,"[0.008422, 0.968522]",50,100,0.1,max_proc,lowest_lower_bound,PRUNE,all_to_shortest,greedy,6450,48,52,0.998438835144043,0.2084155038759689,True,5432.0,50,-1,5105.72
Uniform1-5000_Seed67_J100_M50,"[0.001830, 1.000000]",50,100,0.2,max_proc,lowest_lower_bound,NO_PROFILING,all_to_shortest,greedy,5667,54,54,0.8589119911193848,0.1321686959590612,True,4918.0,52,-1,4918.0
Uniform1-5000_Seed67_J100_M50,"[0.001830, 1.000000]",50,100,0.1,max_proc,lowest_lower_bound,PRUNE,all_to_shortest,greedy,5832,48,48,0.8588809967041016,0.1567215363511659,True,4918.0,46,-1,4918.0
Uniform1-5000_Seed68_J100_M50,"[0.018826, 1.000000]",50,100,0.2,max_proc,lowest_lower_bound,NO_PROFILING,all_to_shortest,greedy,5922,53,53,0.8306267261505127,0.1568726781492739,True,4993.0,51,-1,4993.0
Uniform1-5000_Seed68_J100_M50,"[0.018826, 1.000000]",50,100,0.1,max_proc,lowest_lower_bound,PRUNE,all_to_shortest,greedy,6028,49,49,0.8759386539459229,0.1716987392169874,True,4993.0,47,-1,4993.0
Uniform1-5000_Seed69_J100_M50,"[0.003789, 0.941673]",50,100,0.2,max_proc,lowest_lower_bound,NO_PROFILING,all_to_shortest,greedy,6300,51,51,0.7917599678039551,0.162247619047619,True,5277.84,49,-1,5277.84
Uniform1-5000_Seed69_J100_M50,"[0.003789, 0.941673]",50,100,0.1,max_proc,lowest_lower_bound,PRUNE,all_to_shortest,greedy,6533,52,52,0.8338155746459961,0.1921261288841267,True,5508.0,50,-1,5277.84
Uniform1-5000_Seed70_J100_M50,"[0.006452, 0.921512]",50,100,0.2,max_proc,lowest_lower_bound,NO_PROFILING,all_to_shortest,greedy,6668,1501,2001,41.55447745323181,0.1864457108578284,False,5424.78,50,-1,5424.78
Uniform1-5000_Seed70_J100_M50,"[0.006452, 0.921512]",50,100,0.1,max_proc,lowest_lower_bound,PRUNE,all_to_shortest,greedy,6739,56,56,0.9165418148040771,0.1950170648464164,True,5585.0,53,-1,5424.78
Uniform1-5000_Seed71_J100_M50,"[0.016621, 0.968349]",50,100,0.2,max_proc,lowest_lower_bound,NO_PROFILING,all_to_shortest,greedy,6493,488,2001,43.4119873046875,0.2124041275219467,False,5113.86,50,-1,5113.86
Uniform1-5000_Seed71_J100_M50,"[0.016621, 0.968349]",50,100,0.1,max_proc,lowest_lower_bound,PRUNE,all_to_shortest,greedy,6528,52,52,0.8624827861785889,0.2166268382352941,True,5418.0,50,-1,5113.86
Uniform1-5000_Seed72_J100_M50,"[0.012602, 0.949910]",50,100,0.2,max_proc,lowest_lower_bound,NO_PROFILING,all_to_shortest,greedy,6491,555,2001,43.02134609222412,0.1931381913418579,False,5237.34,50,-1,5237.34
Uniform1-5000_Seed72_J100_M50,"[0.012602, 0.949910]",50,100,0.1,max_proc,lowest_lower_bound,PRUNE,all_to_shortest,greedy,6653,46,52,0.8953380584716797,0.2127852096798436,True,6089.0,50,-1,5237.34
Uniform1-5000_Seed73_J100_M50,"[0.007238, 1.000000]",50,100,0.2,max_proc,lowest_lower_bound,NO_PROFILING,all_to_shortest,greedy,5881,42,42,0.7091226577758789,0.1542254718585274,True,4974.0,40,-1,4974.0
Uniform1-5000_Seed73_J100_M50,"[0.007238, 1.000000]",50,100,0.1,max_proc,lowest_lower_bound,PRUNE,all_to_shortest,greedy,5815,53,53,0.8791906833648682,0.1446259673258813,True,4974.0,51,-1,4974.0
Uniform1-5000_Seed74_J100_M50,"[0.020545, 0.949466]",50,100,0.2,max_proc,lowest_lower_bound,NO_PROFILING,all_to_shortest,greedy,6712,1186,2001,50.03986191749573,0.216829558998808,False,5256.64,51,-1,5256.64
Uniform1-5000_Seed74_J100_M50,"[0.020545, 0.949466]",50,100,0.1,max_proc,lowest_lower_bound,PRUNE,all_to_shortest,greedy,6371,120,120,2.0063419342041016,0.1749113169047244,True,5499.0,56,-1,5256.64
Uniform1-5000_Seed75_J100_M50,"[0.003611, 0.988095]",50,100,0.2,max_proc,lowest_lower_bound,NO_PROFILING,all_to_shortest,greedy,6164,175,2001,42.756394386291504,0.1913789746917585,False,4984.34,50,-1,4984.34
Uniform1-5000_Seed75_J100_M50,"[0.003611, 0.988095]",50,100,0.1,max_proc,lowest_lower_bound,PRUNE,all_to_shortest,greedy,6042,64,64,1.2840254306793213,0.1750513075140681,True,5150.0,58,-1,4984.34
Uniform1-5000_Seed76_J100_M50,"[0.005590, 0.959159]",50,100,0.2,max_proc,lowest_lower_bound,NO_PROFILING,all_to_shortest,greedy,6288,750,2001,39.7138512134552,0.1749554707379134,False,5187.88,50,-1,5187.88
Uniform1-5000_Seed76_J100_M50,"[0.005590, 0.959159]",50,100,0.1,max_proc,lowest_lower_bound,PRUNE,all_to_shortest,greedy,6397,52,52,0.8227167129516602,0.1890136001250586,True,5591.0,50,-1,5187.88
Uniform1-5000_Seed77_J100_M50,"[0.025618, 0.987588]",50,100,0.2,max_proc,lowest_lower_bound,NO_PROFILING,all_to_shortest,greedy,5910,64,64,0.948493719100952,0.1479695431472081,True,5035.5,62,-1,5035.5
Uniform1-5000_Seed77_J100_M50,"[0.025618, 0.987588]",50,100,0.1,max_proc,lowest_lower_bound,PRUNE,all_to_shortest,greedy,6078,59,59,0.8841123580932617,0.1715202369200394,True,5035.5,57,-1,5035.5
Uniform1-5000_Seed78_J100_M50,"[0.004547, 0.920631]",50,100,0.2,max_proc,lowest_lower_bound,NO_PROFILING,all_to_shortest,greedy,6647,398,2001,41.5189483165741,0.2059726192267188,False,5277.9,50,-1,5277.9
Uniform1-5000_Seed78_J100_M50,"[0.004547, 0.920631]",50,100,0.1,max_proc,lowest_lower_bound,PRUNE,all_to_shortest,greedy,6539,54,54,0.8430972099304199,0.1928582352041597,True,5621.0,52,-1,5277.9
Uniform1-5000_Seed79_J100_M50,"[0.001168, 0.972143]",50,100,0.2,max_proc,lowest_lower_bound,NO_PROFILING,all_to_shortest,greedy,6575,917,2001,49.683743953704834,0.2183787072243346,False,5139.16,50,-1,5139.16
Uniform1-5000_Seed79_J100_M50,"[0.001168, 0.972143]",50,100,0.1,max_proc,lowest_lower_bound,PRUNE,all_to_shortest,greedy,6591,50,52,0.9608516693115234,0.220276134122288,True,5471.0,50,-1,5139.16
Uniform1-5000_Seed80_J100_M50,"[0.004269, 0.992047]",50,100,0.2,max_proc,lowest_lower_bound,NO_PROFILING,all_to_shortest,greedy,6201,1774,2001,44.06890821456909,0.2067214965328173,False,4919.12,50,-1,4919.12
Uniform1-5000_Seed80_J100_M50,"[0.004269, 0.992047]",50,100,0.1,max_proc,lowest_lower_bound,PRUNE,all_to_shortest,greedy,6143,50,52,0.8008372783660889,0.1992316457756796,True,5165.0,50,-1,4919.12
Uniform1-5000_Seed81_J100_M50,"[0.006404, 1.000000]",50,100,0.2,max_proc,lowest_lower_bound,NO_PROFILING,all_to_shortest,greedy,5632,46,46,0.6432693004608154,0.1127485795454545,True,4997.0,44,-1,4997.0
Uniform1-5000_Seed81_J100_M50,"[0.006404, 1.000000]",50,100,0.1,max_proc,lowest_lower_bound,PRUNE,all_to_shortest,greedy,5889,42,42,0.6071889400482178,0.151468840210562,True,4997.0,40,-1,4997.0
Uniform1-5000_Seed82_J100_M50,"[0.020652, 1.000000]",50,100,0.2,max_proc,lowest_lower_bound,NO_PROFILING,all_to_shortest,greedy,5701,49,49,0.7068817615509033,0.1336607612699526,True,4939.0,47,-1,4939.0
Uniform1-5000_Seed82_J100_M50,"[0.020652, 1.000000]",50,100,0.1,max_proc,lowest_lower_bound,PRUNE,all_to_shortest,greedy,5963,48,48,0.7170960903167725,0.1717256414556431,True,4939.0,46,-1,4939.0
Uniform1-5000_Seed83_J100_M50,"[0.014304, 0.993029]",50,100,0.2,max_proc,lowest_lower_bound,NO_PROFILING,all_to_shortest,greedy,6123,633,2001,43.21186113357544,0.1893516250204147,False,4963.6,50,-1,4963.6
Uniform1-5000_Seed83_J100_M50,"[0.014304, 0.993029]",50,100,0.1,max_proc,lowest_lower_bound,PRUNE,all_to_shortest,greedy,6259,53,59,0.9606189727783204,0.2069659690046332,True,5177.0,56,-1,4963.6
Uniform1-5000_Seed84_J100_M50,"[0.001963, 0.972398]",50,100,0.2,max_proc,lowest_lower_bound,NO_PROFILING,all_to_shortest,greedy,6451,778,2001,50.85190749168396,0.2102588745930863,False,5094.62,50,-1,5094.62
Uniform1-5000_Seed84_J100_M50,"[0.001963, 0.972398]",50,100,0.1,max_proc,lowest_lower_bound,PRUNE,all_to_shortest,greedy,6476,52,52,1.0880215167999268,0.213307597282273,True,5383.0,50,-1,5094.62
Uniform1-5000_Seed85_J100_M50,"[0.003038, 1.000000]",50,100,0.2,max_proc,lowest_lower_bound,NO_PROFILING,all_to_shortest,greedy,5880,40,40,0.8619649410247803,0.1603741496598639,True,4937.0,38,-1,4937.0
Uniform1-5000_Seed85_J100_M50,"[0.003038, 1.000000]",50,100,0.1,max_proc,lowest_lower_bound,PRUNE,all_to_shortest,greedy,5907,48,48,0.8423328399658203,0.1642119519214491,True,4937.0,46,-1,4937.0
Uniform1-5000_Seed86_J100_M50,"[0.012026, 1.000000]",50,100,0.2,max_proc,lowest_lower_bound,NO_PROFILING,all_to_shortest,greedy,5639,38,38,0.5983340740203857,0.1299875864514985,True,4906.0,36,-1,4906.0
Uniform1-5000_Seed86_J100_M50,"[0.012026, 1.000000]",50,100,0.1,max_proc,lowest_lower_bound,PRUNE,all_to_shortest,greedy,5649,42,42,0.7936058044433594,0.1315277040184103,True,4906.0,40,-1,4906.0
Uniform1-5000_Seed87_J100_M50,"[0.012563, 1.000000]",50,100,0.2,max_proc,lowest_lower_bound,NO_PROFILING,all_to_shortest,greedy,5759,29,29,0.458153486251831,0.1430803959020663,True,4935.0,27,-1,4935.0
Uniform1-5000_Seed87_J100_M50,"[0.012563, 1.000000]",50,100,0.1,max_proc,lowest_lower_bound,PRUNE,all_to_shortest,greedy,5938,40,40,0.8154706954956055,0.1689120916133378,True,4935.0,38,-1,4935.0
Uniform1-5000_Seed88_J100_M50,"[0.001507, 0.931858]",50,100,0.2,max_proc,lowest_lower_bound,NO_PROFILING,all_to_shortest,greedy,6640,1012,2001,51.76975631713867,0.2003283132530121,False,5309.82,50,-1,5309.82
Uniform1-5000_Seed88_J100_M50,"[0.001507, 0.931858]",50,100,0.1,max_proc,lowest_lower_bound,PRUNE,all_to_shortest,greedy,6748,55,55,1.1536295413970947,0.2131268524007113,True,5701.0,52,-1,5309.82
Uniform1-5000_Seed89_J100_M50,"[0.006529, 1.000000]",50,100,0.2,max_proc,lowest_lower_bound,NO_PROFILING,all_to_shortest,greedy,5747,19,19,0.3446483612060547,0.1472072385592483,True,4901.0,17,-1,4901.0
Uniform1-5000_Seed89_J100_M50,"[0.006529, 1.000000]",50,100,0.1,max_proc,lowest_lower_bound,PRUNE,all_to_shortest,greedy,5766,23,23,0.588047981262207,0.1500173430454388,True,4901.0,21,-1,4901.0
Uniform1-5000_Seed90_J100_M50,"[0.006568, 0.957753]",50,100,0.2,max_proc,lowest_lower_bound,NO_PROFILING,all_to_shortest,greedy,6499,1990,2001,54.0532283782959,0.2034620710878596,False,5176.7,56,-1,5176.7
Uniform1-5000_Seed90_J100_M50,"[0.006568, 0.957753]",50,100,0.1,max_proc,lowest_lower_bound,PRUNE,all_to_shortest,greedy,6078,62,62,1.1970555782318115,0.1482889108259296,True,5371.0,59,-1,5176.7
Uniform1-5000_Seed91_J100_M50,"[0.009220, 0.936714]",50,100,0.2,max_proc,lowest_lower_bound,NO_PROFILING,all_to_shortest,greedy,6371,1203,1203,27.03267526626587,0.1658577931250981,True,5314.32,63,-1,5314.32
Uniform1-5000_Seed91_J100_M50,"[0.009220, 0.936714]",50,100,0.1,max_proc,lowest_lower_bound,PRUNE,all_to_shortest,greedy,6493,55,55,1.1724390983581543,0.1815308794085939,True,5440.0,53,-1,5314.32
Uniform1-5000_Seed92_J100_M50,"[0.003913, 0.924321]",50,100,0.2,max_proc,lowest_lower_bound,NO_PROFILING,all_to_shortest,greedy,6765,151,2001,54.03686428070069,0.2067849223946784,False,5366.1,50,-1,5366.1
Uniform1-5000_Seed92_J100_M50,"[0.003913, 0.924321]",50,100,0.1,max_proc,lowest_lower_bound,PRUNE,all_to_shortest,greedy,6689,57,57,1.2486920356750488,0.1977724622514575,True,5702.0,55,-1,5366.1
Uniform1-5000_Seed93_J100_M50,"[0.009845, 0.935698]",50,100,0.2,max_proc,lowest_lower_bound,NO_PROFILING,all_to_shortest,greedy,6607,1091,2001,54.77849555015564,0.2006023914030573,False,5281.62,52,-1,5281.62
Uniform1-5000_Seed93_J100_M50,"[0.009845, 0.935698]",50,100,0.1,max_proc,lowest_lower_bound,PRUNE,all_to_shortest,greedy,6591,55,64,1.465904712677002,0.1986618115612198,True,5476.0,56,-1,5281.62
Uniform1-5000_Seed94_J100_M50,"[0.018543, 0.938334]",50,100,0.2,max_proc,lowest_lower_bound,NO_PROFILING,all_to_shortest,greedy,6292,54,54,1.1083803176879885,0.1600603941513033,True,5284.9,52,-1,5284.9
Uniform1-5000_Seed94_J100_M50,"[0.018543, 0.938334]",50,100,0.1,max_proc,lowest_lower_bound,PRUNE,all_to_shortest,greedy,6386,54,54,1.210693120956421,0.1724240526150955,True,5284.9,52,-1,5284.9
Uniform1-5000_Seed95_J100_M50,"[0.000829, 1.000000]",50,100,0.2,max_proc,lowest_lower_bound,NO_PROFILING,all_to_shortest,greedy,5759,55,55,1.0941953659057615,0.1625282167042889,True,4823.0,53,-1,4823.0
Uniform1-5000_Seed95_J100_M50,"[0.000829, 1.000000]",50,100,0.1,max_proc,lowest_lower_bound,PRUNE,all_to_shortest,greedy,5813,62,62,1.190505027770996,0.1703079305006021,True,4823.0,53,-1,4823.0
Uniform1-5000_Seed96_J100_M50,"[0.001787, 0.992816]",50,100,0.2,max_proc,lowest_lower_bound,NO_PROFILING,all_to_shortest,greedy,6165,994,2001,59.941367626190186,0.1831013787510137,False,5036.18,52,-1,5036.18
Uniform1-5000_Seed96_J100_M50,"[0.001787, 0.992816]",50,100,0.1,max_proc,lowest_lower_bound,PRUNE,all_to_shortest,greedy,6074,58,58,1.1455786228179932,0.170862693447481,True,5161.0,56,-1,5036.18
Uniform1-5000_Seed97_J100_M50,"[0.001580, 0.977669]",50,100,0.2,max_proc,lowest_lower_bound,NO_PROFILING,all_to_shortest,greedy,6295,1245,2001,57.86289095878601,0.1958633836378077,False,5062.04,50,-1,5062.04
Uniform1-5000_Seed97_J100_M50,"[0.001580, 0.977669]",50,100,0.1,max_proc,lowest_lower_bound,PRUNE,all_to_shortest,greedy,6341,53,53,1.0874459743499756,0.2016968932345056,True,5272.0,51,-1,5062.04
Uniform1-5000_Seed98_J100_M50,"[0.000593, 0.987693]",50,100,0.2,max_proc,lowest_lower_bound,NO_PROFILING,all_to_shortest,greedy,6533,135,2001,55.42847776412964,0.2251186285014541,False,5062.3,50,-1,5062.3
Uniform1-5000_Seed98_J100_M50,"[0.000593, 0.987693]",50,100,0.1,max_proc,lowest_lower_bound,PRUNE,all_to_shortest,greedy,6201,54,54,1.2968575954437256,0.1836316723109175,True,5380.0,52,-1,5062.3
Uniform1-5000_Seed99_J100_M50,"[0.002298, 0.942045]",50,100,0.2,max_proc,lowest_lower_bound,NO_PROFILING,all_to_shortest,greedy,6810,1610,2001,55.85224270820618,0.233086637298091,False,5222.68,50,-1,5222.68
Uniform1-5000_Seed99_J100_M50,"[0.002298, 0.942045]",50,100,0.1,max_proc,lowest_lower_bound,PRUNE,all_to_shortest,greedy,6790,44,52,1.1504647731781006,0.2308276877761413,True,5655.0,50,-1,5222.68
Uniform1-5000_Seed100_J100_M50,"[0.000563, 0.937862]",50,100,0.2,max_proc,lowest_lower_bound,NO_PROFILING,all_to_shortest,greedy,6737,855,2001,53.72983407974243,0.2096066498441442,False,5324.88,50,-1,5324.88
Uniform1-5000_Seed100_J100_M50,"[0.000563, 0.937862]",50,100,0.1,max_proc,lowest_lower_bound,PRUNE,all_to_shortest,greedy,6712,57,57,1.3303115367889404,0.2066626936829559,True,5664.0,52,-1,5324.88
Uniform1-5000_Seed1_J150_M75,"[0.003213, 1.000000]",75,150,0.2,max_proc,lowest_lower_bound,NO_PROFILING,all_to_shortest,greedy,5968,63,63,3.108525514602661,0.2261193029490616,True,4980.0,61,-1,4618.52
Uniform1-5000_Seed1_J150_M75,"[0.003213, 1.000000]",75,150,0.1,max_proc,lowest_lower_bound,PRUNE,all_to_shortest,greedy,6004,70,70,3.742644786834717,0.230759493670886,True,4980.0,68,-1,4618.52
Uniform1-5000_Seed2_J150_M75,"[0.003794, 0.947552]",75,150,0.2,max_proc,lowest_lower_bound,NO_PROFILING,all_to_shortest,greedy,6708,279,2001,135.63323163986206,0.2141502683363149,False,5271.48,75,-1,5271.48
Uniform1-5000_Seed2_J150_M75,"[0.003794, 0.947552]",75,150,0.1,max_proc,lowest_lower_bound,PRUNE,all_to_shortest,greedy,6798,66,77,4.48874044418335,0.2245542806707856,True,5688.0,75,-1,5271.48
Uniform1-5000_Seed3_J150_M75,"[0.002809, 1.000000]",75,150,0.2,max_proc,lowest_lower_bound,NO_PROFILING,all_to_shortest,greedy,5831,85,85,4.564154863357544,0.1593574572686217,True,4984.0,83,-1,4901.786666666667
Uniform1-5000_Seed3_J150_M75,"[0.002809, 1.000000]",75,150,0.1,max_proc,lowest_lower_bound,PRUNE,all_to_shortest,greedy,5987,123,123,6.5839362144470215,0.1812616224040977,True,4984.0,85,-1,4901.786666666667
Uniform1-5000_Seed4_J150_M75,"[0.001967, 0.962073]",75,150,0.2,max_proc,lowest_lower_bound,NO_PROFILING,all_to_shortest,greedy,6249,1253,2001,127.64016890525818,0.1862932735904411,False,5084.8533333333335,75,-1,5084.8533333333335
Uniform1-5000_Seed4_J150_M75,"[0.001967, 0.962073]",75,150,0.1,max_proc,lowest_lower_bound,PRUNE,all_to_shortest,greedy,6378,72,77,3.930233240127564,0.202751123654228,True,5373.0,75,-1,5084.8533333333335
Uniform1-5000_Seed5_J150_M75,"[0.007316, 0.988091]",75,150,0.2,max_proc,lowest_lower_bound,NO_PROFILING,all_to_shortest,greedy,6665,291,2001,129.40145206451416,0.2412263065766441,False,5057.2266666666665,75,-1,5057.2266666666665
Uniform1-5000_Seed5_J150_M75,"[0.007316, 0.988091]",75,150,0.1,max_proc,lowest_lower_bound,PRUNE,all_to_shortest,greedy,6398,78,78,4.055065870285034,0.2095613212462228,True,5467.0,76,-1,5057.2266666666665
Uniform1-5000_Seed6_J150_M75,"[0.015600, 1.000000]",75,150,0.2,max_proc,lowest_lower_bound,NO_PROFILING,all_to_shortest,greedy,5971,79,79,4.361562728881836,0.1669491430804444,True,5000.0,77,-1,4974.1466666666665
Uniform1-5000_Seed6_J150_M75,"[0.015600, 1.000000]",75,150,0.1,max_proc,lowest_lower_bound,PRUNE,all_to_shortest,greedy,5971,88,88,4.489250898361206,0.1669491430804444,True,5000.0,80,-1,4974.1466666666665
Uniform1-5000_Seed7_J150_M75,"[0.006841, 1.000000]",75,150,0.2,max_proc,lowest_lower_bound,NO_PROFILING,all_to_shortest,greedy,6153,331,2001,114.39480543136597,0.194513245571266,False,4970.0,75,-1,4956.16
Uniform1-5000_Seed7_J150_M75,"[0.006841, 1.000000]",75,150,0.1,max_proc,lowest_lower_bound,PRUNE,all_to_shortest,greedy,6246,82,87,5.085766315460205,0.2065065642010887,True,5173.0,81,-1,4956.16
Uniform1-5000_Seed8_J150_M75,"[0.005296, 0.903619]",75,150,0.2,max_proc,lowest_lower_bound,NO_PROFILING,all_to_shortest,greedy,7129,234,2001,142.6004011631012,0.2319034927759853,False,5475.76,75,-1,5475.76
Uniform1-5000_Seed8_J150_M75,"[0.005296, 0.903619]",75,150,0.1,max_proc,lowest_lower_bound,PRUNE,all_to_shortest,greedy,6928,82,82,4.574094533920288,0.2096189376443417,True,5745.0,79,-1,5475.76
Uniform1-5000_Seed9_J150_M75,"[0.000188, 0.932472]",75,150,0.2,max_proc,lowest_lower_bound,NO_PROFILING,all_to_shortest,greedy,6690,618,2001,139.2746980190277,0.2055445939212755,False,5314.906666666667,75,-1,5314.906666666667
Uniform1-5000_Seed9_J150_M75,"[0.000188, 0.932472]",75,150,0.1,max_proc,lowest_lower_bound,PRUNE,all_to_shortest,greedy,6802,76,77,4.61436653137207,0.2186258943448005,True,5734.0,75,-1,5314.906666666667
Uniform1-5000_Seed10_J150_M75,"[0.008928, 0.986816]",75,150,0.2,max_proc,lowest_lower_bound,NO_PROFILING,all_to_shortest,greedy,6456,1490,2001,141.25403881072998,0.2192606361007848,False,5040.453333333333,75,-1,5040.453333333333
Uniform1-5000_Seed10_J150_M75,"[0.008928, 0.986816]",75,150,0.1,max_proc,lowest_lower_bound,PRUNE,all_to_shortest,greedy,6281,81,81,4.913734197616577,0.1975078278405774,True,5349.0,79,-1,5040.453333333333
Uniform1-5000_Seed11_J150_M75,"[0.003935, 0.983109]",75,150,0.2,max_proc,lowest_lower_bound,NO_PROFILING,all_to_shortest,greedy,6659,1341,2001,135.22748041152954,0.2366941983280772,False,5082.8533333333335,75,-1,5082.8533333333335
Uniform1-5000_Seed11_J150_M75,"[0.003935, 0.983109]",75,150,0.1,max_proc,lowest_lower_bound,PRUNE,all_to_shortest,greedy,6545,83,89,5.257753372192383,0.2233990323402088,True,5431.0,79,-1,5082.8533333333335
Uniform1-5000_Seed12_J150_M75,"[0.010028, 1.000000]",75,150,0.2,max_proc,lowest_lower_bound,NO_PROFILING,all_to_shortest,greedy,5957,89,89,4.899821758270264,0.1630015108275977,True,4986.0,87,-1,4986.0
Uniform1-5000_Seed12_J150_M75,"[0.010028, 1.000000]",75,150,0.1,max_proc,lowest_lower_bound,PRUNE,all_to_shortest,greedy,6067,98,98,6.1364264488220215,0.1781770232404813,True,5060.0,88,-1,4986.0
Uniform1-5000_Seed13_J150_M75,"[0.002409, 1.000000]",75,150,0.2,max_proc,lowest_lower_bound,NO_PROFILING,all_to_shortest,greedy,5956,85,85,5.032871723175049,0.1950503693754197,True,4981.0,83,-1,4794.28
Uniform1-5000_Seed13_J150_M75,"[0.002409, 1.000000]",75,150,0.1,max_proc,lowest_lower_bound,PRUNE,all_to_shortest,greedy,6054,95,95,5.72174859046936,0.2080806078625702,True,5023.0,84,-1,4794.28
Uniform1-5000_Seed14_J150_M75,"[0.005281, 0.935890]",75,150,0.2,max_proc,lowest_lower_bound,NO_PROFILING,all_to_shortest,greedy,6689,1021,2001,137.98972058296204,0.2073693128021129,False,5301.906666666667,75,-1,5301.906666666667
Uniform1-5000_Seed14_J150_M75,"[0.005281, 0.935890]",75,150,0.1,max_proc,lowest_lower_bound,PRUNE,all_to_shortest,greedy,6707,68,77,4.2986249923706055,0.2094965458973212,True,5595.0,75,-1,5301.906666666667
Uniform1-5000_Seed15_J150_M75,"[0.004017, 1.000000]",75,150,0.2,max_proc,lowest_lower_bound,NO_PROFILING,all_to_shortest,greedy,5945,76,76,4.301304817199707,0.1624894869638351,True,4979.0,74,-1,4979.0
Uniform1-5000_Seed15_J150_M75,"[0.004017, 1.000000]",75,150,0.1,max_proc,lowest_lower_bound,PRUNE,all_to_shortest,greedy,5946,76,76,4.348260641098023,0.1626303397241843,True,4979.0,74,-1,4979.0
Uniform1-5000_Seed16_J150_M75,"[0.001369, 0.974397]",75,150,0.2,max_proc,lowest_lower_bound,NO_PROFILING,all_to_shortest,greedy,6639,138,2001,134.3233082294464,0.2297133102374855,False,5113.933333333333,75,-1,5113.933333333333
Uniform1-5000_Seed16_J150_M75,"[0.001369, 0.974397]",75,150,0.1,max_proc,lowest_lower_bound,PRUNE,all_to_shortest,greedy,6419,79,79,4.711759328842163,0.2033130809575738,True,5335.0,77,-1,5113.933333333333
Uniform1-5000_Seed17_J150_M75,"[0.030961, 0.922905]",75,150,0.2,max_proc,lowest_lower_bound,NO_PROFILING,all_to_shortest,greedy,6902,73,2001,138.16020035743713,0.2185105766444508,False,5393.84,75,-1,5393.84
Uniform1-5000_Seed17_J150_M75,"[0.030961, 0.922905]",75,150,0.1,max_proc,lowest_lower_bound,PRUNE,all_to_shortest,greedy,6930,70,77,4.52098274230957,0.2216681096681096,True,5741.0,75,-1,5393.84
Uniform1-5000_Seed18_J150_M75,"[0.009192, 0.977069]",75,150,0.2,max_proc,lowest_lower_bound,NO_PROFILING,all_to_shortest,greedy,6591,69,2001,138.68557620048523,0.2242067465736105,False,5113.253333333333,75,-1,5113.253333333333
Uniform1-5000_Seed18_J150_M75,"[0.009192, 0.977069]",75,150,0.1,max_proc,lowest_lower_bound,PRUNE,all_to_shortest,greedy,6495,78,78,4.398357152938843,0.2127400564536823,True,5436.0,76,-1,5113.253333333333
Uniform1-5000_Seed19_J150_M75,"[0.001074, 0.894598]",75,150,0.2,max_proc,lowest_lower_bound,NO_PROFILING,all_to_shortest,greedy,7177,65,2001,139.39647459983826,0.2214035576610468,False,5587.986666666667,75,-1,5587.986666666667
Uniform1-5000_Seed19_J150_M75,"[0.001074, 0.894598]",75,150,0.1,max_proc,lowest_lower_bound,PRUNE,all_to_shortest,greedy,7029,86,106,6.225098133087158,0.2050097216294399,True,5818.0,85,-1,5587.986666666667
Uniform1-5000_Seed20_J150_M75,"[0.008651, 0.972624]",75,150,0.2,max_proc,lowest_lower_bound,NO_PROFILING,all_to_shortest,greedy,6485,71,2001,134.8603971004486,0.2156915959907479,False,5086.24,75,-1,5086.24
Uniform1-5000_Seed20_J150_M75,"[0.008651, 0.972624]",75,150,0.1,max_proc,lowest_lower_bound,PRUNE,all_to_shortest,greedy,6366,97,97,6.011789083480835,0.2010304743952246,True,5301.0,79,-1,5086.24
Uniform1-5000_Seed21_J150_M75,"[0.001806, 1.000000]",75,150,0.2,max_proc,lowest_lower_bound,NO_PROFILING,all_to_shortest,greedy,5952,46,46,2.7962276935577397,0.1628024193548387,True,4983.0,44,-1,4983.0
Uniform1-5000_Seed21_J150_M75,"[0.001806, 1.000000]",75,150,0.1,max_proc,lowest_lower_bound,PRUNE,all_to_shortest,greedy,5801,55,55,3.399785041809082,0.141010170660231,True,4983.0,53,-1,4983.0
Uniform1-5000_Seed22_J150_M75,"[0.002004, 1.000000]",75,150,0.2,max_proc,lowest_lower_bound,NO_PROFILING,all_to_shortest,greedy,6393,745,2001,147.42821192741394,0.2194587830439543,False,4990.0,75,-1,4990.0
Uniform1-5000_Seed22_J150_M75,"[0.002004, 1.000000]",75,150,0.1,max_proc,lowest_lower_bound,PRUNE,all_to_shortest,greedy,6532,72,77,4.5047607421875,0.236068585425597,True,5746.0,75,-1,4990.0
Uniform1-5000_Seed23_J150_M75,"[0.008027, 1.000000]",75,150,0.2,max_proc,lowest_lower_bound,NO_PROFILING,all_to_shortest,greedy,5960,161,161,9.326525926589966,0.1639261744966443,True,4983.0,88,-1,4983.0
Uniform1-5000_Seed23_J150_M75,"[0.008027, 1.000000]",75,150,0.1,max_proc,lowest_lower_bound,PRUNE,all_to_shortest,greedy,6010,110,110,6.755087852478027,0.1708818635607321,True,4983.0,85,-1,4983.0
Uniform1-5000_Seed24_J150_M75,"[0.007279, 0.976147]",75,150,0.2,max_proc,lowest_lower_bound,NO_PROFILING,all_to_shortest,greedy,6528,431,2001,131.27486038208008,0.2213153594771242,False,5083.253333333333,75,-1,5083.253333333333
Uniform1-5000_Seed24_J150_M75,"[0.007279, 0.976147]",75,150,0.1,max_proc,lowest_lower_bound,PRUNE,all_to_shortest,greedy,6504,80,80,5.067796230316162,0.2184419844198442,True,5421.0,78,-1,5083.253333333333
Uniform1-5000_Seed25_J150_M75,"[0.003031, 1.000000]",75,150,0.2,max_proc,lowest_lower_bound,NO_PROFILING,all_to_shortest,greedy,5899,85,85,4.909246206283569,0.161044244787252,True,4949.0,83,-1,4949.0
Uniform1-5000_Seed25_J150_M75,"[0.003031, 1.000000]",75,150,0.1,max_proc,lowest_lower_bound,PRUNE,all_to_shortest,greedy,5944,86,86,4.9579503536224365,0.1673956931359354,True,4949.0,84,-1,4949.0
Uniform1-5000_Seed26_J150_M75,"[0.004533, 0.905445]",75,150,0.2,max_proc,lowest_lower_bound,NO_PROFILING,all_to_shortest,greedy,6973,880,2001,150.91132593154907,0.2090176394665136,False,5515.52,75,-1,5515.52
Uniform1-5000_Seed26_J150_M75,"[0.004533, 0.905445]",75,150,0.1,max_proc,lowest_lower_bound,PRUNE,all_to_shortest,greedy,6981,72,77,5.460792303085327,0.2099240796447499,True,5857.0,75,-1,5515.52
Uniform1-5000_Seed27_J150_M75,"[0.025779, 1.000000]",75,150,0.2,max_proc,lowest_lower_bound,NO_PROFILING,all_to_shortest,greedy,6385,64,2001,140.44742274284363,0.2405638214565387,False,4849.0,75,-1,4849.0
Uniform1-5000_Seed27_J150_M75,"[0.025779, 1.000000]",75,150,0.1,max_proc,lowest_lower_bound,PRUNE,all_to_shortest,greedy,6451,65,77,4.62368369102478,0.2483335916912106,True,5352.0,75,-1,4849.0
Uniform1-5000_Seed28_J150_M75,"[0.009252, 1.000000]",75,150,0.2,max_proc,lowest_lower_bound,NO_PROFILING,all_to_shortest,greedy,5952,62,62,3.189674139022827,0.1646505376344086,True,4972.0,60,-1,4972.0
Uniform1-5000_Seed28_J150_M75,"[0.009252, 1.000000]",75,150,0.1,max_proc,lowest_lower_bound,PRUNE,all_to_shortest,greedy,5883,64,64,3.091310501098633,0.1548529661737208,True,4972.0,62,-1,4972.0
Uniform1-5000_Seed29_J150_M75,"[0.004201, 1.000000]",75,150,0.2,max_proc,lowest_lower_bound,NO_PROFILING,all_to_shortest,greedy,5990,71,71,3.6503167152404794,0.1654424040066777,True,4999.0,69,-1,4999.0
Uniform1-5000_Seed29_J150_M75,"[0.004201, 1.000000]",75,150,0.1,max_proc,lowest_lower_bound,PRUNE,all_to_shortest,greedy,6075,73,671,42.68249130249024,0.177119341563786,True,5031.0,85,-1,4999.0
Uniform1-5000_Seed30_J150_M75,"[0.009405, 0.999525]",75,150,0.2,max_proc,lowest_lower_bound,NO_PROFILING,all_to_shortest,greedy,6375,312,2001,122.18695616722108,0.2160983006535948,False,4997.373333333333,76,-1,4997.373333333333
Uniform1-5000_Seed30_J150_M75,"[0.009405, 0.999525]",75,150,0.1,max_proc,lowest_lower_bound,PRUNE,all_to_shortest,greedy,6413,150,150,8.965198278427124,0.2207432818753574,True,5334.0,82,-1,4997.373333333333
Uniform1-5000_Seed31_J150_M75,"[0.002807, 1.000000]",75,150,0.2,max_proc,lowest_lower_bound,NO_PROFILING,all_to_shortest,greedy,6352,1211,2001,121.91999125480652,0.2148929471032745,False,4987.0,75,-1,4987.0
Uniform1-5000_Seed31_J150_M75,"[0.002807, 1.000000]",75,150,0.1,max_proc,lowest_lower_bound,PRUNE,all_to_shortest,greedy,6372,76,77,4.149917125701904,0.2173571876961707,True,5367.0,75,-1,4987.0
Uniform1-5000_Seed32_J150_M75,"[0.001978, 0.987727]",75,150,0.2,max_proc,lowest_lower_bound,NO_PROFILING,all_to_shortest,greedy,6026,87,87,4.668339252471924,0.1611284434118818,True,5055.04,85,-1,5055.04
Uniform1-5000_Seed32_J150_M75,"[0.001978, 0.987727]",75,150,0.1,max_proc,lowest_lower_bound,PRUNE,all_to_shortest,greedy,6113,93,93,4.965242147445679,0.1730672337641093,True,5055.04,91,-1,5055.04
Uniform1-5000_Seed33_J150_M75,"[0.005851, 1.000000]",75,150,0.2,max_proc,lowest_lower_bound,NO_PROFILING,all_to_shortest,greedy,5841,55,55,3.0448193550109863,0.1515151515151515,True,4956.0,53,-1,4956.0
Uniform1-5000_Seed33_J150_M75,"[0.005851, 1.000000]",75,150,0.1,max_proc,lowest_lower_bound,PRUNE,all_to_shortest,greedy,5941,57,57,3.0153703689575195,0.1657970038714021,True,4956.0,55,-1,4956.0
Uniform1-5000_Seed34_J150_M75,"[0.028819, 0.958893]",75,150,0.2,max_proc,lowest_lower_bound,NO_PROFILING,all_to_shortest,greedy,6629,1095,2001,130.8661606311798,0.2148197314828782,False,5204.96,78,-1,5204.96
Uniform1-5000_Seed34_J150_M75,"[0.028819, 0.958893]",75,150,0.1,max_proc,lowest_lower_bound,PRUNE,all_to_shortest,greedy,6518,87,87,4.523126840591431,0.2014482970236268,True,5388.0,84,-1,5204.96
Uniform1-5000_Seed35_J150_M75,"[0.005963, 0.903003]",75,150,0.2,max_proc,lowest_lower_bound,NO_PROFILING,all_to_shortest,greedy,6961,1314,2001,140.17522549629211,0.2050337595173107,False,5533.76,75,-1,5533.76
Uniform1-5000_Seed35_J150_M75,"[0.005963, 0.903003]",75,150,0.1,max_proc,lowest_lower_bound,PRUNE,all_to_shortest,greedy,7039,80,80,5.199826002120972,0.2138428754084386,True,5844.0,76,-1,5533.76
Uniform1-5000_Seed36_J150_M75,"[0.002368, 0.984830]",75,150,0.2,max_proc,lowest_lower_bound,NO_PROFILING,all_to_shortest,greedy,6050,87,87,5.019953012466431,0.1623338842975206,True,5067.88,85,-1,5067.88
Uniform1-5000_Seed36_J150_M75,"[0.002368, 0.984830]",75,150,0.1,max_proc,lowest_lower_bound,PRUNE,all_to_shortest,greedy,6161,92,92,5.64696216583252,0.1774257425742574,True,5123.0,85,-1,5067.88
Uniform1-5000_Seed37_J150_M75,"[0.003106, 0.961476]",75,150,0.2,max_proc,lowest_lower_bound,NO_PROFILING,all_to_shortest,greedy,6598,77,2001,128.43853664398193,0.2192401737900374,False,5151.453333333333,75,-1,5151.453333333333
Uniform1-5000_Seed37_J150_M75,"[0.003106, 0.961476]",75,150,0.1,max_proc,lowest_lower_bound,PRUNE,all_to_shortest,greedy,6471,80,80,4.580089569091797,0.2039169628599392,True,5386.0,78,-1,5151.453333333333
Uniform1-5000_Seed38_J150_M75,"[0.000200, 1.000000]",75,150,0.2,max_proc,lowest_lower_bound,NO_PROFILING,all_to_shortest,greedy,5959,72,72,3.730535268783569,0.1624433629803658,True,4991.0,70,-1,4991.0
Uniform1-5000_Seed38_J150_M75,"[0.000200, 1.000000]",75,150,0.1,max_proc,lowest_lower_bound,PRUNE,all_to_shortest,greedy,5987,77,77,4.463152885437012,0.1663604476365458,True,4991.0,75,-1,4991.0
Uniform1-5000_Seed39_J150_M75,"[0.003387, 0.993049]",75,150,0.2,max_proc,lowest_lower_bound,NO_PROFILING,all_to_shortest,greedy,6454,238,2001,127.25557589530943,0.2222043177357711,False,5019.893333333333,75,-1,5019.893333333333
Uniform1-5000_Seed39_J150_M75,"[0.003387, 0.993049]",75,150,0.1,max_proc,lowest_lower_bound,PRUNE,all_to_shortest,greedy,6477,75,77,4.2269675731658936,0.2249662909783335,True,5390.0,75,-1,5019.893333333333
Uniform1-5000_Seed40_J150_M75,"[0.011888, 0.955241]",75,150,0.2,max_proc,lowest_lower_bound,NO_PROFILING,all_to_shortest,greedy,6622,75,2001,134.60913157463074,0.212407127755965,False,5215.44,75,-1,5215.44
Uniform1-5000_Seed40_J150_M75,"[0.011888, 0.955241]",75,150,0.1,max_proc,lowest_lower_bound,PRUNE,all_to_shortest,greedy,6523,81,81,4.751350164413452,0.2004537789360724,True,5430.0,79,-1,5215.44
Uniform1-5000_Seed41_J150_M75,"[0.001407, 1.000000]",75,150,0.2,max_proc,lowest_lower_bound,NO_PROFILING,all_to_shortest,greedy,5816,89,89,5.313688039779663,0.1447730398899587,True,4974.0,87,-1,4974.0
Uniform1-5000_Seed41_J150_M75,"[0.001407, 1.000000]",75,150,0.1,max_proc,lowest_lower_bound,PRUNE,all_to_shortest,greedy,5948,80,80,4.100044250488281,0.163752521856086,True,4974.0,77,-1,4974.0
Uniform1-5000_Seed42_J150_M75,"[0.007125, 1.000000]",75,150,0.2,max_proc,lowest_lower_bound,NO_PROFILING,all_to_shortest,greedy,6056,139,2001,122.49284195899963,0.1889035667107001,False,4912.0,75,-1,4912.0
Uniform1-5000_Seed42_J150_M75,"[0.007125, 1.000000]",75,150,0.1,max_proc,lowest_lower_bound,PRUNE,all_to_shortest,greedy,6170,77,77,3.229622602462769,0.2038897893030794,True,5149.0,75,-1,4912.0
Uniform1-5000_Seed43_J150_M75,"[0.006180, 0.932039]",75,150,0.2,max_proc,lowest_lower_bound,NO_PROFILING,all_to_shortest,greedy,6786,773,2001,110.31019020080566,0.21309951861676,False,5339.906666666667,75,-1,5339.906666666667
Uniform1-5000_Seed43_J150_M75,"[0.006180, 0.932039]",75,150,0.1,max_proc,lowest_lower_bound,PRUNE,all_to_shortest,greedy,6854,74,77,4.7053728103637695,0.2209065266024705,True,5697.0,75,-1,5339.906666666667
Uniform1-5000_Seed44_J150_M75,"[0.018138, 1.000000]",75,150,0.2,max_proc,lowest_lower_bound,NO_PROFILING,all_to_shortest,greedy,5880,65,65,3.3940629959106445,0.1561224489795918,True,4962.0,63,-1,4962.0
Uniform1-5000_Seed44_J150_M75,"[0.018138, 1.000000]",75,150,0.1,max_proc,lowest_lower_bound,PRUNE,all_to_shortest,greedy,5834,73,73,3.8087995052337646,0.149468632156325,True,4962.0,71,-1,4962.0
Uniform1-5000_Seed45_J150_M75,"[0.013717, 0.964461]",75,150,0.2,max_proc,lowest_lower_bound,NO_PROFILING,all_to_shortest,greedy,6511,142,2001,125.63937091827393,0.2050458198945374,False,5175.946666666667,75,-1,5175.946666666667
Uniform1-5000_Seed45_J150_M75,"[0.013717, 0.964461]",75,150,0.1,max_proc,lowest_lower_bound,PRUNE,all_to_shortest,greedy,6592,75,77,4.687668800354004,0.2148139158576051,True,5514.0,75,-1,5175.946666666667
Uniform1-5000_Seed46_J150_M75,"[0.003374, 0.988957]",75,150,0.2,max_proc,lowest_lower_bound,NO_PROFILING,all_to_shortest,greedy,6485,76,2001,130.75713920593262,0.2230316114109483,False,5038.64,75,-1,5038.64
Uniform1-5000_Seed46_J150_M75,"[0.003374, 0.988957]",75,150,0.1,max_proc,lowest_lower_bound,PRUNE,all_to_shortest,greedy,6329,82,82,4.70520544052124,0.2038805498498972,True,5289.0,80,-1,5038.64
Uniform1-5000_Seed47_J150_M75,"[0.025814, 0.938525]",75,150,0.2,max_proc,lowest_lower_bound,NO_PROFILING,all_to_shortest,greedy,6802,1947,2001,129.13742876052856,0.2197490934039008,False,5307.266666666666,75,-1,5307.266666666666
Uniform1-5000_Seed47_J150_M75,"[0.025814, 0.938525]",75,150,0.1,max_proc,lowest_lower_bound,PRUNE,all_to_shortest,greedy,6841,77,77,4.360788822174072,0.2241972421185986,True,5674.0,75,-1,5307.266666666666
Uniform1-5000_Seed48_J150_M75,"[0.009629, 0.996640]",75,150,0.2,max_proc,lowest_lower_bound,NO_PROFILING,all_to_shortest,greedy,5948,83,83,4.289889574050903,0.161945752073526,True,4984.746666666667,81,-1,4984.746666666667
Uniform1-5000_Seed48_J150_M75,"[0.009629, 0.996640]",75,150,0.1,max_proc,lowest_lower_bound,PRUNE,all_to_shortest,greedy,6018,112,112,6.5189409255981445,0.1716938074664893,True,4984.746666666667,91,-1,4984.746666666667
Uniform1-5000_Seed49_J150_M75,"[0.000184, 0.918742]",75,150,0.2,max_proc,lowest_lower_bound,NO_PROFILING,all_to_shortest,greedy,6846,794,2001,127.53153467178343,0.2052098549031064,False,5441.133333333333,75,-1,5441.133333333333
Uniform1-5000_Seed49_J150_M75,"[0.000184, 0.918742]",75,150,0.1,max_proc,lowest_lower_bound,PRUNE,all_to_shortest,greedy,6943,76,77,4.3768229484558105,0.2163137932689999,True,5748.0,75,-1,5441.133333333333
Uniform1-5000_Seed50_J150_M75,"[0.006285, 1.000000]",75,150,0.2,max_proc,lowest_lower_bound,NO_PROFILING,all_to_shortest,greedy,5877,82,82,3.9934003353118896,0.1607963246554364,True,4932.0,80,-1,4932.0
Uniform1-5000_Seed50_J150_M75,"[0.006285, 1.000000]",75,150,0.1,max_proc,lowest_lower_bound,PRUNE,all_to_shortest,greedy,5957,71,71,4.170185565948486,0.1720664764143025,True,4932.0,69,-1,4932.0
Uniform1-5000_Seed51_J150_M75,"[0.000605, 1.000000]",75,150,0.2,max_proc,lowest_lower_bound,NO_PROFILING,all_to_shortest,greedy,5939,80,80,4.371932744979858,0.1650109446034686,True,4959.0,78,-1,4959.0
Uniform1-5000_Seed51_J150_M75,"[0.000605, 1.000000]",75,150,0.1,max_proc,lowest_lower_bound,PRUNE,all_to_shortest,greedy,5991,80,80,4.132403373718262,0.172258387581372,True,4986.0,78,-1,4959.0
Uniform1-5000_Seed52_J150_M75,"[0.003352, 0.982528]",75,150,0.2,max_proc,lowest_lower_bound,NO_PROFILING,all_to_shortest,greedy,6294,247,2001,132.19640183448792,0.19421459591145,False,5071.613333333334,76,-1,5071.613333333334
Uniform1-5000_Seed52_J150_M75,"[0.003352, 0.982528]",75,150,0.1,max_proc,lowest_lower_bound,PRUNE,all_to_shortest,greedy,6237,90,90,5.501866340637207,0.1868505157394045,True,5285.0,88,-1,5071.613333333334
Uniform1-5000_Seed53_J150_M75,"[0.007149, 0.990273]",75,150,0.2,max_proc,lowest_lower_bound,NO_PROFILING,all_to_shortest,greedy,6106,133,2001,124.60528564453124,0.1752396549841685,False,5035.986666666667,87,-1,5035.986666666667
Uniform1-5000_Seed53_J150_M75,"[0.007149, 0.990273]",75,150,0.1,max_proc,lowest_lower_bound,PRUNE,all_to_shortest,greedy,6179,131,516,27.734191179275516,0.1849835464206721,True,5116.0,86,-1,5035.986666666667
Uniform1-5000_Seed54_J150_M75,"[0.001805, 1.000000]",75,150,0.2,max_proc,lowest_lower_bound,NO_PROFILING,all_to_shortest,greedy,6121,1731,2001,134.76177835464478,0.1854272177748734,False,4986.0,80,-1,4986.0
Uniform1-5000_Seed54_J150_M75,"[0.001805, 1.000000]",75,150,0.1,max_proc,lowest_lower_bound,PRUNE,all_to_shortest,greedy,6158,76,78,4.543344497680664,0.1903215329652484,True,5110.0,76,-1,4986.0
Uniform1-5000_Seed55_J150_M75,"[0.000797, 0.988090]",75,150,0.2,max_proc,lowest_lower_bound,NO_PROFILING,all_to_shortest,greedy,6425,764,2001,124.1177499294281,0.2188679636835278,False,5018.7733333333335,75,-1,5018.7733333333335
Uniform1-5000_Seed55_J150_M75,"[0.000797, 0.988090]",75,150,0.1,max_proc,lowest_lower_bound,PRUNE,all_to_shortest,greedy,6333,78,78,4.317167043685913,0.2075203958103057,True,5274.0,76,-1,5018.7733333333335
Uniform1-5000_Seed56_J150_M75,"[0.016236, 0.919892]",75,150,0.2,max_proc,lowest_lower_bound,NO_PROFILING,all_to_shortest,greedy,6792,706,2001,140.24838137626648,0.2019729093050648,False,5420.2,75,-1,5420.2
Uniform1-5000_Seed56_J150_M75,"[0.016236, 0.919892]",75,150,0.1,max_proc,lowest_lower_bound,PRUNE,all_to_shortest,greedy,6820,77,77,4.455338478088379,0.2052492668621701,True,5757.0,75,-1,5420.2
Uniform1-5000_Seed57_J150_M75,"[0.016421, 1.000000]",75,150,0.2,max_proc,lowest_lower_bound,NO_PROFILING,all_to_shortest,greedy,5748,73,73,3.619876146316528,0.1630132219902574,True,4811.0,71,-1,4811.0
Uniform1-5000_Seed57_J150_M75,"[0.016421, 1.000000]",75,150,0.1,max_proc,lowest_lower_bound,PRUNE,all_to_shortest,greedy,5724,71,71,3.807629823684693,0.1595038434661076,True,4811.0,69,-1,4811.0
Uniform1-5000_Seed58_J150_M75,"[0.005463, 0.936243]",75,150,0.2,max_proc,lowest_lower_bound,NO_PROFILING,all_to_shortest,greedy,6788,909,2001,128.26559472084045,0.2179650363386368,False,5308.453333333333,75,-1,5308.453333333333
Uniform1-5000_Seed58_J150_M75,"[0.005463, 0.936243]",75,150,0.1,max_proc,lowest_lower_bound,PRUNE,all_to_shortest,greedy,6468,84,84,5.07512640953064,0.1792743764172336,True,5625.0,80,-1,5308.453333333333
Uniform1-5000_Seed59_J150_M75,"[0.000971, 0.970587]",75,150,0.2,max_proc,lowest_lower_bound,NO_PROFILING,all_to_shortest,greedy,6388,1319,2001,125.51170110702516,0.1935629304946774,False,5151.52,83,-1,5151.52
Uniform1-5000_Seed59_J150_M75,"[0.000971, 0.970587]",75,150,0.1,max_proc,lowest_lower_bound,PRUNE,all_to_shortest,greedy,6418,422,422,22.01324844360352,0.1973325023371766,True,5318.0,86,-1,5151.52
Uniform1-5000_Seed60_J150_M75,"[0.006871, 0.923808]",75,150,0.2,max_proc,lowest_lower_bound,NO_PROFILING,all_to_shortest,greedy,6598,954,2001,139.53911352157593,0.1837950894210367,False,5385.32,83,-1,5385.32
Uniform1-5000_Seed60_J150_M75,"[0.006871, 0.923808]",75,150,0.1,max_proc,lowest_lower_bound,PRUNE,all_to_shortest,greedy,6745,86,86,5.198237657546997,0.201583395107487,True,5592.0,83,-1,5385.32
Uniform1-5000_Seed61_J150_M75,"[0.008268, 1.000000]",75,150,0.2,max_proc,lowest_lower_bound,NO_PROFILING,all_to_shortest,greedy,6053,1465,2001,129.18775272369385,0.1807368247150173,False,4959.0,75,-1,4959.0
Uniform1-5000_Seed61_J150_M75,"[0.008268, 1.000000]",75,150,0.1,max_proc,lowest_lower_bound,PRUNE,all_to_shortest,greedy,6227,74,77,4.61028528213501,0.2036293560301911,True,5202.0,75,-1,4959.0
Uniform1-5000_Seed62_J150_M75,"[0.001842, 1.000000]",75,150,0.2,max_proc,lowest_lower_bound,NO_PROFILING,all_to_shortest,greedy,6266,1976,2001,146.20552134513855,0.2203957867858282,False,4885.0,75,-1,4885.0
Uniform1-5000_Seed62_J150_M75,"[0.001842, 1.000000]",75,150,0.1,max_proc,lowest_lower_bound,PRUNE,all_to_shortest,greedy,6348,71,82,4.699374675750732,0.230466288594833,True,5255.0,80,-1,4885.0
Uniform1-5000_Seed63_J150_M75,"[0.003635, 0.949040]",75,150,0.2,max_proc,lowest_lower_bound,NO_PROFILING,all_to_shortest,greedy,6546,178,2001,144.84722113609314,0.2014380283124555,False,5227.386666666666,75,-1,5227.386666666666
Uniform1-5000_Seed63_J150_M75,"[0.003635, 0.949040]",75,150,0.1,max_proc,lowest_lower_bound,PRUNE,all_to_shortest,greedy,6655,75,143,8.63666558265686,0.2145174054595542,True,5510.0,89,-1,5227.386666666666
Uniform1-5000_Seed64_J150_M75,"[0.004731, 1.000000]",75,150,0.2,max_proc,lowest_lower_bound,NO_PROFILING,all_to_shortest,greedy,6104,1333,2001,116.8820457458496,0.2034731323722149,False,4862.0,75,-1,4862.0
Uniform1-5000_Seed64_J150_M75,"[0.004731, 1.000000]",75,150,0.1,max_proc,lowest_lower_bound,PRUNE,all_to_shortest,greedy,6151,74,99,5.018570184707642,0.2095594212323199,True,5094.0,82,-1,4862.0
Uniform1-5000_Seed65_J150_M75,"[0.012493, 0.959254]",75,150,0.2,max_proc,lowest_lower_bound,NO_PROFILING,all_to_shortest,greedy,6301,1366,2001,129.46755838394165,0.1742580542770988,False,5203.0,93,-1,5203.0
Uniform1-5000_Seed65_J150_M75,"[0.012493, 0.959254]",75,150,0.1,max_proc,lowest_lower_bound,PRUNE,all_to_shortest,greedy,6406,295,295,15.6948139667511,0.1877926943490477,True,5334.0,87,-1,5203.0
Uniform1-5000_Seed66_J150_M75,"[0.008566, 0.985146]",75,150,0.2,max_proc,lowest_lower_bound,NO_PROFILING,all_to_shortest,greedy,6303,1387,2001,134.12375688552856,0.2036236712676502,False,5019.56,75,-1,5019.56
Uniform1-5000_Seed66_J150_M75,"[0.008566, 0.985146]",75,150,0.1,max_proc,lowest_lower_bound,PRUNE,all_to_shortest,greedy,6323,66,77,4.462431192398071,0.2061426538035742,True,5275.0,75,-1,5019.56
Uniform1-5000_Seed67_J150_M75,"[0.001830, 1.000000]",75,150,0.2,max_proc,lowest_lower_bound,NO_PROFILING,all_to_shortest,greedy,5797,74,74,3.9349288940429688,0.1516301535276867,True,4918.0,72,-1,4918.0
Uniform1-5000_Seed67_J150_M75,"[0.001830, 1.000000]",75,150,0.1,max_proc,lowest_lower_bound,PRUNE,all_to_shortest,greedy,5813,75,75,4.004733085632324,0.1539652503010493,True,4918.0,73,-1,4918.0
Uniform1-5000_Seed68_J150_M75,"[0.006609, 1.000000]",75,150,0.2,max_proc,lowest_lower_bound,NO_PROFILING,all_to_shortest,greedy,5867,83,83,4.6043477058410645,0.148968808590421,True,4993.0,81,-1,4993.0
Uniform1-5000_Seed68_J150_M75,"[0.006609, 1.000000]",75,150,0.1,max_proc,lowest_lower_bound,PRUNE,all_to_shortest,greedy,5956,84,84,4.539530515670776,0.1616856950973808,True,4993.0,82,-1,4993.0
Uniform1-5000_Seed69_J150_M75,"[0.003673, 0.918184]",75,150,0.2,max_proc,lowest_lower_bound,NO_PROFILING,all_to_shortest,greedy,7095,1047,2001,134.82390785217285,0.2324829692271552,False,5445.533333333334,75,-1,5445.533333333334
Uniform1-5000_Seed69_J150_M75,"[0.003673, 0.918184]",75,150,0.1,max_proc,lowest_lower_bound,PRUNE,all_to_shortest,greedy,7042,85,85,4.454916954040527,0.2267064280980781,True,5874.0,80,-1,5445.533333333334
Uniform1-5000_Seed70_J150_M75,"[0.006494, 0.927483]",75,150,0.2,max_proc,lowest_lower_bound,NO_PROFILING,all_to_shortest,greedy,6802,1767,2001,135.04488372802734,0.2076075664020386,False,5389.8533333333335,75,-1,5389.8533333333335
Uniform1-5000_Seed70_J150_M75,"[0.006494, 0.927483]",75,150,0.1,max_proc,lowest_lower_bound,PRUNE,all_to_shortest,greedy,6659,90,90,5.124982833862305,0.1905911798568353,True,5575.0,78,-1,5389.8533333333335
Uniform1-5000_Seed71_J150_M75,"[0.011392, 0.961786]",75,150,0.2,max_proc,lowest_lower_bound,NO_PROFILING,all_to_shortest,greedy,6673,1443,2001,141.41210627555847,0.2239012937709176,False,5178.906666666667,75,-1,5178.906666666667
Uniform1-5000_Seed71_J150_M75,"[0.011392, 0.961786]",75,150,0.1,max_proc,lowest_lower_bound,PRUNE,all_to_shortest,greedy,6686,66,77,4.070669412612915,0.2254103101007079,True,5527.0,75,-1,5178.906666666667
Uniform1-5000_Seed72_J150_M75,"[0.006918, 0.983277]",75,150,0.2,max_proc,lowest_lower_bound,NO_PROFILING,all_to_shortest,greedy,6412,220,2001,131.96313285827637,0.2109149511332917,False,5059.613333333334,75,-1,5059.613333333334
Uniform1-5000_Seed72_J150_M75,"[0.006918, 0.983277]",75,150,0.1,max_proc,lowest_lower_bound,PRUNE,all_to_shortest,greedy,6324,79,79,4.6537017822265625,0.1999346405228757,True,5378.0,77,-1,5059.613333333334
Uniform1-5000_Seed73_J150_M75,"[0.007238, 1.000000]",75,150,0.2,max_proc,lowest_lower_bound,NO_PROFILING,all_to_shortest,greedy,5813,79,79,4.2635886669158936,0.1443316703939446,True,4974.0,77,-1,4974.0
Uniform1-5000_Seed73_J150_M75,"[0.007238, 1.000000]",75,150,0.1,max_proc,lowest_lower_bound,PRUNE,all_to_shortest,greedy,5873,82,82,4.913950681686401,0.1530733866848288,True,4974.0,77,-1,4974.0
Uniform1-5000_Seed74_J150_M75,"[0.021582, 0.997357]",75,150,0.2,max_proc,lowest_lower_bound,NO_PROFILING,all_to_shortest,greedy,6387,1303,2001,146.7327024936676,0.2164980950889828,False,5004.2266666666665,75,-1,5004.2266666666665
Uniform1-5000_Seed74_J150_M75,"[0.021582, 0.997357]",75,150,0.1,max_proc,lowest_lower_bound,PRUNE,all_to_shortest,greedy,6290,83,83,5.37587571144104,0.2044154742978272,True,5226.0,81,-1,5004.2266666666665
Uniform1-5000_Seed75_J150_M75,"[0.003314, 0.917820]",75,150,0.2,max_proc,lowest_lower_bound,NO_PROFILING,all_to_shortest,greedy,6855,1571,2001,141.73938536643982,0.2076810114271821,False,5431.346666666666,75,-1,5431.346666666666
Uniform1-5000_Seed75_J150_M75,"[0.003314, 0.917820]",75,150,0.1,max_proc,lowest_lower_bound,PRUNE,all_to_shortest,greedy,6879,76,77,4.549628734588623,0.2104453166642438,True,5732.0,75,-1,5431.346666666666
Uniform1-5000_Seed76_J150_M75,"[0.005535, 0.951619]",75,150,0.2,max_proc,lowest_lower_bound,NO_PROFILING,all_to_shortest,greedy,6686,669,2001,139.73648476600647,0.2163485890916343,False,5239.493333333333,77,-1,5239.493333333333
Uniform1-5000_Seed76_J150_M75,"[0.005535, 0.951619]",75,150,0.1,max_proc,lowest_lower_bound,PRUNE,all_to_shortest,greedy,6505,84,84,4.808860540390015,0.1945436843453754,True,5443.0,82,-1,5239.493333333333
Uniform1-5000_Seed77_J150_M75,"[0.004343, 0.938933]",75,150,0.2,max_proc,lowest_lower_bound,NO_PROFILING,all_to_shortest,greedy,6782,1015,2001,133.0737874507904,0.2190445296372752,False,5296.44,75,-1,5296.44
Uniform1-5000_Seed77_J150_M75,"[0.004343, 0.938933]",75,150,0.1,max_proc,lowest_lower_bound,PRUNE,all_to_shortest,greedy,6651,70,79,4.441056251525879,0.2036626071267479,True,5507.0,76,-1,5296.44
Uniform1-5000_Seed78_J150_M75,"[0.004327, 0.876083]",75,150,0.2,max_proc,lowest_lower_bound,NO_PROFILING,all_to_shortest,greedy,6955,1463,2001,126.75010132789612,0.2025478073328541,False,5546.28,75,-1,5546.28
Uniform1-5000_Seed78_J150_M75,"[0.004327, 0.876083]",75,150,0.1,max_proc,lowest_lower_bound,PRUNE,all_to_shortest,greedy,6925,77,77,4.329941272735596,0.1990931407942238,True,5837.0,75,-1,5546.28
Uniform1-5000_Seed79_J150_M75,"[0.001201, 1.000000]",75,150,0.2,max_proc,lowest_lower_bound,NO_PROFILING,all_to_shortest,greedy,5957,66,66,3.129858493804932,0.1613228134967265,True,4996.0,64,-1,4996.0
Uniform1-5000_Seed79_J150_M75,"[0.001201, 1.000000]",75,150,0.1,max_proc,lowest_lower_bound,PRUNE,all_to_shortest,greedy,6089,75,77,4.273162841796875,0.1795040236492034,True,5117.0,75,-1,4996.0
Uniform1-5000_Seed80_J150_M75,"[0.004303, 1.000000]",75,150,0.2,max_proc,lowest_lower_bound,NO_PROFILING,all_to_shortest,greedy,5840,80,80,4.582256317138672,0.1643835616438356,True,4880.0,78,-1,4880.0
Uniform1-5000_Seed80_J150_M75,"[0.004303, 1.000000]",75,150,0.1,max_proc,lowest_lower_bound,PRUNE,all_to_shortest,greedy,5997,68,80,4.609289407730103,0.1862597965649491,True,4963.0,77,-1,4880.0
Uniform1-5000_Seed81_J150_M75,"[0.002201, 1.000000]",75,150,0.2,max_proc,lowest_lower_bound,NO_PROFILING,all_to_shortest,greedy,5982,85,85,4.775391101837158,0.1646606486125041,True,4997.0,83,-1,4997.0
Uniform1-5000_Seed81_J150_M75,"[0.002201, 1.000000]",75,150,0.1,max_proc,lowest_lower_bound,PRUNE,all_to_shortest,greedy,5887,104,104,5.626793384552002,0.151180567351792,True,5014.0,90,-1,4997.0
Uniform1-5000_Seed82_J150_M75,"[0.007069, 1.000000]",75,150,0.2,max_proc,lowest_lower_bound,NO_PROFILING,all_to_shortest,greedy,5824,66,66,3.460167646408081,0.149896978021978,True,4951.0,64,-1,4951.0
Uniform1-5000_Seed82_J150_M75,"[0.007069, 1.000000]",75,150,0.1,max_proc,lowest_lower_bound,PRUNE,all_to_shortest,greedy,5967,66,66,3.5929884910583496,0.1702698173286408,True,4951.0,64,-1,4951.0
Uniform1-5000_Seed83_J150_M75,"[0.014223, 1.000000]",75,150,0.2,max_proc,lowest_lower_bound,NO_PROFILING,all_to_shortest,greedy,6190,992,2001,134.76450896263125,0.1935379644588045,False,4992.0,75,-1,4992.0
Uniform1-5000_Seed83_J150_M75,"[0.014223, 1.000000]",75,150,0.1,max_proc,lowest_lower_bound,PRUNE,all_to_shortest,greedy,6270,78,78,4.244132518768311,0.2038277511961722,True,5237.0,76,-1,4992.0
Uniform1-5000_Seed84_J150_M75,"[0.001855, 0.927463]",75,150,0.2,max_proc,lowest_lower_bound,NO_PROFILING,all_to_shortest,greedy,7165,1766,2001,146.77920842170715,0.2477357525005815,False,5389.973333333333,75,-1,5389.973333333333
Uniform1-5000_Seed84_J150_M75,"[0.001855, 0.927463]",75,150,0.1,max_proc,lowest_lower_bound,PRUNE,all_to_shortest,greedy,7208,74,77,5.04840898513794,0.2522234554199038,True,6251.0,75,-1,5389.973333333333
Uniform1-5000_Seed85_J150_M75,"[0.002975, 0.979136]",75,150,0.2,max_proc,lowest_lower_bound,NO_PROFILING,all_to_shortest,greedy,6105,706,2001,134.66500115394592,0.1740868140868141,False,5042.2,94,-1,5042.2
Uniform1-5000_Seed85_J150_M75,"[0.002975, 0.979136]",75,150,0.1,max_proc,lowest_lower_bound,PRUNE,all_to_shortest,greedy,6188,235,319,21.42585587501526,0.1851648351648352,True,5127.0,93,-1,5042.2
Uniform1-5000_Seed86_J150_M75,"[0.011807, 1.000000]",75,150,0.2,max_proc,lowest_lower_bound,NO_PROFILING,all_to_shortest,greedy,5974,84,84,4.182221174240112,0.1635420154000669,True,4997.0,82,-1,4997.0
Uniform1-5000_Seed86_J150_M75,"[0.011807, 1.000000]",75,150,0.1,max_proc,lowest_lower_bound,PRUNE,all_to_shortest,greedy,6068,83,84,5.218908548355103,0.1764996704021094,True,5043.0,77,-1,4997.0
Uniform1-5000_Seed87_J150_M75,"[0.000808, 1.000000]",75,150,0.2,max_proc,lowest_lower_bound,NO_PROFILING,all_to_shortest,greedy,5873,91,91,5.242190599441528,0.1568193427549804,True,4952.0,89,-1,4952.0
Uniform1-5000_Seed87_J150_M75,"[0.000808, 1.000000]",75,150,0.1,max_proc,lowest_lower_bound,PRUNE,all_to_shortest,greedy,6066,87,87,5.367210865020752,0.1836465545664358,True,5049.0,84,-1,4952.0
Uniform1-5000_Seed88_J150_M75,"[0.001500, 0.935548]",75,150,0.2,max_proc,lowest_lower_bound,NO_PROFILING,all_to_shortest,greedy,7021,1299,2001,135.9702205657959,0.2403114466125433,False,5333.7733333333335,75,-1,5333.7733333333335
Uniform1-5000_Seed88_J150_M75,"[0.001500, 0.935548]",75,150,0.1,max_proc,lowest_lower_bound,PRUNE,all_to_shortest,greedy,7029,76,77,3.923384189605713,0.2411760800493194,True,5831.0,75,-1,5333.7733333333335
Uniform1-5000_Seed89_J150_M75,"[0.006412, 1.000000]",75,150,0.2,max_proc,lowest_lower_bound,NO_PROFILING,all_to_shortest,greedy,5595,62,62,2.9807240962982178,0.1079535299374441,True,4991.0,60,-1,4991.0
Uniform1-5000_Seed89_J150_M75,"[0.006412, 1.000000]",75,150,0.1,max_proc,lowest_lower_bound,PRUNE,all_to_shortest,greedy,5836,58,58,3.039869785308838,0.1447909527073338,True,4991.0,56,-1,4991.0
Uniform1-5000_Seed90_J150_M75,"[0.006562, 0.956906]",75,150,0.2,max_proc,lowest_lower_bound,NO_PROFILING,all_to_shortest,greedy,6445,222,2001,132.96462440490723,0.196077579519007,False,5181.28,79,-1,5181.28
Uniform1-5000_Seed90_J150_M75,"[0.006562, 0.956906]",75,150,0.1,max_proc,lowest_lower_bound,PRUNE,all_to_shortest,greedy,6509,78,78,4.909537076950073,0.2039821785220464,True,5403.0,76,-1,5181.28
Uniform1-5000_Seed91_J150_M75,"[0.004435, 0.959862]",75,150,0.2,max_proc,lowest_lower_bound,NO_PROFILING,all_to_shortest,greedy,6163,86,86,4.480295419692993,0.1585007301638812,True,5186.16,84,-1,5186.16
Uniform1-5000_Seed91_J150_M75,"[0.004435, 0.959862]",75,150,0.1,max_proc,lowest_lower_bound,PRUNE,all_to_shortest,greedy,6311,108,141,8.031669616699219,0.1782348280779591,True,5228.0,86,-1,5186.16
Uniform1-5000_Seed92_J150_M75,"[0.000586, 0.969285]",75,150,0.2,max_proc,lowest_lower_bound,NO_PROFILING,all_to_shortest,greedy,6398,1514,2001,134.12552046775818,0.2001917265812233,False,5117.173333333333,75,-1,5117.173333333333
Uniform1-5000_Seed92_J150_M75,"[0.000586, 0.969285]",75,150,0.1,max_proc,lowest_lower_bound,PRUNE,all_to_shortest,greedy,6426,78,78,4.752392292022705,0.2036767299512397,True,5457.0,76,-1,5117.173333333333
Uniform1-5000_Seed93_J150_M75,"[0.003807, 0.940614]",75,150,0.2,max_proc,lowest_lower_bound,NO_PROFILING,all_to_shortest,greedy,6691,936,2001,114.5855233669281,0.2147641109948687,False,5254.013333333333,77,-1,5254.013333333333
Uniform1-5000_Seed93_J150_M75,"[0.003807, 0.940614]",75,150,0.1,max_proc,lowest_lower_bound,PRUNE,all_to_shortest,greedy,6567,87,88,3.918242692947388,0.1999370590325364,True,5476.0,82,-1,5254.013333333333
Uniform1-5000_Seed94_J150_M75,"[0.002851, 0.948973]",75,150,0.2,max_proc,lowest_lower_bound,NO_PROFILING,all_to_shortest,greedy,6348,752,2001,105.0972752571106,0.1711594202898551,False,5261.48,95,-1,5261.48
Uniform1-5000_Seed94_J150_M75,"[0.002851, 0.948973]",75,150,0.1,max_proc,lowest_lower_bound,PRUNE,all_to_shortest,greedy,6350,187,187,8.08085298538208,0.1714204724409449,True,5261.48,93,-1,5261.48
Uniform1-5000_Seed95_J150_M75,"[0.000818, 0.986533]",75,150,0.2,max_proc,lowest_lower_bound,NO_PROFILING,all_to_shortest,greedy,5859,180,180,7.474308729171753,0.165584570745861,True,4888.84,94,-1,4888.84
Uniform1-5000_Seed95_J150_M75,"[0.000818, 0.986533]",75,150,0.1,max_proc,lowest_lower_bound,PRUNE,all_to_shortest,greedy,5894,112,112,4.916749477386475,0.1705395317271801,True,4888.84,94,-1,4888.84
Uniform1-5000_Seed96_J150_M75,"[0.001760, 0.977629]",75,150,0.2,max_proc,lowest_lower_bound,NO_PROFILING,all_to_shortest,greedy,6351,561,2001,104.25270962715148,0.1947073951608671,False,5114.413333333333,79,-1,5114.413333333333
Uniform1-5000_Seed96_J150_M75,"[0.001760, 0.977629]",75,150,0.1,max_proc,lowest_lower_bound,PRUNE,all_to_shortest,greedy,6371,88,88,3.848520517349243,0.1972353895254539,True,5303.0,85,-1,5114.413333333333
Uniform1-5000_Seed97_J150_M75,"[0.001579, 0.976607]",75,150,0.2,max_proc,lowest_lower_bound,NO_PROFILING,all_to_shortest,greedy,6285,1295,2001,104.6610312461853,0.1937077698223282,False,5067.546666666667,75,-1,5067.546666666667
Uniform1-5000_Seed97_J150_M75,"[0.001579, 0.976607]",75,150,0.1,max_proc,lowest_lower_bound,PRUNE,all_to_shortest,greedy,6356,75,77,3.633745193481445,0.2027144954898258,True,5378.0,75,-1,5067.546666666667
Uniform1-5000_Seed98_J150_M75,"[0.000600, 1.000000]",75,150,0.2,max_proc,lowest_lower_bound,NO_PROFILING,all_to_shortest,greedy,5955,73,73,3.316968441009521,0.160369437447523,True,5000.0,71,-1,5000.0
Uniform1-5000_Seed98_J150_M75,"[0.000600, 1.000000]",75,150,0.1,max_proc,lowest_lower_bound,PRUNE,all_to_shortest,greedy,5959,76,76,3.526407480239868,0.160933042456788,True,5000.0,74,-1,5000.0
Uniform1-5000_Seed99_J150_M75,"[0.002282, 0.940488]",75,150,0.2,max_proc,lowest_lower_bound,NO_PROFILING,all_to_shortest,greedy,6711,718,2001,112.71269631385805,0.2165241146376595,False,5257.906666666667,75,-1,5257.906666666667
Uniform1-5000_Seed99_J150_M75,"[0.002282, 0.940488]",75,150,0.1,max_proc,lowest_lower_bound,PRUNE,all_to_shortest,greedy,6819,73,77,3.5170247554779053,0.2289328836095224,True,5672.0,75,-1,5257.906666666667
Uniform1-5000_Seed100_J150_M75,"[0.000584, 0.972592]",75,150,0.2,max_proc,lowest_lower_bound,NO_PROFILING,all_to_shortest,greedy,6311,648,2001,107.96120381355286,0.1863835630908994,False,5134.733333333334,75,-1,5134.733333333334
Uniform1-5000_Seed100_J150_M75,"[0.000584, 0.972592]",75,150,0.1,max_proc,lowest_lower_bound,PRUNE,all_to_shortest,greedy,6367,77,77,3.225519180297852,0.1935396052562692,True,5435.0,75,-1,5134.733333333334
Uniform1-5000_Seed1_J200_M100,"[0.003201, 1.000000]",100,200,0.2,max_proc,lowest_lower_bound,NO_PROFILING,all_to_shortest,greedy,5967,96,96,8.09394359588623,0.2055304172951231,True,4998.0,94,-1,4740.6
Uniform1-5000_Seed1_J200_M100,"[0.003201, 1.000000]",100,200,0.1,max_proc,lowest_lower_bound,PRUNE,all_to_shortest,greedy,6021,96,96,8.40606689453125,0.2126557050323866,True,4998.0,94,-1,4740.6
Uniform1-5000_Seed2_J200_M100,"[0.003881, 0.970069]",100,200,0.2,max_proc,lowest_lower_bound,NO_PROFILING,all_to_shortest,greedy,6581,673,2001,232.8624231815338,0.216951831028719,False,5153.24,100,-1,5153.24
Uniform1-5000_Seed2_J200_M100,"[0.003881, 0.970069]",100,200,0.1,max_proc,lowest_lower_bound,PRUNE,all_to_shortest,greedy,6570,101,102,11.799015998840332,0.2156407914764079,True,5581.0,100,-1,5153.24
Uniform1-5000_Seed3_J200_M100,"[0.002802, 1.000000]",100,200,0.2,max_proc,lowest_lower_bound,NO_PROFILING,all_to_shortest,greedy,5994,117,117,11.994003295898438,0.1734467801134468,True,4997.0,115,-1,4954.36
Uniform1-5000_Seed3_J200_M100,"[0.002802, 1.000000]",100,200,0.1,max_proc,lowest_lower_bound,PRUNE,all_to_shortest,greedy,6036,118,118,12.92199730873108,0.1791981444665341,True,4997.0,116,-1,4954.36
Uniform1-5000_Seed4_J200_M100,"[0.001951, 0.954375]",100,200,0.2,max_proc,lowest_lower_bound,NO_PROFILING,all_to_shortest,greedy,6417,460,2001,224.28265047073364,0.2012046127473897,False,5125.87,100,-1,5125.87
Uniform1-5000_Seed4_J200_M100,"[0.001951, 0.954375]",100,200,0.1,max_proc,lowest_lower_bound,PRUNE,all_to_shortest,greedy,6551,101,102,9.560752391815186,0.2175438864295527,True,5428.0,100,-1,5125.87
Uniform1-5000_Seed5_J200_M100,"[0.007365, 0.994646]",100,200,0.2,max_proc,lowest_lower_bound,NO_PROFILING,all_to_shortest,greedy,6668,398,2001,201.90946626663208,0.2465656868626275,False,5023.9,100,-1,5023.9
Uniform1-5000_Seed5_J200_M100,"[0.007365, 0.994646]",100,200,0.1,max_proc,lowest_lower_bound,PRUNE,all_to_shortest,greedy,6366,106,106,9.38832688331604,0.210823122840088,True,5441.0,101,-1,5023.9
Uniform1-5000_Seed6_J200_M100,"[0.002000, 1.000000]",100,200,0.2,max_proc,lowest_lower_bound,NO_PROFILING,all_to_shortest,greedy,5873,104,104,9.192631006240845,0.1811816788694023,True,5000.0,102,-1,4808.92
Uniform1-5000_Seed6_J200_M100,"[0.002000, 1.000000]",100,200,0.1,max_proc,lowest_lower_bound,PRUNE,all_to_shortest,greedy,5954,112,112,10.063284873962402,0.1923211286530063,True,5000.0,104,-1,4808.92
Uniform1-5000_Seed7_J200_M100,"[0.002385, 0.987940]",100,200,0.2,max_proc,lowest_lower_bound,NO_PROFILING,all_to_shortest,greedy,6537,1815,2001,212.1994519233704,0.230431390546122,False,5030.67,100,-1,5030.67
Uniform1-5000_Seed7_J200_M100,"[0.002385, 0.987940]",100,200,0.1,max_proc,lowest_lower_bound,PRUNE,all_to_shortest,greedy,6467,103,103,10.304839611053469,0.2221014380702025,True,5345.0,100,-1,5030.67
Uniform1-5000_Seed8_J200_M100,"[0.005371, 0.916429]",100,200,0.2,max_proc,lowest_lower_bound,NO_PROFILING,all_to_shortest,greedy,7051,685,2001,228.579087972641,0.2342618068359097,False,5399.22,100,-1,5399.22
Uniform1-5000_Seed8_J200_M100,"[0.005371, 0.916429]",100,200,0.1,max_proc,lowest_lower_bound,PRUNE,all_to_shortest,greedy,6883,109,109,10.544675827026367,0.215571698387331,True,5755.0,102,-1,5399.22
Uniform1-5000_Seed9_J200_M100,"[0.000194, 0.959768]",100,200,0.2,max_proc,lowest_lower_bound,NO_PROFILING,all_to_shortest,greedy,6558,498,2001,236.48610758781436,0.2126029277218664,False,5163.75,100,-1,5163.75
Uniform1-5000_Seed9_J200_M100,"[0.000194, 0.959768]",100,200,0.1,max_proc,lowest_lower_bound,PRUNE,all_to_shortest,greedy,6575,102,102,10.991449356079102,0.2146387832699619,True,5530.0,100,-1,5163.75
Uniform1-5000_Seed10_J200_M100,"[0.008485, 0.937894]",100,200,0.2,max_proc,lowest_lower_bound,NO_PROFILING,all_to_shortest,greedy,6743,102,2001,222.69348812103271,0.2134999258490286,False,5303.37,100,-1,5303.37
Uniform1-5000_Seed10_J200_M100,"[0.008485, 0.937894]",100,200,0.1,max_proc,lowest_lower_bound,PRUNE,all_to_shortest,greedy,6555,116,116,11.081578969955444,0.1909427917620137,True,5552.0,114,-1,5303.37
Uniform1-5000_Seed11_J200_M100,"[0.000191, 0.954271]",100,200,0.2,max_proc,lowest_lower_bound,NO_PROFILING,all_to_shortest,greedy,6763,1863,2001,218.42875719070437,0.2257193553156883,False,5236.46,100,-1,5236.46
Uniform1-5000_Seed11_J200_M100,"[0.000191, 0.954271]",100,200,0.1,max_proc,lowest_lower_bound,PRUNE,all_to_shortest,greedy,6670,125,125,12.650331020355225,0.2149235382308845,True,5663.0,107,-1,5236.46
Uniform1-5000_Seed12_J200_M100,"[0.006217, 1.000000]",100,200,0.2,max_proc,lowest_lower_bound,NO_PROFILING,all_to_shortest,greedy,6353,814,2001,201.8902633190155,0.2151739335746891,False,4986.0,102,-1,4986.0
Uniform1-5000_Seed12_J200_M100,"[0.006217, 1.000000]",100,200,0.1,max_proc,lowest_lower_bound,PRUNE,all_to_shortest,greedy,6181,119,130,12.39965271949768,0.1933344119074583,True,5159.0,110,-1,4986.0
Uniform1-5000_Seed13_J200_M100,"[0.002409, 1.000000]",100,200,0.2,max_proc,lowest_lower_bound,NO_PROFILING,all_to_shortest,greedy,5958,114,114,10.896576881408691,0.2028499496475327,True,4981.0,112,-1,4749.42
Uniform1-5000_Seed13_J200_M100,"[0.002409, 1.000000]",100,200,0.1,max_proc,lowest_lower_bound,PRUNE,all_to_shortest,greedy,6063,104,104,9.992221355438232,0.2166551212271152,True,5024.0,100,-1,4749.42
Uniform1-5000_Seed14_J200_M100,"[0.003062, 0.949669]",100,200,0.2,max_proc,lowest_lower_bound,NO_PROFILING,all_to_shortest,greedy,6634,1961,2001,211.7214868068695,0.2123937292734399,False,5224.98,100,-1,5224.98
Uniform1-5000_Seed14_J200_M100,"[0.003062, 0.949669]",100,200,0.1,max_proc,lowest_lower_bound,PRUNE,all_to_shortest,greedy,6584,103,103,10.16594099998474,0.2064125151883354,True,5454.0,101,-1,5224.98
Uniform1-5000_Seed15_J200_M100,"[0.003979, 0.990649]",100,200,0.2,max_proc,lowest_lower_bound,NO_PROFILING,all_to_shortest,greedy,6420,298,2001,216.57638454437256,0.2171339563862928,False,5026.0,100,-1,5026.0
Uniform1-5000_Seed15_J200_M100,"[0.003979, 0.990649]",100,200,0.1,max_proc,lowest_lower_bound,PRUNE,all_to_shortest,greedy,6405,92,102,9.730989933013916,0.2153005464480874,True,5351.0,100,-1,5026.0
Uniform1-5000_Seed16_J200_M100,"[0.001338, 0.952782]",100,200,0.2,max_proc,lowest_lower_bound,NO_PROFILING,all_to_shortest,greedy,6866,1074,2001,220.3616523742676,0.2382828429944655,False,5229.95,100,-1,5229.95
Uniform1-5000_Seed16_J200_M100,"[0.001338, 0.952782]",100,200,0.1,max_proc,lowest_lower_bound,PRUNE,all_to_shortest,greedy,6905,101,102,10.098232507705688,0.2425850832729906,True,5750.0,100,-1,5229.95
Uniform1-5000_Seed17_J200_M100,"[0.004269, 0.924004]",100,200,0.2,max_proc,lowest_lower_bound,NO_PROFILING,all_to_shortest,greedy,6929,1853,2001,235.39543294906616,0.2224823206811949,False,5387.42,100,-1,5387.42
Uniform1-5000_Seed17_J200_M100,"[0.004269, 0.924004]",100,200,0.1,max_proc,lowest_lower_bound,PRUNE,all_to_shortest,greedy,6807,107,107,10.684664011001589,0.2085470838842368,True,5669.0,103,-1,5387.42
Uniform1-5000_Seed18_J200_M100,"[0.008959, 0.952323]",100,200,0.2,max_proc,lowest_lower_bound,NO_PROFILING,all_to_shortest,greedy,6704,180,2001,224.6932418346405,0.2174642004773269,False,5246.12,100,-1,5246.12
Uniform1-5000_Seed18_J200_M100,"[0.008959, 0.952323]",100,200,0.1,max_proc,lowest_lower_bound,PRUNE,all_to_shortest,greedy,6754,98,102,10.30294704437256,0.223257328990228,True,5763.0,100,-1,5246.12
Uniform1-5000_Seed19_J200_M100,"[0.001075, 0.896040]",100,200,0.2,max_proc,lowest_lower_bound,NO_PROFILING,all_to_shortest,greedy,6954,336,2001,218.01441860198972,0.197729364394593,False,5578.99,100,-1,5578.99
Uniform1-5000_Seed19_J200_M100,"[0.001075, 0.896040]",100,200,0.1,max_proc,lowest_lower_bound,PRUNE,all_to_shortest,greedy,7031,111,113,11.2682683467865,0.2065154316597924,True,5818.0,111,-1,5578.99
Uniform1-5000_Seed20_J200_M100,"[0.008880, 0.998361]",100,200,0.2,max_proc,lowest_lower_bound,NO_PROFILING,all_to_shortest,greedy,6178,711,2001,211.1146140098572,0.1979410812560699,False,4955.12,108,-1,4955.12
Uniform1-5000_Seed20_J200_M100,"[0.008880, 0.998361]",100,200,0.1,max_proc,lowest_lower_bound,PRUNE,all_to_shortest,greedy,6047,166,166,17.005196571350098,0.1805655697039854,True,5076.0,112,-1,4955.12
Uniform1-5000_Seed21_J200_M100,"[0.001806, 1.000000]",100,200,0.2,max_proc,lowest_lower_bound,NO_PROFILING,all_to_shortest,greedy,5902,73,73,6.200263261795044,0.1557099288376821,True,4983.0,71,-1,4983.0
Uniform1-5000_Seed21_J200_M100,"[0.001806, 1.000000]",100,200,0.1,max_proc,lowest_lower_bound,PRUNE,all_to_shortest,greedy,5965,69,69,6.2807090282440186,0.1646269907795473,True,4983.0,67,-1,4983.0
Uniform1-5000_Seed22_J200_M100,"[0.002004, 1.000000]",100,200,0.2,max_proc,lowest_lower_bound,NO_PROFILING,all_to_shortest,greedy,6158,1159,2001,208.63088965415955,0.1896719714192919,False,4990.0,100,-1,4990.0
Uniform1-5000_Seed22_J200_M100,"[0.002004, 1.000000]",100,200,0.1,max_proc,lowest_lower_bound,PRUNE,all_to_shortest,greedy,6257,104,104,10.128711223602297,0.2024932076074796,True,5181.0,101,-1,4990.0
Uniform1-5000_Seed23_J200_M100,"[0.007859, 0.980997]",100,200,0.2,max_proc,lowest_lower_bound,NO_PROFILING,all_to_shortest,greedy,6373,112,2001,219.30951857566836,0.2013619959202886,False,5089.72,110,-1,5089.72
Uniform1-5000_Seed23_J200_M100,"[0.007859, 0.980997]",100,200,0.1,max_proc,lowest_lower_bound,PRUNE,all_to_shortest,greedy,6419,140,717,73.5687358379364,0.2070852157656955,True,5353.0,111,-1,5089.72
Uniform1-5000_Seed24_J200_M100,"[0.003723, 0.972331]",100,200,0.2,max_proc,lowest_lower_bound,NO_PROFILING,all_to_shortest,greedy,6635,1483,2001,203.22037053108212,0.2308666164280332,False,5103.2,100,-1,5103.2
Uniform1-5000_Seed24_J200_M100,"[0.003723, 0.972331]",100,200,0.1,max_proc,lowest_lower_bound,PRUNE,all_to_shortest,greedy,6676,101,103,9.871984481811523,0.2355901737567406,True,5523.0,100,-1,5103.2
Uniform1-5000_Seed25_J200_M100,"[0.003031, 1.000000]",100,200,0.2,max_proc,lowest_lower_bound,NO_PROFILING,all_to_shortest,greedy,6196,909,2001,198.37642002105716,0.2012588766946417,False,4949.0,100,-1,4949.0
Uniform1-5000_Seed25_J200_M100,"[0.003031, 1.000000]",100,200,0.1,max_proc,lowest_lower_bound,PRUNE,all_to_shortest,greedy,6271,90,102,9.153939723968506,0.210811672779461,True,5198.0,100,-1,4949.0
Uniform1-5000_Seed26_J200_M100,"[0.004634, 0.925734]",100,200,0.2,max_proc,lowest_lower_bound,NO_PROFILING,all_to_shortest,greedy,6764,316,2001,219.4317152500153,0.2024482554701359,False,5394.64,100,-1,5394.64
Uniform1-5000_Seed26_J200_M100,"[0.004634, 0.925734]",100,200,0.1,max_proc,lowest_lower_bound,PRUNE,all_to_shortest,greedy,6939,102,102,10.279494285583496,0.2225623288658307,True,5770.0,100,-1,5394.64
Uniform1-5000_Seed27_J200_M100,"[0.025288, 1.000000]",100,200,0.2,max_proc,lowest_lower_bound,NO_PROFILING,all_to_shortest,greedy,6132,250,2001,205.71435856819156,0.193900848010437,False,4943.0,100,-1,4943.0
Uniform1-5000_Seed27_J200_M100,"[0.025288, 1.000000]",100,200,0.1,max_proc,lowest_lower_bound,PRUNE,all_to_shortest,greedy,6104,107,107,10.67329454421997,0.1902031454783748,True,5089.0,105,-1,4943.0
Uniform1-5000_Seed28_J200_M100,"[0.009252, 1.000000]",100,200,0.2,max_proc,lowest_lower_bound,NO_PROFILING,all_to_shortest,greedy,5883,101,101,8.909512519836426,0.1548529661737208,True,4972.0,99,-1,4972.0
Uniform1-5000_Seed28_J200_M100,"[0.009252, 1.000000]",100,200,0.1,max_proc,lowest_lower_bound,PRUNE,all_to_shortest,greedy,5942,103,103,9.690046310424805,0.163244698754628,True,4972.0,101,-1,4972.0
Uniform1-5000_Seed29_J200_M100,"[0.000800, 1.000000]",100,200,0.2,max_proc,lowest_lower_bound,NO_PROFILING,all_to_shortest,greedy,6107,459,2001,219.6899988651276,0.1814311445881775,False,4999.0,115,-1,4999.0
Uniform1-5000_Seed29_J200_M100,"[0.000800, 1.000000]",100,200,0.1,max_proc,lowest_lower_bound,PRUNE,all_to_shortest,greedy,6189,98,2001,222.6842784881592,0.1922766198093391,False,5106.0,112,-1,4999.0
Uniform1-5000_Seed30_J200_M100,"[0.001201, 1.000000]",100,200,0.2,max_proc,lowest_lower_bound,NO_PROFILING,all_to_shortest,greedy,5958,105,105,9.29338002204895,0.161631419939577,True,4995.0,103,-1,4995.0
Uniform1-5000_Seed30_J200_M100,"[0.001201, 1.000000]",100,200,0.1,max_proc,lowest_lower_bound,PRUNE,all_to_shortest,greedy,5958,106,106,9.490782260894775,0.161631419939577,True,4995.0,104,-1,4995.0
Uniform1-5000_Seed31_J200_M100,"[0.002806, 1.000000]",100,200,0.2,max_proc,lowest_lower_bound,NO_PROFILING,all_to_shortest,greedy,6312,151,2001,203.42457962036133,0.2094423320659062,False,4990.0,104,-1,4990.0
Uniform1-5000_Seed31_J200_M100,"[0.002806, 1.000000]",100,200,0.1,max_proc,lowest_lower_bound,PRUNE,all_to_shortest,greedy,6135,111,111,10.702878713607788,0.1866340668296658,True,5150.0,109,-1,4990.0
Uniform1-5000_Seed32_J200_M100,"[0.001979, 0.987981]",100,200,0.2,max_proc,lowest_lower_bound,NO_PROFILING,all_to_shortest,greedy,6100,1051,2001,209.7439398765564,0.1715180327868853,False,5053.74,122,-1,5053.74
Uniform1-5000_Seed32_J200_M100,"[0.001979, 0.987981]",100,200,0.1,max_proc,lowest_lower_bound,PRUNE,all_to_shortest,greedy,6286,322,322,34.58985948562622,0.196032453070315,True,5200.0,114,-1,5053.74
Uniform1-5000_Seed33_J200_M100,"[0.001614, 1.000000]",100,200,0.2,max_proc,lowest_lower_bound,NO_PROFILING,all_to_shortest,greedy,5934,77,77,6.599842071533203,0.1648129423660262,True,4956.0,75,-1,4956.0
Uniform1-5000_Seed33_J200_M100,"[0.001614, 1.000000]",100,200,0.1,max_proc,lowest_lower_bound,PRUNE,all_to_shortest,greedy,5891,81,81,7.096554517745972,0.1587166864708878,True,4956.0,79,-1,4956.0
Uniform1-5000_Seed34_J200_M100,"[0.016228, 0.975805]",100,200,0.2,max_proc,lowest_lower_bound,NO_PROFILING,all_to_shortest,greedy,6397,523,2001,214.76455283164975,0.2004455213381272,False,5114.75,115,-1,5114.75
Uniform1-5000_Seed34_J200_M100,"[0.016228, 0.975805]",100,200,0.1,max_proc,lowest_lower_bound,PRUNE,all_to_shortest,greedy,6405,228,228,22.302680015563965,0.2014441842310694,True,5297.0,118,-1,5114.75
Uniform1-5000_Seed35_J200_M100,"[0.006065, 0.918328]",100,200,0.2,max_proc,lowest_lower_bound,NO_PROFILING,all_to_shortest,greedy,6910,1123,2001,216.21339988708496,0.2125311143270622,False,5441.41,100,-1,5441.41
Uniform1-5000_Seed35_J200_M100,"[0.006065, 0.918328]",100,200,0.1,max_proc,lowest_lower_bound,PRUNE,all_to_shortest,greedy,6933,102,102,10.082158088684082,0.2151435165152171,True,5775.0,100,-1,5441.41
Uniform1-5000_Seed36_J200_M100,"[0.002307, 0.959693]",100,200,0.2,max_proc,lowest_lower_bound,NO_PROFILING,all_to_shortest,greedy,6678,1295,2001,208.33530735969543,0.2212309074573225,False,5200.62,101,-1,5200.62
Uniform1-5000_Seed36_J200_M100,"[0.002307, 0.959693]",100,200,0.1,max_proc,lowest_lower_bound,PRUNE,all_to_shortest,greedy,6588,109,109,10.490298986434937,0.210591985428051,True,5448.0,107,-1,5200.62
Uniform1-5000_Seed37_J200_M100,"[0.003199, 0.990261]",100,200,0.2,max_proc,lowest_lower_bound,NO_PROFILING,all_to_shortest,greedy,5973,117,117,10.791369438171388,0.1626134270885652,True,5001.71,115,-1,5001.71
Uniform1-5000_Seed37_J200_M100,"[0.003199, 0.990261]",100,200,0.1,max_proc,lowest_lower_bound,PRUNE,all_to_shortest,greedy,6047,118,118,11.157801866531372,0.1728609227716223,True,5001.71,116,-1,5001.71
Uniform1-5000_Seed38_J200_M100,"[0.000200, 1.000000]",100,200,0.2,max_proc,lowest_lower_bound,NO_PROFILING,all_to_shortest,greedy,5949,119,119,11.11003828048706,0.1610354681459068,True,4991.0,117,-1,4991.0
Uniform1-5000_Seed38_J200_M100,"[0.000200, 1.000000]",100,200,0.1,max_proc,lowest_lower_bound,PRUNE,all_to_shortest,greedy,6072,126,140,13.4636812210083,0.178030303030303,True,5033.0,115,-1,4991.0
Uniform1-5000_Seed39_J200_M100,"[0.003410, 1.000000]",100,200,0.2,max_proc,lowest_lower_bound,NO_PROFILING,all_to_shortest,greedy,6271,802,2001,199.1003830432892,0.2050709615691277,False,4985.0,100,-1,4985.0
Uniform1-5000_Seed39_J200_M100,"[0.003410, 1.000000]",100,200,0.1,max_proc,lowest_lower_bound,PRUNE,all_to_shortest,greedy,6285,101,102,9.595497608184814,0.2068416865552903,True,5255.0,100,-1,4985.0
Uniform1-5000_Seed40_J200_M100,"[0.012206, 0.996924]",100,200,0.2,max_proc,lowest_lower_bound,NO_PROFILING,all_to_shortest,greedy,6415,1564,2001,212.1461443901062,0.2209867498051442,False,4997.37,100,-1,4997.37
Uniform1-5000_Seed40_J200_M100,"[0.012206, 0.996924]",100,200,0.1,max_proc,lowest_lower_bound,PRUNE,all_to_shortest,greedy,6330,103,103,9.886073112487791,0.2105260663507109,True,5255.0,101,-1,4997.37
Uniform1-5000_Seed41_J200_M100,"[0.001407, 1.000000]",100,200,0.2,max_proc,lowest_lower_bound,NO_PROFILING,all_to_shortest,greedy,6019,1358,2001,211.85337615013125,0.1736168798803788,False,4974.0,114,-1,4974.0
Uniform1-5000_Seed41_J200_M100,"[0.001407, 1.000000]",100,200,0.1,max_proc,lowest_lower_bound,PRUNE,all_to_shortest,greedy,6057,146,148,14.721978902816772,0.1788013868251609,True,5080.0,110,-1,4974.0
Uniform1-5000_Seed42_J200_M100,"[0.007046, 0.992868]",100,200,0.2,max_proc,lowest_lower_bound,NO_PROFILING,all_to_shortest,greedy,6333,1929,2001,222.13107919692996,0.215627664613927,False,4967.43,100,-1,4967.43
Uniform1-5000_Seed42_J200_M100,"[0.007046, 0.992868]",100,200,0.1,max_proc,lowest_lower_bound,PRUNE,all_to_shortest,greedy,6373,98,102,9.817524909973145,0.220550761023066,True,5317.0,100,-1,4967.43
Uniform1-5000_Seed43_J200_M100,"[0.006405, 0.965924]",100,200,0.2,max_proc,lowest_lower_bound,NO_PROFILING,all_to_shortest,greedy,6743,485,2001,205.5305950641632,0.2358623757971229,False,5152.58,100,-1,5152.58
Uniform1-5000_Seed43_J200_M100,"[0.006405, 0.965924]",100,200,0.1,max_proc,lowest_lower_bound,PRUNE,all_to_shortest,greedy,6493,104,104,9.608118534088137,0.2064407823810257,True,5575.0,102,-1,5152.58
Uniform1-5000_Seed44_J200_M100,"[0.012092, 1.000000]",100,200,0.2,max_proc,lowest_lower_bound,NO_PROFILING,all_to_shortest,greedy,5912,108,108,9.626073122024536,0.1606901217861975,True,4962.0,106,-1,4962.0
Uniform1-5000_Seed44_J200_M100,"[0.012092, 1.000000]",100,200,0.1,max_proc,lowest_lower_bound,PRUNE,all_to_shortest,greedy,5995,101,101,9.2933247089386,0.1723102585487906,True,4962.0,99,-1,4962.0
Uniform1-5000_Seed45_J200_M100,"[0.011404, 0.998746]",100,200,0.2,max_proc,lowest_lower_bound,NO_PROFILING,all_to_shortest,greedy,6472,900,2001,216.4480345249176,0.2277085908529047,False,4998.27,100,-1,4998.27
Uniform1-5000_Seed45_J200_M100,"[0.011404, 0.998746]",100,200,0.1,max_proc,lowest_lower_bound,PRUNE,all_to_shortest,greedy,6327,109,109,10.383248805999756,0.2100094831673778,True,5288.0,107,-1,4998.27
Uniform1-5000_Seed46_J200_M100,"[0.003288, 0.963910]",100,200,0.2,max_proc,lowest_lower_bound,NO_PROFILING,all_to_shortest,greedy,6636,515,2001,212.81325387954712,0.2209810126582279,False,5169.57,100,-1,5169.57
Uniform1-5000_Seed46_J200_M100,"[0.003288, 0.963910]",100,200,0.1,max_proc,lowest_lower_bound,PRUNE,all_to_shortest,greedy,6555,112,112,10.91351056098938,0.2113546910755149,True,5470.0,110,-1,5169.57
Uniform1-5000_Seed47_J200_M100,"[0.012786, 0.950533]",100,200,0.2,max_proc,lowest_lower_bound,NO_PROFILING,all_to_shortest,greedy,6728,1955,2001,215.4715769290924,0.2211325802615933,False,5240.22,100,-1,5240.22
Uniform1-5000_Seed47_J200_M100,"[0.012786, 0.950533]",100,200,0.1,max_proc,lowest_lower_bound,PRUNE,all_to_shortest,greedy,6796,102,102,9.619949579238892,0.2289258387286638,True,5659.0,100,-1,5240.22
Uniform1-5000_Seed48_J200_M100,"[0.000793, 0.987892]",100,200,0.2,max_proc,lowest_lower_bound,NO_PROFILING,all_to_shortest,greedy,6046,124,124,11.702553272247314,0.1658848825669863,True,5043.06,122,-1,5043.06
Uniform1-5000_Seed48_J200_M100,"[0.000793, 0.987892]",100,200,0.1,max_proc,lowest_lower_bound,PRUNE,all_to_shortest,greedy,6226,104,105,9.967641353607178,0.1899999999999999,True,5174.0,102,-1,5043.06
Uniform1-5000_Seed49_J200_M100,"[0.000183, 0.914998]",100,200,0.2,max_proc,lowest_lower_bound,NO_PROFILING,all_to_shortest,greedy,7217,97,2001,217.94874930381772,0.2429818484134682,False,5463.4,100,-1,5463.4
Uniform1-5000_Seed49_J200_M100,"[0.000183, 0.914998]",100,200,0.1,max_proc,lowest_lower_bound,PRUNE,all_to_shortest,greedy,7003,103,103,9.817242860794067,0.2198486362987291,True,5881.0,101,-1,5463.4
Uniform1-5000_Seed50_J200_M100,"[0.006285, 1.000000]",100,200,0.2,max_proc,lowest_lower_bound,NO_PROFILING,all_to_shortest,greedy,5906,102,102,9.092288970947266,0.1649170335252285,True,4932.0,100,-1,4932.0
Uniform1-5000_Seed50_J200_M100,"[0.006285, 1.000000]",100,200,0.1,max_proc,lowest_lower_bound,PRUNE,all_to_shortest,greedy,5934,102,102,9.45183515548706,0.1688574317492416,True,4932.0,100,-1,4932.0
Uniform1-5000_Seed51_J200_M100,"[0.000602, 1.000000]",100,200,0.2,max_proc,lowest_lower_bound,NO_PROFILING,all_to_shortest,greedy,5853,121,121,11.410018920898438,0.147958311976764,True,4987.0,119,-1,4987.0
Uniform1-5000_Seed51_J200_M100,"[0.000602, 1.000000]",100,200,0.1,max_proc,lowest_lower_bound,PRUNE,all_to_shortest,greedy,6079,124,124,11.851843118667604,0.1796348083566376,True,5036.0,108,-1,4987.0
Uniform1-5000_Seed52_J200_M100,"[0.001153, 0.959722]",100,200,0.2,max_proc,lowest_lower_bound,NO_PROFILING,all_to_shortest,greedy,6662,341,2001,224.13550639152527,0.2187586310417291,False,5204.63,100,-1,5204.63
Uniform1-5000_Seed52_J200_M100,"[0.001153, 0.959722]",100,200,0.1,max_proc,lowest_lower_bound,PRUNE,all_to_shortest,greedy,6612,113,113,11.00947093963623,0.2128508771929824,True,5490.0,105,-1,5204.63
Uniform1-5000_Seed53_J200_M100,"[0.007095, 0.982867]",100,200,0.2,max_proc,lowest_lower_bound,NO_PROFILING,all_to_shortest,greedy,6171,1909,2001,202.12931299209595,0.1777783179387457,False,5073.93,114,-1,5073.93
Uniform1-5000_Seed53_J200_M100,"[0.007095, 0.982867]",100,200,0.1,max_proc,lowest_lower_bound,PRUNE,all_to_shortest,greedy,6237,851,851,96.72967195510864,0.1864790764790764,True,5191.0,114,-1,5073.93
Uniform1-5000_Seed54_J200_M100,"[0.001805, 1.000000]",100,200,0.2,max_proc,lowest_lower_bound,NO_PROFILING,all_to_shortest,greedy,5938,107,107,10.197251319885254,0.1603233411923206,True,4986.0,105,-1,4986.0
Uniform1-5000_Seed54_J200_M100,"[0.001805, 1.000000]",100,200,0.1,max_proc,lowest_lower_bound,PRUNE,all_to_shortest,greedy,5981,108,108,10.79939889907837,0.1663601404447416,True,4986.0,106,-1,4986.0
Uniform1-5000_Seed55_J200_M100,"[0.000803, 0.995058]",100,200,0.2,max_proc,lowest_lower_bound,NO_PROFILING,all_to_shortest,greedy,6316,386,2001,203.98146057128903,0.2109515516149461,False,4983.63,100,-1,4983.63
Uniform1-5000_Seed55_J200_M100,"[0.000803, 0.995058]",100,200,0.1,max_proc,lowest_lower_bound,PRUNE,all_to_shortest,greedy,6283,115,115,11.16711449623108,0.2068072576794524,True,5215.0,106,-1,4983.63
Uniform1-5000_Seed56_J200_M100,"[0.000932, 0.929291]",100,200,0.2,max_proc,lowest_lower_bound,NO_PROFILING,all_to_shortest,greedy,6797,770,2001,230.2677297592163,0.2106252758569957,False,5365.38,100,-1,5365.38
Uniform1-5000_Seed56_J200_M100,"[0.000932, 0.929291]",100,200,0.1,max_proc,lowest_lower_bound,PRUNE,all_to_shortest,greedy,6837,97,102,10.21810221672058,0.2152435278630978,True,5699.0,100,-1,5365.38
Uniform1-5000_Seed57_J200_M100,"[0.007649, 1.000000]",100,200,0.2,max_proc,lowest_lower_bound,NO_PROFILING,all_to_shortest,greedy,6002,646,2001,208.16998195648196,0.1941019660113295,False,4837.0,100,-1,4837.0
Uniform1-5000_Seed57_J200_M100,"[0.007649, 1.000000]",100,200,0.1,max_proc,lowest_lower_bound,PRUNE,all_to_shortest,greedy,6054,102,102,10.031739473342896,0.2010241162867525,True,5139.0,100,-1,4837.0
Uniform1-5000_Seed58_J200_M100,"[0.005606, 0.960782]",100,200,0.2,max_proc,lowest_lower_bound,NO_PROFILING,all_to_shortest,greedy,6554,190,2001,227.21455717086792,0.210730851388465,False,5172.87,100,-1,5172.87
Uniform1-5000_Seed58_J200_M100,"[0.005606, 0.960782]",100,200,0.1,max_proc,lowest_lower_bound,PRUNE,all_to_shortest,greedy,6391,105,105,10.17673134803772,0.1906008449381943,True,5417.0,102,-1,5172.87
Uniform1-5000_Seed59_J200_M100,"[0.000966, 0.965963]",100,200,0.2,max_proc,lowest_lower_bound,NO_PROFILING,all_to_shortest,greedy,6697,944,2001,207.13057851791385,0.227089741675377,False,5176.18,100,-1,5176.18
Uniform1-5000_Seed59_J200_M100,"[0.000966, 0.965963]",100,200,0.1,max_proc,lowest_lower_bound,PRUNE,all_to_shortest,greedy,6606,106,106,10.109229564666748,0.2164426279140175,True,5495.0,101,-1,5176.18
Uniform1-5000_Seed60_J200_M100,"[0.001150, 0.953189]",100,200,0.2,max_proc,lowest_lower_bound,NO_PROFILING,all_to_shortest,greedy,6495,595,2001,233.4865472316742,0.196409545804465,False,5219.32,113,-1,5219.32
Uniform1-5000_Seed60_J200_M100,"[0.001150, 0.953189]",100,200,0.1,max_proc,lowest_lower_bound,PRUNE,all_to_shortest,greedy,6524,113,113,11.196837425231934,0.1999816063764562,True,5417.0,110,-1,5219.32
Uniform1-5000_Seed61_J200_M100,"[0.008137, 0.984220]",100,200,0.2,max_proc,lowest_lower_bound,NO_PROFILING,all_to_shortest,greedy,6386,134,2001,216.25415325164795,0.2110068900720325,False,5038.51,100,-1,5038.51
Uniform1-5000_Seed61_J200_M100,"[0.008137, 0.984220]",100,200,0.1,max_proc,lowest_lower_bound,PRUNE,all_to_shortest,greedy,6505,100,103,9.819386720657349,0.2254404304381244,True,5392.0,100,-1,5038.51
Uniform1-5000_Seed62_J200_M100,"[0.001842, 1.000000]",100,200,0.2,max_proc,lowest_lower_bound,NO_PROFILING,all_to_shortest,greedy,6387,1478,2001,227.7598214149475,0.235165179270393,False,4885.0,100,-1,4885.0
Uniform1-5000_Seed62_J200_M100,"[0.001842, 1.000000]",100,200,0.1,max_proc,lowest_lower_bound,PRUNE,all_to_shortest,greedy,6241,114,114,11.176056623458862,0.2172728729370293,True,5245.0,106,-1,4885.0
Uniform1-5000_Seed63_J200_M100,"[0.003677, 0.960159]",100,200,0.2,max_proc,lowest_lower_bound,NO_PROFILING,all_to_shortest,greedy,6640,576,2001,233.0941059589386,0.2218599397590361,False,5166.85,101,-1,5166.85
Uniform1-5000_Seed63_J200_M100,"[0.003677, 0.960159]",100,200,0.1,max_proc,lowest_lower_bound,PRUNE,all_to_shortest,greedy,6611,194,204,22.45847725868225,0.2184465285130842,True,5478.0,115,-1,5166.85
Uniform1-5000_Seed64_J200_M100,"[0.001808, 1.000000]",100,200,0.2,max_proc,lowest_lower_bound,NO_PROFILING,all_to_shortest,greedy,5776,116,116,10.828876733779907,0.1379847645429363,True,4979.0,114,-1,4979.0
Uniform1-5000_Seed64_J200_M100,"[0.001808, 1.000000]",100,200,0.1,max_proc,lowest_lower_bound,PRUNE,all_to_shortest,greedy,6066,107,159,16.342503547668457,0.1791955159907682,True,5041.0,113,-1,4979.0
Uniform1-5000_Seed65_J200_M100,"[0.010004, 0.979046]",100,200,0.2,max_proc,lowest_lower_bound,NO_PROFILING,all_to_shortest,greedy,6078,127,127,12.190178394317629,0.1612668641000329,True,5097.82,125,-1,5097.82
Uniform1-5000_Seed65_J200_M100,"[0.010004, 0.979046]",100,200,0.1,max_proc,lowest_lower_bound,PRUNE,all_to_shortest,greedy,6172,254,254,25.8204288482666,0.1740408295528192,True,5140.0,125,-1,5097.82
Uniform1-5000_Seed66_J200_M100,"[0.008579, 0.986542]",100,200,0.2,max_proc,lowest_lower_bound,NO_PROFILING,all_to_shortest,greedy,6367,101,2001,227.41632413864136,0.2127438354012878,False,5012.46,100,-1,5012.46
Uniform1-5000_Seed66_J200_M100,"[0.008579, 0.986542]",100,200,0.1,max_proc,lowest_lower_bound,PRUNE,all_to_shortest,greedy,6327,104,104,10.128788232803345,0.2077667140825035,True,5277.0,102,-1,5012.46
Uniform1-5000_Seed67_J200_M100,"[0.001804, 1.000000]",100,200,0.2,max_proc,lowest_lower_bound,NO_PROFILING,all_to_shortest,greedy,5843,92,92,7.946071624755859,0.1463289406126989,True,4988.0,90,-1,4988.0
Uniform1-5000_Seed67_J200_M100,"[0.001804, 1.000000]",100,200,0.1,max_proc,lowest_lower_bound,PRUNE,all_to_shortest,greedy,6024,80,80,6.997539281845093,0.1719787516600265,True,4988.0,78,-1,4988.0
Uniform1-5000_Seed68_J200_M100,"[0.003755, 0.986661]",100,200,0.2,max_proc,lowest_lower_bound,NO_PROFILING,all_to_shortest,greedy,6311,1577,2001,207.66150617599487,0.1981460941213753,False,5060.5,100,-1,5060.5
Uniform1-5000_Seed68_J200_M100,"[0.003755, 0.986661]",100,200,0.1,max_proc,lowest_lower_bound,PRUNE,all_to_shortest,greedy,6429,101,124,11.908524513244627,0.2128635868719863,True,5316.0,107,-1,5060.5
Uniform1-5000_Seed69_J200_M100,"[0.003589, 0.897230]",100,200,0.2,max_proc,lowest_lower_bound,NO_PROFILING,all_to_shortest,greedy,7260,783,2001,214.1732873916626,0.2324090909090909,False,5572.71,100,-1,5572.71
Uniform1-5000_Seed69_J200_M100,"[0.003589, 0.897230]",100,200,0.1,max_proc,lowest_lower_bound,PRUNE,all_to_shortest,greedy,7283,111,111,11.073903322219849,0.2348331731429356,True,6034.0,105,-1,5572.71
Uniform1-5000_Seed70_J200_M100,"[0.003767, 0.896683]",100,200,0.2,max_proc,lowest_lower_bound,NO_PROFILING,all_to_shortest,greedy,7112,182,2001,217.74317455291748,0.2161150168728909,False,5574.99,100,-1,5574.99
Uniform1-5000_Seed70_J200_M100,"[0.003767, 0.896683]",100,200,0.1,max_proc,lowest_lower_bound,PRUNE,all_to_shortest,greedy,7158,98,102,10.262929439544678,0.2211525565800503,True,5961.0,100,-1,5574.99
Uniform1-5000_Seed71_J200_M100,"[0.003910, 0.977387]",100,200,0.2,max_proc,lowest_lower_bound,NO_PROFILING,all_to_shortest,greedy,6673,1132,2001,222.82384324073792,0.2333762925221039,False,5115.68,100,-1,5115.68
Uniform1-5000_Seed71_J200_M100,"[0.003910, 0.977387]",100,200,0.1,max_proc,lowest_lower_bound,PRUNE,all_to_shortest,greedy,6589,104,104,9.855073928833008,0.2236029746547275,True,5451.0,101,-1,5115.68
Uniform1-5000_Seed72_J200_M100,"[0.000804, 1.000000]",100,200,0.2,max_proc,lowest_lower_bound,NO_PROFILING,all_to_shortest,greedy,6163,100,2001,194.19871187210083,0.1927632646438422,False,4975.0,100,-1,4975.0
Uniform1-5000_Seed72_J200_M100,"[0.000804, 1.000000]",100,200,0.1,max_proc,lowest_lower_bound,PRUNE,all_to_shortest,greedy,6213,97,102,9.596662521362305,0.1992596169322388,True,5208.0,100,-1,4975.0
Uniform1-5000_Seed73_J200_M100,"[0.007235, 1.000000]",100,200,0.2,max_proc,lowest_lower_bound,NO_PROFILING,all_to_shortest,greedy,5843,102,102,9.500056743621826,0.1483826801300701,True,4976.0,100,-1,4976.0
Uniform1-5000_Seed73_J200_M100,"[0.007235, 1.000000]",100,200,0.1,max_proc,lowest_lower_bound,PRUNE,all_to_shortest,greedy,5862,103,103,9.412888050079346,0.1511429546229955,True,4976.0,100,-1,4976.0
Uniform1-5000_Seed74_J200_M100,"[0.021639, 1.000000]",100,200,0.2,max_proc,lowest_lower_bound,NO_PROFILING,all_to_shortest,greedy,5975,111,111,10.443453311920166,0.1646861924686192,True,4991.0,109,-1,4991.0
Uniform1-5000_Seed74_J200_M100,"[0.021639, 1.000000]",100,200,0.1,max_proc,lowest_lower_bound,PRUNE,all_to_shortest,greedy,5894,112,112,10.633115530014038,0.1532066508313539,True,5085.0,110,-1,4991.0
Uniform1-5000_Seed75_J200_M100,"[0.003431, 0.950166]",100,200,0.2,max_proc,lowest_lower_bound,NO_PROFILING,all_to_shortest,greedy,6741,1772,2001,221.91333603858948,0.2217104287197745,False,5246.45,100,-1,5246.45
Uniform1-5000_Seed75_J200_M100,"[0.003431, 0.950166]",100,200,0.1,max_proc,lowest_lower_bound,PRUNE,all_to_shortest,greedy,6714,109,109,10.85698103904724,0.2185805778969318,True,5555.0,107,-1,5246.45
Uniform1-5000_Seed76_J200_M100,"[0.005737, 0.986307]",100,200,0.2,max_proc,lowest_lower_bound,NO_PROFILING,all_to_shortest,greedy,6420,976,2001,225.8146650791168,0.2125825545171339,False,5055.22,113,-1,5055.22
Uniform1-5000_Seed76_J200_M100,"[0.005737, 0.986307]",100,200,0.1,max_proc,lowest_lower_bound,PRUNE,all_to_shortest,greedy,6366,619,940,92.61170721054076,0.2059032359409361,True,5265.0,112,-1,5055.22
Uniform1-5000_Seed77_J200_M100,"[0.000382, 0.949655]",100,200,0.2,max_proc,lowest_lower_bound,NO_PROFILING,all_to_shortest,greedy,6795,1353,2001,216.81982398033145,0.2293392200147166,False,5236.64,100,-1,5236.64
Uniform1-5000_Seed77_J200_M100,"[0.000382, 0.949655]",100,200,0.1,max_proc,lowest_lower_bound,PRUNE,all_to_shortest,greedy,6659,109,109,10.826111316680908,0.2135996395855233,True,5505.0,107,-1,5236.64
Uniform1-5000_Seed78_J200_M100,"[0.004482, 0.918951]",100,200,0.2,max_proc,lowest_lower_bound,NO_PROFILING,all_to_shortest,greedy,6816,356,2001,216.48390674591064,0.2143456572769952,False,5355.02,100,-1,5355.02
Uniform1-5000_Seed78_J200_M100,"[0.004482, 0.918951]",100,200,0.1,max_proc,lowest_lower_bound,PRUNE,all_to_shortest,greedy,6816,98,102,9.65326762199402,0.2143456572769952,True,5740.0,100,-1,5355.02
Uniform1-5000_Seed79_J200_M100,"[0.001201, 1.000000]",100,200,0.2,max_proc,lowest_lower_bound,NO_PROFILING,all_to_shortest,greedy,5991,83,83,7.111029863357544,0.1660824570188616,True,4996.0,81,-1,4996.0
Uniform1-5000_Seed79_J200_M100,"[0.001201, 1.000000]",100,200,0.1,max_proc,lowest_lower_bound,PRUNE,all_to_shortest,greedy,6039,86,86,7.539716958999634,0.1727107136943202,True,4996.0,84,-1,4996.0
Uniform1-5000_Seed80_J200_M100,"[0.004251, 1.000000]",100,200,0.2,max_proc,lowest_lower_bound,NO_PROFILING,all_to_shortest,greedy,5836,102,102,9.221975564956663,0.1535298149417409,True,4940.0,100,-1,4940.0
Uniform1-5000_Seed80_J200_M100,"[0.004251, 1.000000]",100,200,0.1,max_proc,lowest_lower_bound,PRUNE,all_to_shortest,greedy,5938,105,105,9.93173122406006,0.1680700572583361,True,4940.0,103,-1,4940.0
Uniform1-5000_Seed81_J200_M100,"[0.002181, 0.990869]",100,200,0.2,max_proc,lowest_lower_bound,NO_PROFILING,all_to_shortest,greedy,6383,462,2001,213.46136212348935,0.2099248002506658,False,5043.05,100,-1,5043.05
Uniform1-5000_Seed81_J200_M100,"[0.002181, 0.990869]",100,200,0.1,max_proc,lowest_lower_bound,PRUNE,all_to_shortest,greedy,6300,108,108,10.500251054763794,0.1995158730158729,True,5276.0,105,-1,5043.05
Uniform1-5000_Seed82_J200_M100,"[0.007038, 1.000000]",100,200,0.2,max_proc,lowest_lower_bound,NO_PROFILING,all_to_shortest,greedy,5789,98,98,9.033899545669556,0.1409569873898773,True,4973.0,96,-1,4973.0
Uniform1-5000_Seed82_J200_M100,"[0.007038, 1.000000]",100,200,0.1,max_proc,lowest_lower_bound,PRUNE,all_to_shortest,greedy,5987,83,83,7.294822216033935,0.1693669617504593,True,4973.0,81,-1,4973.0
Uniform1-5000_Seed83_J200_M100,"[0.001603, 1.000000]",100,200,0.2,max_proc,lowest_lower_bound,NO_PROFILING,all_to_shortest,greedy,5840,119,119,11.360511541366575,0.1452054794520547,True,4992.0,117,-1,4992.0
Uniform1-5000_Seed83_J200_M100,"[0.001603, 1.000000]",100,200,0.1,max_proc,lowest_lower_bound,PRUNE,all_to_shortest,greedy,6111,113,113,11.00870442390442,0.1831124202258222,True,5056.0,110,-1,4992.0
Uniform1-5000_Seed84_J200_M100,"[0.001876, 0.937934]",100,200,0.2,max_proc,lowest_lower_bound,NO_PROFILING,all_to_shortest,greedy,7185,1629,2001,226.1336979866028,0.2582045929018789,False,5329.8,100,-1,5329.8
Uniform1-5000_Seed84_J200_M100,"[0.001876, 0.937934]",100,200,0.1,max_proc,lowest_lower_bound,PRUNE,all_to_shortest,greedy,7156,103,103,10.003068923950195,0.2551984348798211,True,6044.0,101,-1,5329.8
Uniform1-5000_Seed85_J200_M100,"[0.003023, 0.995042]",100,200,0.2,max_proc,lowest_lower_bound,NO_PROFILING,all_to_shortest,greedy,6433,1875,2001,213.6056392192841,0.2287268770402611,False,4961.6,100,-1,4961.6
Uniform1-5000_Seed85_J200_M100,"[0.003023, 0.995042]",100,200,0.1,max_proc,lowest_lower_bound,PRUNE,all_to_shortest,greedy,6204,120,120,11.39311146736145,0.2002578981302385,True,5166.0,116,-1,4961.6
Uniform1-5000_Seed86_J200_M100,"[0.011807, 1.000000]",100,200,0.2,max_proc,lowest_lower_bound,NO_PROFILING,all_to_shortest,greedy,5934,97,97,8.675694465637207,0.1579036063363667,True,4997.0,95,-1,4997.0
Uniform1-5000_Seed86_J200_M100,"[0.011807, 1.000000]",100,200,0.1,max_proc,lowest_lower_bound,PRUNE,all_to_shortest,greedy,6044,100,100,9.113986015319824,0.1732296492389146,True,4997.0,98,-1,4997.0
Uniform1-5000_Seed87_J200_M100,"[0.000792, 0.985336]",100,200,0.2,max_proc,lowest_lower_bound,NO_PROFILING,all_to_shortest,greedy,6428,987,2001,216.27734088897705,0.2138923459863098,False,5053.1,100,-1,5053.1
Uniform1-5000_Seed87_J200_M100,"[0.000792, 0.985336]",100,200,0.1,max_proc,lowest_lower_bound,PRUNE,all_to_shortest,greedy,6499,104,104,10.328900814056396,0.2224803815971687,True,5378.0,100,-1,5053.1
Uniform1-5000_Seed88_J200_M100,"[0.001493, 0.931839]",100,200,0.2,max_proc,lowest_lower_bound,NO_PROFILING,all_to_shortest,greedy,7073,739,2001,223.85147976875305,0.2424402657995192,False,5358.22,100,-1,5358.22
Uniform1-5000_Seed88_J200_M100,"[0.001493, 0.931839]",100,200,0.1,max_proc,lowest_lower_bound,PRUNE,all_to_shortest,greedy,6825,110,110,10.735312223434448,0.2149128205128204,True,5773.0,104,-1,5358.22
Uniform1-5000_Seed89_J200_M100,"[0.006412, 1.000000]",100,200,0.2,max_proc,lowest_lower_bound,NO_PROFILING,all_to_shortest,greedy,5658,71,71,6.188077211380005,0.1178861788617886,True,4991.0,69,-1,4991.0
Uniform1-5000_Seed89_J200_M100,"[0.006412, 1.000000]",100,200,0.1,max_proc,lowest_lower_bound,PRUNE,all_to_shortest,greedy,6025,74,74,6.6311540603637695,0.1716182572614107,True,4991.0,72,-1,4991.0
Uniform1-5000_Seed90_J200_M100,"[0.006495, 0.947138]",100,200,0.2,max_proc,lowest_lower_bound,NO_PROFILING,all_to_shortest,greedy,6691,862,2001,218.1410574913025,0.2176475863099685,False,5234.72,100,-1,5234.72
Uniform1-5000_Seed90_J200_M100,"[0.006495, 0.947138]",100,200,0.1,max_proc,lowest_lower_bound,PRUNE,all_to_shortest,greedy,6589,108,127,12.897056818008425,0.2055365002276521,True,5487.0,114,-1,5234.72
Uniform1-5000_Seed91_J200_M100,"[0.004620, 1.000000]",100,200,0.2,max_proc,lowest_lower_bound,NO_PROFILING,all_to_shortest,greedy,5936,108,108,9.427551507949827,0.161388140161725,True,4978.0,106,-1,4978.0
Uniform1-5000_Seed91_J200_M100,"[0.004620, 1.000000]",100,200,0.1,max_proc,lowest_lower_bound,PRUNE,all_to_shortest,greedy,5972,104,104,9.681644678115845,0.1664434025452109,True,4978.0,102,-1,4978.0
Uniform1-5000_Seed92_J200_M100,"[0.000587, 0.971144]",100,200,0.2,max_proc,lowest_lower_bound,NO_PROFILING,all_to_shortest,greedy,6533,170,2001,220.59653282165527,0.2182182764426756,False,5107.38,100,-1,5107.38
Uniform1-5000_Seed92_J200_M100,"[0.000587, 0.971144]",100,200,0.1,max_proc,lowest_lower_bound,PRUNE,all_to_shortest,greedy,6386,107,107,10.90465784072876,0.2002223614155966,True,5479.0,104,-1,5107.38
Uniform1-5000_Seed93_J200_M100,"[0.003822, 0.954527]",100,200,0.2,max_proc,lowest_lower_bound,NO_PROFILING,all_to_shortest,greedy,6472,106,2001,235.11342310905457,0.1914462299134734,False,5232.96,107,-1,5232.96
Uniform1-5000_Seed93_J200_M100,"[0.003822, 0.954527]",100,200,0.1,max_proc,lowest_lower_bound,PRUNE,all_to_shortest,greedy,6529,120,524,53.00400376319885,0.1985051309542043,True,5397.0,111,-1,5232.96
Uniform1-5000_Seed94_J200_M100,"[0.002899, 0.965142]",100,200,0.2,max_proc,lowest_lower_bound,NO_PROFILING,all_to_shortest,greedy,6289,290,2001,232.6628167629242,0.1774002226109079,False,5173.33,121,-1,5173.33
Uniform1-5000_Seed94_J200_M100,"[0.002899, 0.965142]",100,200,0.1,max_proc,lowest_lower_bound,PRUNE,all_to_shortest,greedy,6258,777,777,88.84800720214844,0.1733253435602429,True,5173.33,120,-1,5173.33
Uniform1-5000_Seed95_J200_M100,"[0.000800, 0.999550]",100,200,0.2,max_proc,lowest_lower_bound,NO_PROFILING,all_to_shortest,greedy,6321,358,2001,215.69532012939453,0.2086299636133523,False,5002.25,100,-1,5002.25
Uniform1-5000_Seed95_J200_M100,"[0.000800, 0.999550]",100,200,0.1,max_proc,lowest_lower_bound,PRUNE,all_to_shortest,greedy,6269,114,114,11.220784187316896,0.2020657202105599,True,5262.0,109,-1,5002.25
Uniform1-5000_Seed96_J200_M100,"[0.001770, 0.983342]",100,200,0.2,max_proc,lowest_lower_bound,NO_PROFILING,all_to_shortest,greedy,6293,765,2001,217.67316031455996,0.1920069918957572,False,5084.7,110,-1,5084.7
Uniform1-5000_Seed96_J200_M100,"[0.001770, 0.983342]",100,200,0.1,max_proc,lowest_lower_bound,PRUNE,all_to_shortest,greedy,6389,277,277,29.78150320053101,0.2041477539521052,True,5284.0,112,-1,5084.7
Uniform1-5000_Seed97_J200_M100,"[0.001598, 0.988661]",100,200,0.2,max_proc,lowest_lower_bound,NO_PROFILING,all_to_shortest,greedy,6326,1490,2001,227.113822221756,0.2087006006955421,False,5005.76,100,-1,5005.76
Uniform1-5000_Seed97_J200_M100,"[0.001598, 0.988661]",100,200,0.1,max_proc,lowest_lower_bound,PRUNE,all_to_shortest,greedy,6310,104,104,10.37505841255188,0.2066941362916006,True,5255.0,102,-1,5005.76
Uniform1-5000_Seed98_J200_M100,"[0.000600, 1.000000]",100,200,0.2,max_proc,lowest_lower_bound,NO_PROFILING,all_to_shortest,greedy,6061,634,2001,195.69632053375244,0.1750536215146015,False,5000.0,104,-1,5000.0
Uniform1-5000_Seed98_J200_M100,"[0.000600, 1.000000]",100,200,0.1,max_proc,lowest_lower_bound,PRUNE,all_to_shortest,greedy,6135,108,108,11.16908359527588,0.1850040749796251,True,5084.0,105,-1,5000.0
Uniform1-5000_Seed99_J200_M100,"[0.002273, 0.936768]",100,200,0.2,max_proc,lowest_lower_bound,NO_PROFILING,all_to_shortest,greedy,6811,1553,2001,234.6190505027771,0.2249610923506093,False,5278.79,100,-1,5278.79
Uniform1-5000_Seed99_J200_M100,"[0.002273, 0.936768]",100,200,0.1,max_proc,lowest_lower_bound,PRUNE,all_to_shortest,greedy,6885,88,102,10.56427264213562,0.2332912127814088,True,5705.0,100,-1,5278.79
Uniform1-5000_Seed100_J200_M100,"[0.000582, 0.968423]",100,200,0.2,max_proc,lowest_lower_bound,NO_PROFILING,all_to_shortest,greedy,6561,98,2001,218.9039604663849,0.2140161560737692,False,5156.84,100,-1,5156.84
Uniform1-5000_Seed100_J200_M100,"[0.000582, 0.968423]",100,200,0.1,max_proc,lowest_lower_bound,PRUNE,all_to_shortest,greedy,6430,105,105,10.54241418838501,0.1980031104199066,True,5473.0,103,-1,5156.84
